%%           0.0 ns  Log    ID_LOG_MSG_CTRL     TB seq.             disable_log_msg(ALL_MESSAGES).
%%           0.0 ns  Log    ID_LOG_MSG_CTRL     TB seq.             enable_log_msg(ID_LOG_HDR_LARGE).
%%           0.0 ns  Log    ID_LOG_MSG_CTRL     TB seq.             enable_log_msg(ID_LOG_HDR).
%%           0.0 ns  Log    ID_LOG_MSG_CTRL     TB seq.             enable_log_msg(ID_SEQUENCER).
%%           0.0 ns  Log    ID_LOG_MSG_CTRL     TB seq.             enable_log_msg(ID_UVVM_ASSERTION).
%% 
%% 
%% ============================================================================================================================================================================
%%         100.0 ns  Log    ID_LOG_HDR_LARGE    TB seq.(uvvm)       Testing the assertion: assert_shift_one_from_left
%% ============================================================================================================================================================================
%% 
%% 
%%         150.0 ns  Log    ID_LOG_HDR          TB seq.             Testing Normal Operation with necessary_condition: ANY_BIT_ALERT
%% ----------------------------------------------------------------------------------------------------------------------------------------------------------------------------
%%         150.0 ns  Log    ID_SEQUENCER        TB seq.             Testing single sequence: 1000 -> 0100 -> 0010 -> 0001
%%         180.0 ns  Log    PASSED              TB seq.(uvvm)       assert_shift_one_from_left() => OK (first). tracked_value '0001' had a full ripple from left to right.
%%         220.0 ns  Log    ID_SEQUENCER        TB seq.             Testing two consecutive sequences: 1000 -> 0100 -> 0010 -> 0001 -> 1000 -> 0100 -> 0010 -> 0001
%%         330.0 ns  Log    ID_SEQUENCER        TB seq.             Testing pipeline 2 sequences: 1000 -> 1100 -> 0110 -> 0011 -> 0001
%%         410.0 ns  Log    ID_SEQUENCER        TB seq.             Testing pipeline 3 sequences: 1000 -> 1100 -> 1110 -> 0111 -> 0011 -> 0001
%%         500.0 ns  Log    ID_SEQUENCER        TB seq.             Testing pipeline 4 sequences: 1000 -> 1100 -> 1110 -> 1111-> 0111 -> 0011 -> 0001
%%         600.0 ns  Log    ID_SEQUENCER        TB seq.             Testing pipeline 2 sequences /w 1-bit gap: 1000 -> 0100 -> 1010 -> 0101 -> 0010 -> 0001
%%         690.0 ns  Log    ID_SEQUENCER        TB seq.             Testing pipeline 2 sequences /w 2-bit gap: 1000 -> 0100 -> 0010 -> 1001 -> 0100 -> 0010 -> 0001
%%         790.0 ns  Log    ID_SEQUENCER        TB seq.             Testing pipeline 3 sequences /w 1-bit gap between sequence 1 and 2:
%%:                                                                 1000 -> 0100 -> 1010 -> 1101 -> 0110 -> 0011 -> 0001
%%         890.0 ns  Log    ID_SEQUENCER        TB seq.             Testing pipeline 3 sequences /w 1-bit gap between sequence 2 and 3:
%%:                                                                 1000 -> 1100 -> 0110 -> 1011 -> 0101 -> 0010 -> 0001
%% 
%% 
%%         990.0 ns  Log    ID_LOG_HDR          TB seq.             Testing Triggering Assertion with necessary_condition: ANY_BIT_ALERT
%% ----------------------------------------------------------------------------------------------------------------------------------------------------------------------------
%%         990.0 ns  Log    ID_SEQUENCER        TB seq.             Triggering Assertion: Single sequence
%%:                                                                 Testing all combinations of 4-bit sequence starting with 1000
%%:                                                                 
%%         990.0 ns  Log    ID_SEQUENCER        TB seq.             Testing the sequence: 1000 -> 1000 -> 1000 -> 1000
%%        1000.0 ns  Alert  ERROR               TB seq.(uvvm)       assert_shift_one_from_left() => Failed (pipeline num:3). tracked_value '1000' was not X1XX at the 2-cycle. 
%%        1010.0 ns  Alert  ERROR               TB seq.(uvvm)       assert_shift_one_from_left() => Failed (pipeline num:4). tracked_value '1000' was not X1XX at the 2-cycle. 
%%        1020.0 ns  Alert  ERROR               TB seq.(uvvm)       assert_shift_one_from_left() => Failed (pipeline num:1). tracked_value '1000' was not X1XX at the 2-cycle. 
%%        1030.0 ns  Alert  ERROR               TB seq.(uvvm)       assert_shift_one_from_left() => Failed (pipeline num:2). tracked_value '0000' was not X1XX at the 2-cycle. 
%%        1060.0 ns  Log    ID_SEQUENCER        TB seq.             Testing the sequence: 1000 -> 1000 -> 1000 -> 0100
%%        1070.0 ns  Alert  ERROR               TB seq.(uvvm)       assert_shift_one_from_left() => Failed (pipeline num:3). tracked_value '1000' was not X1XX at the 2-cycle. 
%%        1080.0 ns  Alert  ERROR               TB seq.(uvvm)       assert_shift_one_from_left() => Failed (pipeline num:4). tracked_value '1000' was not X1XX at the 2-cycle. 
%%        1100.0 ns  Alert  ERROR               TB seq.(uvvm)       assert_shift_one_from_left() => Failed (pipeline num:1). tracked_value '0100' was not XX1X at the 3-cycle. 
%%        1130.0 ns  Log    ID_SEQUENCER        TB seq.             Testing the sequence: 1000 -> 1000 -> 1000 -> 0010
%%        1140.0 ns  Alert  ERROR               TB seq.(uvvm)       assert_shift_one_from_left() => Failed (pipeline num:2). tracked_value '1000' was not X1XX at the 2-cycle. 
%%        1150.0 ns  Alert  ERROR               TB seq.(uvvm)       assert_shift_one_from_left() => Failed (pipeline num:3). tracked_value '1000' was not X1XX at the 2-cycle. 
%%        1160.0 ns  Alert  ERROR               TB seq.(uvvm)       assert_shift_one_from_left() => Failed (pipeline num:4). tracked_value '0010' was not X1XX at the 2-cycle. 
%%        1200.0 ns  Log    ID_SEQUENCER        TB seq.             Testing the sequence: 1000 -> 1000 -> 1000 -> 0001
%%        1210.0 ns  Alert  ERROR               TB seq.(uvvm)       assert_shift_one_from_left() => Failed (pipeline num:1). tracked_value '1000' was not X1XX at the 2-cycle. 
%%        1220.0 ns  Alert  ERROR               TB seq.(uvvm)       assert_shift_one_from_left() => Failed (pipeline num:2). tracked_value '1000' was not X1XX at the 2-cycle. 
%%        1230.0 ns  Alert  ERROR               TB seq.(uvvm)       assert_shift_one_from_left() => Failed (pipeline num:3). tracked_value '0001' was not X1XX at the 2-cycle. 
%%        1270.0 ns  Log    ID_SEQUENCER        TB seq.             Testing the sequence: 1000 -> 1000 -> 1000 -> 0000
%%        1280.0 ns  Alert  ERROR               TB seq.(uvvm)       assert_shift_one_from_left() => Failed (pipeline num:4). tracked_value '1000' was not X1XX at the 2-cycle. 
%%        1290.0 ns  Alert  ERROR               TB seq.(uvvm)       assert_shift_one_from_left() => Failed (pipeline num:1). tracked_value '1000' was not X1XX at the 2-cycle. 
%%        1300.0 ns  Alert  ERROR               TB seq.(uvvm)       assert_shift_one_from_left() => Failed (pipeline num:2). tracked_value '0000' was not X1XX at the 2-cycle. 
%%        1340.0 ns  Log    ID_SEQUENCER        TB seq.             Testing the sequence: 1000 -> 1000 -> 0100 -> 1000
%%        1350.0 ns  Alert  ERROR               TB seq.(uvvm)       assert_shift_one_from_left() => Failed (pipeline num:3). tracked_value '1000' was not X1XX at the 2-cycle. 
%%        1370.0 ns  Alert  ERROR               TB seq.(uvvm)       assert_shift_one_from_left() => Failed (pipeline num:4). tracked_value '1000' was not XX1X at the 3-cycle. 
%%        1380.0 ns  Alert  ERROR               TB seq.(uvvm)       assert_shift_one_from_left() => Failed (pipeline num:1). tracked_value '0000' was not X1XX at the 2-cycle. 
%%        1410.0 ns  Log    ID_SEQUENCER        TB seq.             Testing the sequence: 1000 -> 1000 -> 0100 -> 0100
%%        1420.0 ns  Alert  ERROR               TB seq.(uvvm)       assert_shift_one_from_left() => Failed (pipeline num:2). tracked_value '1000' was not X1XX at the 2-cycle. 
%%        1440.0 ns  Alert  ERROR               TB seq.(uvvm)       assert_shift_one_from_left() => Failed (pipeline num:3). tracked_value '0100' was not XX1X at the 3-cycle. 
%%        1480.0 ns  Log    ID_SEQUENCER        TB seq.             Testing the sequence: 1000 -> 1000 -> 0100 -> 0010
%%        1490.0 ns  Alert  ERROR               TB seq.(uvvm)       assert_shift_one_from_left() => Failed (pipeline num:4). tracked_value '1000' was not X1XX at the 2-cycle. 
%%        1520.0 ns  Alert  ERROR               TB seq.(uvvm)       assert_shift_one_from_left() => Failed (pipeline num:1). tracked_value '0010' was not XXX1 at the 4-cycle. 
%%        1550.0 ns  Log    ID_SEQUENCER        TB seq.             Testing the sequence: 1000 -> 1000 -> 0100 -> 0001
%%        1560.0 ns  Alert  ERROR               TB seq.(uvvm)       assert_shift_one_from_left() => Failed (pipeline num:2). tracked_value '1000' was not X1XX at the 2-cycle. 
%%        1580.0 ns  Alert  ERROR               TB seq.(uvvm)       assert_shift_one_from_left() => Failed (pipeline num:3). tracked_value '0001' was not XX1X at the 3-cycle. 
%%        1620.0 ns  Log    ID_SEQUENCER        TB seq.             Testing the sequence: 1000 -> 1000 -> 0100 -> 0000
%%        1630.0 ns  Alert  ERROR               TB seq.(uvvm)       assert_shift_one_from_left() => Failed (pipeline num:4). tracked_value '1000' was not X1XX at the 2-cycle. 
%%        1650.0 ns  Alert  ERROR               TB seq.(uvvm)       assert_shift_one_from_left() => Failed (pipeline num:1). tracked_value '0000' was not XX1X at the 3-cycle. 
%%        1690.0 ns  Log    ID_SEQUENCER        TB seq.             Testing the sequence: 1000 -> 1000 -> 0010 -> 1000
%%        1700.0 ns  Alert  ERROR               TB seq.(uvvm)       assert_shift_one_from_left() => Failed (pipeline num:2). tracked_value '1000' was not X1XX at the 2-cycle. 
%%        1710.0 ns  Alert  ERROR               TB seq.(uvvm)       assert_shift_one_from_left() => Failed (pipeline num:3). tracked_value '0010' was not X1XX at the 2-cycle. 
%%        1730.0 ns  Alert  ERROR               TB seq.(uvvm)       assert_shift_one_from_left() => Failed (pipeline num:4). tracked_value '0000' was not X1XX at the 2-cycle. 
%%        1760.0 ns  Log    ID_SEQUENCER        TB seq.             Testing the sequence: 1000 -> 1000 -> 0010 -> 0100
%%        1770.0 ns  Alert  ERROR               TB seq.(uvvm)       assert_shift_one_from_left() => Failed (pipeline num:1). tracked_value '1000' was not X1XX at the 2-cycle. 
%%        1780.0 ns  Alert  ERROR               TB seq.(uvvm)       assert_shift_one_from_left() => Failed (pipeline num:2). tracked_value '0010' was not X1XX at the 2-cycle. 
%%        1830.0 ns  Log    ID_SEQUENCER        TB seq.             Testing the sequence: 1000 -> 1000 -> 0010 -> 0010
%%        1840.0 ns  Alert  ERROR               TB seq.(uvvm)       assert_shift_one_from_left() => Failed (pipeline num:3). tracked_value '1000' was not X1XX at the 2-cycle. 
%%        1850.0 ns  Alert  ERROR               TB seq.(uvvm)       assert_shift_one_from_left() => Failed (pipeline num:4). tracked_value '0010' was not X1XX at the 2-cycle. 
%%        1900.0 ns  Log    ID_SEQUENCER        TB seq.             Testing the sequence: 1000 -> 1000 -> 0010 -> 0001
%%        1910.0 ns  Alert  ERROR               TB seq.(uvvm)       assert_shift_one_from_left() => Failed (pipeline num:1). tracked_value '1000' was not X1XX at the 2-cycle. 
%%        1920.0 ns  Alert  ERROR               TB seq.(uvvm)       assert_shift_one_from_left() => Failed (pipeline num:2). tracked_value '0010' was not X1XX at the 2-cycle. 
%%        1970.0 ns  Log    ID_SEQUENCER        TB seq.             Testing the sequence: 1000 -> 1000 -> 0010 -> 0000
%%        1980.0 ns  Alert  ERROR               TB seq.(uvvm)       assert_shift_one_from_left() => Failed (pipeline num:3). tracked_value '1000' was not X1XX at the 2-cycle. 
%%        1990.0 ns  Alert  ERROR               TB seq.(uvvm)       assert_shift_one_from_left() => Failed (pipeline num:4). tracked_value '0010' was not X1XX at the 2-cycle. 
%%        2040.0 ns  Log    ID_SEQUENCER        TB seq.             Testing the sequence: 1000 -> 1000 -> 0001 -> 1000
%%        2050.0 ns  Alert  ERROR               TB seq.(uvvm)       assert_shift_one_from_left() => Failed (pipeline num:1). tracked_value '1000' was not X1XX at the 2-cycle. 
%%        2060.0 ns  Alert  ERROR               TB seq.(uvvm)       assert_shift_one_from_left() => Failed (pipeline num:2). tracked_value '0001' was not X1XX at the 2-cycle. 
%%        2080.0 ns  Alert  ERROR               TB seq.(uvvm)       assert_shift_one_from_left() => Failed (pipeline num:3). tracked_value '0000' was not X1XX at the 2-cycle. 
%%        2110.0 ns  Log    ID_SEQUENCER        TB seq.             Testing the sequence: 1000 -> 1000 -> 0001 -> 0100
%%        2120.0 ns  Alert  ERROR               TB seq.(uvvm)       assert_shift_one_from_left() => Failed (pipeline num:4). tracked_value '1000' was not X1XX at the 2-cycle. 
%%        2130.0 ns  Alert  ERROR               TB seq.(uvvm)       assert_shift_one_from_left() => Failed (pipeline num:1). tracked_value '0001' was not X1XX at the 2-cycle. 
%%        2180.0 ns  Log    ID_SEQUENCER        TB seq.             Testing the sequence: 1000 -> 1000 -> 0001 -> 0010
%%        2190.0 ns  Alert  ERROR               TB seq.(uvvm)       assert_shift_one_from_left() => Failed (pipeline num:2). tracked_value '1000' was not X1XX at the 2-cycle. 
%%        2200.0 ns  Alert  ERROR               TB seq.(uvvm)       assert_shift_one_from_left() => Failed (pipeline num:3). tracked_value '0001' was not X1XX at the 2-cycle. 
%%        2250.0 ns  Log    ID_SEQUENCER        TB seq.             Testing the sequence: 1000 -> 1000 -> 0001 -> 0001
%%        2260.0 ns  Alert  ERROR               TB seq.(uvvm)       assert_shift_one_from_left() => Failed (pipeline num:4). tracked_value '1000' was not X1XX at the 2-cycle. 
%%        2270.0 ns  Alert  ERROR               TB seq.(uvvm)       assert_shift_one_from_left() => Failed (pipeline num:1). tracked_value '0001' was not X1XX at the 2-cycle. 
%%        2320.0 ns  Log    ID_SEQUENCER        TB seq.             Testing the sequence: 1000 -> 1000 -> 0001 -> 0000
%%        2330.0 ns  Alert  ERROR               TB seq.(uvvm)       assert_shift_one_from_left() => Failed (pipeline num:2). tracked_value '1000' was not X1XX at the 2-cycle. 
%%        2340.0 ns  Alert  ERROR               TB seq.(uvvm)       assert_shift_one_from_left() => Failed (pipeline num:3). tracked_value '0001' was not X1XX at the 2-cycle. 
%%        2390.0 ns  Log    ID_SEQUENCER        TB seq.             Testing the sequence: 1000 -> 1000 -> 0000 -> 1000
%%        2400.0 ns  Alert  ERROR               TB seq.(uvvm)       assert_shift_one_from_left() => Failed (pipeline num:4). tracked_value '1000' was not X1XX at the 2-cycle. 
%%        2410.0 ns  Alert  ERROR               TB seq.(uvvm)       assert_shift_one_from_left() => Failed (pipeline num:1). tracked_value '0000' was not X1XX at the 2-cycle. 
%%        2430.0 ns  Alert  ERROR               TB seq.(uvvm)       assert_shift_one_from_left() => Failed (pipeline num:2). tracked_value '0000' was not X1XX at the 2-cycle. 
%%        2460.0 ns  Log    ID_SEQUENCER        TB seq.             Testing the sequence: 1000 -> 1000 -> 0000 -> 0100
%%        2470.0 ns  Alert  ERROR               TB seq.(uvvm)       assert_shift_one_from_left() => Failed (pipeline num:3). tracked_value '1000' was not X1XX at the 2-cycle. 
%%        2480.0 ns  Alert  ERROR               TB seq.(uvvm)       assert_shift_one_from_left() => Failed (pipeline num:4). tracked_value '0000' was not X1XX at the 2-cycle. 
%%        2530.0 ns  Log    ID_SEQUENCER        TB seq.             Testing the sequence: 1000 -> 1000 -> 0000 -> 0010
%%        2540.0 ns  Alert  ERROR               TB seq.(uvvm)       assert_shift_one_from_left() => Failed (pipeline num:1). tracked_value '1000' was not X1XX at the 2-cycle. 
%%        2550.0 ns  Alert  ERROR               TB seq.(uvvm)       assert_shift_one_from_left() => Failed (pipeline num:2). tracked_value '0000' was not X1XX at the 2-cycle. 
%%        2600.0 ns  Log    ID_SEQUENCER        TB seq.             Testing the sequence: 1000 -> 1000 -> 0000 -> 0001
%%        2610.0 ns  Alert  ERROR               TB seq.(uvvm)       assert_shift_one_from_left() => Failed (pipeline num:3). tracked_value '1000' was not X1XX at the 2-cycle. 
%%        2620.0 ns  Alert  ERROR               TB seq.(uvvm)       assert_shift_one_from_left() => Failed (pipeline num:4). tracked_value '0000' was not X1XX at the 2-cycle. 
%%        2670.0 ns  Log    ID_SEQUENCER        TB seq.             Testing the sequence: 1000 -> 1000 -> 0000 -> 0000
%%        2680.0 ns  Alert  ERROR               TB seq.(uvvm)       assert_shift_one_from_left() => Failed (pipeline num:1). tracked_value '1000' was not X1XX at the 2-cycle. 
%%        2690.0 ns  Alert  ERROR               TB seq.(uvvm)       assert_shift_one_from_left() => Failed (pipeline num:2). tracked_value '0000' was not X1XX at the 2-cycle. 
%%        2740.0 ns  Log    ID_SEQUENCER        TB seq.             Testing the sequence: 1000 -> 0100 -> 1000 -> 1000
%%        2760.0 ns  Alert  ERROR               TB seq.(uvvm)       assert_shift_one_from_left() => Failed (pipeline num:3). tracked_value '1000' was not XX1X at the 3-cycle. 
%%        2770.0 ns  Alert  ERROR               TB seq.(uvvm)       assert_shift_one_from_left() => Failed (pipeline num:4). tracked_value '1000' was not X1XX at the 2-cycle. 
%%        2780.0 ns  Alert  ERROR               TB seq.(uvvm)       assert_shift_one_from_left() => Failed (pipeline num:1). tracked_value '0000' was not X1XX at the 2-cycle. 
%%        2810.0 ns  Log    ID_SEQUENCER        TB seq.             Testing the sequence: 1000 -> 0100 -> 1000 -> 0100
%%        2830.0 ns  Alert  ERROR               TB seq.(uvvm)       assert_shift_one_from_left() => Failed (pipeline num:2). tracked_value '1000' was not XX1X at the 3-cycle. 
%%        2850.0 ns  Alert  ERROR               TB seq.(uvvm)       assert_shift_one_from_left() => Failed (pipeline num:3). tracked_value '0100' was not XX1X at the 3-cycle. 
%%        2880.0 ns  Log    ID_SEQUENCER        TB seq.             Testing the sequence: 1000 -> 0100 -> 1000 -> 0010
%%        2900.0 ns  Alert  ERROR               TB seq.(uvvm)       assert_shift_one_from_left() => Failed (pipeline num:4). tracked_value '1000' was not XX1X at the 3-cycle. 
%%        2910.0 ns  Alert  ERROR               TB seq.(uvvm)       assert_shift_one_from_left() => Failed (pipeline num:1). tracked_value '0010' was not X1XX at the 2-cycle. 
%%        2950.0 ns  Log    ID_SEQUENCER        TB seq.             Testing the sequence: 1000 -> 0100 -> 1000 -> 0001
%%        2970.0 ns  Alert  ERROR               TB seq.(uvvm)       assert_shift_one_from_left() => Failed (pipeline num:2). tracked_value '1000' was not XX1X at the 3-cycle. 
%%        2980.0 ns  Alert  ERROR               TB seq.(uvvm)       assert_shift_one_from_left() => Failed (pipeline num:3). tracked_value '0001' was not X1XX at the 2-cycle. 
%%        3020.0 ns  Log    ID_SEQUENCER        TB seq.             Testing the sequence: 1000 -> 0100 -> 1000 -> 0000
%%        3040.0 ns  Alert  ERROR               TB seq.(uvvm)       assert_shift_one_from_left() => Failed (pipeline num:4). tracked_value '1000' was not XX1X at the 3-cycle. 
%%        3050.0 ns  Alert  ERROR               TB seq.(uvvm)       assert_shift_one_from_left() => Failed (pipeline num:1). tracked_value '0000' was not X1XX at the 2-cycle. 
%%        3090.0 ns  Log    ID_SEQUENCER        TB seq.             Testing the sequence: 1000 -> 0100 -> 0100 -> 1000
%%        3110.0 ns  Alert  ERROR               TB seq.(uvvm)       assert_shift_one_from_left() => Failed (pipeline num:2). tracked_value '0100' was not XX1X at the 3-cycle. 
%%        3130.0 ns  Alert  ERROR               TB seq.(uvvm)       assert_shift_one_from_left() => Failed (pipeline num:3). tracked_value '0000' was not X1XX at the 2-cycle. 
%%        3160.0 ns  Log    ID_SEQUENCER        TB seq.             Testing the sequence: 1000 -> 0100 -> 0100 -> 0100
%%        3180.0 ns  Alert  ERROR               TB seq.(uvvm)       assert_shift_one_from_left() => Failed (pipeline num:4). tracked_value '0100' was not XX1X at the 3-cycle. 
%%        3230.0 ns  Log    ID_SEQUENCER        TB seq.             Testing the sequence: 1000 -> 0100 -> 0100 -> 0010
%%        3250.0 ns  Alert  ERROR               TB seq.(uvvm)       assert_shift_one_from_left() => Failed (pipeline num:1). tracked_value '0100' was not XX1X at the 3-cycle. 
%%        3300.0 ns  Log    ID_SEQUENCER        TB seq.             Testing the sequence: 1000 -> 0100 -> 0100 -> 0001
%%        3320.0 ns  Alert  ERROR               TB seq.(uvvm)       assert_shift_one_from_left() => Failed (pipeline num:2). tracked_value '0100' was not XX1X at the 3-cycle. 
%%        3370.0 ns  Log    ID_SEQUENCER        TB seq.             Testing the sequence: 1000 -> 0100 -> 0100 -> 0000
%%        3390.0 ns  Alert  ERROR               TB seq.(uvvm)       assert_shift_one_from_left() => Failed (pipeline num:3). tracked_value '0100' was not XX1X at the 3-cycle. 
%%        3440.0 ns  Log    ID_SEQUENCER        TB seq.             Testing the sequence: 1000 -> 0100 -> 0010 -> 1000
%%        3470.0 ns  Alert  ERROR               TB seq.(uvvm)       assert_shift_one_from_left() => Failed (pipeline num:4). tracked_value '1000' was not XXX1 at the 4-cycle. 
%%        3480.0 ns  Alert  ERROR               TB seq.(uvvm)       assert_shift_one_from_left() => Failed (pipeline num:1). tracked_value '0000' was not X1XX at the 2-cycle. 
%%        3510.0 ns  Log    ID_SEQUENCER        TB seq.             Testing the sequence: 1000 -> 0100 -> 0010 -> 0100
%%        3540.0 ns  Alert  ERROR               TB seq.(uvvm)       assert_shift_one_from_left() => Failed (pipeline num:2). tracked_value '0100' was not XXX1 at the 4-cycle. 
%%        3580.0 ns  Log    ID_SEQUENCER        TB seq.             Testing the sequence: 1000 -> 0100 -> 0010 -> 0010
%%        3610.0 ns  Alert  ERROR               TB seq.(uvvm)       assert_shift_one_from_left() => Failed (pipeline num:3). tracked_value '0010' was not XXX1 at the 4-cycle. 
%%        3650.0 ns  Log    ID_SEQUENCER        TB seq.             Testing the sequence: 1000 -> 0100 -> 0010 -> 0001
%%        3720.0 ns  Log    ID_SEQUENCER        TB seq.             Testing the sequence: 1000 -> 0100 -> 0010 -> 0000
%%        3750.0 ns  Alert  ERROR               TB seq.(uvvm)       assert_shift_one_from_left() => Failed (pipeline num:1). tracked_value '0000' was not XXX1 at the 4-cycle. 
%%        3790.0 ns  Log    ID_SEQUENCER        TB seq.             Testing the sequence: 1000 -> 0100 -> 0001 -> 1000
%%        3810.0 ns  Alert  ERROR               TB seq.(uvvm)       assert_shift_one_from_left() => Failed (pipeline num:2). tracked_value '0001' was not XX1X at the 3-cycle. 
%%        3830.0 ns  Alert  ERROR               TB seq.(uvvm)       assert_shift_one_from_left() => Failed (pipeline num:3). tracked_value '0000' was not X1XX at the 2-cycle. 
%%        3860.0 ns  Log    ID_SEQUENCER        TB seq.             Testing the sequence: 1000 -> 0100 -> 0001 -> 0100
%%        3880.0 ns  Alert  ERROR               TB seq.(uvvm)       assert_shift_one_from_left() => Failed (pipeline num:4). tracked_value '0001' was not XX1X at the 3-cycle. 
%%        3930.0 ns  Log    ID_SEQUENCER        TB seq.             Testing the sequence: 1000 -> 0100 -> 0001 -> 0010
%%        3950.0 ns  Alert  ERROR               TB seq.(uvvm)       assert_shift_one_from_left() => Failed (pipeline num:1). tracked_value '0001' was not XX1X at the 3-cycle. 
%%        4000.0 ns  Log    ID_SEQUENCER        TB seq.             Testing the sequence: 1000 -> 0100 -> 0001 -> 0001
%%        4020.0 ns  Alert  ERROR               TB seq.(uvvm)       assert_shift_one_from_left() => Failed (pipeline num:2). tracked_value '0001' was not XX1X at the 3-cycle. 
%%        4070.0 ns  Log    ID_SEQUENCER        TB seq.             Testing the sequence: 1000 -> 0100 -> 0001 -> 0000
%%        4090.0 ns  Alert  ERROR               TB seq.(uvvm)       assert_shift_one_from_left() => Failed (pipeline num:3). tracked_value '0001' was not XX1X at the 3-cycle. 
%%        4140.0 ns  Log    ID_SEQUENCER        TB seq.             Testing the sequence: 1000 -> 0100 -> 0000 -> 1000
%%        4160.0 ns  Alert  ERROR               TB seq.(uvvm)       assert_shift_one_from_left() => Failed (pipeline num:4). tracked_value '0000' was not XX1X at the 3-cycle. 
%%        4180.0 ns  Alert  ERROR               TB seq.(uvvm)       assert_shift_one_from_left() => Failed (pipeline num:1). tracked_value '0000' was not X1XX at the 2-cycle. 
%%        4210.0 ns  Log    ID_SEQUENCER        TB seq.             Testing the sequence: 1000 -> 0100 -> 0000 -> 0100
%%        4230.0 ns  Alert  ERROR               TB seq.(uvvm)       assert_shift_one_from_left() => Failed (pipeline num:2). tracked_value '0000' was not XX1X at the 3-cycle. 
%%        4280.0 ns  Log    ID_SEQUENCER        TB seq.             Testing the sequence: 1000 -> 0100 -> 0000 -> 0010
%%        4300.0 ns  Alert  ERROR               TB seq.(uvvm)       assert_shift_one_from_left() => Failed (pipeline num:3). tracked_value '0000' was not XX1X at the 3-cycle. 
%%        4350.0 ns  Log    ID_SEQUENCER        TB seq.             Testing the sequence: 1000 -> 0100 -> 0000 -> 0001
%%        4370.0 ns  Alert  ERROR               TB seq.(uvvm)       assert_shift_one_from_left() => Failed (pipeline num:4). tracked_value '0000' was not XX1X at the 3-cycle. 
%%        4420.0 ns  Log    ID_SEQUENCER        TB seq.             Testing the sequence: 1000 -> 0100 -> 0000 -> 0000
%%        4440.0 ns  Alert  ERROR               TB seq.(uvvm)       assert_shift_one_from_left() => Failed (pipeline num:1). tracked_value '0000' was not XX1X at the 3-cycle. 
%%        4490.0 ns  Log    ID_SEQUENCER        TB seq.             Testing the sequence: 1000 -> 0010 -> 1000 -> 1000
%%        4500.0 ns  Alert  ERROR               TB seq.(uvvm)       assert_shift_one_from_left() => Failed (pipeline num:2). tracked_value '0010' was not X1XX at the 2-cycle. 
%%        4520.0 ns  Alert  ERROR               TB seq.(uvvm)       assert_shift_one_from_left() => Failed (pipeline num:3). tracked_value '1000' was not X1XX at the 2-cycle. 
%%        4530.0 ns  Alert  ERROR               TB seq.(uvvm)       assert_shift_one_from_left() => Failed (pipeline num:4). tracked_value '0000' was not X1XX at the 2-cycle. 
%%        4560.0 ns  Log    ID_SEQUENCER        TB seq.             Testing the sequence: 1000 -> 0010 -> 1000 -> 0100
%%        4570.0 ns  Alert  ERROR               TB seq.(uvvm)       assert_shift_one_from_left() => Failed (pipeline num:1). tracked_value '0010' was not X1XX at the 2-cycle. 
%%        4600.0 ns  Alert  ERROR               TB seq.(uvvm)       assert_shift_one_from_left() => Failed (pipeline num:2). tracked_value '0100' was not XX1X at the 3-cycle. 
%%        4630.0 ns  Log    ID_SEQUENCER        TB seq.             Testing the sequence: 1000 -> 0010 -> 1000 -> 0010
%%        4640.0 ns  Alert  ERROR               TB seq.(uvvm)       assert_shift_one_from_left() => Failed (pipeline num:3). tracked_value '0010' was not X1XX at the 2-cycle. 
%%        4660.0 ns  Alert  ERROR               TB seq.(uvvm)       assert_shift_one_from_left() => Failed (pipeline num:4). tracked_value '0010' was not X1XX at the 2-cycle. 
%%        4700.0 ns  Log    ID_SEQUENCER        TB seq.             Testing the sequence: 1000 -> 0010 -> 1000 -> 0001
%%        4710.0 ns  Alert  ERROR               TB seq.(uvvm)       assert_shift_one_from_left() => Failed (pipeline num:1). tracked_value '0010' was not X1XX at the 2-cycle. 
%%        4730.0 ns  Alert  ERROR               TB seq.(uvvm)       assert_shift_one_from_left() => Failed (pipeline num:2). tracked_value '0001' was not X1XX at the 2-cycle. 
%%        4770.0 ns  Log    ID_SEQUENCER        TB seq.             Testing the sequence: 1000 -> 0010 -> 1000 -> 0000
%%        4780.0 ns  Alert  ERROR               TB seq.(uvvm)       assert_shift_one_from_left() => Failed (pipeline num:3). tracked_value '0010' was not X1XX at the 2-cycle. 
%%        4800.0 ns  Alert  ERROR               TB seq.(uvvm)       assert_shift_one_from_left() => Failed (pipeline num:4). tracked_value '0000' was not X1XX at the 2-cycle. 
%%        4840.0 ns  Log    ID_SEQUENCER        TB seq.             Testing the sequence: 1000 -> 0010 -> 0100 -> 1000
%%        4850.0 ns  Alert  ERROR               TB seq.(uvvm)       assert_shift_one_from_left() => Failed (pipeline num:1). tracked_value '0010' was not X1XX at the 2-cycle. 
%%        4880.0 ns  Alert  ERROR               TB seq.(uvvm)       assert_shift_one_from_left() => Failed (pipeline num:2). tracked_value '0000' was not X1XX at the 2-cycle. 
%%        4910.0 ns  Log    ID_SEQUENCER        TB seq.             Testing the sequence: 1000 -> 0010 -> 0100 -> 0100
%%        4920.0 ns  Alert  ERROR               TB seq.(uvvm)       assert_shift_one_from_left() => Failed (pipeline num:3). tracked_value '0010' was not X1XX at the 2-cycle. 
%%        4980.0 ns  Log    ID_SEQUENCER        TB seq.             Testing the sequence: 1000 -> 0010 -> 0100 -> 0010
%%        4990.0 ns  Alert  ERROR               TB seq.(uvvm)       assert_shift_one_from_left() => Failed (pipeline num:4). tracked_value '0010' was not X1XX at the 2-cycle. 
%%        5050.0 ns  Log    ID_SEQUENCER        TB seq.             Testing the sequence: 1000 -> 0010 -> 0100 -> 0001
%%        5060.0 ns  Alert  ERROR               TB seq.(uvvm)       assert_shift_one_from_left() => Failed (pipeline num:1). tracked_value '0010' was not X1XX at the 2-cycle. 
%%        5120.0 ns  Log    ID_SEQUENCER        TB seq.             Testing the sequence: 1000 -> 0010 -> 0100 -> 0000
%%        5130.0 ns  Alert  ERROR               TB seq.(uvvm)       assert_shift_one_from_left() => Failed (pipeline num:2). tracked_value '0010' was not X1XX at the 2-cycle. 
%%        5190.0 ns  Log    ID_SEQUENCER        TB seq.             Testing the sequence: 1000 -> 0010 -> 0010 -> 1000
%%        5200.0 ns  Alert  ERROR               TB seq.(uvvm)       assert_shift_one_from_left() => Failed (pipeline num:3). tracked_value '0010' was not X1XX at the 2-cycle. 
%%        5230.0 ns  Alert  ERROR               TB seq.(uvvm)       assert_shift_one_from_left() => Failed (pipeline num:4). tracked_value '0000' was not X1XX at the 2-cycle. 
%%        5260.0 ns  Log    ID_SEQUENCER        TB seq.             Testing the sequence: 1000 -> 0010 -> 0010 -> 0100
%%        5270.0 ns  Alert  ERROR               TB seq.(uvvm)       assert_shift_one_from_left() => Failed (pipeline num:1). tracked_value '0010' was not X1XX at the 2-cycle. 
%%        5330.0 ns  Log    ID_SEQUENCER        TB seq.             Testing the sequence: 1000 -> 0010 -> 0010 -> 0010
%%        5340.0 ns  Alert  ERROR               TB seq.(uvvm)       assert_shift_one_from_left() => Failed (pipeline num:2). tracked_value '0010' was not X1XX at the 2-cycle. 
%%        5400.0 ns  Log    ID_SEQUENCER        TB seq.             Testing the sequence: 1000 -> 0010 -> 0010 -> 0001
%%        5410.0 ns  Alert  ERROR               TB seq.(uvvm)       assert_shift_one_from_left() => Failed (pipeline num:3). tracked_value '0010' was not X1XX at the 2-cycle. 
%%        5470.0 ns  Log    ID_SEQUENCER        TB seq.             Testing the sequence: 1000 -> 0010 -> 0010 -> 0000
%%        5480.0 ns  Alert  ERROR               TB seq.(uvvm)       assert_shift_one_from_left() => Failed (pipeline num:4). tracked_value '0010' was not X1XX at the 2-cycle. 
%%        5540.0 ns  Log    ID_SEQUENCER        TB seq.             Testing the sequence: 1000 -> 0010 -> 0001 -> 1000
%%        5550.0 ns  Alert  ERROR               TB seq.(uvvm)       assert_shift_one_from_left() => Failed (pipeline num:1). tracked_value '0010' was not X1XX at the 2-cycle. 
%%        5580.0 ns  Alert  ERROR               TB seq.(uvvm)       assert_shift_one_from_left() => Failed (pipeline num:2). tracked_value '0000' was not X1XX at the 2-cycle. 
%%        5610.0 ns  Log    ID_SEQUENCER        TB seq.             Testing the sequence: 1000 -> 0010 -> 0001 -> 0100
%%        5620.0 ns  Alert  ERROR               TB seq.(uvvm)       assert_shift_one_from_left() => Failed (pipeline num:3). tracked_value '0010' was not X1XX at the 2-cycle. 
%%        5680.0 ns  Log    ID_SEQUENCER        TB seq.             Testing the sequence: 1000 -> 0010 -> 0001 -> 0010
%%        5690.0 ns  Alert  ERROR               TB seq.(uvvm)       assert_shift_one_from_left() => Failed (pipeline num:4). tracked_value '0010' was not X1XX at the 2-cycle. 
%%        5750.0 ns  Log    ID_SEQUENCER        TB seq.             Testing the sequence: 1000 -> 0010 -> 0001 -> 0001
%%        5760.0 ns  Alert  ERROR               TB seq.(uvvm)       assert_shift_one_from_left() => Failed (pipeline num:1). tracked_value '0010' was not X1XX at the 2-cycle. 
%%        5820.0 ns  Log    ID_SEQUENCER        TB seq.             Testing the sequence: 1000 -> 0010 -> 0001 -> 0000
%%        5830.0 ns  Alert  ERROR               TB seq.(uvvm)       assert_shift_one_from_left() => Failed (pipeline num:2). tracked_value '0010' was not X1XX at the 2-cycle. 
%%        5890.0 ns  Log    ID_SEQUENCER        TB seq.             Testing the sequence: 1000 -> 0010 -> 0000 -> 1000
%%        5900.0 ns  Alert  ERROR               TB seq.(uvvm)       assert_shift_one_from_left() => Failed (pipeline num:3). tracked_value '0010' was not X1XX at the 2-cycle. 
%%        5930.0 ns  Alert  ERROR               TB seq.(uvvm)       assert_shift_one_from_left() => Failed (pipeline num:4). tracked_value '0000' was not X1XX at the 2-cycle. 
%%        5960.0 ns  Log    ID_SEQUENCER        TB seq.             Testing the sequence: 1000 -> 0010 -> 0000 -> 0100
%%        5970.0 ns  Alert  ERROR               TB seq.(uvvm)       assert_shift_one_from_left() => Failed (pipeline num:1). tracked_value '0010' was not X1XX at the 2-cycle. 
%%        6030.0 ns  Log    ID_SEQUENCER        TB seq.             Testing the sequence: 1000 -> 0010 -> 0000 -> 0010
%%        6040.0 ns  Alert  ERROR               TB seq.(uvvm)       assert_shift_one_from_left() => Failed (pipeline num:2). tracked_value '0010' was not X1XX at the 2-cycle. 
%%        6100.0 ns  Log    ID_SEQUENCER        TB seq.             Testing the sequence: 1000 -> 0010 -> 0000 -> 0001
%%        6110.0 ns  Alert  ERROR               TB seq.(uvvm)       assert_shift_one_from_left() => Failed (pipeline num:3). tracked_value '0010' was not X1XX at the 2-cycle. 
%%        6170.0 ns  Log    ID_SEQUENCER        TB seq.             Testing the sequence: 1000 -> 0010 -> 0000 -> 0000
%%        6180.0 ns  Alert  ERROR               TB seq.(uvvm)       assert_shift_one_from_left() => Failed (pipeline num:4). tracked_value '0010' was not X1XX at the 2-cycle. 
%%        6240.0 ns  Log    ID_SEQUENCER        TB seq.             Testing the sequence: 1000 -> 0001 -> 1000 -> 1000
%%        6250.0 ns  Alert  ERROR               TB seq.(uvvm)       assert_shift_one_from_left() => Failed (pipeline num:1). tracked_value '0001' was not X1XX at the 2-cycle. 
%%        6270.0 ns  Alert  ERROR               TB seq.(uvvm)       assert_shift_one_from_left() => Failed (pipeline num:2). tracked_value '1000' was not X1XX at the 2-cycle. 
%%        6280.0 ns  Alert  ERROR               TB seq.(uvvm)       assert_shift_one_from_left() => Failed (pipeline num:3). tracked_value '0000' was not X1XX at the 2-cycle. 
%%        6310.0 ns  Log    ID_SEQUENCER        TB seq.             Testing the sequence: 1000 -> 0001 -> 1000 -> 0100
%%        6320.0 ns  Alert  ERROR               TB seq.(uvvm)       assert_shift_one_from_left() => Failed (pipeline num:4). tracked_value '0001' was not X1XX at the 2-cycle. 
%%        6350.0 ns  Alert  ERROR               TB seq.(uvvm)       assert_shift_one_from_left() => Failed (pipeline num:1). tracked_value '0100' was not XX1X at the 3-cycle. 
%%        6380.0 ns  Log    ID_SEQUENCER        TB seq.             Testing the sequence: 1000 -> 0001 -> 1000 -> 0010
%%        6390.0 ns  Alert  ERROR               TB seq.(uvvm)       assert_shift_one_from_left() => Failed (pipeline num:2). tracked_value '0001' was not X1XX at the 2-cycle. 
%%        6410.0 ns  Alert  ERROR               TB seq.(uvvm)       assert_shift_one_from_left() => Failed (pipeline num:3). tracked_value '0010' was not X1XX at the 2-cycle. 
%%        6450.0 ns  Log    ID_SEQUENCER        TB seq.             Testing the sequence: 1000 -> 0001 -> 1000 -> 0001
%%        6460.0 ns  Alert  ERROR               TB seq.(uvvm)       assert_shift_one_from_left() => Failed (pipeline num:4). tracked_value '0001' was not X1XX at the 2-cycle. 
%%        6480.0 ns  Alert  ERROR               TB seq.(uvvm)       assert_shift_one_from_left() => Failed (pipeline num:1). tracked_value '0001' was not X1XX at the 2-cycle. 
%%        6520.0 ns  Log    ID_SEQUENCER        TB seq.             Testing the sequence: 1000 -> 0001 -> 1000 -> 0000
%%        6530.0 ns  Alert  ERROR               TB seq.(uvvm)       assert_shift_one_from_left() => Failed (pipeline num:2). tracked_value '0001' was not X1XX at the 2-cycle. 
%%        6550.0 ns  Alert  ERROR               TB seq.(uvvm)       assert_shift_one_from_left() => Failed (pipeline num:3). tracked_value '0000' was not X1XX at the 2-cycle. 
%%        6590.0 ns  Log    ID_SEQUENCER        TB seq.             Testing the sequence: 1000 -> 0001 -> 0100 -> 1000
%%        6600.0 ns  Alert  ERROR               TB seq.(uvvm)       assert_shift_one_from_left() => Failed (pipeline num:4). tracked_value '0001' was not X1XX at the 2-cycle. 
%%        6630.0 ns  Alert  ERROR               TB seq.(uvvm)       assert_shift_one_from_left() => Failed (pipeline num:1). tracked_value '0000' was not X1XX at the 2-cycle. 
%%        6660.0 ns  Log    ID_SEQUENCER        TB seq.             Testing the sequence: 1000 -> 0001 -> 0100 -> 0100
%%        6670.0 ns  Alert  ERROR               TB seq.(uvvm)       assert_shift_one_from_left() => Failed (pipeline num:2). tracked_value '0001' was not X1XX at the 2-cycle. 
%%        6730.0 ns  Log    ID_SEQUENCER        TB seq.             Testing the sequence: 1000 -> 0001 -> 0100 -> 0010
%%        6740.0 ns  Alert  ERROR               TB seq.(uvvm)       assert_shift_one_from_left() => Failed (pipeline num:3). tracked_value '0001' was not X1XX at the 2-cycle. 
%%        6800.0 ns  Log    ID_SEQUENCER        TB seq.             Testing the sequence: 1000 -> 0001 -> 0100 -> 0001
%%        6810.0 ns  Alert  ERROR               TB seq.(uvvm)       assert_shift_one_from_left() => Failed (pipeline num:4). tracked_value '0001' was not X1XX at the 2-cycle. 
%%        6870.0 ns  Log    ID_SEQUENCER        TB seq.             Testing the sequence: 1000 -> 0001 -> 0100 -> 0000
%%        6880.0 ns  Alert  ERROR               TB seq.(uvvm)       assert_shift_one_from_left() => Failed (pipeline num:1). tracked_value '0001' was not X1XX at the 2-cycle. 
%%        6940.0 ns  Log    ID_SEQUENCER        TB seq.             Testing the sequence: 1000 -> 0001 -> 0010 -> 1000
%%        6950.0 ns  Alert  ERROR               TB seq.(uvvm)       assert_shift_one_from_left() => Failed (pipeline num:2). tracked_value '0001' was not X1XX at the 2-cycle. 
%%        6980.0 ns  Alert  ERROR               TB seq.(uvvm)       assert_shift_one_from_left() => Failed (pipeline num:3). tracked_value '0000' was not X1XX at the 2-cycle. 
%%        7010.0 ns  Log    ID_SEQUENCER        TB seq.             Testing the sequence: 1000 -> 0001 -> 0010 -> 0100
%%        7020.0 ns  Alert  ERROR               TB seq.(uvvm)       assert_shift_one_from_left() => Failed (pipeline num:4). tracked_value '0001' was not X1XX at the 2-cycle. 
%%        7080.0 ns  Log    ID_SEQUENCER        TB seq.             Testing the sequence: 1000 -> 0001 -> 0010 -> 0010
%%        7090.0 ns  Alert  ERROR               TB seq.(uvvm)       assert_shift_one_from_left() => Failed (pipeline num:1). tracked_value '0001' was not X1XX at the 2-cycle. 
%%        7150.0 ns  Log    ID_SEQUENCER        TB seq.             Testing the sequence: 1000 -> 0001 -> 0010 -> 0001
%%        7160.0 ns  Alert  ERROR               TB seq.(uvvm)       assert_shift_one_from_left() => Failed (pipeline num:2). tracked_value '0001' was not X1XX at the 2-cycle. 
%%        7220.0 ns  Log    ID_SEQUENCER        TB seq.             Testing the sequence: 1000 -> 0001 -> 0010 -> 0000
%%        7230.0 ns  Alert  ERROR               TB seq.(uvvm)       assert_shift_one_from_left() => Failed (pipeline num:3). tracked_value '0001' was not X1XX at the 2-cycle. 
%%        7290.0 ns  Log    ID_SEQUENCER        TB seq.             Testing the sequence: 1000 -> 0001 -> 0001 -> 1000
%%        7300.0 ns  Alert  ERROR               TB seq.(uvvm)       assert_shift_one_from_left() => Failed (pipeline num:4). tracked_value '0001' was not X1XX at the 2-cycle. 
%%        7330.0 ns  Alert  ERROR               TB seq.(uvvm)       assert_shift_one_from_left() => Failed (pipeline num:1). tracked_value '0000' was not X1XX at the 2-cycle. 
%%        7360.0 ns  Log    ID_SEQUENCER        TB seq.             Testing the sequence: 1000 -> 0001 -> 0001 -> 0100
%%        7370.0 ns  Alert  ERROR               TB seq.(uvvm)       assert_shift_one_from_left() => Failed (pipeline num:2). tracked_value '0001' was not X1XX at the 2-cycle. 
%%        7430.0 ns  Log    ID_SEQUENCER        TB seq.             Testing the sequence: 1000 -> 0001 -> 0001 -> 0010
%%        7440.0 ns  Alert  ERROR               TB seq.(uvvm)       assert_shift_one_from_left() => Failed (pipeline num:3). tracked_value '0001' was not X1XX at the 2-cycle. 
%%        7500.0 ns  Log    ID_SEQUENCER        TB seq.             Testing the sequence: 1000 -> 0001 -> 0001 -> 0001
%%        7510.0 ns  Alert  ERROR               TB seq.(uvvm)       assert_shift_one_from_left() => Failed (pipeline num:4). tracked_value '0001' was not X1XX at the 2-cycle. 
%%        7570.0 ns  Log    ID_SEQUENCER        TB seq.             Testing the sequence: 1000 -> 0001 -> 0001 -> 0000
%%        7580.0 ns  Alert  ERROR               TB seq.(uvvm)       assert_shift_one_from_left() => Failed (pipeline num:1). tracked_value '0001' was not X1XX at the 2-cycle. 
%%        7640.0 ns  Log    ID_SEQUENCER        TB seq.             Testing the sequence: 1000 -> 0001 -> 0000 -> 1000
%%        7650.0 ns  Alert  ERROR               TB seq.(uvvm)       assert_shift_one_from_left() => Failed (pipeline num:2). tracked_value '0001' was not X1XX at the 2-cycle. 
%%        7680.0 ns  Alert  ERROR               TB seq.(uvvm)       assert_shift_one_from_left() => Failed (pipeline num:3). tracked_value '0000' was not X1XX at the 2-cycle. 
%%        7710.0 ns  Log    ID_SEQUENCER        TB seq.             Testing the sequence: 1000 -> 0001 -> 0000 -> 0100
%%        7720.0 ns  Alert  ERROR               TB seq.(uvvm)       assert_shift_one_from_left() => Failed (pipeline num:4). tracked_value '0001' was not X1XX at the 2-cycle. 
%%        7780.0 ns  Log    ID_SEQUENCER        TB seq.             Testing the sequence: 1000 -> 0001 -> 0000 -> 0010
%%        7790.0 ns  Alert  ERROR               TB seq.(uvvm)       assert_shift_one_from_left() => Failed (pipeline num:1). tracked_value '0001' was not X1XX at the 2-cycle. 
%%        7850.0 ns  Log    ID_SEQUENCER        TB seq.             Testing the sequence: 1000 -> 0001 -> 0000 -> 0001
%%        7860.0 ns  Alert  ERROR               TB seq.(uvvm)       assert_shift_one_from_left() => Failed (pipeline num:2). tracked_value '0001' was not X1XX at the 2-cycle. 
%%        7920.0 ns  Log    ID_SEQUENCER        TB seq.             Testing the sequence: 1000 -> 0001 -> 0000 -> 0000
%%        7930.0 ns  Alert  ERROR               TB seq.(uvvm)       assert_shift_one_from_left() => Failed (pipeline num:3). tracked_value '0001' was not X1XX at the 2-cycle. 
%%        7990.0 ns  Log    ID_SEQUENCER        TB seq.             Testing the sequence: 1000 -> 0000 -> 1000 -> 1000
%%        8000.0 ns  Alert  ERROR               TB seq.(uvvm)       assert_shift_one_from_left() => Failed (pipeline num:4). tracked_value '0000' was not X1XX at the 2-cycle. 
%%        8020.0 ns  Alert  ERROR               TB seq.(uvvm)       assert_shift_one_from_left() => Failed (pipeline num:1). tracked_value '1000' was not X1XX at the 2-cycle. 
%%        8030.0 ns  Alert  ERROR               TB seq.(uvvm)       assert_shift_one_from_left() => Failed (pipeline num:2). tracked_value '0000' was not X1XX at the 2-cycle. 
%%        8060.0 ns  Log    ID_SEQUENCER        TB seq.             Testing the sequence: 1000 -> 0000 -> 1000 -> 0100
%%        8070.0 ns  Alert  ERROR               TB seq.(uvvm)       assert_shift_one_from_left() => Failed (pipeline num:3). tracked_value '0000' was not X1XX at the 2-cycle. 
%%        8100.0 ns  Alert  ERROR               TB seq.(uvvm)       assert_shift_one_from_left() => Failed (pipeline num:4). tracked_value '0100' was not XX1X at the 3-cycle. 
%%        8130.0 ns  Log    ID_SEQUENCER        TB seq.             Testing the sequence: 1000 -> 0000 -> 1000 -> 0010
%%        8140.0 ns  Alert  ERROR               TB seq.(uvvm)       assert_shift_one_from_left() => Failed (pipeline num:1). tracked_value '0000' was not X1XX at the 2-cycle. 
%%        8160.0 ns  Alert  ERROR               TB seq.(uvvm)       assert_shift_one_from_left() => Failed (pipeline num:2). tracked_value '0010' was not X1XX at the 2-cycle. 
%%        8200.0 ns  Log    ID_SEQUENCER        TB seq.             Testing the sequence: 1000 -> 0000 -> 1000 -> 0001
%%        8210.0 ns  Alert  ERROR               TB seq.(uvvm)       assert_shift_one_from_left() => Failed (pipeline num:3). tracked_value '0000' was not X1XX at the 2-cycle. 
%%        8230.0 ns  Alert  ERROR               TB seq.(uvvm)       assert_shift_one_from_left() => Failed (pipeline num:4). tracked_value '0001' was not X1XX at the 2-cycle. 
%%        8270.0 ns  Log    ID_SEQUENCER        TB seq.             Testing the sequence: 1000 -> 0000 -> 1000 -> 0000
%%        8280.0 ns  Alert  ERROR               TB seq.(uvvm)       assert_shift_one_from_left() => Failed (pipeline num:1). tracked_value '0000' was not X1XX at the 2-cycle. 
%%        8300.0 ns  Alert  ERROR               TB seq.(uvvm)       assert_shift_one_from_left() => Failed (pipeline num:2). tracked_value '0000' was not X1XX at the 2-cycle. 
%%        8340.0 ns  Log    ID_SEQUENCER        TB seq.             Testing the sequence: 1000 -> 0000 -> 0100 -> 1000
%%        8350.0 ns  Alert  ERROR               TB seq.(uvvm)       assert_shift_one_from_left() => Failed (pipeline num:3). tracked_value '0000' was not X1XX at the 2-cycle. 
%%        8380.0 ns  Alert  ERROR               TB seq.(uvvm)       assert_shift_one_from_left() => Failed (pipeline num:4). tracked_value '0000' was not X1XX at the 2-cycle. 
%%        8410.0 ns  Log    ID_SEQUENCER        TB seq.             Testing the sequence: 1000 -> 0000 -> 0100 -> 0100
%%        8420.0 ns  Alert  ERROR               TB seq.(uvvm)       assert_shift_one_from_left() => Failed (pipeline num:1). tracked_value '0000' was not X1XX at the 2-cycle. 
%%        8480.0 ns  Log    ID_SEQUENCER        TB seq.             Testing the sequence: 1000 -> 0000 -> 0100 -> 0010
%%        8490.0 ns  Alert  ERROR               TB seq.(uvvm)       assert_shift_one_from_left() => Failed (pipeline num:2). tracked_value '0000' was not X1XX at the 2-cycle. 
%%        8550.0 ns  Log    ID_SEQUENCER        TB seq.             Testing the sequence: 1000 -> 0000 -> 0100 -> 0001
%%        8560.0 ns  Alert  ERROR               TB seq.(uvvm)       assert_shift_one_from_left() => Failed (pipeline num:3). tracked_value '0000' was not X1XX at the 2-cycle. 
%%        8620.0 ns  Log    ID_SEQUENCER        TB seq.             Testing the sequence: 1000 -> 0000 -> 0100 -> 0000
%%        8630.0 ns  Alert  ERROR               TB seq.(uvvm)       assert_shift_one_from_left() => Failed (pipeline num:4). tracked_value '0000' was not X1XX at the 2-cycle. 
%%        8690.0 ns  Log    ID_SEQUENCER        TB seq.             Testing the sequence: 1000 -> 0000 -> 0010 -> 1000
%%        8700.0 ns  Alert  ERROR               TB seq.(uvvm)       assert_shift_one_from_left() => Failed (pipeline num:1). tracked_value '0000' was not X1XX at the 2-cycle. 
%%        8730.0 ns  Alert  ERROR               TB seq.(uvvm)       assert_shift_one_from_left() => Failed (pipeline num:2). tracked_value '0000' was not X1XX at the 2-cycle. 
%%        8760.0 ns  Log    ID_SEQUENCER        TB seq.             Testing the sequence: 1000 -> 0000 -> 0010 -> 0100
%%        8770.0 ns  Alert  ERROR               TB seq.(uvvm)       assert_shift_one_from_left() => Failed (pipeline num:3). tracked_value '0000' was not X1XX at the 2-cycle. 
%%        8830.0 ns  Log    ID_SEQUENCER        TB seq.             Testing the sequence: 1000 -> 0000 -> 0010 -> 0010
%%        8840.0 ns  Alert  ERROR               TB seq.(uvvm)       assert_shift_one_from_left() => Failed (pipeline num:4). tracked_value '0000' was not X1XX at the 2-cycle. 
%%        8900.0 ns  Log    ID_SEQUENCER        TB seq.             Testing the sequence: 1000 -> 0000 -> 0010 -> 0001
%%        8910.0 ns  Alert  ERROR               TB seq.(uvvm)       assert_shift_one_from_left() => Failed (pipeline num:1). tracked_value '0000' was not X1XX at the 2-cycle. 
%%        8970.0 ns  Log    ID_SEQUENCER        TB seq.             Testing the sequence: 1000 -> 0000 -> 0010 -> 0000
%%        8980.0 ns  Alert  ERROR               TB seq.(uvvm)       assert_shift_one_from_left() => Failed (pipeline num:2). tracked_value '0000' was not X1XX at the 2-cycle. 
%%        9040.0 ns  Log    ID_SEQUENCER        TB seq.             Testing the sequence: 1000 -> 0000 -> 0001 -> 1000
%%        9050.0 ns  Alert  ERROR               TB seq.(uvvm)       assert_shift_one_from_left() => Failed (pipeline num:3). tracked_value '0000' was not X1XX at the 2-cycle. 
%%        9080.0 ns  Alert  ERROR               TB seq.(uvvm)       assert_shift_one_from_left() => Failed (pipeline num:4). tracked_value '0000' was not X1XX at the 2-cycle. 
%%        9110.0 ns  Log    ID_SEQUENCER        TB seq.             Testing the sequence: 1000 -> 0000 -> 0001 -> 0100
%%        9120.0 ns  Alert  ERROR               TB seq.(uvvm)       assert_shift_one_from_left() => Failed (pipeline num:1). tracked_value '0000' was not X1XX at the 2-cycle. 
%%        9180.0 ns  Log    ID_SEQUENCER        TB seq.             Testing the sequence: 1000 -> 0000 -> 0001 -> 0010
%%        9190.0 ns  Alert  ERROR               TB seq.(uvvm)       assert_shift_one_from_left() => Failed (pipeline num:2). tracked_value '0000' was not X1XX at the 2-cycle. 
%%        9250.0 ns  Log    ID_SEQUENCER        TB seq.             Testing the sequence: 1000 -> 0000 -> 0001 -> 0001
%%        9260.0 ns  Alert  ERROR               TB seq.(uvvm)       assert_shift_one_from_left() => Failed (pipeline num:3). tracked_value '0000' was not X1XX at the 2-cycle. 
%%        9320.0 ns  Log    ID_SEQUENCER        TB seq.             Testing the sequence: 1000 -> 0000 -> 0001 -> 0000
%%        9330.0 ns  Alert  ERROR               TB seq.(uvvm)       assert_shift_one_from_left() => Failed (pipeline num:4). tracked_value '0000' was not X1XX at the 2-cycle. 
%%        9390.0 ns  Log    ID_SEQUENCER        TB seq.             Testing the sequence: 1000 -> 0000 -> 0000 -> 1000
%%        9400.0 ns  Alert  ERROR               TB seq.(uvvm)       assert_shift_one_from_left() => Failed (pipeline num:1). tracked_value '0000' was not X1XX at the 2-cycle. 
%%        9430.0 ns  Alert  ERROR               TB seq.(uvvm)       assert_shift_one_from_left() => Failed (pipeline num:2). tracked_value '0000' was not X1XX at the 2-cycle. 
%%        9460.0 ns  Log    ID_SEQUENCER        TB seq.             Testing the sequence: 1000 -> 0000 -> 0000 -> 0100
%%        9470.0 ns  Alert  ERROR               TB seq.(uvvm)       assert_shift_one_from_left() => Failed (pipeline num:3). tracked_value '0000' was not X1XX at the 2-cycle. 
%%        9530.0 ns  Log    ID_SEQUENCER        TB seq.             Testing the sequence: 1000 -> 0000 -> 0000 -> 0010
%%        9540.0 ns  Alert  ERROR               TB seq.(uvvm)       assert_shift_one_from_left() => Failed (pipeline num:4). tracked_value '0000' was not X1XX at the 2-cycle. 
%%        9600.0 ns  Log    ID_SEQUENCER        TB seq.             Testing the sequence: 1000 -> 0000 -> 0000 -> 0001
%%        9610.0 ns  Alert  ERROR               TB seq.(uvvm)       assert_shift_one_from_left() => Failed (pipeline num:1). tracked_value '0000' was not X1XX at the 2-cycle. 
%%        9670.0 ns  Log    ID_SEQUENCER        TB seq.             Testing the sequence: 1000 -> 0000 -> 0000 -> 0000
%%        9680.0 ns  Alert  ERROR               TB seq.(uvvm)       assert_shift_one_from_left() => Failed (pipeline num:2). tracked_value '0000' was not X1XX at the 2-cycle. 
%%        9740.0 ns  Log    ID_SEQUENCER        TB seq.             Triggering Assertion: Pipeline
%%:                                                                 Testing 4 pipelines with all combinations in cycle 3 and 4
%%:                                                                 Two combinations (0110 and 0111) are tested in cycle 5
%%:                                                                 
%%        9740.0 ns  Log    ID_SEQUENCER        TB seq.             Testing the sequence: 1000 -> 1100 -> 0000 -> 0000 -> 0110 -> 0011 -> 0001
%%        9760.0 ns  Alert  ERROR               TB seq.(uvvm)       assert_shift_one_from_left() => Failed (pipeline num:3). tracked_value '0000' was not XX1X at the 3-cycle. 
%%        9760.0 ns  Alert  ERROR               TB seq.(uvvm)       assert_shift_one_from_left() => Failed (pipeline num:4). tracked_value '0000' was not X1XX at the 2-cycle. 
%%        9840.0 ns  Log    ID_SEQUENCER        TB seq.             Testing the sequence: 1000 -> 1100 -> 0000 -> 0000 -> 0111 -> 0011 -> 0001
%%        9860.0 ns  Alert  ERROR               TB seq.(uvvm)       assert_shift_one_from_left() => Failed (pipeline num:1). tracked_value '0000' was not XX1X at the 3-cycle. 
%%        9860.0 ns  Alert  ERROR               TB seq.(uvvm)       assert_shift_one_from_left() => Failed (pipeline num:2). tracked_value '0000' was not X1XX at the 2-cycle. 
%%        9940.0 ns  Log    ID_SEQUENCER        TB seq.             Testing the sequence: 1000 -> 1100 -> 0000 -> 0001 -> 0110 -> 0011 -> 0001
%%        9960.0 ns  Alert  ERROR               TB seq.(uvvm)       assert_shift_one_from_left() => Failed (pipeline num:3). tracked_value '0000' was not XX1X at the 3-cycle. 
%%        9960.0 ns  Alert  ERROR               TB seq.(uvvm)       assert_shift_one_from_left() => Failed (pipeline num:4). tracked_value '0000' was not X1XX at the 2-cycle. 
%%       10040.0 ns  Log    ID_SEQUENCER        TB seq.             Testing the sequence: 1000 -> 1100 -> 0000 -> 0001 -> 0111 -> 0011 -> 0001
%%       10060.0 ns  Alert  ERROR               TB seq.(uvvm)       assert_shift_one_from_left() => Failed (pipeline num:1). tracked_value '0000' was not XX1X at the 3-cycle. 
%%       10060.0 ns  Alert  ERROR               TB seq.(uvvm)       assert_shift_one_from_left() => Failed (pipeline num:2). tracked_value '0000' was not X1XX at the 2-cycle. 
%%       10140.0 ns  Log    ID_SEQUENCER        TB seq.             Testing the sequence: 1000 -> 1100 -> 0000 -> 0010 -> 0110 -> 0011 -> 0001
%%       10160.0 ns  Alert  ERROR               TB seq.(uvvm)       assert_shift_one_from_left() => Failed (pipeline num:3). tracked_value '0000' was not XX1X at the 3-cycle. 
%%       10160.0 ns  Alert  ERROR               TB seq.(uvvm)       assert_shift_one_from_left() => Failed (pipeline num:4). tracked_value '0000' was not X1XX at the 2-cycle. 
%%       10240.0 ns  Log    ID_SEQUENCER        TB seq.             Testing the sequence: 1000 -> 1100 -> 0000 -> 0010 -> 0111 -> 0011 -> 0001
%%       10260.0 ns  Alert  ERROR               TB seq.(uvvm)       assert_shift_one_from_left() => Failed (pipeline num:1). tracked_value '0000' was not XX1X at the 3-cycle. 
%%       10260.0 ns  Alert  ERROR               TB seq.(uvvm)       assert_shift_one_from_left() => Failed (pipeline num:2). tracked_value '0000' was not X1XX at the 2-cycle. 
%%       10340.0 ns  Log    ID_SEQUENCER        TB seq.             Testing the sequence: 1000 -> 1100 -> 0000 -> 0011 -> 0110 -> 0011 -> 0001
%%       10360.0 ns  Alert  ERROR               TB seq.(uvvm)       assert_shift_one_from_left() => Failed (pipeline num:3). tracked_value '0000' was not XX1X at the 3-cycle. 
%%       10360.0 ns  Alert  ERROR               TB seq.(uvvm)       assert_shift_one_from_left() => Failed (pipeline num:4). tracked_value '0000' was not X1XX at the 2-cycle. 
%%       10440.0 ns  Log    ID_SEQUENCER        TB seq.             Testing the sequence: 1000 -> 1100 -> 0000 -> 0011 -> 0111 -> 0011 -> 0001
%%       10460.0 ns  Alert  ERROR               TB seq.(uvvm)       assert_shift_one_from_left() => Failed (pipeline num:1). tracked_value '0000' was not XX1X at the 3-cycle. 
%%       10460.0 ns  Alert  ERROR               TB seq.(uvvm)       assert_shift_one_from_left() => Failed (pipeline num:2). tracked_value '0000' was not X1XX at the 2-cycle. 
%%       10540.0 ns  Log    ID_SEQUENCER        TB seq.             Testing the sequence: 1000 -> 1100 -> 0000 -> 0100 -> 0110 -> 0011 -> 0001
%%       10560.0 ns  Alert  ERROR               TB seq.(uvvm)       assert_shift_one_from_left() => Failed (pipeline num:3). tracked_value '0000' was not XX1X at the 3-cycle. 
%%       10560.0 ns  Alert  ERROR               TB seq.(uvvm)       assert_shift_one_from_left() => Failed (pipeline num:4). tracked_value '0000' was not X1XX at the 2-cycle. 
%%       10640.0 ns  Log    ID_SEQUENCER        TB seq.             Testing the sequence: 1000 -> 1100 -> 0000 -> 0100 -> 0111 -> 0011 -> 0001
%%       10660.0 ns  Alert  ERROR               TB seq.(uvvm)       assert_shift_one_from_left() => Failed (pipeline num:1). tracked_value '0000' was not XX1X at the 3-cycle. 
%%       10660.0 ns  Alert  ERROR               TB seq.(uvvm)       assert_shift_one_from_left() => Failed (pipeline num:2). tracked_value '0000' was not X1XX at the 2-cycle. 
%%       10740.0 ns  Log    ID_SEQUENCER        TB seq.             Testing the sequence: 1000 -> 1100 -> 0000 -> 0101 -> 0110 -> 0011 -> 0001
%%       10760.0 ns  Alert  ERROR               TB seq.(uvvm)       assert_shift_one_from_left() => Failed (pipeline num:3). tracked_value '0000' was not XX1X at the 3-cycle. 
%%       10760.0 ns  Alert  ERROR               TB seq.(uvvm)       assert_shift_one_from_left() => Failed (pipeline num:4). tracked_value '0000' was not X1XX at the 2-cycle. 
%%       10840.0 ns  Log    ID_SEQUENCER        TB seq.             Testing the sequence: 1000 -> 1100 -> 0000 -> 0101 -> 0111 -> 0011 -> 0001
%%       10860.0 ns  Alert  ERROR               TB seq.(uvvm)       assert_shift_one_from_left() => Failed (pipeline num:1). tracked_value '0000' was not XX1X at the 3-cycle. 
%%       10860.0 ns  Alert  ERROR               TB seq.(uvvm)       assert_shift_one_from_left() => Failed (pipeline num:2). tracked_value '0000' was not X1XX at the 2-cycle. 
%%       10940.0 ns  Log    ID_SEQUENCER        TB seq.             Testing the sequence: 1000 -> 1100 -> 0000 -> 0110 -> 0110 -> 0011 -> 0001
%%       10960.0 ns  Alert  ERROR               TB seq.(uvvm)       assert_shift_one_from_left() => Failed (pipeline num:3). tracked_value '0000' was not XX1X at the 3-cycle. 
%%       10960.0 ns  Alert  ERROR               TB seq.(uvvm)       assert_shift_one_from_left() => Failed (pipeline num:4). tracked_value '0000' was not X1XX at the 2-cycle. 
%%       11040.0 ns  Log    ID_SEQUENCER        TB seq.             Testing the sequence: 1000 -> 1100 -> 0000 -> 0110 -> 0111 -> 0011 -> 0001
%%       11060.0 ns  Alert  ERROR               TB seq.(uvvm)       assert_shift_one_from_left() => Failed (pipeline num:1). tracked_value '0000' was not XX1X at the 3-cycle. 
%%       11060.0 ns  Alert  ERROR               TB seq.(uvvm)       assert_shift_one_from_left() => Failed (pipeline num:2). tracked_value '0000' was not X1XX at the 2-cycle. 
%%       11140.0 ns  Log    ID_SEQUENCER        TB seq.             Testing the sequence: 1000 -> 1100 -> 0000 -> 0111 -> 0110 -> 0011 -> 0001
%%       11160.0 ns  Alert  ERROR               TB seq.(uvvm)       assert_shift_one_from_left() => Failed (pipeline num:3). tracked_value '0000' was not XX1X at the 3-cycle. 
%%       11160.0 ns  Alert  ERROR               TB seq.(uvvm)       assert_shift_one_from_left() => Failed (pipeline num:4). tracked_value '0000' was not X1XX at the 2-cycle. 
%%       11240.0 ns  Log    ID_SEQUENCER        TB seq.             Testing the sequence: 1000 -> 1100 -> 0000 -> 0111 -> 0111 -> 0011 -> 0001
%%       11260.0 ns  Alert  ERROR               TB seq.(uvvm)       assert_shift_one_from_left() => Failed (pipeline num:1). tracked_value '0000' was not XX1X at the 3-cycle. 
%%       11260.0 ns  Alert  ERROR               TB seq.(uvvm)       assert_shift_one_from_left() => Failed (pipeline num:2). tracked_value '0000' was not X1XX at the 2-cycle. 
%%       11340.0 ns  Log    ID_SEQUENCER        TB seq.             Testing the sequence: 1000 -> 1100 -> 0000 -> 1000 -> 0110 -> 0011 -> 0001
%%       11360.0 ns  Alert  ERROR               TB seq.(uvvm)       assert_shift_one_from_left() => Failed (pipeline num:3). tracked_value '0000' was not XX1X at the 3-cycle. 
%%       11360.0 ns  Alert  ERROR               TB seq.(uvvm)       assert_shift_one_from_left() => Failed (pipeline num:4). tracked_value '0000' was not X1XX at the 2-cycle. 
%%       11440.0 ns  Log    ID_SEQUENCER        TB seq.             Testing the sequence: 1000 -> 1100 -> 0000 -> 1000 -> 0111 -> 0011 -> 0001
%%       11460.0 ns  Alert  ERROR               TB seq.(uvvm)       assert_shift_one_from_left() => Failed (pipeline num:2). tracked_value '0000' was not XX1X at the 3-cycle. 
%%       11460.0 ns  Alert  ERROR               TB seq.(uvvm)       assert_shift_one_from_left() => Failed (pipeline num:3). tracked_value '0000' was not X1XX at the 2-cycle. 
%%       11540.0 ns  Log    ID_SEQUENCER        TB seq.             Testing the sequence: 1000 -> 1100 -> 0000 -> 1001 -> 0110 -> 0011 -> 0001
%%       11560.0 ns  Alert  ERROR               TB seq.(uvvm)       assert_shift_one_from_left() => Failed (pipeline num:1). tracked_value '0000' was not XX1X at the 3-cycle. 
%%       11560.0 ns  Alert  ERROR               TB seq.(uvvm)       assert_shift_one_from_left() => Failed (pipeline num:2). tracked_value '0000' was not X1XX at the 2-cycle. 
%%       11640.0 ns  Log    ID_SEQUENCER        TB seq.             Testing the sequence: 1000 -> 1100 -> 0000 -> 1001 -> 0111 -> 0011 -> 0001
%%       11660.0 ns  Alert  ERROR               TB seq.(uvvm)       assert_shift_one_from_left() => Failed (pipeline num:1). tracked_value '0000' was not X1XX at the 2-cycle. 
%%       11660.0 ns  Alert  ERROR               TB seq.(uvvm)       assert_shift_one_from_left() => Failed (pipeline num:4). tracked_value '0000' was not XX1X at the 3-cycle. 
%%       11740.0 ns  Log    ID_SEQUENCER        TB seq.             Testing the sequence: 1000 -> 1100 -> 0000 -> 1010 -> 0110 -> 0011 -> 0001
%%       11760.0 ns  Alert  ERROR               TB seq.(uvvm)       assert_shift_one_from_left() => Failed (pipeline num:3). tracked_value '0000' was not XX1X at the 3-cycle. 
%%       11760.0 ns  Alert  ERROR               TB seq.(uvvm)       assert_shift_one_from_left() => Failed (pipeline num:4). tracked_value '0000' was not X1XX at the 2-cycle. 
%%       11840.0 ns  Log    ID_SEQUENCER        TB seq.             Testing the sequence: 1000 -> 1100 -> 0000 -> 1010 -> 0111 -> 0011 -> 0001
%%       11860.0 ns  Alert  ERROR               TB seq.(uvvm)       assert_shift_one_from_left() => Failed (pipeline num:2). tracked_value '0000' was not XX1X at the 3-cycle. 
%%       11860.0 ns  Alert  ERROR               TB seq.(uvvm)       assert_shift_one_from_left() => Failed (pipeline num:3). tracked_value '0000' was not X1XX at the 2-cycle. 
%%       11940.0 ns  Log    ID_SEQUENCER        TB seq.             Testing the sequence: 1000 -> 1100 -> 0000 -> 1011 -> 0110 -> 0011 -> 0001
%%       11960.0 ns  Alert  ERROR               TB seq.(uvvm)       assert_shift_one_from_left() => Failed (pipeline num:1). tracked_value '0000' was not XX1X at the 3-cycle. 
%%       11960.0 ns  Alert  ERROR               TB seq.(uvvm)       assert_shift_one_from_left() => Failed (pipeline num:2). tracked_value '0000' was not X1XX at the 2-cycle. 
%%       12040.0 ns  Log    ID_SEQUENCER        TB seq.             Testing the sequence: 1000 -> 1100 -> 0000 -> 1011 -> 0111 -> 0011 -> 0001
%%       12060.0 ns  Alert  ERROR               TB seq.(uvvm)       assert_shift_one_from_left() => Failed (pipeline num:1). tracked_value '0000' was not X1XX at the 2-cycle. 
%%       12060.0 ns  Alert  ERROR               TB seq.(uvvm)       assert_shift_one_from_left() => Failed (pipeline num:4). tracked_value '0000' was not XX1X at the 3-cycle. 
%%       12140.0 ns  Log    ID_SEQUENCER        TB seq.             Testing the sequence: 1000 -> 1100 -> 0000 -> 1100 -> 0110 -> 0011 -> 0001
%%       12160.0 ns  Alert  ERROR               TB seq.(uvvm)       assert_shift_one_from_left() => Failed (pipeline num:3). tracked_value '0000' was not XX1X at the 3-cycle. 
%%       12160.0 ns  Alert  ERROR               TB seq.(uvvm)       assert_shift_one_from_left() => Failed (pipeline num:4). tracked_value '0000' was not X1XX at the 2-cycle. 
%%       12240.0 ns  Log    ID_SEQUENCER        TB seq.             Testing the sequence: 1000 -> 1100 -> 0000 -> 1100 -> 0111 -> 0011 -> 0001
%%       12260.0 ns  Alert  ERROR               TB seq.(uvvm)       assert_shift_one_from_left() => Failed (pipeline num:2). tracked_value '0000' was not XX1X at the 3-cycle. 
%%       12260.0 ns  Alert  ERROR               TB seq.(uvvm)       assert_shift_one_from_left() => Failed (pipeline num:3). tracked_value '0000' was not X1XX at the 2-cycle. 
%%       12340.0 ns  Log    ID_SEQUENCER        TB seq.             Testing the sequence: 1000 -> 1100 -> 0000 -> 1101 -> 0110 -> 0011 -> 0001
%%       12360.0 ns  Alert  ERROR               TB seq.(uvvm)       assert_shift_one_from_left() => Failed (pipeline num:1). tracked_value '0000' was not XX1X at the 3-cycle. 
%%       12360.0 ns  Alert  ERROR               TB seq.(uvvm)       assert_shift_one_from_left() => Failed (pipeline num:2). tracked_value '0000' was not X1XX at the 2-cycle. 
%%       12440.0 ns  Log    ID_SEQUENCER        TB seq.             Testing the sequence: 1000 -> 1100 -> 0000 -> 1101 -> 0111 -> 0011 -> 0001
%%       12460.0 ns  Alert  ERROR               TB seq.(uvvm)       assert_shift_one_from_left() => Failed (pipeline num:1). tracked_value '0000' was not X1XX at the 2-cycle. 
%%       12460.0 ns  Alert  ERROR               TB seq.(uvvm)       assert_shift_one_from_left() => Failed (pipeline num:4). tracked_value '0000' was not XX1X at the 3-cycle. 
%%       12540.0 ns  Log    ID_SEQUENCER        TB seq.             Testing the sequence: 1000 -> 1100 -> 0000 -> 1110 -> 0110 -> 0011 -> 0001
%%       12560.0 ns  Alert  ERROR               TB seq.(uvvm)       assert_shift_one_from_left() => Failed (pipeline num:3). tracked_value '0000' was not XX1X at the 3-cycle. 
%%       12560.0 ns  Alert  ERROR               TB seq.(uvvm)       assert_shift_one_from_left() => Failed (pipeline num:4). tracked_value '0000' was not X1XX at the 2-cycle. 
%%       12640.0 ns  Log    ID_SEQUENCER        TB seq.             Testing the sequence: 1000 -> 1100 -> 0000 -> 1110 -> 0111 -> 0011 -> 0001
%%       12660.0 ns  Alert  ERROR               TB seq.(uvvm)       assert_shift_one_from_left() => Failed (pipeline num:2). tracked_value '0000' was not XX1X at the 3-cycle. 
%%       12660.0 ns  Alert  ERROR               TB seq.(uvvm)       assert_shift_one_from_left() => Failed (pipeline num:3). tracked_value '0000' was not X1XX at the 2-cycle. 
%%       12740.0 ns  Log    ID_SEQUENCER        TB seq.             Testing the sequence: 1000 -> 1100 -> 0000 -> 1111 -> 0110 -> 0011 -> 0001
%%       12760.0 ns  Alert  ERROR               TB seq.(uvvm)       assert_shift_one_from_left() => Failed (pipeline num:1). tracked_value '0000' was not XX1X at the 3-cycle. 
%%       12760.0 ns  Alert  ERROR               TB seq.(uvvm)       assert_shift_one_from_left() => Failed (pipeline num:2). tracked_value '0000' was not X1XX at the 2-cycle. 
%%       12840.0 ns  Log    ID_SEQUENCER        TB seq.             Testing the sequence: 1000 -> 1100 -> 0000 -> 1111 -> 0111 -> 0011 -> 0001
%%       12860.0 ns  Alert  ERROR               TB seq.(uvvm)       assert_shift_one_from_left() => Failed (pipeline num:1). tracked_value '0000' was not X1XX at the 2-cycle. 
%%       12860.0 ns  Alert  ERROR               TB seq.(uvvm)       assert_shift_one_from_left() => Failed (pipeline num:4). tracked_value '0000' was not XX1X at the 3-cycle. 
%%       12940.0 ns  Log    ID_SEQUENCER        TB seq.             Testing the sequence: 1000 -> 1100 -> 0001 -> 0000 -> 0110 -> 0011 -> 0001
%%       12960.0 ns  Alert  ERROR               TB seq.(uvvm)       assert_shift_one_from_left() => Failed (pipeline num:3). tracked_value '0001' was not XX1X at the 3-cycle. 
%%       12960.0 ns  Alert  ERROR               TB seq.(uvvm)       assert_shift_one_from_left() => Failed (pipeline num:4). tracked_value '0001' was not X1XX at the 2-cycle. 
%%       13040.0 ns  Log    ID_SEQUENCER        TB seq.             Testing the sequence: 1000 -> 1100 -> 0001 -> 0000 -> 0111 -> 0011 -> 0001
%%       13060.0 ns  Alert  ERROR               TB seq.(uvvm)       assert_shift_one_from_left() => Failed (pipeline num:1). tracked_value '0001' was not XX1X at the 3-cycle. 
%%       13060.0 ns  Alert  ERROR               TB seq.(uvvm)       assert_shift_one_from_left() => Failed (pipeline num:2). tracked_value '0001' was not X1XX at the 2-cycle. 
%%       13140.0 ns  Log    ID_SEQUENCER        TB seq.             Testing the sequence: 1000 -> 1100 -> 0001 -> 0001 -> 0110 -> 0011 -> 0001
%%       13160.0 ns  Alert  ERROR               TB seq.(uvvm)       assert_shift_one_from_left() => Failed (pipeline num:3). tracked_value '0001' was not XX1X at the 3-cycle. 
%%       13160.0 ns  Alert  ERROR               TB seq.(uvvm)       assert_shift_one_from_left() => Failed (pipeline num:4). tracked_value '0001' was not X1XX at the 2-cycle. 
%%       13240.0 ns  Log    ID_SEQUENCER        TB seq.             Testing the sequence: 1000 -> 1100 -> 0001 -> 0001 -> 0111 -> 0011 -> 0001
%%       13260.0 ns  Alert  ERROR               TB seq.(uvvm)       assert_shift_one_from_left() => Failed (pipeline num:1). tracked_value '0001' was not XX1X at the 3-cycle. 
%%       13260.0 ns  Alert  ERROR               TB seq.(uvvm)       assert_shift_one_from_left() => Failed (pipeline num:2). tracked_value '0001' was not X1XX at the 2-cycle. 
%%       13340.0 ns  Log    ID_SEQUENCER        TB seq.             Testing the sequence: 1000 -> 1100 -> 0001 -> 0010 -> 0110 -> 0011 -> 0001
%%       13360.0 ns  Alert  ERROR               TB seq.(uvvm)       assert_shift_one_from_left() => Failed (pipeline num:3). tracked_value '0001' was not XX1X at the 3-cycle. 
%%       13360.0 ns  Alert  ERROR               TB seq.(uvvm)       assert_shift_one_from_left() => Failed (pipeline num:4). tracked_value '0001' was not X1XX at the 2-cycle. 
%%       13440.0 ns  Log    ID_SEQUENCER        TB seq.             Testing the sequence: 1000 -> 1100 -> 0001 -> 0010 -> 0111 -> 0011 -> 0001
%%       13460.0 ns  Alert  ERROR               TB seq.(uvvm)       assert_shift_one_from_left() => Failed (pipeline num:1). tracked_value '0001' was not XX1X at the 3-cycle. 
%%       13460.0 ns  Alert  ERROR               TB seq.(uvvm)       assert_shift_one_from_left() => Failed (pipeline num:2). tracked_value '0001' was not X1XX at the 2-cycle. 
%%       13540.0 ns  Log    ID_SEQUENCER        TB seq.             Testing the sequence: 1000 -> 1100 -> 0001 -> 0011 -> 0110 -> 0011 -> 0001
%%       13560.0 ns  Alert  ERROR               TB seq.(uvvm)       assert_shift_one_from_left() => Failed (pipeline num:3). tracked_value '0001' was not XX1X at the 3-cycle. 
%%       13560.0 ns  Alert  ERROR               TB seq.(uvvm)       assert_shift_one_from_left() => Failed (pipeline num:4). tracked_value '0001' was not X1XX at the 2-cycle. 
%%       13640.0 ns  Log    ID_SEQUENCER        TB seq.             Testing the sequence: 1000 -> 1100 -> 0001 -> 0011 -> 0111 -> 0011 -> 0001
%%       13660.0 ns  Alert  ERROR               TB seq.(uvvm)       assert_shift_one_from_left() => Failed (pipeline num:1). tracked_value '0001' was not XX1X at the 3-cycle. 
%%       13660.0 ns  Alert  ERROR               TB seq.(uvvm)       assert_shift_one_from_left() => Failed (pipeline num:2). tracked_value '0001' was not X1XX at the 2-cycle. 
%%       13740.0 ns  Log    ID_SEQUENCER        TB seq.             Testing the sequence: 1000 -> 1100 -> 0001 -> 0100 -> 0110 -> 0011 -> 0001
%%       13760.0 ns  Alert  ERROR               TB seq.(uvvm)       assert_shift_one_from_left() => Failed (pipeline num:3). tracked_value '0001' was not XX1X at the 3-cycle. 
%%       13760.0 ns  Alert  ERROR               TB seq.(uvvm)       assert_shift_one_from_left() => Failed (pipeline num:4). tracked_value '0001' was not X1XX at the 2-cycle. 
%%       13840.0 ns  Log    ID_SEQUENCER        TB seq.             Testing the sequence: 1000 -> 1100 -> 0001 -> 0100 -> 0111 -> 0011 -> 0001
%%       13860.0 ns  Alert  ERROR               TB seq.(uvvm)       assert_shift_one_from_left() => Failed (pipeline num:1). tracked_value '0001' was not XX1X at the 3-cycle. 
%%       13860.0 ns  Alert  ERROR               TB seq.(uvvm)       assert_shift_one_from_left() => Failed (pipeline num:2). tracked_value '0001' was not X1XX at the 2-cycle. 
%%       13940.0 ns  Log    ID_SEQUENCER        TB seq.             Testing the sequence: 1000 -> 1100 -> 0001 -> 0101 -> 0110 -> 0011 -> 0001
%%       13960.0 ns  Alert  ERROR               TB seq.(uvvm)       assert_shift_one_from_left() => Failed (pipeline num:3). tracked_value '0001' was not XX1X at the 3-cycle. 
%%       13960.0 ns  Alert  ERROR               TB seq.(uvvm)       assert_shift_one_from_left() => Failed (pipeline num:4). tracked_value '0001' was not X1XX at the 2-cycle. 
%%       14040.0 ns  Log    ID_SEQUENCER        TB seq.             Testing the sequence: 1000 -> 1100 -> 0001 -> 0101 -> 0111 -> 0011 -> 0001
%%       14060.0 ns  Alert  ERROR               TB seq.(uvvm)       assert_shift_one_from_left() => Failed (pipeline num:1). tracked_value '0001' was not XX1X at the 3-cycle. 
%%       14060.0 ns  Alert  ERROR               TB seq.(uvvm)       assert_shift_one_from_left() => Failed (pipeline num:2). tracked_value '0001' was not X1XX at the 2-cycle. 
%%       14140.0 ns  Log    ID_SEQUENCER        TB seq.             Testing the sequence: 1000 -> 1100 -> 0001 -> 0110 -> 0110 -> 0011 -> 0001
%%       14160.0 ns  Alert  ERROR               TB seq.(uvvm)       assert_shift_one_from_left() => Failed (pipeline num:3). tracked_value '0001' was not XX1X at the 3-cycle. 
%%       14160.0 ns  Alert  ERROR               TB seq.(uvvm)       assert_shift_one_from_left() => Failed (pipeline num:4). tracked_value '0001' was not X1XX at the 2-cycle. 
%%       14240.0 ns  Log    ID_SEQUENCER        TB seq.             Testing the sequence: 1000 -> 1100 -> 0001 -> 0110 -> 0111 -> 0011 -> 0001
%%       14260.0 ns  Alert  ERROR               TB seq.(uvvm)       assert_shift_one_from_left() => Failed (pipeline num:1). tracked_value '0001' was not XX1X at the 3-cycle. 
%%       14260.0 ns  Alert  ERROR               TB seq.(uvvm)       assert_shift_one_from_left() => Failed (pipeline num:2). tracked_value '0001' was not X1XX at the 2-cycle. 
%%       14340.0 ns  Log    ID_SEQUENCER        TB seq.             Testing the sequence: 1000 -> 1100 -> 0001 -> 0111 -> 0110 -> 0011 -> 0001
%%       14360.0 ns  Alert  ERROR               TB seq.(uvvm)       assert_shift_one_from_left() => Failed (pipeline num:3). tracked_value '0001' was not XX1X at the 3-cycle. 
%%       14360.0 ns  Alert  ERROR               TB seq.(uvvm)       assert_shift_one_from_left() => Failed (pipeline num:4). tracked_value '0001' was not X1XX at the 2-cycle. 
%%       14440.0 ns  Log    ID_SEQUENCER        TB seq.             Testing the sequence: 1000 -> 1100 -> 0001 -> 0111 -> 0111 -> 0011 -> 0001
%%       14460.0 ns  Alert  ERROR               TB seq.(uvvm)       assert_shift_one_from_left() => Failed (pipeline num:1). tracked_value '0001' was not XX1X at the 3-cycle. 
%%       14460.0 ns  Alert  ERROR               TB seq.(uvvm)       assert_shift_one_from_left() => Failed (pipeline num:2). tracked_value '0001' was not X1XX at the 2-cycle. 
%%       14540.0 ns  Log    ID_SEQUENCER        TB seq.             Testing the sequence: 1000 -> 1100 -> 0001 -> 1000 -> 0110 -> 0011 -> 0001
%%       14560.0 ns  Alert  ERROR               TB seq.(uvvm)       assert_shift_one_from_left() => Failed (pipeline num:3). tracked_value '0001' was not XX1X at the 3-cycle. 
%%       14560.0 ns  Alert  ERROR               TB seq.(uvvm)       assert_shift_one_from_left() => Failed (pipeline num:4). tracked_value '0001' was not X1XX at the 2-cycle. 
%%       14640.0 ns  Log    ID_SEQUENCER        TB seq.             Testing the sequence: 1000 -> 1100 -> 0001 -> 1000 -> 0111 -> 0011 -> 0001
%%       14660.0 ns  Alert  ERROR               TB seq.(uvvm)       assert_shift_one_from_left() => Failed (pipeline num:2). tracked_value '0001' was not XX1X at the 3-cycle. 
%%       14660.0 ns  Alert  ERROR               TB seq.(uvvm)       assert_shift_one_from_left() => Failed (pipeline num:3). tracked_value '0001' was not X1XX at the 2-cycle. 
%%       14740.0 ns  Log    ID_SEQUENCER        TB seq.             Testing the sequence: 1000 -> 1100 -> 0001 -> 1001 -> 0110 -> 0011 -> 0001
%%       14760.0 ns  Alert  ERROR               TB seq.(uvvm)       assert_shift_one_from_left() => Failed (pipeline num:1). tracked_value '0001' was not XX1X at the 3-cycle. 
%%       14760.0 ns  Alert  ERROR               TB seq.(uvvm)       assert_shift_one_from_left() => Failed (pipeline num:2). tracked_value '0001' was not X1XX at the 2-cycle. 
%%       14840.0 ns  Log    ID_SEQUENCER        TB seq.             Testing the sequence: 1000 -> 1100 -> 0001 -> 1001 -> 0111 -> 0011 -> 0001
%%       14860.0 ns  Alert  ERROR               TB seq.(uvvm)       assert_shift_one_from_left() => Failed (pipeline num:1). tracked_value '0001' was not X1XX at the 2-cycle. 
%%       14860.0 ns  Alert  ERROR               TB seq.(uvvm)       assert_shift_one_from_left() => Failed (pipeline num:4). tracked_value '0001' was not XX1X at the 3-cycle. 
%%       14940.0 ns  Log    ID_SEQUENCER        TB seq.             Testing the sequence: 1000 -> 1100 -> 0001 -> 1010 -> 0110 -> 0011 -> 0001
%%       14960.0 ns  Alert  ERROR               TB seq.(uvvm)       assert_shift_one_from_left() => Failed (pipeline num:3). tracked_value '0001' was not XX1X at the 3-cycle. 
%%       14960.0 ns  Alert  ERROR               TB seq.(uvvm)       assert_shift_one_from_left() => Failed (pipeline num:4). tracked_value '0001' was not X1XX at the 2-cycle. 
%%       15040.0 ns  Log    ID_SEQUENCER        TB seq.             Testing the sequence: 1000 -> 1100 -> 0001 -> 1010 -> 0111 -> 0011 -> 0001
%%       15060.0 ns  Alert  ERROR               TB seq.(uvvm)       assert_shift_one_from_left() => Failed (pipeline num:2). tracked_value '0001' was not XX1X at the 3-cycle. 
%%       15060.0 ns  Alert  ERROR               TB seq.(uvvm)       assert_shift_one_from_left() => Failed (pipeline num:3). tracked_value '0001' was not X1XX at the 2-cycle. 
%%       15140.0 ns  Log    ID_SEQUENCER        TB seq.             Testing the sequence: 1000 -> 1100 -> 0001 -> 1011 -> 0110 -> 0011 -> 0001
%%       15160.0 ns  Alert  ERROR               TB seq.(uvvm)       assert_shift_one_from_left() => Failed (pipeline num:1). tracked_value '0001' was not XX1X at the 3-cycle. 
%%       15160.0 ns  Alert  ERROR               TB seq.(uvvm)       assert_shift_one_from_left() => Failed (pipeline num:2). tracked_value '0001' was not X1XX at the 2-cycle. 
%%       15240.0 ns  Log    ID_SEQUENCER        TB seq.             Testing the sequence: 1000 -> 1100 -> 0001 -> 1011 -> 0111 -> 0011 -> 0001
%%       15260.0 ns  Alert  ERROR               TB seq.(uvvm)       assert_shift_one_from_left() => Failed (pipeline num:1). tracked_value '0001' was not X1XX at the 2-cycle. 
%%       15260.0 ns  Alert  ERROR               TB seq.(uvvm)       assert_shift_one_from_left() => Failed (pipeline num:4). tracked_value '0001' was not XX1X at the 3-cycle. 
%%       15340.0 ns  Log    ID_SEQUENCER        TB seq.             Testing the sequence: 1000 -> 1100 -> 0001 -> 1100 -> 0110 -> 0011 -> 0001
%%       15360.0 ns  Alert  ERROR               TB seq.(uvvm)       assert_shift_one_from_left() => Failed (pipeline num:3). tracked_value '0001' was not XX1X at the 3-cycle. 
%%       15360.0 ns  Alert  ERROR               TB seq.(uvvm)       assert_shift_one_from_left() => Failed (pipeline num:4). tracked_value '0001' was not X1XX at the 2-cycle. 
%%       15440.0 ns  Log    ID_SEQUENCER        TB seq.             Testing the sequence: 1000 -> 1100 -> 0001 -> 1100 -> 0111 -> 0011 -> 0001
%%       15460.0 ns  Alert  ERROR               TB seq.(uvvm)       assert_shift_one_from_left() => Failed (pipeline num:2). tracked_value '0001' was not XX1X at the 3-cycle. 
%%       15460.0 ns  Alert  ERROR               TB seq.(uvvm)       assert_shift_one_from_left() => Failed (pipeline num:3). tracked_value '0001' was not X1XX at the 2-cycle. 
%%       15540.0 ns  Log    ID_SEQUENCER        TB seq.             Testing the sequence: 1000 -> 1100 -> 0001 -> 1101 -> 0110 -> 0011 -> 0001
%%       15560.0 ns  Alert  ERROR               TB seq.(uvvm)       assert_shift_one_from_left() => Failed (pipeline num:1). tracked_value '0001' was not XX1X at the 3-cycle. 
%%       15560.0 ns  Alert  ERROR               TB seq.(uvvm)       assert_shift_one_from_left() => Failed (pipeline num:2). tracked_value '0001' was not X1XX at the 2-cycle. 
%%       15640.0 ns  Log    ID_SEQUENCER        TB seq.             Testing the sequence: 1000 -> 1100 -> 0001 -> 1101 -> 0111 -> 0011 -> 0001
%%       15660.0 ns  Alert  ERROR               TB seq.(uvvm)       assert_shift_one_from_left() => Failed (pipeline num:1). tracked_value '0001' was not X1XX at the 2-cycle. 
%%       15660.0 ns  Alert  ERROR               TB seq.(uvvm)       assert_shift_one_from_left() => Failed (pipeline num:4). tracked_value '0001' was not XX1X at the 3-cycle. 
%%       15740.0 ns  Log    ID_SEQUENCER        TB seq.             Testing the sequence: 1000 -> 1100 -> 0001 -> 1110 -> 0110 -> 0011 -> 0001
%%       15760.0 ns  Alert  ERROR               TB seq.(uvvm)       assert_shift_one_from_left() => Failed (pipeline num:3). tracked_value '0001' was not XX1X at the 3-cycle. 
%%       15760.0 ns  Alert  ERROR               TB seq.(uvvm)       assert_shift_one_from_left() => Failed (pipeline num:4). tracked_value '0001' was not X1XX at the 2-cycle. 
%%       15840.0 ns  Log    ID_SEQUENCER        TB seq.             Testing the sequence: 1000 -> 1100 -> 0001 -> 1110 -> 0111 -> 0011 -> 0001
%%       15860.0 ns  Alert  ERROR               TB seq.(uvvm)       assert_shift_one_from_left() => Failed (pipeline num:2). tracked_value '0001' was not XX1X at the 3-cycle. 
%%       15860.0 ns  Alert  ERROR               TB seq.(uvvm)       assert_shift_one_from_left() => Failed (pipeline num:3). tracked_value '0001' was not X1XX at the 2-cycle. 
%%       15940.0 ns  Log    ID_SEQUENCER        TB seq.             Testing the sequence: 1000 -> 1100 -> 0001 -> 1111 -> 0110 -> 0011 -> 0001
%%       15960.0 ns  Alert  ERROR               TB seq.(uvvm)       assert_shift_one_from_left() => Failed (pipeline num:1). tracked_value '0001' was not XX1X at the 3-cycle. 
%%       15960.0 ns  Alert  ERROR               TB seq.(uvvm)       assert_shift_one_from_left() => Failed (pipeline num:2). tracked_value '0001' was not X1XX at the 2-cycle. 
%%       16040.0 ns  Log    ID_SEQUENCER        TB seq.             Testing the sequence: 1000 -> 1100 -> 0001 -> 1111 -> 0111 -> 0011 -> 0001
%%       16060.0 ns  Alert  ERROR               TB seq.(uvvm)       assert_shift_one_from_left() => Failed (pipeline num:1). tracked_value '0001' was not X1XX at the 2-cycle. 
%%       16060.0 ns  Alert  ERROR               TB seq.(uvvm)       assert_shift_one_from_left() => Failed (pipeline num:4). tracked_value '0001' was not XX1X at the 3-cycle. 
%%       16140.0 ns  Log    ID_SEQUENCER        TB seq.             Testing the sequence: 1000 -> 1100 -> 0010 -> 0000 -> 0110 -> 0011 -> 0001
%%       16160.0 ns  Alert  ERROR               TB seq.(uvvm)       assert_shift_one_from_left() => Failed (pipeline num:4). tracked_value '0010' was not X1XX at the 2-cycle. 
%%       16170.0 ns  Alert  ERROR               TB seq.(uvvm)       assert_shift_one_from_left() => Failed (pipeline num:3). tracked_value '0000' was not XXX1 at the 4-cycle. 
%%       16240.0 ns  Log    ID_SEQUENCER        TB seq.             Testing the sequence: 1000 -> 1100 -> 0010 -> 0000 -> 0111 -> 0011 -> 0001
%%       16260.0 ns  Alert  ERROR               TB seq.(uvvm)       assert_shift_one_from_left() => Failed (pipeline num:2). tracked_value '0010' was not X1XX at the 2-cycle. 
%%       16270.0 ns  Alert  ERROR               TB seq.(uvvm)       assert_shift_one_from_left() => Failed (pipeline num:1). tracked_value '0000' was not XXX1 at the 4-cycle. 
%%       16340.0 ns  Log    ID_SEQUENCER        TB seq.             Testing the sequence: 1000 -> 1100 -> 0010 -> 0001 -> 0110 -> 0011 -> 0001
%%       16360.0 ns  Alert  ERROR               TB seq.(uvvm)       assert_shift_one_from_left() => Failed (pipeline num:4). tracked_value '0010' was not X1XX at the 2-cycle. 
%%       16440.0 ns  Log    ID_SEQUENCER        TB seq.             Testing the sequence: 1000 -> 1100 -> 0010 -> 0001 -> 0111 -> 0011 -> 0001
%%       16460.0 ns  Alert  ERROR               TB seq.(uvvm)       assert_shift_one_from_left() => Failed (pipeline num:2). tracked_value '0010' was not X1XX at the 2-cycle. 
%%       16540.0 ns  Log    ID_SEQUENCER        TB seq.             Testing the sequence: 1000 -> 1100 -> 0010 -> 0010 -> 0110 -> 0011 -> 0001
%%       16560.0 ns  Alert  ERROR               TB seq.(uvvm)       assert_shift_one_from_left() => Failed (pipeline num:4). tracked_value '0010' was not X1XX at the 2-cycle. 
%%       16570.0 ns  Alert  ERROR               TB seq.(uvvm)       assert_shift_one_from_left() => Failed (pipeline num:3). tracked_value '0010' was not XXX1 at the 4-cycle. 
%%       16640.0 ns  Log    ID_SEQUENCER        TB seq.             Testing the sequence: 1000 -> 1100 -> 0010 -> 0010 -> 0111 -> 0011 -> 0001
%%       16660.0 ns  Alert  ERROR               TB seq.(uvvm)       assert_shift_one_from_left() => Failed (pipeline num:2). tracked_value '0010' was not X1XX at the 2-cycle. 
%%       16670.0 ns  Alert  ERROR               TB seq.(uvvm)       assert_shift_one_from_left() => Failed (pipeline num:1). tracked_value '0010' was not XXX1 at the 4-cycle. 
%%       16740.0 ns  Log    ID_SEQUENCER        TB seq.             Testing the sequence: 1000 -> 1100 -> 0010 -> 0011 -> 0110 -> 0011 -> 0001
%%       16760.0 ns  Alert  ERROR               TB seq.(uvvm)       assert_shift_one_from_left() => Failed (pipeline num:4). tracked_value '0010' was not X1XX at the 2-cycle. 
%%       16840.0 ns  Log    ID_SEQUENCER        TB seq.             Testing the sequence: 1000 -> 1100 -> 0010 -> 0011 -> 0111 -> 0011 -> 0001
%%       16860.0 ns  Alert  ERROR               TB seq.(uvvm)       assert_shift_one_from_left() => Failed (pipeline num:2). tracked_value '0010' was not X1XX at the 2-cycle. 
%%       16940.0 ns  Log    ID_SEQUENCER        TB seq.             Testing the sequence: 1000 -> 1100 -> 0010 -> 0100 -> 0110 -> 0011 -> 0001
%%       16960.0 ns  Alert  ERROR               TB seq.(uvvm)       assert_shift_one_from_left() => Failed (pipeline num:4). tracked_value '0010' was not X1XX at the 2-cycle. 
%%       16970.0 ns  Alert  ERROR               TB seq.(uvvm)       assert_shift_one_from_left() => Failed (pipeline num:3). tracked_value '0100' was not XXX1 at the 4-cycle. 
%%       17040.0 ns  Log    ID_SEQUENCER        TB seq.             Testing the sequence: 1000 -> 1100 -> 0010 -> 0100 -> 0111 -> 0011 -> 0001
%%       17060.0 ns  Alert  ERROR               TB seq.(uvvm)       assert_shift_one_from_left() => Failed (pipeline num:2). tracked_value '0010' was not X1XX at the 2-cycle. 
%%       17070.0 ns  Alert  ERROR               TB seq.(uvvm)       assert_shift_one_from_left() => Failed (pipeline num:1). tracked_value '0100' was not XXX1 at the 4-cycle. 
%%       17140.0 ns  Log    ID_SEQUENCER        TB seq.             Testing the sequence: 1000 -> 1100 -> 0010 -> 0101 -> 0110 -> 0011 -> 0001
%%       17160.0 ns  Alert  ERROR               TB seq.(uvvm)       assert_shift_one_from_left() => Failed (pipeline num:4). tracked_value '0010' was not X1XX at the 2-cycle. 
%%       17240.0 ns  Log    ID_SEQUENCER        TB seq.             Testing the sequence: 1000 -> 1100 -> 0010 -> 0101 -> 0111 -> 0011 -> 0001
%%       17260.0 ns  Alert  ERROR               TB seq.(uvvm)       assert_shift_one_from_left() => Failed (pipeline num:2). tracked_value '0010' was not X1XX at the 2-cycle. 
%%       17340.0 ns  Log    ID_SEQUENCER        TB seq.             Testing the sequence: 1000 -> 1100 -> 0010 -> 0110 -> 0110 -> 0011 -> 0001
%%       17360.0 ns  Alert  ERROR               TB seq.(uvvm)       assert_shift_one_from_left() => Failed (pipeline num:4). tracked_value '0010' was not X1XX at the 2-cycle. 
%%       17370.0 ns  Alert  ERROR               TB seq.(uvvm)       assert_shift_one_from_left() => Failed (pipeline num:3). tracked_value '0110' was not XXX1 at the 4-cycle. 
%%       17440.0 ns  Log    ID_SEQUENCER        TB seq.             Testing the sequence: 1000 -> 1100 -> 0010 -> 0110 -> 0111 -> 0011 -> 0001
%%       17460.0 ns  Alert  ERROR               TB seq.(uvvm)       assert_shift_one_from_left() => Failed (pipeline num:2). tracked_value '0010' was not X1XX at the 2-cycle. 
%%       17470.0 ns  Alert  ERROR               TB seq.(uvvm)       assert_shift_one_from_left() => Failed (pipeline num:1). tracked_value '0110' was not XXX1 at the 4-cycle. 
%%       17540.0 ns  Log    ID_SEQUENCER        TB seq.             Testing the sequence: 1000 -> 1100 -> 0010 -> 0111 -> 0110 -> 0011 -> 0001
%%       17560.0 ns  Alert  ERROR               TB seq.(uvvm)       assert_shift_one_from_left() => Failed (pipeline num:4). tracked_value '0010' was not X1XX at the 2-cycle. 
%%       17640.0 ns  Log    ID_SEQUENCER        TB seq.             Testing the sequence: 1000 -> 1100 -> 0010 -> 0111 -> 0111 -> 0011 -> 0001
%%       17660.0 ns  Alert  ERROR               TB seq.(uvvm)       assert_shift_one_from_left() => Failed (pipeline num:2). tracked_value '0010' was not X1XX at the 2-cycle. 
%%       17740.0 ns  Log    ID_SEQUENCER        TB seq.             Testing the sequence: 1000 -> 1100 -> 0010 -> 1000 -> 0110 -> 0011 -> 0001
%%       17760.0 ns  Alert  ERROR               TB seq.(uvvm)       assert_shift_one_from_left() => Failed (pipeline num:4). tracked_value '0010' was not X1XX at the 2-cycle. 
%%       17770.0 ns  Alert  ERROR               TB seq.(uvvm)       assert_shift_one_from_left() => Failed (pipeline num:3). tracked_value '1000' was not XXX1 at the 4-cycle. 
%%       17840.0 ns  Log    ID_SEQUENCER        TB seq.             Testing the sequence: 1000 -> 1100 -> 0010 -> 1000 -> 0111 -> 0011 -> 0001
%%       17860.0 ns  Alert  ERROR               TB seq.(uvvm)       assert_shift_one_from_left() => Failed (pipeline num:3). tracked_value '0010' was not X1XX at the 2-cycle. 
%%       17870.0 ns  Alert  ERROR               TB seq.(uvvm)       assert_shift_one_from_left() => Failed (pipeline num:2). tracked_value '1000' was not XXX1 at the 4-cycle. 
%%       17940.0 ns  Log    ID_SEQUENCER        TB seq.             Testing the sequence: 1000 -> 1100 -> 0010 -> 1001 -> 0110 -> 0011 -> 0001
%%       17960.0 ns  Alert  ERROR               TB seq.(uvvm)       assert_shift_one_from_left() => Failed (pipeline num:2). tracked_value '0010' was not X1XX at the 2-cycle. 
%%       18040.0 ns  Log    ID_SEQUENCER        TB seq.             Testing the sequence: 1000 -> 1100 -> 0010 -> 1001 -> 0111 -> 0011 -> 0001
%%       18060.0 ns  Alert  ERROR               TB seq.(uvvm)       assert_shift_one_from_left() => Failed (pipeline num:1). tracked_value '0010' was not X1XX at the 2-cycle. 
%%       18140.0 ns  Log    ID_SEQUENCER        TB seq.             Testing the sequence: 1000 -> 1100 -> 0010 -> 1010 -> 0110 -> 0011 -> 0001
%%       18160.0 ns  Alert  ERROR               TB seq.(uvvm)       assert_shift_one_from_left() => Failed (pipeline num:4). tracked_value '0010' was not X1XX at the 2-cycle. 
%%       18170.0 ns  Alert  ERROR               TB seq.(uvvm)       assert_shift_one_from_left() => Failed (pipeline num:3). tracked_value '1010' was not XXX1 at the 4-cycle. 
%%       18240.0 ns  Log    ID_SEQUENCER        TB seq.             Testing the sequence: 1000 -> 1100 -> 0010 -> 1010 -> 0111 -> 0011 -> 0001
%%       18260.0 ns  Alert  ERROR               TB seq.(uvvm)       assert_shift_one_from_left() => Failed (pipeline num:3). tracked_value '0010' was not X1XX at the 2-cycle. 
%%       18270.0 ns  Alert  ERROR               TB seq.(uvvm)       assert_shift_one_from_left() => Failed (pipeline num:2). tracked_value '1010' was not XXX1 at the 4-cycle. 
%%       18340.0 ns  Log    ID_SEQUENCER        TB seq.             Testing the sequence: 1000 -> 1100 -> 0010 -> 1011 -> 0110 -> 0011 -> 0001
%%       18360.0 ns  Alert  ERROR               TB seq.(uvvm)       assert_shift_one_from_left() => Failed (pipeline num:2). tracked_value '0010' was not X1XX at the 2-cycle. 
%%       18440.0 ns  Log    ID_SEQUENCER        TB seq.             Testing the sequence: 1000 -> 1100 -> 0010 -> 1011 -> 0111 -> 0011 -> 0001
%%       18460.0 ns  Alert  ERROR               TB seq.(uvvm)       assert_shift_one_from_left() => Failed (pipeline num:1). tracked_value '0010' was not X1XX at the 2-cycle. 
%%       18540.0 ns  Log    ID_SEQUENCER        TB seq.             Testing the sequence: 1000 -> 1100 -> 0010 -> 1100 -> 0110 -> 0011 -> 0001
%%       18560.0 ns  Alert  ERROR               TB seq.(uvvm)       assert_shift_one_from_left() => Failed (pipeline num:4). tracked_value '0010' was not X1XX at the 2-cycle. 
%%       18570.0 ns  Alert  ERROR               TB seq.(uvvm)       assert_shift_one_from_left() => Failed (pipeline num:3). tracked_value '1100' was not XXX1 at the 4-cycle. 
%%       18640.0 ns  Log    ID_SEQUENCER        TB seq.             Testing the sequence: 1000 -> 1100 -> 0010 -> 1100 -> 0111 -> 0011 -> 0001
%%       18660.0 ns  Alert  ERROR               TB seq.(uvvm)       assert_shift_one_from_left() => Failed (pipeline num:3). tracked_value '0010' was not X1XX at the 2-cycle. 
%%       18670.0 ns  Alert  ERROR               TB seq.(uvvm)       assert_shift_one_from_left() => Failed (pipeline num:2). tracked_value '1100' was not XXX1 at the 4-cycle. 
%%       18740.0 ns  Log    ID_SEQUENCER        TB seq.             Testing the sequence: 1000 -> 1100 -> 0010 -> 1101 -> 0110 -> 0011 -> 0001
%%       18760.0 ns  Alert  ERROR               TB seq.(uvvm)       assert_shift_one_from_left() => Failed (pipeline num:2). tracked_value '0010' was not X1XX at the 2-cycle. 
%%       18840.0 ns  Log    ID_SEQUENCER        TB seq.             Testing the sequence: 1000 -> 1100 -> 0010 -> 1101 -> 0111 -> 0011 -> 0001
%%       18860.0 ns  Alert  ERROR               TB seq.(uvvm)       assert_shift_one_from_left() => Failed (pipeline num:1). tracked_value '0010' was not X1XX at the 2-cycle. 
%%       18940.0 ns  Log    ID_SEQUENCER        TB seq.             Testing the sequence: 1000 -> 1100 -> 0010 -> 1110 -> 0110 -> 0011 -> 0001
%%       18960.0 ns  Alert  ERROR               TB seq.(uvvm)       assert_shift_one_from_left() => Failed (pipeline num:4). tracked_value '0010' was not X1XX at the 2-cycle. 
%%       18970.0 ns  Alert  ERROR               TB seq.(uvvm)       assert_shift_one_from_left() => Failed (pipeline num:3). tracked_value '1110' was not XXX1 at the 4-cycle. 
%%       19040.0 ns  Log    ID_SEQUENCER        TB seq.             Testing the sequence: 1000 -> 1100 -> 0010 -> 1110 -> 0111 -> 0011 -> 0001
%%       19060.0 ns  Alert  ERROR               TB seq.(uvvm)       assert_shift_one_from_left() => Failed (pipeline num:3). tracked_value '0010' was not X1XX at the 2-cycle. 
%%       19070.0 ns  Alert  ERROR               TB seq.(uvvm)       assert_shift_one_from_left() => Failed (pipeline num:2). tracked_value '1110' was not XXX1 at the 4-cycle. 
%%       19140.0 ns  Log    ID_SEQUENCER        TB seq.             Testing the sequence: 1000 -> 1100 -> 0010 -> 1111 -> 0110 -> 0011 -> 0001
%%       19160.0 ns  Alert  ERROR               TB seq.(uvvm)       assert_shift_one_from_left() => Failed (pipeline num:2). tracked_value '0010' was not X1XX at the 2-cycle. 
%%       19240.0 ns  Log    ID_SEQUENCER        TB seq.             Testing the sequence: 1000 -> 1100 -> 0010 -> 1111 -> 0111 -> 0011 -> 0001
%%       19260.0 ns  Alert  ERROR               TB seq.(uvvm)       assert_shift_one_from_left() => Failed (pipeline num:1). tracked_value '0010' was not X1XX at the 2-cycle. 
%%       19340.0 ns  Log    ID_SEQUENCER        TB seq.             Testing the sequence: 1000 -> 1100 -> 0011 -> 0000 -> 0110 -> 0011 -> 0001
%%       19360.0 ns  Alert  ERROR               TB seq.(uvvm)       assert_shift_one_from_left() => Failed (pipeline num:4). tracked_value '0011' was not X1XX at the 2-cycle. 
%%       19370.0 ns  Alert  ERROR               TB seq.(uvvm)       assert_shift_one_from_left() => Failed (pipeline num:3). tracked_value '0000' was not XXX1 at the 4-cycle. 
%%       19440.0 ns  Log    ID_SEQUENCER        TB seq.             Testing the sequence: 1000 -> 1100 -> 0011 -> 0000 -> 0111 -> 0011 -> 0001
%%       19460.0 ns  Alert  ERROR               TB seq.(uvvm)       assert_shift_one_from_left() => Failed (pipeline num:2). tracked_value '0011' was not X1XX at the 2-cycle. 
%%       19470.0 ns  Alert  ERROR               TB seq.(uvvm)       assert_shift_one_from_left() => Failed (pipeline num:1). tracked_value '0000' was not XXX1 at the 4-cycle. 
%%       19540.0 ns  Log    ID_SEQUENCER        TB seq.             Testing the sequence: 1000 -> 1100 -> 0011 -> 0001 -> 0110 -> 0011 -> 0001
%%       19560.0 ns  Alert  ERROR               TB seq.(uvvm)       assert_shift_one_from_left() => Failed (pipeline num:4). tracked_value '0011' was not X1XX at the 2-cycle. 
%%       19640.0 ns  Log    ID_SEQUENCER        TB seq.             Testing the sequence: 1000 -> 1100 -> 0011 -> 0001 -> 0111 -> 0011 -> 0001
%%       19660.0 ns  Alert  ERROR               TB seq.(uvvm)       assert_shift_one_from_left() => Failed (pipeline num:2). tracked_value '0011' was not X1XX at the 2-cycle. 
%%       19740.0 ns  Log    ID_SEQUENCER        TB seq.             Testing the sequence: 1000 -> 1100 -> 0011 -> 0010 -> 0110 -> 0011 -> 0001
%%       19760.0 ns  Alert  ERROR               TB seq.(uvvm)       assert_shift_one_from_left() => Failed (pipeline num:4). tracked_value '0011' was not X1XX at the 2-cycle. 
%%       19770.0 ns  Alert  ERROR               TB seq.(uvvm)       assert_shift_one_from_left() => Failed (pipeline num:3). tracked_value '0010' was not XXX1 at the 4-cycle. 
%%       19840.0 ns  Log    ID_SEQUENCER        TB seq.             Testing the sequence: 1000 -> 1100 -> 0011 -> 0010 -> 0111 -> 0011 -> 0001
%%       19860.0 ns  Alert  ERROR               TB seq.(uvvm)       assert_shift_one_from_left() => Failed (pipeline num:2). tracked_value '0011' was not X1XX at the 2-cycle. 
%%       19870.0 ns  Alert  ERROR               TB seq.(uvvm)       assert_shift_one_from_left() => Failed (pipeline num:1). tracked_value '0010' was not XXX1 at the 4-cycle. 
%%       19940.0 ns  Log    ID_SEQUENCER        TB seq.             Testing the sequence: 1000 -> 1100 -> 0011 -> 0011 -> 0110 -> 0011 -> 0001
%%       19960.0 ns  Alert  ERROR               TB seq.(uvvm)       assert_shift_one_from_left() => Failed (pipeline num:4). tracked_value '0011' was not X1XX at the 2-cycle. 
%%       20040.0 ns  Log    ID_SEQUENCER        TB seq.             Testing the sequence: 1000 -> 1100 -> 0011 -> 0011 -> 0111 -> 0011 -> 0001
%%       20060.0 ns  Alert  ERROR               TB seq.(uvvm)       assert_shift_one_from_left() => Failed (pipeline num:2). tracked_value '0011' was not X1XX at the 2-cycle. 
%%       20140.0 ns  Log    ID_SEQUENCER        TB seq.             Testing the sequence: 1000 -> 1100 -> 0011 -> 0100 -> 0110 -> 0011 -> 0001
%%       20160.0 ns  Alert  ERROR               TB seq.(uvvm)       assert_shift_one_from_left() => Failed (pipeline num:4). tracked_value '0011' was not X1XX at the 2-cycle. 
%%       20170.0 ns  Alert  ERROR               TB seq.(uvvm)       assert_shift_one_from_left() => Failed (pipeline num:3). tracked_value '0100' was not XXX1 at the 4-cycle. 
%%       20240.0 ns  Log    ID_SEQUENCER        TB seq.             Testing the sequence: 1000 -> 1100 -> 0011 -> 0100 -> 0111 -> 0011 -> 0001
%%       20260.0 ns  Alert  ERROR               TB seq.(uvvm)       assert_shift_one_from_left() => Failed (pipeline num:2). tracked_value '0011' was not X1XX at the 2-cycle. 
%%       20270.0 ns  Alert  ERROR               TB seq.(uvvm)       assert_shift_one_from_left() => Failed (pipeline num:1). tracked_value '0100' was not XXX1 at the 4-cycle. 
%%       20340.0 ns  Log    ID_SEQUENCER        TB seq.             Testing the sequence: 1000 -> 1100 -> 0011 -> 0101 -> 0110 -> 0011 -> 0001
%%       20360.0 ns  Alert  ERROR               TB seq.(uvvm)       assert_shift_one_from_left() => Failed (pipeline num:4). tracked_value '0011' was not X1XX at the 2-cycle. 
%%       20440.0 ns  Log    ID_SEQUENCER        TB seq.             Testing the sequence: 1000 -> 1100 -> 0011 -> 0101 -> 0111 -> 0011 -> 0001
%%       20460.0 ns  Alert  ERROR               TB seq.(uvvm)       assert_shift_one_from_left() => Failed (pipeline num:2). tracked_value '0011' was not X1XX at the 2-cycle. 
%%       20540.0 ns  Log    ID_SEQUENCER        TB seq.             Testing the sequence: 1000 -> 1100 -> 0011 -> 0110 -> 0110 -> 0011 -> 0001
%%       20560.0 ns  Alert  ERROR               TB seq.(uvvm)       assert_shift_one_from_left() => Failed (pipeline num:4). tracked_value '0011' was not X1XX at the 2-cycle. 
%%       20570.0 ns  Alert  ERROR               TB seq.(uvvm)       assert_shift_one_from_left() => Failed (pipeline num:3). tracked_value '0110' was not XXX1 at the 4-cycle. 
%%       20640.0 ns  Log    ID_SEQUENCER        TB seq.             Testing the sequence: 1000 -> 1100 -> 0011 -> 0110 -> 0111 -> 0011 -> 0001
%%       20660.0 ns  Alert  ERROR               TB seq.(uvvm)       assert_shift_one_from_left() => Failed (pipeline num:2). tracked_value '0011' was not X1XX at the 2-cycle. 
%%       20670.0 ns  Alert  ERROR               TB seq.(uvvm)       assert_shift_one_from_left() => Failed (pipeline num:1). tracked_value '0110' was not XXX1 at the 4-cycle. 
%%       20740.0 ns  Log    ID_SEQUENCER        TB seq.             Testing the sequence: 1000 -> 1100 -> 0011 -> 0111 -> 0110 -> 0011 -> 0001
%%       20760.0 ns  Alert  ERROR               TB seq.(uvvm)       assert_shift_one_from_left() => Failed (pipeline num:4). tracked_value '0011' was not X1XX at the 2-cycle. 
%%       20840.0 ns  Log    ID_SEQUENCER        TB seq.             Testing the sequence: 1000 -> 1100 -> 0011 -> 0111 -> 0111 -> 0011 -> 0001
%%       20860.0 ns  Alert  ERROR               TB seq.(uvvm)       assert_shift_one_from_left() => Failed (pipeline num:2). tracked_value '0011' was not X1XX at the 2-cycle. 
%%       20940.0 ns  Log    ID_SEQUENCER        TB seq.             Testing the sequence: 1000 -> 1100 -> 0011 -> 1000 -> 0110 -> 0011 -> 0001
%%       20960.0 ns  Alert  ERROR               TB seq.(uvvm)       assert_shift_one_from_left() => Failed (pipeline num:4). tracked_value '0011' was not X1XX at the 2-cycle. 
%%       20970.0 ns  Alert  ERROR               TB seq.(uvvm)       assert_shift_one_from_left() => Failed (pipeline num:3). tracked_value '1000' was not XXX1 at the 4-cycle. 
%%       21040.0 ns  Log    ID_SEQUENCER        TB seq.             Testing the sequence: 1000 -> 1100 -> 0011 -> 1000 -> 0111 -> 0011 -> 0001
%%       21060.0 ns  Alert  ERROR               TB seq.(uvvm)       assert_shift_one_from_left() => Failed (pipeline num:3). tracked_value '0011' was not X1XX at the 2-cycle. 
%%       21070.0 ns  Alert  ERROR               TB seq.(uvvm)       assert_shift_one_from_left() => Failed (pipeline num:2). tracked_value '1000' was not XXX1 at the 4-cycle. 
%%       21140.0 ns  Log    ID_SEQUENCER        TB seq.             Testing the sequence: 1000 -> 1100 -> 0011 -> 1001 -> 0110 -> 0011 -> 0001
%%       21160.0 ns  Alert  ERROR               TB seq.(uvvm)       assert_shift_one_from_left() => Failed (pipeline num:2). tracked_value '0011' was not X1XX at the 2-cycle. 
%%       21240.0 ns  Log    ID_SEQUENCER        TB seq.             Testing the sequence: 1000 -> 1100 -> 0011 -> 1001 -> 0111 -> 0011 -> 0001
%%       21260.0 ns  Alert  ERROR               TB seq.(uvvm)       assert_shift_one_from_left() => Failed (pipeline num:1). tracked_value '0011' was not X1XX at the 2-cycle. 
%%       21340.0 ns  Log    ID_SEQUENCER        TB seq.             Testing the sequence: 1000 -> 1100 -> 0011 -> 1010 -> 0110 -> 0011 -> 0001
%%       21360.0 ns  Alert  ERROR               TB seq.(uvvm)       assert_shift_one_from_left() => Failed (pipeline num:4). tracked_value '0011' was not X1XX at the 2-cycle. 
%%       21370.0 ns  Alert  ERROR               TB seq.(uvvm)       assert_shift_one_from_left() => Failed (pipeline num:3). tracked_value '1010' was not XXX1 at the 4-cycle. 
%%       21440.0 ns  Log    ID_SEQUENCER        TB seq.             Testing the sequence: 1000 -> 1100 -> 0011 -> 1010 -> 0111 -> 0011 -> 0001
%%       21460.0 ns  Alert  ERROR               TB seq.(uvvm)       assert_shift_one_from_left() => Failed (pipeline num:3). tracked_value '0011' was not X1XX at the 2-cycle. 
%%       21470.0 ns  Alert  ERROR               TB seq.(uvvm)       assert_shift_one_from_left() => Failed (pipeline num:2). tracked_value '1010' was not XXX1 at the 4-cycle. 
%%       21540.0 ns  Log    ID_SEQUENCER        TB seq.             Testing the sequence: 1000 -> 1100 -> 0011 -> 1011 -> 0110 -> 0011 -> 0001
%%       21560.0 ns  Alert  ERROR               TB seq.(uvvm)       assert_shift_one_from_left() => Failed (pipeline num:2). tracked_value '0011' was not X1XX at the 2-cycle. 
%%       21640.0 ns  Log    ID_SEQUENCER        TB seq.             Testing the sequence: 1000 -> 1100 -> 0011 -> 1011 -> 0111 -> 0011 -> 0001
%%       21660.0 ns  Alert  ERROR               TB seq.(uvvm)       assert_shift_one_from_left() => Failed (pipeline num:1). tracked_value '0011' was not X1XX at the 2-cycle. 
%%       21740.0 ns  Log    ID_SEQUENCER        TB seq.             Testing the sequence: 1000 -> 1100 -> 0011 -> 1100 -> 0110 -> 0011 -> 0001
%%       21760.0 ns  Alert  ERROR               TB seq.(uvvm)       assert_shift_one_from_left() => Failed (pipeline num:4). tracked_value '0011' was not X1XX at the 2-cycle. 
%%       21770.0 ns  Alert  ERROR               TB seq.(uvvm)       assert_shift_one_from_left() => Failed (pipeline num:3). tracked_value '1100' was not XXX1 at the 4-cycle. 
%%       21840.0 ns  Log    ID_SEQUENCER        TB seq.             Testing the sequence: 1000 -> 1100 -> 0011 -> 1100 -> 0111 -> 0011 -> 0001
%%       21860.0 ns  Alert  ERROR               TB seq.(uvvm)       assert_shift_one_from_left() => Failed (pipeline num:3). tracked_value '0011' was not X1XX at the 2-cycle. 
%%       21870.0 ns  Alert  ERROR               TB seq.(uvvm)       assert_shift_one_from_left() => Failed (pipeline num:2). tracked_value '1100' was not XXX1 at the 4-cycle. 
%%       21940.0 ns  Log    ID_SEQUENCER        TB seq.             Testing the sequence: 1000 -> 1100 -> 0011 -> 1101 -> 0110 -> 0011 -> 0001
%%       21960.0 ns  Alert  ERROR               TB seq.(uvvm)       assert_shift_one_from_left() => Failed (pipeline num:2). tracked_value '0011' was not X1XX at the 2-cycle. 
%%       22040.0 ns  Log    ID_SEQUENCER        TB seq.             Testing the sequence: 1000 -> 1100 -> 0011 -> 1101 -> 0111 -> 0011 -> 0001
%%       22060.0 ns  Alert  ERROR               TB seq.(uvvm)       assert_shift_one_from_left() => Failed (pipeline num:1). tracked_value '0011' was not X1XX at the 2-cycle. 
%%       22140.0 ns  Log    ID_SEQUENCER        TB seq.             Testing the sequence: 1000 -> 1100 -> 0011 -> 1110 -> 0110 -> 0011 -> 0001
%%       22160.0 ns  Alert  ERROR               TB seq.(uvvm)       assert_shift_one_from_left() => Failed (pipeline num:4). tracked_value '0011' was not X1XX at the 2-cycle. 
%%       22170.0 ns  Alert  ERROR               TB seq.(uvvm)       assert_shift_one_from_left() => Failed (pipeline num:3). tracked_value '1110' was not XXX1 at the 4-cycle. 
%%       22240.0 ns  Log    ID_SEQUENCER        TB seq.             Testing the sequence: 1000 -> 1100 -> 0011 -> 1110 -> 0111 -> 0011 -> 0001
%%       22260.0 ns  Alert  ERROR               TB seq.(uvvm)       assert_shift_one_from_left() => Failed (pipeline num:3). tracked_value '0011' was not X1XX at the 2-cycle. 
%%       22270.0 ns  Alert  ERROR               TB seq.(uvvm)       assert_shift_one_from_left() => Failed (pipeline num:2). tracked_value '1110' was not XXX1 at the 4-cycle. 
%%       22340.0 ns  Log    ID_SEQUENCER        TB seq.             Testing the sequence: 1000 -> 1100 -> 0011 -> 1111 -> 0110 -> 0011 -> 0001
%%       22360.0 ns  Alert  ERROR               TB seq.(uvvm)       assert_shift_one_from_left() => Failed (pipeline num:2). tracked_value '0011' was not X1XX at the 2-cycle. 
%%       22440.0 ns  Log    ID_SEQUENCER        TB seq.             Testing the sequence: 1000 -> 1100 -> 0011 -> 1111 -> 0111 -> 0011 -> 0001
%%       22460.0 ns  Alert  ERROR               TB seq.(uvvm)       assert_shift_one_from_left() => Failed (pipeline num:1). tracked_value '0011' was not X1XX at the 2-cycle. 
%%       22540.0 ns  Log    ID_SEQUENCER        TB seq.             Testing the sequence: 1000 -> 1100 -> 0100 -> 0000 -> 0110 -> 0011 -> 0001
%%       22560.0 ns  Alert  ERROR               TB seq.(uvvm)       assert_shift_one_from_left() => Failed (pipeline num:3). tracked_value '0100' was not XX1X at the 3-cycle. 
%%       22570.0 ns  Alert  ERROR               TB seq.(uvvm)       assert_shift_one_from_left() => Failed (pipeline num:4). tracked_value '0000' was not XX1X at the 3-cycle. 
%%       22640.0 ns  Log    ID_SEQUENCER        TB seq.             Testing the sequence: 1000 -> 1100 -> 0100 -> 0000 -> 0111 -> 0011 -> 0001
%%       22660.0 ns  Alert  ERROR               TB seq.(uvvm)       assert_shift_one_from_left() => Failed (pipeline num:1). tracked_value '0100' was not XX1X at the 3-cycle. 
%%       22670.0 ns  Alert  ERROR               TB seq.(uvvm)       assert_shift_one_from_left() => Failed (pipeline num:2). tracked_value '0000' was not XX1X at the 3-cycle. 
%%       22740.0 ns  Log    ID_SEQUENCER        TB seq.             Testing the sequence: 1000 -> 1100 -> 0100 -> 0001 -> 0110 -> 0011 -> 0001
%%       22760.0 ns  Alert  ERROR               TB seq.(uvvm)       assert_shift_one_from_left() => Failed (pipeline num:3). tracked_value '0100' was not XX1X at the 3-cycle. 
%%       22770.0 ns  Alert  ERROR               TB seq.(uvvm)       assert_shift_one_from_left() => Failed (pipeline num:4). tracked_value '0001' was not XX1X at the 3-cycle. 
%%       22840.0 ns  Log    ID_SEQUENCER        TB seq.             Testing the sequence: 1000 -> 1100 -> 0100 -> 0001 -> 0111 -> 0011 -> 0001
%%       22860.0 ns  Alert  ERROR               TB seq.(uvvm)       assert_shift_one_from_left() => Failed (pipeline num:1). tracked_value '0100' was not XX1X at the 3-cycle. 
%%       22870.0 ns  Alert  ERROR               TB seq.(uvvm)       assert_shift_one_from_left() => Failed (pipeline num:2). tracked_value '0001' was not XX1X at the 3-cycle. 
%%       22940.0 ns  Log    ID_SEQUENCER        TB seq.             Testing the sequence: 1000 -> 1100 -> 0100 -> 0010 -> 0110 -> 0011 -> 0001
%%       22960.0 ns  Alert  ERROR               TB seq.(uvvm)       assert_shift_one_from_left() => Failed (pipeline num:3). tracked_value '0100' was not XX1X at the 3-cycle. 
%%       22980.0 ns  Alert  ERROR               TB seq.(uvvm)       assert_shift_one_from_left() => Failed (pipeline num:4). tracked_value '0110' was not XXX1 at the 4-cycle. 
%%       23040.0 ns  Log    ID_SEQUENCER        TB seq.             Testing the sequence: 1000 -> 1100 -> 0100 -> 0010 -> 0111 -> 0011 -> 0001
%%       23060.0 ns  Alert  ERROR               TB seq.(uvvm)       assert_shift_one_from_left() => Failed (pipeline num:1). tracked_value '0100' was not XX1X at the 3-cycle. 
%%       23140.0 ns  Log    ID_SEQUENCER        TB seq.             Testing the sequence: 1000 -> 1100 -> 0100 -> 0011 -> 0110 -> 0011 -> 0001
%%       23160.0 ns  Alert  ERROR               TB seq.(uvvm)       assert_shift_one_from_left() => Failed (pipeline num:3). tracked_value '0100' was not XX1X at the 3-cycle. 
%%       23180.0 ns  Alert  ERROR               TB seq.(uvvm)       assert_shift_one_from_left() => Failed (pipeline num:4). tracked_value '0110' was not XXX1 at the 4-cycle. 
%%       23240.0 ns  Log    ID_SEQUENCER        TB seq.             Testing the sequence: 1000 -> 1100 -> 0100 -> 0011 -> 0111 -> 0011 -> 0001
%%       23260.0 ns  Alert  ERROR               TB seq.(uvvm)       assert_shift_one_from_left() => Failed (pipeline num:1). tracked_value '0100' was not XX1X at the 3-cycle. 
%%       23340.0 ns  Log    ID_SEQUENCER        TB seq.             Testing the sequence: 1000 -> 1100 -> 0100 -> 0100 -> 0110 -> 0011 -> 0001
%%       23360.0 ns  Alert  ERROR               TB seq.(uvvm)       assert_shift_one_from_left() => Failed (pipeline num:3). tracked_value '0100' was not XX1X at the 3-cycle. 
%%       23370.0 ns  Alert  ERROR               TB seq.(uvvm)       assert_shift_one_from_left() => Failed (pipeline num:4). tracked_value '0100' was not XX1X at the 3-cycle. 
%%       23440.0 ns  Log    ID_SEQUENCER        TB seq.             Testing the sequence: 1000 -> 1100 -> 0100 -> 0100 -> 0111 -> 0011 -> 0001
%%       23460.0 ns  Alert  ERROR               TB seq.(uvvm)       assert_shift_one_from_left() => Failed (pipeline num:1). tracked_value '0100' was not XX1X at the 3-cycle. 
%%       23470.0 ns  Alert  ERROR               TB seq.(uvvm)       assert_shift_one_from_left() => Failed (pipeline num:2). tracked_value '0100' was not XX1X at the 3-cycle. 
%%       23540.0 ns  Log    ID_SEQUENCER        TB seq.             Testing the sequence: 1000 -> 1100 -> 0100 -> 0101 -> 0110 -> 0011 -> 0001
%%       23560.0 ns  Alert  ERROR               TB seq.(uvvm)       assert_shift_one_from_left() => Failed (pipeline num:3). tracked_value '0100' was not XX1X at the 3-cycle. 
%%       23570.0 ns  Alert  ERROR               TB seq.(uvvm)       assert_shift_one_from_left() => Failed (pipeline num:4). tracked_value '0101' was not XX1X at the 3-cycle. 
%%       23640.0 ns  Log    ID_SEQUENCER        TB seq.             Testing the sequence: 1000 -> 1100 -> 0100 -> 0101 -> 0111 -> 0011 -> 0001
%%       23660.0 ns  Alert  ERROR               TB seq.(uvvm)       assert_shift_one_from_left() => Failed (pipeline num:1). tracked_value '0100' was not XX1X at the 3-cycle. 
%%       23670.0 ns  Alert  ERROR               TB seq.(uvvm)       assert_shift_one_from_left() => Failed (pipeline num:2). tracked_value '0101' was not XX1X at the 3-cycle. 
%%       23740.0 ns  Log    ID_SEQUENCER        TB seq.             Testing the sequence: 1000 -> 1100 -> 0100 -> 0110 -> 0110 -> 0011 -> 0001
%%       23760.0 ns  Alert  ERROR               TB seq.(uvvm)       assert_shift_one_from_left() => Failed (pipeline num:3). tracked_value '0100' was not XX1X at the 3-cycle. 
%%       23780.0 ns  Alert  ERROR               TB seq.(uvvm)       assert_shift_one_from_left() => Failed (pipeline num:4). tracked_value '0110' was not XXX1 at the 4-cycle. 
%%       23840.0 ns  Log    ID_SEQUENCER        TB seq.             Testing the sequence: 1000 -> 1100 -> 0100 -> 0110 -> 0111 -> 0011 -> 0001
%%       23860.0 ns  Alert  ERROR               TB seq.(uvvm)       assert_shift_one_from_left() => Failed (pipeline num:1). tracked_value '0100' was not XX1X at the 3-cycle. 
%%       23940.0 ns  Log    ID_SEQUENCER        TB seq.             Testing the sequence: 1000 -> 1100 -> 0100 -> 0111 -> 0110 -> 0011 -> 0001
%%       23960.0 ns  Alert  ERROR               TB seq.(uvvm)       assert_shift_one_from_left() => Failed (pipeline num:3). tracked_value '0100' was not XX1X at the 3-cycle. 
%%       23980.0 ns  Alert  ERROR               TB seq.(uvvm)       assert_shift_one_from_left() => Failed (pipeline num:4). tracked_value '0110' was not XXX1 at the 4-cycle. 
%%       24040.0 ns  Log    ID_SEQUENCER        TB seq.             Testing the sequence: 1000 -> 1100 -> 0100 -> 0111 -> 0111 -> 0011 -> 0001
%%       24060.0 ns  Alert  ERROR               TB seq.(uvvm)       assert_shift_one_from_left() => Failed (pipeline num:1). tracked_value '0100' was not XX1X at the 3-cycle. 
%%       24140.0 ns  Log    ID_SEQUENCER        TB seq.             Testing the sequence: 1000 -> 1100 -> 0100 -> 1000 -> 0110 -> 0011 -> 0001
%%       24160.0 ns  Alert  ERROR               TB seq.(uvvm)       assert_shift_one_from_left() => Failed (pipeline num:3). tracked_value '0100' was not XX1X at the 3-cycle. 
%%       24170.0 ns  Alert  ERROR               TB seq.(uvvm)       assert_shift_one_from_left() => Failed (pipeline num:4). tracked_value '1000' was not XX1X at the 3-cycle. 
%%       24240.0 ns  Log    ID_SEQUENCER        TB seq.             Testing the sequence: 1000 -> 1100 -> 0100 -> 1000 -> 0111 -> 0011 -> 0001
%%       24260.0 ns  Alert  ERROR               TB seq.(uvvm)       assert_shift_one_from_left() => Failed (pipeline num:2). tracked_value '0100' was not XX1X at the 3-cycle. 
%%       24270.0 ns  Alert  ERROR               TB seq.(uvvm)       assert_shift_one_from_left() => Failed (pipeline num:3). tracked_value '1000' was not XX1X at the 3-cycle. 
%%       24340.0 ns  Log    ID_SEQUENCER        TB seq.             Testing the sequence: 1000 -> 1100 -> 0100 -> 1001 -> 0110 -> 0011 -> 0001
%%       24360.0 ns  Alert  ERROR               TB seq.(uvvm)       assert_shift_one_from_left() => Failed (pipeline num:1). tracked_value '0100' was not XX1X at the 3-cycle. 
%%       24370.0 ns  Alert  ERROR               TB seq.(uvvm)       assert_shift_one_from_left() => Failed (pipeline num:2). tracked_value '1001' was not XX1X at the 3-cycle. 
%%       24440.0 ns  Log    ID_SEQUENCER        TB seq.             Testing the sequence: 1000 -> 1100 -> 0100 -> 1001 -> 0111 -> 0011 -> 0001
%%       24460.0 ns  Alert  ERROR               TB seq.(uvvm)       assert_shift_one_from_left() => Failed (pipeline num:4). tracked_value '0100' was not XX1X at the 3-cycle. 
%%       24470.0 ns  Alert  ERROR               TB seq.(uvvm)       assert_shift_one_from_left() => Failed (pipeline num:1). tracked_value '1001' was not XX1X at the 3-cycle. 
%%       24540.0 ns  Log    ID_SEQUENCER        TB seq.             Testing the sequence: 1000 -> 1100 -> 0100 -> 1010 -> 0110 -> 0011 -> 0001
%%       24560.0 ns  Alert  ERROR               TB seq.(uvvm)       assert_shift_one_from_left() => Failed (pipeline num:3). tracked_value '0100' was not XX1X at the 3-cycle. 
%%       24580.0 ns  Alert  ERROR               TB seq.(uvvm)       assert_shift_one_from_left() => Failed (pipeline num:4). tracked_value '0110' was not XXX1 at the 4-cycle. 
%%       24640.0 ns  Log    ID_SEQUENCER        TB seq.             Testing the sequence: 1000 -> 1100 -> 0100 -> 1010 -> 0111 -> 0011 -> 0001
%%       24660.0 ns  Alert  ERROR               TB seq.(uvvm)       assert_shift_one_from_left() => Failed (pipeline num:2). tracked_value '0100' was not XX1X at the 3-cycle. 
%%       24740.0 ns  Log    ID_SEQUENCER        TB seq.             Testing the sequence: 1000 -> 1100 -> 0100 -> 1011 -> 0110 -> 0011 -> 0001
%%       24760.0 ns  Alert  ERROR               TB seq.(uvvm)       assert_shift_one_from_left() => Failed (pipeline num:1). tracked_value '0100' was not XX1X at the 3-cycle. 
%%       24780.0 ns  Alert  ERROR               TB seq.(uvvm)       assert_shift_one_from_left() => Failed (pipeline num:2). tracked_value '0110' was not XXX1 at the 4-cycle. 
%%       24840.0 ns  Log    ID_SEQUENCER        TB seq.             Testing the sequence: 1000 -> 1100 -> 0100 -> 1011 -> 0111 -> 0011 -> 0001
%%       24860.0 ns  Alert  ERROR               TB seq.(uvvm)       assert_shift_one_from_left() => Failed (pipeline num:4). tracked_value '0100' was not XX1X at the 3-cycle. 
%%       24940.0 ns  Log    ID_SEQUENCER        TB seq.             Testing the sequence: 1000 -> 1100 -> 0100 -> 1100 -> 0110 -> 0011 -> 0001
%%       24960.0 ns  Alert  ERROR               TB seq.(uvvm)       assert_shift_one_from_left() => Failed (pipeline num:3). tracked_value '0100' was not XX1X at the 3-cycle. 
%%       24970.0 ns  Alert  ERROR               TB seq.(uvvm)       assert_shift_one_from_left() => Failed (pipeline num:4). tracked_value '1100' was not XX1X at the 3-cycle. 
%%       25040.0 ns  Log    ID_SEQUENCER        TB seq.             Testing the sequence: 1000 -> 1100 -> 0100 -> 1100 -> 0111 -> 0011 -> 0001
%%       25060.0 ns  Alert  ERROR               TB seq.(uvvm)       assert_shift_one_from_left() => Failed (pipeline num:2). tracked_value '0100' was not XX1X at the 3-cycle. 
%%       25070.0 ns  Alert  ERROR               TB seq.(uvvm)       assert_shift_one_from_left() => Failed (pipeline num:3). tracked_value '1100' was not XX1X at the 3-cycle. 
%%       25140.0 ns  Log    ID_SEQUENCER        TB seq.             Testing the sequence: 1000 -> 1100 -> 0100 -> 1101 -> 0110 -> 0011 -> 0001
%%       25160.0 ns  Alert  ERROR               TB seq.(uvvm)       assert_shift_one_from_left() => Failed (pipeline num:1). tracked_value '0100' was not XX1X at the 3-cycle. 
%%       25170.0 ns  Alert  ERROR               TB seq.(uvvm)       assert_shift_one_from_left() => Failed (pipeline num:2). tracked_value '1101' was not XX1X at the 3-cycle. 
%%       25240.0 ns  Log    ID_SEQUENCER        TB seq.             Testing the sequence: 1000 -> 1100 -> 0100 -> 1101 -> 0111 -> 0011 -> 0001
%%       25260.0 ns  Alert  ERROR               TB seq.(uvvm)       assert_shift_one_from_left() => Failed (pipeline num:4). tracked_value '0100' was not XX1X at the 3-cycle. 
%%       25270.0 ns  Alert  ERROR               TB seq.(uvvm)       assert_shift_one_from_left() => Failed (pipeline num:1). tracked_value '1101' was not XX1X at the 3-cycle. 
%%       25340.0 ns  Log    ID_SEQUENCER        TB seq.             Testing the sequence: 1000 -> 1100 -> 0100 -> 1110 -> 0110 -> 0011 -> 0001
%%       25360.0 ns  Alert  ERROR               TB seq.(uvvm)       assert_shift_one_from_left() => Failed (pipeline num:3). tracked_value '0100' was not XX1X at the 3-cycle. 
%%       25380.0 ns  Alert  ERROR               TB seq.(uvvm)       assert_shift_one_from_left() => Failed (pipeline num:4). tracked_value '0110' was not XXX1 at the 4-cycle. 
%%       25440.0 ns  Log    ID_SEQUENCER        TB seq.             Testing the sequence: 1000 -> 1100 -> 0100 -> 1110 -> 0111 -> 0011 -> 0001
%%       25460.0 ns  Alert  ERROR               TB seq.(uvvm)       assert_shift_one_from_left() => Failed (pipeline num:2). tracked_value '0100' was not XX1X at the 3-cycle. 
%%       25540.0 ns  Log    ID_SEQUENCER        TB seq.             Testing the sequence: 1000 -> 1100 -> 0100 -> 1111 -> 0110 -> 0011 -> 0001
%%       25560.0 ns  Alert  ERROR               TB seq.(uvvm)       assert_shift_one_from_left() => Failed (pipeline num:1). tracked_value '0100' was not XX1X at the 3-cycle. 
%%       25580.0 ns  Alert  ERROR               TB seq.(uvvm)       assert_shift_one_from_left() => Failed (pipeline num:2). tracked_value '0110' was not XXX1 at the 4-cycle. 
%%       25640.0 ns  Log    ID_SEQUENCER        TB seq.             Testing the sequence: 1000 -> 1100 -> 0100 -> 1111 -> 0111 -> 0011 -> 0001
%%       25660.0 ns  Alert  ERROR               TB seq.(uvvm)       assert_shift_one_from_left() => Failed (pipeline num:4). tracked_value '0100' was not XX1X at the 3-cycle. 
%%       25740.0 ns  Log    ID_SEQUENCER        TB seq.             Testing the sequence: 1000 -> 1100 -> 0101 -> 0000 -> 0110 -> 0011 -> 0001
%%       25760.0 ns  Alert  ERROR               TB seq.(uvvm)       assert_shift_one_from_left() => Failed (pipeline num:3). tracked_value '0101' was not XX1X at the 3-cycle. 
%%       25770.0 ns  Alert  ERROR               TB seq.(uvvm)       assert_shift_one_from_left() => Failed (pipeline num:4). tracked_value '0000' was not XX1X at the 3-cycle. 
%%       25840.0 ns  Log    ID_SEQUENCER        TB seq.             Testing the sequence: 1000 -> 1100 -> 0101 -> 0000 -> 0111 -> 0011 -> 0001
%%       25860.0 ns  Alert  ERROR               TB seq.(uvvm)       assert_shift_one_from_left() => Failed (pipeline num:1). tracked_value '0101' was not XX1X at the 3-cycle. 
%%       25870.0 ns  Alert  ERROR               TB seq.(uvvm)       assert_shift_one_from_left() => Failed (pipeline num:2). tracked_value '0000' was not XX1X at the 3-cycle. 
%%       25940.0 ns  Log    ID_SEQUENCER        TB seq.             Testing the sequence: 1000 -> 1100 -> 0101 -> 0001 -> 0110 -> 0011 -> 0001
%%       25960.0 ns  Alert  ERROR               TB seq.(uvvm)       assert_shift_one_from_left() => Failed (pipeline num:3). tracked_value '0101' was not XX1X at the 3-cycle. 
%%       25970.0 ns  Alert  ERROR               TB seq.(uvvm)       assert_shift_one_from_left() => Failed (pipeline num:4). tracked_value '0001' was not XX1X at the 3-cycle. 
%%       26040.0 ns  Log    ID_SEQUENCER        TB seq.             Testing the sequence: 1000 -> 1100 -> 0101 -> 0001 -> 0111 -> 0011 -> 0001
%%       26060.0 ns  Alert  ERROR               TB seq.(uvvm)       assert_shift_one_from_left() => Failed (pipeline num:1). tracked_value '0101' was not XX1X at the 3-cycle. 
%%       26070.0 ns  Alert  ERROR               TB seq.(uvvm)       assert_shift_one_from_left() => Failed (pipeline num:2). tracked_value '0001' was not XX1X at the 3-cycle. 
%%       26140.0 ns  Log    ID_SEQUENCER        TB seq.             Testing the sequence: 1000 -> 1100 -> 0101 -> 0010 -> 0110 -> 0011 -> 0001
%%       26160.0 ns  Alert  ERROR               TB seq.(uvvm)       assert_shift_one_from_left() => Failed (pipeline num:3). tracked_value '0101' was not XX1X at the 3-cycle. 
%%       26180.0 ns  Alert  ERROR               TB seq.(uvvm)       assert_shift_one_from_left() => Failed (pipeline num:4). tracked_value '0110' was not XXX1 at the 4-cycle. 
%%       26240.0 ns  Log    ID_SEQUENCER        TB seq.             Testing the sequence: 1000 -> 1100 -> 0101 -> 0010 -> 0111 -> 0011 -> 0001
%%       26260.0 ns  Alert  ERROR               TB seq.(uvvm)       assert_shift_one_from_left() => Failed (pipeline num:1). tracked_value '0101' was not XX1X at the 3-cycle. 
%%       26340.0 ns  Log    ID_SEQUENCER        TB seq.             Testing the sequence: 1000 -> 1100 -> 0101 -> 0011 -> 0110 -> 0011 -> 0001
%%       26360.0 ns  Alert  ERROR               TB seq.(uvvm)       assert_shift_one_from_left() => Failed (pipeline num:3). tracked_value '0101' was not XX1X at the 3-cycle. 
%%       26380.0 ns  Alert  ERROR               TB seq.(uvvm)       assert_shift_one_from_left() => Failed (pipeline num:4). tracked_value '0110' was not XXX1 at the 4-cycle. 
%%       26440.0 ns  Log    ID_SEQUENCER        TB seq.             Testing the sequence: 1000 -> 1100 -> 0101 -> 0011 -> 0111 -> 0011 -> 0001
%%       26460.0 ns  Alert  ERROR               TB seq.(uvvm)       assert_shift_one_from_left() => Failed (pipeline num:1). tracked_value '0101' was not XX1X at the 3-cycle. 
%%       26540.0 ns  Log    ID_SEQUENCER        TB seq.             Testing the sequence: 1000 -> 1100 -> 0101 -> 0100 -> 0110 -> 0011 -> 0001
%%       26560.0 ns  Alert  ERROR               TB seq.(uvvm)       assert_shift_one_from_left() => Failed (pipeline num:3). tracked_value '0101' was not XX1X at the 3-cycle. 
%%       26570.0 ns  Alert  ERROR               TB seq.(uvvm)       assert_shift_one_from_left() => Failed (pipeline num:4). tracked_value '0100' was not XX1X at the 3-cycle. 
%%       26640.0 ns  Log    ID_SEQUENCER        TB seq.             Testing the sequence: 1000 -> 1100 -> 0101 -> 0100 -> 0111 -> 0011 -> 0001
%%       26660.0 ns  Alert  ERROR               TB seq.(uvvm)       assert_shift_one_from_left() => Failed (pipeline num:1). tracked_value '0101' was not XX1X at the 3-cycle. 
%%       26670.0 ns  Alert  ERROR               TB seq.(uvvm)       assert_shift_one_from_left() => Failed (pipeline num:2). tracked_value '0100' was not XX1X at the 3-cycle. 
%%       26740.0 ns  Log    ID_SEQUENCER        TB seq.             Testing the sequence: 1000 -> 1100 -> 0101 -> 0101 -> 0110 -> 0011 -> 0001
%%       26760.0 ns  Alert  ERROR               TB seq.(uvvm)       assert_shift_one_from_left() => Failed (pipeline num:3). tracked_value '0101' was not XX1X at the 3-cycle. 
%%       26770.0 ns  Alert  ERROR               TB seq.(uvvm)       assert_shift_one_from_left() => Failed (pipeline num:4). tracked_value '0101' was not XX1X at the 3-cycle. 
%%       26840.0 ns  Log    ID_SEQUENCER        TB seq.             Testing the sequence: 1000 -> 1100 -> 0101 -> 0101 -> 0111 -> 0011 -> 0001
%%       26860.0 ns  Alert  ERROR               TB seq.(uvvm)       assert_shift_one_from_left() => Failed (pipeline num:1). tracked_value '0101' was not XX1X at the 3-cycle. 
%%       26870.0 ns  Alert  ERROR               TB seq.(uvvm)       assert_shift_one_from_left() => Failed (pipeline num:2). tracked_value '0101' was not XX1X at the 3-cycle. 
%%       26940.0 ns  Log    ID_SEQUENCER        TB seq.             Testing the sequence: 1000 -> 1100 -> 0101 -> 0110 -> 0110 -> 0011 -> 0001
%%       26960.0 ns  Alert  ERROR               TB seq.(uvvm)       assert_shift_one_from_left() => Failed (pipeline num:3). tracked_value '0101' was not XX1X at the 3-cycle. 
%%       26980.0 ns  Alert  ERROR               TB seq.(uvvm)       assert_shift_one_from_left() => Failed (pipeline num:4). tracked_value '0110' was not XXX1 at the 4-cycle. 
%%       27040.0 ns  Log    ID_SEQUENCER        TB seq.             Testing the sequence: 1000 -> 1100 -> 0101 -> 0110 -> 0111 -> 0011 -> 0001
%%       27060.0 ns  Alert  ERROR               TB seq.(uvvm)       assert_shift_one_from_left() => Failed (pipeline num:1). tracked_value '0101' was not XX1X at the 3-cycle. 
%%       27140.0 ns  Log    ID_SEQUENCER        TB seq.             Testing the sequence: 1000 -> 1100 -> 0101 -> 0111 -> 0110 -> 0011 -> 0001
%%       27160.0 ns  Alert  ERROR               TB seq.(uvvm)       assert_shift_one_from_left() => Failed (pipeline num:3). tracked_value '0101' was not XX1X at the 3-cycle. 
%%       27180.0 ns  Alert  ERROR               TB seq.(uvvm)       assert_shift_one_from_left() => Failed (pipeline num:4). tracked_value '0110' was not XXX1 at the 4-cycle. 
%%       27240.0 ns  Log    ID_SEQUENCER        TB seq.             Testing the sequence: 1000 -> 1100 -> 0101 -> 0111 -> 0111 -> 0011 -> 0001
%%       27260.0 ns  Alert  ERROR               TB seq.(uvvm)       assert_shift_one_from_left() => Failed (pipeline num:1). tracked_value '0101' was not XX1X at the 3-cycle. 
%%       27340.0 ns  Log    ID_SEQUENCER        TB seq.             Testing the sequence: 1000 -> 1100 -> 0101 -> 1000 -> 0110 -> 0011 -> 0001
%%       27360.0 ns  Alert  ERROR               TB seq.(uvvm)       assert_shift_one_from_left() => Failed (pipeline num:3). tracked_value '0101' was not XX1X at the 3-cycle. 
%%       27370.0 ns  Alert  ERROR               TB seq.(uvvm)       assert_shift_one_from_left() => Failed (pipeline num:4). tracked_value '1000' was not XX1X at the 3-cycle. 
%%       27440.0 ns  Log    ID_SEQUENCER        TB seq.             Testing the sequence: 1000 -> 1100 -> 0101 -> 1000 -> 0111 -> 0011 -> 0001
%%       27460.0 ns  Alert  ERROR               TB seq.(uvvm)       assert_shift_one_from_left() => Failed (pipeline num:2). tracked_value '0101' was not XX1X at the 3-cycle. 
%%       27470.0 ns  Alert  ERROR               TB seq.(uvvm)       assert_shift_one_from_left() => Failed (pipeline num:3). tracked_value '1000' was not XX1X at the 3-cycle. 
%%       27540.0 ns  Log    ID_SEQUENCER        TB seq.             Testing the sequence: 1000 -> 1100 -> 0101 -> 1001 -> 0110 -> 0011 -> 0001
%%       27560.0 ns  Alert  ERROR               TB seq.(uvvm)       assert_shift_one_from_left() => Failed (pipeline num:1). tracked_value '0101' was not XX1X at the 3-cycle. 
%%       27570.0 ns  Alert  ERROR               TB seq.(uvvm)       assert_shift_one_from_left() => Failed (pipeline num:2). tracked_value '1001' was not XX1X at the 3-cycle. 
%%       27640.0 ns  Log    ID_SEQUENCER        TB seq.             Testing the sequence: 1000 -> 1100 -> 0101 -> 1001 -> 0111 -> 0011 -> 0001
%%       27660.0 ns  Alert  ERROR               TB seq.(uvvm)       assert_shift_one_from_left() => Failed (pipeline num:4). tracked_value '0101' was not XX1X at the 3-cycle. 
%%       27670.0 ns  Alert  ERROR               TB seq.(uvvm)       assert_shift_one_from_left() => Failed (pipeline num:1). tracked_value '1001' was not XX1X at the 3-cycle. 
%%       27740.0 ns  Log    ID_SEQUENCER        TB seq.             Testing the sequence: 1000 -> 1100 -> 0101 -> 1010 -> 0110 -> 0011 -> 0001
%%       27760.0 ns  Alert  ERROR               TB seq.(uvvm)       assert_shift_one_from_left() => Failed (pipeline num:3). tracked_value '0101' was not XX1X at the 3-cycle. 
%%       27780.0 ns  Alert  ERROR               TB seq.(uvvm)       assert_shift_one_from_left() => Failed (pipeline num:4). tracked_value '0110' was not XXX1 at the 4-cycle. 
%%       27840.0 ns  Log    ID_SEQUENCER        TB seq.             Testing the sequence: 1000 -> 1100 -> 0101 -> 1010 -> 0111 -> 0011 -> 0001
%%       27860.0 ns  Alert  ERROR               TB seq.(uvvm)       assert_shift_one_from_left() => Failed (pipeline num:2). tracked_value '0101' was not XX1X at the 3-cycle. 
%%       27940.0 ns  Log    ID_SEQUENCER        TB seq.             Testing the sequence: 1000 -> 1100 -> 0101 -> 1011 -> 0110 -> 0011 -> 0001
%%       27960.0 ns  Alert  ERROR               TB seq.(uvvm)       assert_shift_one_from_left() => Failed (pipeline num:1). tracked_value '0101' was not XX1X at the 3-cycle. 
%%       27980.0 ns  Alert  ERROR               TB seq.(uvvm)       assert_shift_one_from_left() => Failed (pipeline num:2). tracked_value '0110' was not XXX1 at the 4-cycle. 
%%       28040.0 ns  Log    ID_SEQUENCER        TB seq.             Testing the sequence: 1000 -> 1100 -> 0101 -> 1011 -> 0111 -> 0011 -> 0001
%%       28060.0 ns  Alert  ERROR               TB seq.(uvvm)       assert_shift_one_from_left() => Failed (pipeline num:4). tracked_value '0101' was not XX1X at the 3-cycle. 
%%       28140.0 ns  Log    ID_SEQUENCER        TB seq.             Testing the sequence: 1000 -> 1100 -> 0101 -> 1100 -> 0110 -> 0011 -> 0001
%%       28160.0 ns  Alert  ERROR               TB seq.(uvvm)       assert_shift_one_from_left() => Failed (pipeline num:3). tracked_value '0101' was not XX1X at the 3-cycle. 
%%       28170.0 ns  Alert  ERROR               TB seq.(uvvm)       assert_shift_one_from_left() => Failed (pipeline num:4). tracked_value '1100' was not XX1X at the 3-cycle. 
%%       28240.0 ns  Log    ID_SEQUENCER        TB seq.             Testing the sequence: 1000 -> 1100 -> 0101 -> 1100 -> 0111 -> 0011 -> 0001
%%       28260.0 ns  Alert  ERROR               TB seq.(uvvm)       assert_shift_one_from_left() => Failed (pipeline num:2). tracked_value '0101' was not XX1X at the 3-cycle. 
%%       28270.0 ns  Alert  ERROR               TB seq.(uvvm)       assert_shift_one_from_left() => Failed (pipeline num:3). tracked_value '1100' was not XX1X at the 3-cycle. 
%%       28340.0 ns  Log    ID_SEQUENCER        TB seq.             Testing the sequence: 1000 -> 1100 -> 0101 -> 1101 -> 0110 -> 0011 -> 0001
%%       28360.0 ns  Alert  ERROR               TB seq.(uvvm)       assert_shift_one_from_left() => Failed (pipeline num:1). tracked_value '0101' was not XX1X at the 3-cycle. 
%%       28370.0 ns  Alert  ERROR               TB seq.(uvvm)       assert_shift_one_from_left() => Failed (pipeline num:2). tracked_value '1101' was not XX1X at the 3-cycle. 
%%       28440.0 ns  Log    ID_SEQUENCER        TB seq.             Testing the sequence: 1000 -> 1100 -> 0101 -> 1101 -> 0111 -> 0011 -> 0001
%%       28460.0 ns  Alert  ERROR               TB seq.(uvvm)       assert_shift_one_from_left() => Failed (pipeline num:4). tracked_value '0101' was not XX1X at the 3-cycle. 
%%       28470.0 ns  Alert  ERROR               TB seq.(uvvm)       assert_shift_one_from_left() => Failed (pipeline num:1). tracked_value '1101' was not XX1X at the 3-cycle. 
%%       28540.0 ns  Log    ID_SEQUENCER        TB seq.             Testing the sequence: 1000 -> 1100 -> 0101 -> 1110 -> 0110 -> 0011 -> 0001
%%       28560.0 ns  Alert  ERROR               TB seq.(uvvm)       assert_shift_one_from_left() => Failed (pipeline num:3). tracked_value '0101' was not XX1X at the 3-cycle. 
%%       28580.0 ns  Alert  ERROR               TB seq.(uvvm)       assert_shift_one_from_left() => Failed (pipeline num:4). tracked_value '0110' was not XXX1 at the 4-cycle. 
%%       28640.0 ns  Log    ID_SEQUENCER        TB seq.             Testing the sequence: 1000 -> 1100 -> 0101 -> 1110 -> 0111 -> 0011 -> 0001
%%       28660.0 ns  Alert  ERROR               TB seq.(uvvm)       assert_shift_one_from_left() => Failed (pipeline num:2). tracked_value '0101' was not XX1X at the 3-cycle. 
%%       28740.0 ns  Log    ID_SEQUENCER        TB seq.             Testing the sequence: 1000 -> 1100 -> 0101 -> 1111 -> 0110 -> 0011 -> 0001
%%       28760.0 ns  Alert  ERROR               TB seq.(uvvm)       assert_shift_one_from_left() => Failed (pipeline num:1). tracked_value '0101' was not XX1X at the 3-cycle. 
%%       28780.0 ns  Alert  ERROR               TB seq.(uvvm)       assert_shift_one_from_left() => Failed (pipeline num:2). tracked_value '0110' was not XXX1 at the 4-cycle. 
%%       28840.0 ns  Log    ID_SEQUENCER        TB seq.             Testing the sequence: 1000 -> 1100 -> 0101 -> 1111 -> 0111 -> 0011 -> 0001
%%       28860.0 ns  Alert  ERROR               TB seq.(uvvm)       assert_shift_one_from_left() => Failed (pipeline num:4). tracked_value '0101' was not XX1X at the 3-cycle. 
%%       28940.0 ns  Log    ID_SEQUENCER        TB seq.             Testing the sequence: 1000 -> 1100 -> 0110 -> 0000 -> 0110 -> 0011 -> 0001
%%       28970.0 ns  Alert  ERROR               TB seq.(uvvm)       assert_shift_one_from_left() => Failed (pipeline num:3). tracked_value '0000' was not XXX1 at the 4-cycle. 
%%       28970.0 ns  Alert  ERROR               TB seq.(uvvm)       assert_shift_one_from_left() => Failed (pipeline num:4). tracked_value '0000' was not XX1X at the 3-cycle. 
%%       29040.0 ns  Log    ID_SEQUENCER        TB seq.             Testing the sequence: 1000 -> 1100 -> 0110 -> 0000 -> 0111 -> 0011 -> 0001
%%       29070.0 ns  Alert  ERROR               TB seq.(uvvm)       assert_shift_one_from_left() => Failed (pipeline num:1). tracked_value '0000' was not XXX1 at the 4-cycle. 
%%       29070.0 ns  Alert  ERROR               TB seq.(uvvm)       assert_shift_one_from_left() => Failed (pipeline num:2). tracked_value '0000' was not XX1X at the 3-cycle. 
%%       29140.0 ns  Log    ID_SEQUENCER        TB seq.             Testing the sequence: 1000 -> 1100 -> 0110 -> 0001 -> 0110 -> 0011 -> 0001
%%       29170.0 ns  Alert  ERROR               TB seq.(uvvm)       assert_shift_one_from_left() => Failed (pipeline num:4). tracked_value '0001' was not XX1X at the 3-cycle. 
%%       29240.0 ns  Log    ID_SEQUENCER        TB seq.             Testing the sequence: 1000 -> 1100 -> 0110 -> 0001 -> 0111 -> 0011 -> 0001
%%       29270.0 ns  Alert  ERROR               TB seq.(uvvm)       assert_shift_one_from_left() => Failed (pipeline num:2). tracked_value '0001' was not XX1X at the 3-cycle. 
%%       29340.0 ns  Log    ID_SEQUENCER        TB seq.             Testing the sequence: 1000 -> 1100 -> 0110 -> 0010 -> 0110 -> 0011 -> 0001
%%       29370.0 ns  Alert  ERROR               TB seq.(uvvm)       assert_shift_one_from_left() => Failed (pipeline num:3). tracked_value '0010' was not XXX1 at the 4-cycle. 
%%       29380.0 ns  Alert  ERROR               TB seq.(uvvm)       assert_shift_one_from_left() => Failed (pipeline num:4). tracked_value '0110' was not XXX1 at the 4-cycle. 
%%       29440.0 ns  Log    ID_SEQUENCER        TB seq.             Testing the sequence: 1000 -> 1100 -> 0110 -> 0010 -> 0111 -> 0011 -> 0001
%%       29470.0 ns  Alert  ERROR               TB seq.(uvvm)       assert_shift_one_from_left() => Failed (pipeline num:1). tracked_value '0010' was not XXX1 at the 4-cycle. 
%%       29540.0 ns  Log    ID_SEQUENCER        TB seq.             Testing the sequence: 1000 -> 1100 -> 0110 -> 0011 -> 0110 -> 0011 -> 0001
%%       29580.0 ns  Alert  ERROR               TB seq.(uvvm)       assert_shift_one_from_left() => Failed (pipeline num:4). tracked_value '0110' was not XXX1 at the 4-cycle. 
%%       29640.0 ns  Log    ID_SEQUENCER        TB seq.             Testing the sequence: 1000 -> 1100 -> 0110 -> 0011 -> 0111 -> 0011 -> 0001
%%       29740.0 ns  Log    ID_SEQUENCER        TB seq.             Testing the sequence: 1000 -> 1100 -> 0110 -> 0100 -> 0110 -> 0011 -> 0001
%%       29770.0 ns  Alert  ERROR               TB seq.(uvvm)       assert_shift_one_from_left() => Failed (pipeline num:3). tracked_value '0100' was not XXX1 at the 4-cycle. 
%%       29770.0 ns  Alert  ERROR               TB seq.(uvvm)       assert_shift_one_from_left() => Failed (pipeline num:4). tracked_value '0100' was not XX1X at the 3-cycle. 
%%       29840.0 ns  Log    ID_SEQUENCER        TB seq.             Testing the sequence: 1000 -> 1100 -> 0110 -> 0100 -> 0111 -> 0011 -> 0001
%%       29870.0 ns  Alert  ERROR               TB seq.(uvvm)       assert_shift_one_from_left() => Failed (pipeline num:1). tracked_value '0100' was not XXX1 at the 4-cycle. 
%%       29870.0 ns  Alert  ERROR               TB seq.(uvvm)       assert_shift_one_from_left() => Failed (pipeline num:2). tracked_value '0100' was not XX1X at the 3-cycle. 
%%       29940.0 ns  Log    ID_SEQUENCER        TB seq.             Testing the sequence: 1000 -> 1100 -> 0110 -> 0101 -> 0110 -> 0011 -> 0001
%%       29970.0 ns  Alert  ERROR               TB seq.(uvvm)       assert_shift_one_from_left() => Failed (pipeline num:4). tracked_value '0101' was not XX1X at the 3-cycle. 
%%       30040.0 ns  Log    ID_SEQUENCER        TB seq.             Testing the sequence: 1000 -> 1100 -> 0110 -> 0101 -> 0111 -> 0011 -> 0001
%%       30070.0 ns  Alert  ERROR               TB seq.(uvvm)       assert_shift_one_from_left() => Failed (pipeline num:2). tracked_value '0101' was not XX1X at the 3-cycle. 
%%       30140.0 ns  Log    ID_SEQUENCER        TB seq.             Testing the sequence: 1000 -> 1100 -> 0110 -> 0110 -> 0110 -> 0011 -> 0001
%%       30170.0 ns  Alert  ERROR               TB seq.(uvvm)       assert_shift_one_from_left() => Failed (pipeline num:3). tracked_value '0110' was not XXX1 at the 4-cycle. 
%%       30180.0 ns  Alert  ERROR               TB seq.(uvvm)       assert_shift_one_from_left() => Failed (pipeline num:4). tracked_value '0110' was not XXX1 at the 4-cycle. 
%%       30240.0 ns  Log    ID_SEQUENCER        TB seq.             Testing the sequence: 1000 -> 1100 -> 0110 -> 0110 -> 0111 -> 0011 -> 0001
%%       30270.0 ns  Alert  ERROR               TB seq.(uvvm)       assert_shift_one_from_left() => Failed (pipeline num:1). tracked_value '0110' was not XXX1 at the 4-cycle. 
%%       30340.0 ns  Log    ID_SEQUENCER        TB seq.             Testing the sequence: 1000 -> 1100 -> 0110 -> 0111 -> 0110 -> 0011 -> 0001
%%       30380.0 ns  Alert  ERROR               TB seq.(uvvm)       assert_shift_one_from_left() => Failed (pipeline num:4). tracked_value '0110' was not XXX1 at the 4-cycle. 
%%       30440.0 ns  Log    ID_SEQUENCER        TB seq.             Testing the sequence: 1000 -> 1100 -> 0110 -> 0111 -> 0111 -> 0011 -> 0001
%%       30540.0 ns  Log    ID_SEQUENCER        TB seq.             Testing the sequence: 1000 -> 1100 -> 0110 -> 1000 -> 0110 -> 0011 -> 0001
%%       30570.0 ns  Alert  ERROR               TB seq.(uvvm)       assert_shift_one_from_left() => Failed (pipeline num:3). tracked_value '1000' was not XXX1 at the 4-cycle. 
%%       30570.0 ns  Alert  ERROR               TB seq.(uvvm)       assert_shift_one_from_left() => Failed (pipeline num:4). tracked_value '1000' was not XX1X at the 3-cycle. 
%%       30640.0 ns  Log    ID_SEQUENCER        TB seq.             Testing the sequence: 1000 -> 1100 -> 0110 -> 1000 -> 0111 -> 0011 -> 0001
%%       30670.0 ns  Alert  ERROR               TB seq.(uvvm)       assert_shift_one_from_left() => Failed (pipeline num:2). tracked_value '1000' was not XXX1 at the 4-cycle. 
%%       30670.0 ns  Alert  ERROR               TB seq.(uvvm)       assert_shift_one_from_left() => Failed (pipeline num:3). tracked_value '1000' was not XX1X at the 3-cycle. 
%%       30740.0 ns  Log    ID_SEQUENCER        TB seq.             Testing the sequence: 1000 -> 1100 -> 0110 -> 1001 -> 0110 -> 0011 -> 0001
%%       30770.0 ns  Alert  ERROR               TB seq.(uvvm)       assert_shift_one_from_left() => Failed (pipeline num:2). tracked_value '1001' was not XX1X at the 3-cycle. 
%%       30840.0 ns  Log    ID_SEQUENCER        TB seq.             Testing the sequence: 1000 -> 1100 -> 0110 -> 1001 -> 0111 -> 0011 -> 0001
%%       30870.0 ns  Alert  ERROR               TB seq.(uvvm)       assert_shift_one_from_left() => Failed (pipeline num:1). tracked_value '1001' was not XX1X at the 3-cycle. 
%%       30940.0 ns  Log    ID_SEQUENCER        TB seq.             Testing the sequence: 1000 -> 1100 -> 0110 -> 1010 -> 0110 -> 0011 -> 0001
%%       30970.0 ns  Alert  ERROR               TB seq.(uvvm)       assert_shift_one_from_left() => Failed (pipeline num:3). tracked_value '1010' was not XXX1 at the 4-cycle. 
%%       30980.0 ns  Alert  ERROR               TB seq.(uvvm)       assert_shift_one_from_left() => Failed (pipeline num:4). tracked_value '0110' was not XXX1 at the 4-cycle. 
%%       31040.0 ns  Log    ID_SEQUENCER        TB seq.             Testing the sequence: 1000 -> 1100 -> 0110 -> 1010 -> 0111 -> 0011 -> 0001
%%       31070.0 ns  Alert  ERROR               TB seq.(uvvm)       assert_shift_one_from_left() => Failed (pipeline num:2). tracked_value '1010' was not XXX1 at the 4-cycle. 
%%       31140.0 ns  Log    ID_SEQUENCER        TB seq.             Testing the sequence: 1000 -> 1100 -> 0110 -> 1011 -> 0110 -> 0011 -> 0001
%%       31180.0 ns  Alert  ERROR               TB seq.(uvvm)       assert_shift_one_from_left() => Failed (pipeline num:2). tracked_value '0110' was not XXX1 at the 4-cycle. 
%%       31240.0 ns  Log    ID_SEQUENCER        TB seq.             Testing the sequence: 1000 -> 1100 -> 0110 -> 1011 -> 0111 -> 0011 -> 0001
%%       31340.0 ns  Log    ID_SEQUENCER        TB seq.             Testing the sequence: 1000 -> 1100 -> 0110 -> 1100 -> 0110 -> 0011 -> 0001
%%       31370.0 ns  Alert  ERROR               TB seq.(uvvm)       assert_shift_one_from_left() => Failed (pipeline num:3). tracked_value '1100' was not XXX1 at the 4-cycle. 
%%       31370.0 ns  Alert  ERROR               TB seq.(uvvm)       assert_shift_one_from_left() => Failed (pipeline num:4). tracked_value '1100' was not XX1X at the 3-cycle. 
%%       31440.0 ns  Log    ID_SEQUENCER        TB seq.             Testing the sequence: 1000 -> 1100 -> 0110 -> 1100 -> 0111 -> 0011 -> 0001
%%       31470.0 ns  Alert  ERROR               TB seq.(uvvm)       assert_shift_one_from_left() => Failed (pipeline num:2). tracked_value '1100' was not XXX1 at the 4-cycle. 
%%       31470.0 ns  Alert  ERROR               TB seq.(uvvm)       assert_shift_one_from_left() => Failed (pipeline num:3). tracked_value '1100' was not XX1X at the 3-cycle. 
%%       31540.0 ns  Log    ID_SEQUENCER        TB seq.             Testing the sequence: 1000 -> 1100 -> 0110 -> 1101 -> 0110 -> 0011 -> 0001
%%       31570.0 ns  Alert  ERROR               TB seq.(uvvm)       assert_shift_one_from_left() => Failed (pipeline num:2). tracked_value '1101' was not XX1X at the 3-cycle. 
%%       31640.0 ns  Log    ID_SEQUENCER        TB seq.             Testing the sequence: 1000 -> 1100 -> 0110 -> 1101 -> 0111 -> 0011 -> 0001
%%       31670.0 ns  Alert  ERROR               TB seq.(uvvm)       assert_shift_one_from_left() => Failed (pipeline num:1). tracked_value '1101' was not XX1X at the 3-cycle. 
%%       31740.0 ns  Log    ID_SEQUENCER        TB seq.             Testing the sequence: 1000 -> 1100 -> 0110 -> 1110 -> 0110 -> 0011 -> 0001
%%       31770.0 ns  Alert  ERROR               TB seq.(uvvm)       assert_shift_one_from_left() => Failed (pipeline num:3). tracked_value '1110' was not XXX1 at the 4-cycle. 
%%       31780.0 ns  Alert  ERROR               TB seq.(uvvm)       assert_shift_one_from_left() => Failed (pipeline num:4). tracked_value '0110' was not XXX1 at the 4-cycle. 
%%       31840.0 ns  Log    ID_SEQUENCER        TB seq.             Testing the sequence: 1000 -> 1100 -> 0110 -> 1110 -> 0111 -> 0011 -> 0001
%%       31870.0 ns  Alert  ERROR               TB seq.(uvvm)       assert_shift_one_from_left() => Failed (pipeline num:2). tracked_value '1110' was not XXX1 at the 4-cycle. 
%%       31940.0 ns  Log    ID_SEQUENCER        TB seq.             Testing the sequence: 1000 -> 1100 -> 0110 -> 1111 -> 0110 -> 0011 -> 0001
%%       31980.0 ns  Alert  ERROR               TB seq.(uvvm)       assert_shift_one_from_left() => Failed (pipeline num:2). tracked_value '0110' was not XXX1 at the 4-cycle. 
%%       32040.0 ns  Log    ID_SEQUENCER        TB seq.             Testing the sequence: 1000 -> 1100 -> 0110 -> 1111 -> 0111 -> 0011 -> 0001
%%       32140.0 ns  Log    ID_SEQUENCER        TB seq.             Testing the sequence: 1000 -> 1100 -> 0111 -> 0000 -> 0110 -> 0011 -> 0001
%%       32170.0 ns  Alert  ERROR               TB seq.(uvvm)       assert_shift_one_from_left() => Failed (pipeline num:3). tracked_value '0000' was not XXX1 at the 4-cycle. 
%%       32170.0 ns  Alert  ERROR               TB seq.(uvvm)       assert_shift_one_from_left() => Failed (pipeline num:4). tracked_value '0000' was not XX1X at the 3-cycle. 
%%       32240.0 ns  Log    ID_SEQUENCER        TB seq.             Testing the sequence: 1000 -> 1100 -> 0111 -> 0000 -> 0111 -> 0011 -> 0001
%%       32270.0 ns  Alert  ERROR               TB seq.(uvvm)       assert_shift_one_from_left() => Failed (pipeline num:1). tracked_value '0000' was not XXX1 at the 4-cycle. 
%%       32270.0 ns  Alert  ERROR               TB seq.(uvvm)       assert_shift_one_from_left() => Failed (pipeline num:2). tracked_value '0000' was not XX1X at the 3-cycle. 
%%       32340.0 ns  Log    ID_SEQUENCER        TB seq.             Testing the sequence: 1000 -> 1100 -> 0111 -> 0001 -> 0110 -> 0011 -> 0001
%%       32370.0 ns  Alert  ERROR               TB seq.(uvvm)       assert_shift_one_from_left() => Failed (pipeline num:4). tracked_value '0001' was not XX1X at the 3-cycle. 
%%       32440.0 ns  Log    ID_SEQUENCER        TB seq.             Testing the sequence: 1000 -> 1100 -> 0111 -> 0001 -> 0111 -> 0011 -> 0001
%%       32470.0 ns  Alert  ERROR               TB seq.(uvvm)       assert_shift_one_from_left() => Failed (pipeline num:2). tracked_value '0001' was not XX1X at the 3-cycle. 
%%       32540.0 ns  Log    ID_SEQUENCER        TB seq.             Testing the sequence: 1000 -> 1100 -> 0111 -> 0010 -> 0110 -> 0011 -> 0001
%%       32570.0 ns  Alert  ERROR               TB seq.(uvvm)       assert_shift_one_from_left() => Failed (pipeline num:3). tracked_value '0010' was not XXX1 at the 4-cycle. 
%%       32580.0 ns  Alert  ERROR               TB seq.(uvvm)       assert_shift_one_from_left() => Failed (pipeline num:4). tracked_value '0110' was not XXX1 at the 4-cycle. 
%%       32640.0 ns  Log    ID_SEQUENCER        TB seq.             Testing the sequence: 1000 -> 1100 -> 0111 -> 0010 -> 0111 -> 0011 -> 0001
%%       32670.0 ns  Alert  ERROR               TB seq.(uvvm)       assert_shift_one_from_left() => Failed (pipeline num:1). tracked_value '0010' was not XXX1 at the 4-cycle. 
%%       32740.0 ns  Log    ID_SEQUENCER        TB seq.             Testing the sequence: 1000 -> 1100 -> 0111 -> 0011 -> 0110 -> 0011 -> 0001
%%       32780.0 ns  Alert  ERROR               TB seq.(uvvm)       assert_shift_one_from_left() => Failed (pipeline num:4). tracked_value '0110' was not XXX1 at the 4-cycle. 
%%       32840.0 ns  Log    ID_SEQUENCER        TB seq.             Testing the sequence: 1000 -> 1100 -> 0111 -> 0011 -> 0111 -> 0011 -> 0001
%%       32940.0 ns  Log    ID_SEQUENCER        TB seq.             Testing the sequence: 1000 -> 1100 -> 0111 -> 0100 -> 0110 -> 0011 -> 0001
%%       32970.0 ns  Alert  ERROR               TB seq.(uvvm)       assert_shift_one_from_left() => Failed (pipeline num:3). tracked_value '0100' was not XXX1 at the 4-cycle. 
%%       32970.0 ns  Alert  ERROR               TB seq.(uvvm)       assert_shift_one_from_left() => Failed (pipeline num:4). tracked_value '0100' was not XX1X at the 3-cycle. 
%%       33040.0 ns  Log    ID_SEQUENCER        TB seq.             Testing the sequence: 1000 -> 1100 -> 0111 -> 0100 -> 0111 -> 0011 -> 0001
%%       33070.0 ns  Alert  ERROR               TB seq.(uvvm)       assert_shift_one_from_left() => Failed (pipeline num:1). tracked_value '0100' was not XXX1 at the 4-cycle. 
%%       33070.0 ns  Alert  ERROR               TB seq.(uvvm)       assert_shift_one_from_left() => Failed (pipeline num:2). tracked_value '0100' was not XX1X at the 3-cycle. 
%%       33140.0 ns  Log    ID_SEQUENCER        TB seq.             Testing the sequence: 1000 -> 1100 -> 0111 -> 0101 -> 0110 -> 0011 -> 0001
%%       33170.0 ns  Alert  ERROR               TB seq.(uvvm)       assert_shift_one_from_left() => Failed (pipeline num:4). tracked_value '0101' was not XX1X at the 3-cycle. 
%%       33240.0 ns  Log    ID_SEQUENCER        TB seq.             Testing the sequence: 1000 -> 1100 -> 0111 -> 0101 -> 0111 -> 0011 -> 0001
%%       33270.0 ns  Alert  ERROR               TB seq.(uvvm)       assert_shift_one_from_left() => Failed (pipeline num:2). tracked_value '0101' was not XX1X at the 3-cycle. 
%%       33340.0 ns  Log    ID_SEQUENCER        TB seq.             Testing the sequence: 1000 -> 1100 -> 0111 -> 0110 -> 0110 -> 0011 -> 0001
%%       33370.0 ns  Alert  ERROR               TB seq.(uvvm)       assert_shift_one_from_left() => Failed (pipeline num:3). tracked_value '0110' was not XXX1 at the 4-cycle. 
%%       33380.0 ns  Alert  ERROR               TB seq.(uvvm)       assert_shift_one_from_left() => Failed (pipeline num:4). tracked_value '0110' was not XXX1 at the 4-cycle. 
%%       33440.0 ns  Log    ID_SEQUENCER        TB seq.             Testing the sequence: 1000 -> 1100 -> 0111 -> 0110 -> 0111 -> 0011 -> 0001
%%       33470.0 ns  Alert  ERROR               TB seq.(uvvm)       assert_shift_one_from_left() => Failed (pipeline num:1). tracked_value '0110' was not XXX1 at the 4-cycle. 
%%       33540.0 ns  Log    ID_SEQUENCER        TB seq.             Testing the sequence: 1000 -> 1100 -> 0111 -> 0111 -> 0110 -> 0011 -> 0001
%%       33580.0 ns  Alert  ERROR               TB seq.(uvvm)       assert_shift_one_from_left() => Failed (pipeline num:4). tracked_value '0110' was not XXX1 at the 4-cycle. 
%%       33640.0 ns  Log    ID_SEQUENCER        TB seq.             Testing the sequence: 1000 -> 1100 -> 0111 -> 0111 -> 0111 -> 0011 -> 0001
%%       33740.0 ns  Log    ID_SEQUENCER        TB seq.             Testing the sequence: 1000 -> 1100 -> 0111 -> 1000 -> 0110 -> 0011 -> 0001
%%       33770.0 ns  Alert  ERROR               TB seq.(uvvm)       assert_shift_one_from_left() => Failed (pipeline num:3). tracked_value '1000' was not XXX1 at the 4-cycle. 
%%       33770.0 ns  Alert  ERROR               TB seq.(uvvm)       assert_shift_one_from_left() => Failed (pipeline num:4). tracked_value '1000' was not XX1X at the 3-cycle. 
%%       33840.0 ns  Log    ID_SEQUENCER        TB seq.             Testing the sequence: 1000 -> 1100 -> 0111 -> 1000 -> 0111 -> 0011 -> 0001
%%       33870.0 ns  Alert  ERROR               TB seq.(uvvm)       assert_shift_one_from_left() => Failed (pipeline num:2). tracked_value '1000' was not XXX1 at the 4-cycle. 
%%       33870.0 ns  Alert  ERROR               TB seq.(uvvm)       assert_shift_one_from_left() => Failed (pipeline num:3). tracked_value '1000' was not XX1X at the 3-cycle. 
%%       33940.0 ns  Log    ID_SEQUENCER        TB seq.             Testing the sequence: 1000 -> 1100 -> 0111 -> 1001 -> 0110 -> 0011 -> 0001
%%       33970.0 ns  Alert  ERROR               TB seq.(uvvm)       assert_shift_one_from_left() => Failed (pipeline num:2). tracked_value '1001' was not XX1X at the 3-cycle. 
%%       34040.0 ns  Log    ID_SEQUENCER        TB seq.             Testing the sequence: 1000 -> 1100 -> 0111 -> 1001 -> 0111 -> 0011 -> 0001
%%       34070.0 ns  Alert  ERROR               TB seq.(uvvm)       assert_shift_one_from_left() => Failed (pipeline num:1). tracked_value '1001' was not XX1X at the 3-cycle. 
%%       34140.0 ns  Log    ID_SEQUENCER        TB seq.             Testing the sequence: 1000 -> 1100 -> 0111 -> 1010 -> 0110 -> 0011 -> 0001
%%       34170.0 ns  Alert  ERROR               TB seq.(uvvm)       assert_shift_one_from_left() => Failed (pipeline num:3). tracked_value '1010' was not XXX1 at the 4-cycle. 
%%       34180.0 ns  Alert  ERROR               TB seq.(uvvm)       assert_shift_one_from_left() => Failed (pipeline num:4). tracked_value '0110' was not XXX1 at the 4-cycle. 
%%       34240.0 ns  Log    ID_SEQUENCER        TB seq.             Testing the sequence: 1000 -> 1100 -> 0111 -> 1010 -> 0111 -> 0011 -> 0001
%%       34270.0 ns  Alert  ERROR               TB seq.(uvvm)       assert_shift_one_from_left() => Failed (pipeline num:2). tracked_value '1010' was not XXX1 at the 4-cycle. 
%%       34340.0 ns  Log    ID_SEQUENCER        TB seq.             Testing the sequence: 1000 -> 1100 -> 0111 -> 1011 -> 0110 -> 0011 -> 0001
%%       34380.0 ns  Alert  ERROR               TB seq.(uvvm)       assert_shift_one_from_left() => Failed (pipeline num:2). tracked_value '0110' was not XXX1 at the 4-cycle. 
%%       34440.0 ns  Log    ID_SEQUENCER        TB seq.             Testing the sequence: 1000 -> 1100 -> 0111 -> 1011 -> 0111 -> 0011 -> 0001
%%       34540.0 ns  Log    ID_SEQUENCER        TB seq.             Testing the sequence: 1000 -> 1100 -> 0111 -> 1100 -> 0110 -> 0011 -> 0001
%%       34570.0 ns  Alert  ERROR               TB seq.(uvvm)       assert_shift_one_from_left() => Failed (pipeline num:3). tracked_value '1100' was not XXX1 at the 4-cycle. 
%%       34570.0 ns  Alert  ERROR               TB seq.(uvvm)       assert_shift_one_from_left() => Failed (pipeline num:4). tracked_value '1100' was not XX1X at the 3-cycle. 
%%       34640.0 ns  Log    ID_SEQUENCER        TB seq.             Testing the sequence: 1000 -> 1100 -> 0111 -> 1100 -> 0111 -> 0011 -> 0001
%%       34670.0 ns  Alert  ERROR               TB seq.(uvvm)       assert_shift_one_from_left() => Failed (pipeline num:2). tracked_value '1100' was not XXX1 at the 4-cycle. 
%%       34670.0 ns  Alert  ERROR               TB seq.(uvvm)       assert_shift_one_from_left() => Failed (pipeline num:3). tracked_value '1100' was not XX1X at the 3-cycle. 
%%       34740.0 ns  Log    ID_SEQUENCER        TB seq.             Testing the sequence: 1000 -> 1100 -> 0111 -> 1101 -> 0110 -> 0011 -> 0001
%%       34770.0 ns  Alert  ERROR               TB seq.(uvvm)       assert_shift_one_from_left() => Failed (pipeline num:2). tracked_value '1101' was not XX1X at the 3-cycle. 
%%       34840.0 ns  Log    ID_SEQUENCER        TB seq.             Testing the sequence: 1000 -> 1100 -> 0111 -> 1101 -> 0111 -> 0011 -> 0001
%%       34870.0 ns  Alert  ERROR               TB seq.(uvvm)       assert_shift_one_from_left() => Failed (pipeline num:1). tracked_value '1101' was not XX1X at the 3-cycle. 
%%       34940.0 ns  Log    ID_SEQUENCER        TB seq.             Testing the sequence: 1000 -> 1100 -> 0111 -> 1110 -> 0110 -> 0011 -> 0001
%%       34970.0 ns  Alert  ERROR               TB seq.(uvvm)       assert_shift_one_from_left() => Failed (pipeline num:3). tracked_value '1110' was not XXX1 at the 4-cycle. 
%%       34980.0 ns  Alert  ERROR               TB seq.(uvvm)       assert_shift_one_from_left() => Failed (pipeline num:4). tracked_value '0110' was not XXX1 at the 4-cycle. 
%%       35040.0 ns  Log    ID_SEQUENCER        TB seq.             Testing the sequence: 1000 -> 1100 -> 0111 -> 1110 -> 0111 -> 0011 -> 0001
%%       35070.0 ns  Alert  ERROR               TB seq.(uvvm)       assert_shift_one_from_left() => Failed (pipeline num:2). tracked_value '1110' was not XXX1 at the 4-cycle. 
%%       35140.0 ns  Log    ID_SEQUENCER        TB seq.             Testing the sequence: 1000 -> 1100 -> 0111 -> 1111 -> 0110 -> 0011 -> 0001
%%       35180.0 ns  Alert  ERROR               TB seq.(uvvm)       assert_shift_one_from_left() => Failed (pipeline num:2). tracked_value '0110' was not XXX1 at the 4-cycle. 
%%       35240.0 ns  Log    ID_SEQUENCER        TB seq.             Testing the sequence: 1000 -> 1100 -> 0111 -> 1111 -> 0111 -> 0011 -> 0001
%%       35340.0 ns  Log    ID_SEQUENCER        TB seq.             Testing the sequence: 1000 -> 1100 -> 1000 -> 0000 -> 0110 -> 0011 -> 0001
%%       35360.0 ns  Alert  ERROR               TB seq.(uvvm)       assert_shift_one_from_left() => Failed (pipeline num:3). tracked_value '1000' was not XX1X at the 3-cycle. 
%%       35360.0 ns  Alert  ERROR               TB seq.(uvvm)       assert_shift_one_from_left() => Failed (pipeline num:4). tracked_value '1000' was not X1XX at the 2-cycle. 
%%       35370.0 ns  Alert  ERROR               TB seq.(uvvm)       assert_shift_one_from_left() => Failed (pipeline num:1). tracked_value '0000' was not X1XX at the 2-cycle. 
%%       35440.0 ns  Log    ID_SEQUENCER        TB seq.             Testing the sequence: 1000 -> 1100 -> 1000 -> 0000 -> 0111 -> 0011 -> 0001
%%       35460.0 ns  Alert  ERROR               TB seq.(uvvm)       assert_shift_one_from_left() => Failed (pipeline num:2). tracked_value '1000' was not XX1X at the 3-cycle. 
%%       35460.0 ns  Alert  ERROR               TB seq.(uvvm)       assert_shift_one_from_left() => Failed (pipeline num:3). tracked_value '1000' was not X1XX at the 2-cycle. 
%%       35470.0 ns  Alert  ERROR               TB seq.(uvvm)       assert_shift_one_from_left() => Failed (pipeline num:4). tracked_value '0000' was not X1XX at the 2-cycle. 
%%       35540.0 ns  Log    ID_SEQUENCER        TB seq.             Testing the sequence: 1000 -> 1100 -> 1000 -> 0001 -> 0110 -> 0011 -> 0001
%%       35560.0 ns  Alert  ERROR               TB seq.(uvvm)       assert_shift_one_from_left() => Failed (pipeline num:1). tracked_value '1000' was not XX1X at the 3-cycle. 
%%       35560.0 ns  Alert  ERROR               TB seq.(uvvm)       assert_shift_one_from_left() => Failed (pipeline num:2). tracked_value '1000' was not X1XX at the 2-cycle. 
%%       35570.0 ns  Alert  ERROR               TB seq.(uvvm)       assert_shift_one_from_left() => Failed (pipeline num:3). tracked_value '0001' was not X1XX at the 2-cycle. 
%%       35640.0 ns  Log    ID_SEQUENCER        TB seq.             Testing the sequence: 1000 -> 1100 -> 1000 -> 0001 -> 0111 -> 0011 -> 0001
%%       35660.0 ns  Alert  ERROR               TB seq.(uvvm)       assert_shift_one_from_left() => Failed (pipeline num:1). tracked_value '1000' was not X1XX at the 2-cycle. 
%%       35660.0 ns  Alert  ERROR               TB seq.(uvvm)       assert_shift_one_from_left() => Failed (pipeline num:4). tracked_value '1000' was not XX1X at the 3-cycle. 
%%       35670.0 ns  Alert  ERROR               TB seq.(uvvm)       assert_shift_one_from_left() => Failed (pipeline num:2). tracked_value '0001' was not X1XX at the 2-cycle. 
%%       35740.0 ns  Log    ID_SEQUENCER        TB seq.             Testing the sequence: 1000 -> 1100 -> 1000 -> 0010 -> 0110 -> 0011 -> 0001
%%       35760.0 ns  Alert  ERROR               TB seq.(uvvm)       assert_shift_one_from_left() => Failed (pipeline num:3). tracked_value '1000' was not XX1X at the 3-cycle. 
%%       35760.0 ns  Alert  ERROR               TB seq.(uvvm)       assert_shift_one_from_left() => Failed (pipeline num:4). tracked_value '1000' was not X1XX at the 2-cycle. 
%%       35770.0 ns  Alert  ERROR               TB seq.(uvvm)       assert_shift_one_from_left() => Failed (pipeline num:1). tracked_value '0010' was not X1XX at the 2-cycle. 
%%       35840.0 ns  Log    ID_SEQUENCER        TB seq.             Testing the sequence: 1000 -> 1100 -> 1000 -> 0010 -> 0111 -> 0011 -> 0001
%%       35860.0 ns  Alert  ERROR               TB seq.(uvvm)       assert_shift_one_from_left() => Failed (pipeline num:2). tracked_value '1000' was not XX1X at the 3-cycle. 
%%       35860.0 ns  Alert  ERROR               TB seq.(uvvm)       assert_shift_one_from_left() => Failed (pipeline num:3). tracked_value '1000' was not X1XX at the 2-cycle. 
%%       35870.0 ns  Alert  ERROR               TB seq.(uvvm)       assert_shift_one_from_left() => Failed (pipeline num:4). tracked_value '0010' was not X1XX at the 2-cycle. 
%%       35940.0 ns  Log    ID_SEQUENCER        TB seq.             Testing the sequence: 1000 -> 1100 -> 1000 -> 0011 -> 0110 -> 0011 -> 0001
%%       35960.0 ns  Alert  ERROR               TB seq.(uvvm)       assert_shift_one_from_left() => Failed (pipeline num:1). tracked_value '1000' was not XX1X at the 3-cycle. 
%%       35960.0 ns  Alert  ERROR               TB seq.(uvvm)       assert_shift_one_from_left() => Failed (pipeline num:2). tracked_value '1000' was not X1XX at the 2-cycle. 
%%       35970.0 ns  Alert  ERROR               TB seq.(uvvm)       assert_shift_one_from_left() => Failed (pipeline num:3). tracked_value '0011' was not X1XX at the 2-cycle. 
%%       36040.0 ns  Log    ID_SEQUENCER        TB seq.             Testing the sequence: 1000 -> 1100 -> 1000 -> 0011 -> 0111 -> 0011 -> 0001
%%       36060.0 ns  Alert  ERROR               TB seq.(uvvm)       assert_shift_one_from_left() => Failed (pipeline num:1). tracked_value '1000' was not X1XX at the 2-cycle. 
%%       36060.0 ns  Alert  ERROR               TB seq.(uvvm)       assert_shift_one_from_left() => Failed (pipeline num:4). tracked_value '1000' was not XX1X at the 3-cycle. 
%%       36070.0 ns  Alert  ERROR               TB seq.(uvvm)       assert_shift_one_from_left() => Failed (pipeline num:2). tracked_value '0011' was not X1XX at the 2-cycle. 
%%       36140.0 ns  Log    ID_SEQUENCER        TB seq.             Testing the sequence: 1000 -> 1100 -> 1000 -> 0100 -> 0110 -> 0011 -> 0001
%%       36160.0 ns  Alert  ERROR               TB seq.(uvvm)       assert_shift_one_from_left() => Failed (pipeline num:3). tracked_value '1000' was not XX1X at the 3-cycle. 
%%       36160.0 ns  Alert  ERROR               TB seq.(uvvm)       assert_shift_one_from_left() => Failed (pipeline num:4). tracked_value '1000' was not X1XX at the 2-cycle. 
%%       36240.0 ns  Log    ID_SEQUENCER        TB seq.             Testing the sequence: 1000 -> 1100 -> 1000 -> 0100 -> 0111 -> 0011 -> 0001
%%       36260.0 ns  Alert  ERROR               TB seq.(uvvm)       assert_shift_one_from_left() => Failed (pipeline num:2). tracked_value '1000' was not XX1X at the 3-cycle. 
%%       36260.0 ns  Alert  ERROR               TB seq.(uvvm)       assert_shift_one_from_left() => Failed (pipeline num:3). tracked_value '1000' was not X1XX at the 2-cycle. 
%%       36340.0 ns  Log    ID_SEQUENCER        TB seq.             Testing the sequence: 1000 -> 1100 -> 1000 -> 0101 -> 0110 -> 0011 -> 0001
%%       36360.0 ns  Alert  ERROR               TB seq.(uvvm)       assert_shift_one_from_left() => Failed (pipeline num:1). tracked_value '1000' was not XX1X at the 3-cycle. 
%%       36360.0 ns  Alert  ERROR               TB seq.(uvvm)       assert_shift_one_from_left() => Failed (pipeline num:2). tracked_value '1000' was not X1XX at the 2-cycle. 
%%       36440.0 ns  Log    ID_SEQUENCER        TB seq.             Testing the sequence: 1000 -> 1100 -> 1000 -> 0101 -> 0111 -> 0011 -> 0001
%%       36460.0 ns  Alert  ERROR               TB seq.(uvvm)       assert_shift_one_from_left() => Failed (pipeline num:1). tracked_value '1000' was not X1XX at the 2-cycle. 
%%       36460.0 ns  Alert  ERROR               TB seq.(uvvm)       assert_shift_one_from_left() => Failed (pipeline num:4). tracked_value '1000' was not XX1X at the 3-cycle. 
%%       36540.0 ns  Log    ID_SEQUENCER        TB seq.             Testing the sequence: 1000 -> 1100 -> 1000 -> 0110 -> 0110 -> 0011 -> 0001
%%       36560.0 ns  Alert  ERROR               TB seq.(uvvm)       assert_shift_one_from_left() => Failed (pipeline num:3). tracked_value '1000' was not XX1X at the 3-cycle. 
%%       36560.0 ns  Alert  ERROR               TB seq.(uvvm)       assert_shift_one_from_left() => Failed (pipeline num:4). tracked_value '1000' was not X1XX at the 2-cycle. 
%%       36640.0 ns  Log    ID_SEQUENCER        TB seq.             Testing the sequence: 1000 -> 1100 -> 1000 -> 0110 -> 0111 -> 0011 -> 0001
%%       36660.0 ns  Alert  ERROR               TB seq.(uvvm)       assert_shift_one_from_left() => Failed (pipeline num:2). tracked_value '1000' was not XX1X at the 3-cycle. 
%%       36660.0 ns  Alert  ERROR               TB seq.(uvvm)       assert_shift_one_from_left() => Failed (pipeline num:3). tracked_value '1000' was not X1XX at the 2-cycle. 
%%       36740.0 ns  Log    ID_SEQUENCER        TB seq.             Testing the sequence: 1000 -> 1100 -> 1000 -> 0111 -> 0110 -> 0011 -> 0001
%%       36760.0 ns  Alert  ERROR               TB seq.(uvvm)       assert_shift_one_from_left() => Failed (pipeline num:1). tracked_value '1000' was not XX1X at the 3-cycle. 
%%       36760.0 ns  Alert  ERROR               TB seq.(uvvm)       assert_shift_one_from_left() => Failed (pipeline num:2). tracked_value '1000' was not X1XX at the 2-cycle. 
%%       36840.0 ns  Log    ID_SEQUENCER        TB seq.             Testing the sequence: 1000 -> 1100 -> 1000 -> 0111 -> 0111 -> 0011 -> 0001
%%       36860.0 ns  Alert  ERROR               TB seq.(uvvm)       assert_shift_one_from_left() => Failed (pipeline num:1). tracked_value '1000' was not X1XX at the 2-cycle. 
%%       36860.0 ns  Alert  ERROR               TB seq.(uvvm)       assert_shift_one_from_left() => Failed (pipeline num:4). tracked_value '1000' was not XX1X at the 3-cycle. 
%%       36940.0 ns  Log    ID_SEQUENCER        TB seq.             Testing the sequence: 1000 -> 1100 -> 1000 -> 1000 -> 0110 -> 0011 -> 0001
%%       36960.0 ns  Alert  ERROR               TB seq.(uvvm)       assert_shift_one_from_left() => Failed (pipeline num:3). tracked_value '1000' was not XX1X at the 3-cycle. 
%%       36960.0 ns  Alert  ERROR               TB seq.(uvvm)       assert_shift_one_from_left() => Failed (pipeline num:4). tracked_value '1000' was not X1XX at the 2-cycle. 
%%       36970.0 ns  Alert  ERROR               TB seq.(uvvm)       assert_shift_one_from_left() => Failed (pipeline num:1). tracked_value '1000' was not X1XX at the 2-cycle. 
%%       37040.0 ns  Log    ID_SEQUENCER        TB seq.             Testing the sequence: 1000 -> 1100 -> 1000 -> 1000 -> 0111 -> 0011 -> 0001
%%       37060.0 ns  Alert  ERROR               TB seq.(uvvm)       assert_shift_one_from_left() => Failed (pipeline num:3). tracked_value '1000' was not XX1X at the 3-cycle. 
%%       37060.0 ns  Alert  ERROR               TB seq.(uvvm)       assert_shift_one_from_left() => Failed (pipeline num:4). tracked_value '1000' was not X1XX at the 2-cycle. 
%%       37070.0 ns  Alert  ERROR               TB seq.(uvvm)       assert_shift_one_from_left() => Failed (pipeline num:1). tracked_value '1000' was not X1XX at the 2-cycle. 
%%       37140.0 ns  Log    ID_SEQUENCER        TB seq.             Testing the sequence: 1000 -> 1100 -> 1000 -> 1001 -> 0110 -> 0011 -> 0001
%%       37160.0 ns  Alert  ERROR               TB seq.(uvvm)       assert_shift_one_from_left() => Failed (pipeline num:3). tracked_value '1000' was not XX1X at the 3-cycle. 
%%       37160.0 ns  Alert  ERROR               TB seq.(uvvm)       assert_shift_one_from_left() => Failed (pipeline num:4). tracked_value '1000' was not X1XX at the 2-cycle. 
%%       37170.0 ns  Alert  ERROR               TB seq.(uvvm)       assert_shift_one_from_left() => Failed (pipeline num:1). tracked_value '1001' was not X1XX at the 2-cycle. 
%%       37240.0 ns  Log    ID_SEQUENCER        TB seq.             Testing the sequence: 1000 -> 1100 -> 1000 -> 1001 -> 0111 -> 0011 -> 0001
%%       37260.0 ns  Alert  ERROR               TB seq.(uvvm)       assert_shift_one_from_left() => Failed (pipeline num:3). tracked_value '1000' was not XX1X at the 3-cycle. 
%%       37260.0 ns  Alert  ERROR               TB seq.(uvvm)       assert_shift_one_from_left() => Failed (pipeline num:4). tracked_value '1000' was not X1XX at the 2-cycle. 
%%       37270.0 ns  Alert  ERROR               TB seq.(uvvm)       assert_shift_one_from_left() => Failed (pipeline num:1). tracked_value '1001' was not X1XX at the 2-cycle. 
%%       37340.0 ns  Log    ID_SEQUENCER        TB seq.             Testing the sequence: 1000 -> 1100 -> 1000 -> 1010 -> 0110 -> 0011 -> 0001
%%       37360.0 ns  Alert  ERROR               TB seq.(uvvm)       assert_shift_one_from_left() => Failed (pipeline num:3). tracked_value '1000' was not XX1X at the 3-cycle. 
%%       37360.0 ns  Alert  ERROR               TB seq.(uvvm)       assert_shift_one_from_left() => Failed (pipeline num:4). tracked_value '1000' was not X1XX at the 2-cycle. 
%%       37370.0 ns  Alert  ERROR               TB seq.(uvvm)       assert_shift_one_from_left() => Failed (pipeline num:1). tracked_value '1010' was not X1XX at the 2-cycle. 
%%       37440.0 ns  Log    ID_SEQUENCER        TB seq.             Testing the sequence: 1000 -> 1100 -> 1000 -> 1010 -> 0111 -> 0011 -> 0001
%%       37460.0 ns  Alert  ERROR               TB seq.(uvvm)       assert_shift_one_from_left() => Failed (pipeline num:3). tracked_value '1000' was not XX1X at the 3-cycle. 
%%       37460.0 ns  Alert  ERROR               TB seq.(uvvm)       assert_shift_one_from_left() => Failed (pipeline num:4). tracked_value '1000' was not X1XX at the 2-cycle. 
%%       37470.0 ns  Alert  ERROR               TB seq.(uvvm)       assert_shift_one_from_left() => Failed (pipeline num:1). tracked_value '1010' was not X1XX at the 2-cycle. 
%%       37540.0 ns  Log    ID_SEQUENCER        TB seq.             Testing the sequence: 1000 -> 1100 -> 1000 -> 1011 -> 0110 -> 0011 -> 0001
%%       37560.0 ns  Alert  ERROR               TB seq.(uvvm)       assert_shift_one_from_left() => Failed (pipeline num:3). tracked_value '1000' was not XX1X at the 3-cycle. 
%%       37560.0 ns  Alert  ERROR               TB seq.(uvvm)       assert_shift_one_from_left() => Failed (pipeline num:4). tracked_value '1000' was not X1XX at the 2-cycle. 
%%       37570.0 ns  Alert  ERROR               TB seq.(uvvm)       assert_shift_one_from_left() => Failed (pipeline num:1). tracked_value '1011' was not X1XX at the 2-cycle. 
%%       37640.0 ns  Log    ID_SEQUENCER        TB seq.             Testing the sequence: 1000 -> 1100 -> 1000 -> 1011 -> 0111 -> 0011 -> 0001
%%       37660.0 ns  Alert  ERROR               TB seq.(uvvm)       assert_shift_one_from_left() => Failed (pipeline num:3). tracked_value '1000' was not XX1X at the 3-cycle. 
%%       37660.0 ns  Alert  ERROR               TB seq.(uvvm)       assert_shift_one_from_left() => Failed (pipeline num:4). tracked_value '1000' was not X1XX at the 2-cycle. 
%%       37670.0 ns  Alert  ERROR               TB seq.(uvvm)       assert_shift_one_from_left() => Failed (pipeline num:1). tracked_value '1011' was not X1XX at the 2-cycle. 
%%       37740.0 ns  Log    ID_SEQUENCER        TB seq.             Testing the sequence: 1000 -> 1100 -> 1000 -> 1100 -> 0110 -> 0011 -> 0001
%%       37760.0 ns  Alert  ERROR               TB seq.(uvvm)       assert_shift_one_from_left() => Failed (pipeline num:3). tracked_value '1000' was not XX1X at the 3-cycle. 
%%       37760.0 ns  Alert  ERROR               TB seq.(uvvm)       assert_shift_one_from_left() => Failed (pipeline num:4). tracked_value '1000' was not X1XX at the 2-cycle. 
%%       37840.0 ns  Log    ID_SEQUENCER        TB seq.             Testing the sequence: 1000 -> 1100 -> 1000 -> 1100 -> 0111 -> 0011 -> 0001
%%       37860.0 ns  Alert  ERROR               TB seq.(uvvm)       assert_shift_one_from_left() => Failed (pipeline num:3). tracked_value '1000' was not XX1X at the 3-cycle. 
%%       37860.0 ns  Alert  ERROR               TB seq.(uvvm)       assert_shift_one_from_left() => Failed (pipeline num:4). tracked_value '1000' was not X1XX at the 2-cycle. 
%%       37940.0 ns  Log    ID_SEQUENCER        TB seq.             Testing the sequence: 1000 -> 1100 -> 1000 -> 1101 -> 0110 -> 0011 -> 0001
%%       37960.0 ns  Alert  ERROR               TB seq.(uvvm)       assert_shift_one_from_left() => Failed (pipeline num:3). tracked_value '1000' was not XX1X at the 3-cycle. 
%%       37960.0 ns  Alert  ERROR               TB seq.(uvvm)       assert_shift_one_from_left() => Failed (pipeline num:4). tracked_value '1000' was not X1XX at the 2-cycle. 
%%       38040.0 ns  Log    ID_SEQUENCER        TB seq.             Testing the sequence: 1000 -> 1100 -> 1000 -> 1101 -> 0111 -> 0011 -> 0001
%%       38060.0 ns  Alert  ERROR               TB seq.(uvvm)       assert_shift_one_from_left() => Failed (pipeline num:3). tracked_value '1000' was not XX1X at the 3-cycle. 
%%       38060.0 ns  Alert  ERROR               TB seq.(uvvm)       assert_shift_one_from_left() => Failed (pipeline num:4). tracked_value '1000' was not X1XX at the 2-cycle. 
%%       38140.0 ns  Log    ID_SEQUENCER        TB seq.             Testing the sequence: 1000 -> 1100 -> 1000 -> 1110 -> 0110 -> 0011 -> 0001
%%       38160.0 ns  Alert  ERROR               TB seq.(uvvm)       assert_shift_one_from_left() => Failed (pipeline num:3). tracked_value '1000' was not XX1X at the 3-cycle. 
%%       38160.0 ns  Alert  ERROR               TB seq.(uvvm)       assert_shift_one_from_left() => Failed (pipeline num:4). tracked_value '1000' was not X1XX at the 2-cycle. 
%%       38240.0 ns  Log    ID_SEQUENCER        TB seq.             Testing the sequence: 1000 -> 1100 -> 1000 -> 1110 -> 0111 -> 0011 -> 0001
%%       38260.0 ns  Alert  ERROR               TB seq.(uvvm)       assert_shift_one_from_left() => Failed (pipeline num:3). tracked_value '1000' was not XX1X at the 3-cycle. 
%%       38260.0 ns  Alert  ERROR               TB seq.(uvvm)       assert_shift_one_from_left() => Failed (pipeline num:4). tracked_value '1000' was not X1XX at the 2-cycle. 
%%       38340.0 ns  Log    ID_SEQUENCER        TB seq.             Testing the sequence: 1000 -> 1100 -> 1000 -> 1111 -> 0110 -> 0011 -> 0001
%%       38360.0 ns  Alert  ERROR               TB seq.(uvvm)       assert_shift_one_from_left() => Failed (pipeline num:3). tracked_value '1000' was not XX1X at the 3-cycle. 
%%       38360.0 ns  Alert  ERROR               TB seq.(uvvm)       assert_shift_one_from_left() => Failed (pipeline num:4). tracked_value '1000' was not X1XX at the 2-cycle. 
%%       38440.0 ns  Log    ID_SEQUENCER        TB seq.             Testing the sequence: 1000 -> 1100 -> 1000 -> 1111 -> 0111 -> 0011 -> 0001
%%       38460.0 ns  Alert  ERROR               TB seq.(uvvm)       assert_shift_one_from_left() => Failed (pipeline num:3). tracked_value '1000' was not XX1X at the 3-cycle. 
%%       38460.0 ns  Alert  ERROR               TB seq.(uvvm)       assert_shift_one_from_left() => Failed (pipeline num:4). tracked_value '1000' was not X1XX at the 2-cycle. 
%%       38540.0 ns  Log    ID_SEQUENCER        TB seq.             Testing the sequence: 1000 -> 1100 -> 1001 -> 0000 -> 0110 -> 0011 -> 0001
%%       38560.0 ns  Alert  ERROR               TB seq.(uvvm)       assert_shift_one_from_left() => Failed (pipeline num:3). tracked_value '1001' was not XX1X at the 3-cycle. 
%%       38560.0 ns  Alert  ERROR               TB seq.(uvvm)       assert_shift_one_from_left() => Failed (pipeline num:4). tracked_value '1001' was not X1XX at the 2-cycle. 
%%       38570.0 ns  Alert  ERROR               TB seq.(uvvm)       assert_shift_one_from_left() => Failed (pipeline num:1). tracked_value '0000' was not X1XX at the 2-cycle. 
%%       38640.0 ns  Log    ID_SEQUENCER        TB seq.             Testing the sequence: 1000 -> 1100 -> 1001 -> 0000 -> 0111 -> 0011 -> 0001
%%       38660.0 ns  Alert  ERROR               TB seq.(uvvm)       assert_shift_one_from_left() => Failed (pipeline num:2). tracked_value '1001' was not XX1X at the 3-cycle. 
%%       38660.0 ns  Alert  ERROR               TB seq.(uvvm)       assert_shift_one_from_left() => Failed (pipeline num:3). tracked_value '1001' was not X1XX at the 2-cycle. 
%%       38670.0 ns  Alert  ERROR               TB seq.(uvvm)       assert_shift_one_from_left() => Failed (pipeline num:4). tracked_value '0000' was not X1XX at the 2-cycle. 
%%       38740.0 ns  Log    ID_SEQUENCER        TB seq.             Testing the sequence: 1000 -> 1100 -> 1001 -> 0001 -> 0110 -> 0011 -> 0001
%%       38760.0 ns  Alert  ERROR               TB seq.(uvvm)       assert_shift_one_from_left() => Failed (pipeline num:1). tracked_value '1001' was not XX1X at the 3-cycle. 
%%       38760.0 ns  Alert  ERROR               TB seq.(uvvm)       assert_shift_one_from_left() => Failed (pipeline num:2). tracked_value '1001' was not X1XX at the 2-cycle. 
%%       38770.0 ns  Alert  ERROR               TB seq.(uvvm)       assert_shift_one_from_left() => Failed (pipeline num:3). tracked_value '0001' was not X1XX at the 2-cycle. 
%%       38840.0 ns  Log    ID_SEQUENCER        TB seq.             Testing the sequence: 1000 -> 1100 -> 1001 -> 0001 -> 0111 -> 0011 -> 0001
%%       38860.0 ns  Alert  ERROR               TB seq.(uvvm)       assert_shift_one_from_left() => Failed (pipeline num:1). tracked_value '1001' was not X1XX at the 2-cycle. 
%%       38860.0 ns  Alert  ERROR               TB seq.(uvvm)       assert_shift_one_from_left() => Failed (pipeline num:4). tracked_value '1001' was not XX1X at the 3-cycle. 
%%       38870.0 ns  Alert  ERROR               TB seq.(uvvm)       assert_shift_one_from_left() => Failed (pipeline num:2). tracked_value '0001' was not X1XX at the 2-cycle. 
%%       38940.0 ns  Log    ID_SEQUENCER        TB seq.             Testing the sequence: 1000 -> 1100 -> 1001 -> 0010 -> 0110 -> 0011 -> 0001
%%       38960.0 ns  Alert  ERROR               TB seq.(uvvm)       assert_shift_one_from_left() => Failed (pipeline num:3). tracked_value '1001' was not XX1X at the 3-cycle. 
%%       38960.0 ns  Alert  ERROR               TB seq.(uvvm)       assert_shift_one_from_left() => Failed (pipeline num:4). tracked_value '1001' was not X1XX at the 2-cycle. 
%%       38970.0 ns  Alert  ERROR               TB seq.(uvvm)       assert_shift_one_from_left() => Failed (pipeline num:1). tracked_value '0010' was not X1XX at the 2-cycle. 
%%       39040.0 ns  Log    ID_SEQUENCER        TB seq.             Testing the sequence: 1000 -> 1100 -> 1001 -> 0010 -> 0111 -> 0011 -> 0001
%%       39060.0 ns  Alert  ERROR               TB seq.(uvvm)       assert_shift_one_from_left() => Failed (pipeline num:2). tracked_value '1001' was not XX1X at the 3-cycle. 
%%       39060.0 ns  Alert  ERROR               TB seq.(uvvm)       assert_shift_one_from_left() => Failed (pipeline num:3). tracked_value '1001' was not X1XX at the 2-cycle. 
%%       39070.0 ns  Alert  ERROR               TB seq.(uvvm)       assert_shift_one_from_left() => Failed (pipeline num:4). tracked_value '0010' was not X1XX at the 2-cycle. 
%%       39140.0 ns  Log    ID_SEQUENCER        TB seq.             Testing the sequence: 1000 -> 1100 -> 1001 -> 0011 -> 0110 -> 0011 -> 0001
%%       39160.0 ns  Alert  ERROR               TB seq.(uvvm)       assert_shift_one_from_left() => Failed (pipeline num:1). tracked_value '1001' was not XX1X at the 3-cycle. 
%%       39160.0 ns  Alert  ERROR               TB seq.(uvvm)       assert_shift_one_from_left() => Failed (pipeline num:2). tracked_value '1001' was not X1XX at the 2-cycle. 
%%       39170.0 ns  Alert  ERROR               TB seq.(uvvm)       assert_shift_one_from_left() => Failed (pipeline num:3). tracked_value '0011' was not X1XX at the 2-cycle. 
%%       39240.0 ns  Log    ID_SEQUENCER        TB seq.             Testing the sequence: 1000 -> 1100 -> 1001 -> 0011 -> 0111 -> 0011 -> 0001
%%       39260.0 ns  Alert  ERROR               TB seq.(uvvm)       assert_shift_one_from_left() => Failed (pipeline num:1). tracked_value '1001' was not X1XX at the 2-cycle. 
%%       39260.0 ns  Alert  ERROR               TB seq.(uvvm)       assert_shift_one_from_left() => Failed (pipeline num:4). tracked_value '1001' was not XX1X at the 3-cycle. 
%%       39270.0 ns  Alert  ERROR               TB seq.(uvvm)       assert_shift_one_from_left() => Failed (pipeline num:2). tracked_value '0011' was not X1XX at the 2-cycle. 
%%       39340.0 ns  Log    ID_SEQUENCER        TB seq.             Testing the sequence: 1000 -> 1100 -> 1001 -> 0100 -> 0110 -> 0011 -> 0001
%%       39360.0 ns  Alert  ERROR               TB seq.(uvvm)       assert_shift_one_from_left() => Failed (pipeline num:3). tracked_value '1001' was not XX1X at the 3-cycle. 
%%       39360.0 ns  Alert  ERROR               TB seq.(uvvm)       assert_shift_one_from_left() => Failed (pipeline num:4). tracked_value '1001' was not X1XX at the 2-cycle. 
%%       39440.0 ns  Log    ID_SEQUENCER        TB seq.             Testing the sequence: 1000 -> 1100 -> 1001 -> 0100 -> 0111 -> 0011 -> 0001
%%       39460.0 ns  Alert  ERROR               TB seq.(uvvm)       assert_shift_one_from_left() => Failed (pipeline num:2). tracked_value '1001' was not XX1X at the 3-cycle. 
%%       39460.0 ns  Alert  ERROR               TB seq.(uvvm)       assert_shift_one_from_left() => Failed (pipeline num:3). tracked_value '1001' was not X1XX at the 2-cycle. 
%%       39540.0 ns  Log    ID_SEQUENCER        TB seq.             Testing the sequence: 1000 -> 1100 -> 1001 -> 0101 -> 0110 -> 0011 -> 0001
%%       39560.0 ns  Alert  ERROR               TB seq.(uvvm)       assert_shift_one_from_left() => Failed (pipeline num:1). tracked_value '1001' was not XX1X at the 3-cycle. 
%%       39560.0 ns  Alert  ERROR               TB seq.(uvvm)       assert_shift_one_from_left() => Failed (pipeline num:2). tracked_value '1001' was not X1XX at the 2-cycle. 
%%       39640.0 ns  Log    ID_SEQUENCER        TB seq.             Testing the sequence: 1000 -> 1100 -> 1001 -> 0101 -> 0111 -> 0011 -> 0001
%%       39660.0 ns  Alert  ERROR               TB seq.(uvvm)       assert_shift_one_from_left() => Failed (pipeline num:1). tracked_value '1001' was not X1XX at the 2-cycle. 
%%       39660.0 ns  Alert  ERROR               TB seq.(uvvm)       assert_shift_one_from_left() => Failed (pipeline num:4). tracked_value '1001' was not XX1X at the 3-cycle. 
%%       39740.0 ns  Log    ID_SEQUENCER        TB seq.             Testing the sequence: 1000 -> 1100 -> 1001 -> 0110 -> 0110 -> 0011 -> 0001
%%       39760.0 ns  Alert  ERROR               TB seq.(uvvm)       assert_shift_one_from_left() => Failed (pipeline num:3). tracked_value '1001' was not XX1X at the 3-cycle. 
%%       39760.0 ns  Alert  ERROR               TB seq.(uvvm)       assert_shift_one_from_left() => Failed (pipeline num:4). tracked_value '1001' was not X1XX at the 2-cycle. 
%%       39840.0 ns  Log    ID_SEQUENCER        TB seq.             Testing the sequence: 1000 -> 1100 -> 1001 -> 0110 -> 0111 -> 0011 -> 0001
%%       39860.0 ns  Alert  ERROR               TB seq.(uvvm)       assert_shift_one_from_left() => Failed (pipeline num:2). tracked_value '1001' was not XX1X at the 3-cycle. 
%%       39860.0 ns  Alert  ERROR               TB seq.(uvvm)       assert_shift_one_from_left() => Failed (pipeline num:3). tracked_value '1001' was not X1XX at the 2-cycle. 
%%       39940.0 ns  Log    ID_SEQUENCER        TB seq.             Testing the sequence: 1000 -> 1100 -> 1001 -> 0111 -> 0110 -> 0011 -> 0001
%%       39960.0 ns  Alert  ERROR               TB seq.(uvvm)       assert_shift_one_from_left() => Failed (pipeline num:1). tracked_value '1001' was not XX1X at the 3-cycle. 
%%       39960.0 ns  Alert  ERROR               TB seq.(uvvm)       assert_shift_one_from_left() => Failed (pipeline num:2). tracked_value '1001' was not X1XX at the 2-cycle. 
%%       40040.0 ns  Log    ID_SEQUENCER        TB seq.             Testing the sequence: 1000 -> 1100 -> 1001 -> 0111 -> 0111 -> 0011 -> 0001
%%       40060.0 ns  Alert  ERROR               TB seq.(uvvm)       assert_shift_one_from_left() => Failed (pipeline num:1). tracked_value '1001' was not X1XX at the 2-cycle. 
%%       40060.0 ns  Alert  ERROR               TB seq.(uvvm)       assert_shift_one_from_left() => Failed (pipeline num:4). tracked_value '1001' was not XX1X at the 3-cycle. 
%%       40140.0 ns  Log    ID_SEQUENCER        TB seq.             Testing the sequence: 1000 -> 1100 -> 1001 -> 1000 -> 0110 -> 0011 -> 0001
%%       40160.0 ns  Alert  ERROR               TB seq.(uvvm)       assert_shift_one_from_left() => Failed (pipeline num:3). tracked_value '1001' was not XX1X at the 3-cycle. 
%%       40160.0 ns  Alert  ERROR               TB seq.(uvvm)       assert_shift_one_from_left() => Failed (pipeline num:4). tracked_value '1001' was not X1XX at the 2-cycle. 
%%       40170.0 ns  Alert  ERROR               TB seq.(uvvm)       assert_shift_one_from_left() => Failed (pipeline num:1). tracked_value '1000' was not X1XX at the 2-cycle. 
%%       40240.0 ns  Log    ID_SEQUENCER        TB seq.             Testing the sequence: 1000 -> 1100 -> 1001 -> 1000 -> 0111 -> 0011 -> 0001
%%       40260.0 ns  Alert  ERROR               TB seq.(uvvm)       assert_shift_one_from_left() => Failed (pipeline num:3). tracked_value '1001' was not XX1X at the 3-cycle. 
%%       40260.0 ns  Alert  ERROR               TB seq.(uvvm)       assert_shift_one_from_left() => Failed (pipeline num:4). tracked_value '1001' was not X1XX at the 2-cycle. 
%%       40270.0 ns  Alert  ERROR               TB seq.(uvvm)       assert_shift_one_from_left() => Failed (pipeline num:1). tracked_value '1000' was not X1XX at the 2-cycle. 
%%       40340.0 ns  Log    ID_SEQUENCER        TB seq.             Testing the sequence: 1000 -> 1100 -> 1001 -> 1001 -> 0110 -> 0011 -> 0001
%%       40360.0 ns  Alert  ERROR               TB seq.(uvvm)       assert_shift_one_from_left() => Failed (pipeline num:3). tracked_value '1001' was not XX1X at the 3-cycle. 
%%       40360.0 ns  Alert  ERROR               TB seq.(uvvm)       assert_shift_one_from_left() => Failed (pipeline num:4). tracked_value '1001' was not X1XX at the 2-cycle. 
%%       40370.0 ns  Alert  ERROR               TB seq.(uvvm)       assert_shift_one_from_left() => Failed (pipeline num:1). tracked_value '1001' was not X1XX at the 2-cycle. 
%%       40440.0 ns  Log    ID_SEQUENCER        TB seq.             Testing the sequence: 1000 -> 1100 -> 1001 -> 1001 -> 0111 -> 0011 -> 0001
%%       40460.0 ns  Alert  ERROR               TB seq.(uvvm)       assert_shift_one_from_left() => Failed (pipeline num:3). tracked_value '1001' was not XX1X at the 3-cycle. 
%%       40460.0 ns  Alert  ERROR               TB seq.(uvvm)       assert_shift_one_from_left() => Failed (pipeline num:4). tracked_value '1001' was not X1XX at the 2-cycle. 
%%       40470.0 ns  Alert  ERROR               TB seq.(uvvm)       assert_shift_one_from_left() => Failed (pipeline num:1). tracked_value '1001' was not X1XX at the 2-cycle. 
%%       40540.0 ns  Log    ID_SEQUENCER        TB seq.             Testing the sequence: 1000 -> 1100 -> 1001 -> 1010 -> 0110 -> 0011 -> 0001
%%       40560.0 ns  Alert  ERROR               TB seq.(uvvm)       assert_shift_one_from_left() => Failed (pipeline num:3). tracked_value '1001' was not XX1X at the 3-cycle. 
%%       40560.0 ns  Alert  ERROR               TB seq.(uvvm)       assert_shift_one_from_left() => Failed (pipeline num:4). tracked_value '1001' was not X1XX at the 2-cycle. 
%%       40570.0 ns  Alert  ERROR               TB seq.(uvvm)       assert_shift_one_from_left() => Failed (pipeline num:1). tracked_value '1010' was not X1XX at the 2-cycle. 
%%       40640.0 ns  Log    ID_SEQUENCER        TB seq.             Testing the sequence: 1000 -> 1100 -> 1001 -> 1010 -> 0111 -> 0011 -> 0001
%%       40660.0 ns  Alert  ERROR               TB seq.(uvvm)       assert_shift_one_from_left() => Failed (pipeline num:3). tracked_value '1001' was not XX1X at the 3-cycle. 
%%       40660.0 ns  Alert  ERROR               TB seq.(uvvm)       assert_shift_one_from_left() => Failed (pipeline num:4). tracked_value '1001' was not X1XX at the 2-cycle. 
%%       40670.0 ns  Alert  ERROR               TB seq.(uvvm)       assert_shift_one_from_left() => Failed (pipeline num:1). tracked_value '1010' was not X1XX at the 2-cycle. 
%%       40740.0 ns  Log    ID_SEQUENCER        TB seq.             Testing the sequence: 1000 -> 1100 -> 1001 -> 1011 -> 0110 -> 0011 -> 0001
%%       40760.0 ns  Alert  ERROR               TB seq.(uvvm)       assert_shift_one_from_left() => Failed (pipeline num:3). tracked_value '1001' was not XX1X at the 3-cycle. 
%%       40760.0 ns  Alert  ERROR               TB seq.(uvvm)       assert_shift_one_from_left() => Failed (pipeline num:4). tracked_value '1001' was not X1XX at the 2-cycle. 
%%       40770.0 ns  Alert  ERROR               TB seq.(uvvm)       assert_shift_one_from_left() => Failed (pipeline num:1). tracked_value '1011' was not X1XX at the 2-cycle. 
%%       40840.0 ns  Log    ID_SEQUENCER        TB seq.             Testing the sequence: 1000 -> 1100 -> 1001 -> 1011 -> 0111 -> 0011 -> 0001
%%       40860.0 ns  Alert  ERROR               TB seq.(uvvm)       assert_shift_one_from_left() => Failed (pipeline num:3). tracked_value '1001' was not XX1X at the 3-cycle. 
%%       40860.0 ns  Alert  ERROR               TB seq.(uvvm)       assert_shift_one_from_left() => Failed (pipeline num:4). tracked_value '1001' was not X1XX at the 2-cycle. 
%%       40870.0 ns  Alert  ERROR               TB seq.(uvvm)       assert_shift_one_from_left() => Failed (pipeline num:1). tracked_value '1011' was not X1XX at the 2-cycle. 
%%       40940.0 ns  Log    ID_SEQUENCER        TB seq.             Testing the sequence: 1000 -> 1100 -> 1001 -> 1100 -> 0110 -> 0011 -> 0001
%%       40960.0 ns  Alert  ERROR               TB seq.(uvvm)       assert_shift_one_from_left() => Failed (pipeline num:3). tracked_value '1001' was not XX1X at the 3-cycle. 
%%       40960.0 ns  Alert  ERROR               TB seq.(uvvm)       assert_shift_one_from_left() => Failed (pipeline num:4). tracked_value '1001' was not X1XX at the 2-cycle. 
%%       41040.0 ns  Log    ID_SEQUENCER        TB seq.             Testing the sequence: 1000 -> 1100 -> 1001 -> 1100 -> 0111 -> 0011 -> 0001
%%       41060.0 ns  Alert  ERROR               TB seq.(uvvm)       assert_shift_one_from_left() => Failed (pipeline num:3). tracked_value '1001' was not XX1X at the 3-cycle. 
%%       41060.0 ns  Alert  ERROR               TB seq.(uvvm)       assert_shift_one_from_left() => Failed (pipeline num:4). tracked_value '1001' was not X1XX at the 2-cycle. 
%%       41140.0 ns  Log    ID_SEQUENCER        TB seq.             Testing the sequence: 1000 -> 1100 -> 1001 -> 1101 -> 0110 -> 0011 -> 0001
%%       41160.0 ns  Alert  ERROR               TB seq.(uvvm)       assert_shift_one_from_left() => Failed (pipeline num:3). tracked_value '1001' was not XX1X at the 3-cycle. 
%%       41160.0 ns  Alert  ERROR               TB seq.(uvvm)       assert_shift_one_from_left() => Failed (pipeline num:4). tracked_value '1001' was not X1XX at the 2-cycle. 
%%       41240.0 ns  Log    ID_SEQUENCER        TB seq.             Testing the sequence: 1000 -> 1100 -> 1001 -> 1101 -> 0111 -> 0011 -> 0001
%%       41260.0 ns  Alert  ERROR               TB seq.(uvvm)       assert_shift_one_from_left() => Failed (pipeline num:3). tracked_value '1001' was not XX1X at the 3-cycle. 
%%       41260.0 ns  Alert  ERROR               TB seq.(uvvm)       assert_shift_one_from_left() => Failed (pipeline num:4). tracked_value '1001' was not X1XX at the 2-cycle. 
%%       41340.0 ns  Log    ID_SEQUENCER        TB seq.             Testing the sequence: 1000 -> 1100 -> 1001 -> 1110 -> 0110 -> 0011 -> 0001
%%       41360.0 ns  Alert  ERROR               TB seq.(uvvm)       assert_shift_one_from_left() => Failed (pipeline num:3). tracked_value '1001' was not XX1X at the 3-cycle. 
%%       41360.0 ns  Alert  ERROR               TB seq.(uvvm)       assert_shift_one_from_left() => Failed (pipeline num:4). tracked_value '1001' was not X1XX at the 2-cycle. 
%%       41440.0 ns  Log    ID_SEQUENCER        TB seq.             Testing the sequence: 1000 -> 1100 -> 1001 -> 1110 -> 0111 -> 0011 -> 0001
%%       41460.0 ns  Alert  ERROR               TB seq.(uvvm)       assert_shift_one_from_left() => Failed (pipeline num:3). tracked_value '1001' was not XX1X at the 3-cycle. 
%%       41460.0 ns  Alert  ERROR               TB seq.(uvvm)       assert_shift_one_from_left() => Failed (pipeline num:4). tracked_value '1001' was not X1XX at the 2-cycle. 
%%       41540.0 ns  Log    ID_SEQUENCER        TB seq.             Testing the sequence: 1000 -> 1100 -> 1001 -> 1111 -> 0110 -> 0011 -> 0001
%%       41560.0 ns  Alert  ERROR               TB seq.(uvvm)       assert_shift_one_from_left() => Failed (pipeline num:3). tracked_value '1001' was not XX1X at the 3-cycle. 
%%       41560.0 ns  Alert  ERROR               TB seq.(uvvm)       assert_shift_one_from_left() => Failed (pipeline num:4). tracked_value '1001' was not X1XX at the 2-cycle. 
%%       41640.0 ns  Log    ID_SEQUENCER        TB seq.             Testing the sequence: 1000 -> 1100 -> 1001 -> 1111 -> 0111 -> 0011 -> 0001
%%       41660.0 ns  Alert  ERROR               TB seq.(uvvm)       assert_shift_one_from_left() => Failed (pipeline num:3). tracked_value '1001' was not XX1X at the 3-cycle. 
%%       41660.0 ns  Alert  ERROR               TB seq.(uvvm)       assert_shift_one_from_left() => Failed (pipeline num:4). tracked_value '1001' was not X1XX at the 2-cycle. 
%%       41740.0 ns  Log    ID_SEQUENCER        TB seq.             Testing the sequence: 1000 -> 1100 -> 1010 -> 0000 -> 0110 -> 0011 -> 0001
%%       41760.0 ns  Alert  ERROR               TB seq.(uvvm)       assert_shift_one_from_left() => Failed (pipeline num:4). tracked_value '1010' was not X1XX at the 2-cycle. 
%%       41770.0 ns  Alert  ERROR               TB seq.(uvvm)       assert_shift_one_from_left() => Failed (pipeline num:1). tracked_value '0000' was not X1XX at the 2-cycle. 
%%       41770.0 ns  Alert  ERROR               TB seq.(uvvm)       assert_shift_one_from_left() => Failed (pipeline num:3). tracked_value '0000' was not XXX1 at the 4-cycle. 
%%       41840.0 ns  Log    ID_SEQUENCER        TB seq.             Testing the sequence: 1000 -> 1100 -> 1010 -> 0000 -> 0111 -> 0011 -> 0001
%%       41860.0 ns  Alert  ERROR               TB seq.(uvvm)       assert_shift_one_from_left() => Failed (pipeline num:3). tracked_value '1010' was not X1XX at the 2-cycle. 
%%       41870.0 ns  Alert  ERROR               TB seq.(uvvm)       assert_shift_one_from_left() => Failed (pipeline num:2). tracked_value '0000' was not XXX1 at the 4-cycle. 
%%       41870.0 ns  Alert  ERROR               TB seq.(uvvm)       assert_shift_one_from_left() => Failed (pipeline num:4). tracked_value '0000' was not X1XX at the 2-cycle. 
%%       41940.0 ns  Log    ID_SEQUENCER        TB seq.             Testing the sequence: 1000 -> 1100 -> 1010 -> 0001 -> 0110 -> 0011 -> 0001
%%       41960.0 ns  Alert  ERROR               TB seq.(uvvm)       assert_shift_one_from_left() => Failed (pipeline num:2). tracked_value '1010' was not X1XX at the 2-cycle. 
%%       41970.0 ns  Alert  ERROR               TB seq.(uvvm)       assert_shift_one_from_left() => Failed (pipeline num:3). tracked_value '0001' was not X1XX at the 2-cycle. 
%%       42040.0 ns  Log    ID_SEQUENCER        TB seq.             Testing the sequence: 1000 -> 1100 -> 1010 -> 0001 -> 0111 -> 0011 -> 0001
%%       42060.0 ns  Alert  ERROR               TB seq.(uvvm)       assert_shift_one_from_left() => Failed (pipeline num:1). tracked_value '1010' was not X1XX at the 2-cycle. 
%%       42070.0 ns  Alert  ERROR               TB seq.(uvvm)       assert_shift_one_from_left() => Failed (pipeline num:2). tracked_value '0001' was not X1XX at the 2-cycle. 
%%       42140.0 ns  Log    ID_SEQUENCER        TB seq.             Testing the sequence: 1000 -> 1100 -> 1010 -> 0010 -> 0110 -> 0011 -> 0001
%%       42160.0 ns  Alert  ERROR               TB seq.(uvvm)       assert_shift_one_from_left() => Failed (pipeline num:4). tracked_value '1010' was not X1XX at the 2-cycle. 
%%       42170.0 ns  Alert  ERROR               TB seq.(uvvm)       assert_shift_one_from_left() => Failed (pipeline num:1). tracked_value '0010' was not X1XX at the 2-cycle. 
%%       42170.0 ns  Alert  ERROR               TB seq.(uvvm)       assert_shift_one_from_left() => Failed (pipeline num:3). tracked_value '0010' was not XXX1 at the 4-cycle. 
%%       42240.0 ns  Log    ID_SEQUENCER        TB seq.             Testing the sequence: 1000 -> 1100 -> 1010 -> 0010 -> 0111 -> 0011 -> 0001
%%       42260.0 ns  Alert  ERROR               TB seq.(uvvm)       assert_shift_one_from_left() => Failed (pipeline num:3). tracked_value '1010' was not X1XX at the 2-cycle. 
%%       42270.0 ns  Alert  ERROR               TB seq.(uvvm)       assert_shift_one_from_left() => Failed (pipeline num:2). tracked_value '0010' was not XXX1 at the 4-cycle. 
%%       42270.0 ns  Alert  ERROR               TB seq.(uvvm)       assert_shift_one_from_left() => Failed (pipeline num:4). tracked_value '0010' was not X1XX at the 2-cycle. 
%%       42340.0 ns  Log    ID_SEQUENCER        TB seq.             Testing the sequence: 1000 -> 1100 -> 1010 -> 0011 -> 0110 -> 0011 -> 0001
%%       42360.0 ns  Alert  ERROR               TB seq.(uvvm)       assert_shift_one_from_left() => Failed (pipeline num:2). tracked_value '1010' was not X1XX at the 2-cycle. 
%%       42370.0 ns  Alert  ERROR               TB seq.(uvvm)       assert_shift_one_from_left() => Failed (pipeline num:3). tracked_value '0011' was not X1XX at the 2-cycle. 
%%       42440.0 ns  Log    ID_SEQUENCER        TB seq.             Testing the sequence: 1000 -> 1100 -> 1010 -> 0011 -> 0111 -> 0011 -> 0001
%%       42460.0 ns  Alert  ERROR               TB seq.(uvvm)       assert_shift_one_from_left() => Failed (pipeline num:1). tracked_value '1010' was not X1XX at the 2-cycle. 
%%       42470.0 ns  Alert  ERROR               TB seq.(uvvm)       assert_shift_one_from_left() => Failed (pipeline num:2). tracked_value '0011' was not X1XX at the 2-cycle. 
%%       42540.0 ns  Log    ID_SEQUENCER        TB seq.             Testing the sequence: 1000 -> 1100 -> 1010 -> 0100 -> 0110 -> 0011 -> 0001
%%       42560.0 ns  Alert  ERROR               TB seq.(uvvm)       assert_shift_one_from_left() => Failed (pipeline num:4). tracked_value '1010' was not X1XX at the 2-cycle. 
%%       42570.0 ns  Alert  ERROR               TB seq.(uvvm)       assert_shift_one_from_left() => Failed (pipeline num:3). tracked_value '0100' was not XXX1 at the 4-cycle. 
%%       42640.0 ns  Log    ID_SEQUENCER        TB seq.             Testing the sequence: 1000 -> 1100 -> 1010 -> 0100 -> 0111 -> 0011 -> 0001
%%       42660.0 ns  Alert  ERROR               TB seq.(uvvm)       assert_shift_one_from_left() => Failed (pipeline num:3). tracked_value '1010' was not X1XX at the 2-cycle. 
%%       42670.0 ns  Alert  ERROR               TB seq.(uvvm)       assert_shift_one_from_left() => Failed (pipeline num:2). tracked_value '0100' was not XXX1 at the 4-cycle. 
%%       42740.0 ns  Log    ID_SEQUENCER        TB seq.             Testing the sequence: 1000 -> 1100 -> 1010 -> 0101 -> 0110 -> 0011 -> 0001
%%       42760.0 ns  Alert  ERROR               TB seq.(uvvm)       assert_shift_one_from_left() => Failed (pipeline num:2). tracked_value '1010' was not X1XX at the 2-cycle. 
%%       42840.0 ns  Log    ID_SEQUENCER        TB seq.             Testing the sequence: 1000 -> 1100 -> 1010 -> 0101 -> 0111 -> 0011 -> 0001
%%       42860.0 ns  Alert  ERROR               TB seq.(uvvm)       assert_shift_one_from_left() => Failed (pipeline num:1). tracked_value '1010' was not X1XX at the 2-cycle. 
%%       42940.0 ns  Log    ID_SEQUENCER        TB seq.             Testing the sequence: 1000 -> 1100 -> 1010 -> 0110 -> 0110 -> 0011 -> 0001
%%       42960.0 ns  Alert  ERROR               TB seq.(uvvm)       assert_shift_one_from_left() => Failed (pipeline num:4). tracked_value '1010' was not X1XX at the 2-cycle. 
%%       42970.0 ns  Alert  ERROR               TB seq.(uvvm)       assert_shift_one_from_left() => Failed (pipeline num:3). tracked_value '0110' was not XXX1 at the 4-cycle. 
%%       43040.0 ns  Log    ID_SEQUENCER        TB seq.             Testing the sequence: 1000 -> 1100 -> 1010 -> 0110 -> 0111 -> 0011 -> 0001
%%       43060.0 ns  Alert  ERROR               TB seq.(uvvm)       assert_shift_one_from_left() => Failed (pipeline num:3). tracked_value '1010' was not X1XX at the 2-cycle. 
%%       43070.0 ns  Alert  ERROR               TB seq.(uvvm)       assert_shift_one_from_left() => Failed (pipeline num:2). tracked_value '0110' was not XXX1 at the 4-cycle. 
%%       43140.0 ns  Log    ID_SEQUENCER        TB seq.             Testing the sequence: 1000 -> 1100 -> 1010 -> 0111 -> 0110 -> 0011 -> 0001
%%       43160.0 ns  Alert  ERROR               TB seq.(uvvm)       assert_shift_one_from_left() => Failed (pipeline num:2). tracked_value '1010' was not X1XX at the 2-cycle. 
%%       43240.0 ns  Log    ID_SEQUENCER        TB seq.             Testing the sequence: 1000 -> 1100 -> 1010 -> 0111 -> 0111 -> 0011 -> 0001
%%       43260.0 ns  Alert  ERROR               TB seq.(uvvm)       assert_shift_one_from_left() => Failed (pipeline num:1). tracked_value '1010' was not X1XX at the 2-cycle. 
%%       43340.0 ns  Log    ID_SEQUENCER        TB seq.             Testing the sequence: 1000 -> 1100 -> 1010 -> 1000 -> 0110 -> 0011 -> 0001
%%       43360.0 ns  Alert  ERROR               TB seq.(uvvm)       assert_shift_one_from_left() => Failed (pipeline num:4). tracked_value '1010' was not X1XX at the 2-cycle. 
%%       43370.0 ns  Alert  ERROR               TB seq.(uvvm)       assert_shift_one_from_left() => Failed (pipeline num:1). tracked_value '1000' was not X1XX at the 2-cycle. 
%%       43370.0 ns  Alert  ERROR               TB seq.(uvvm)       assert_shift_one_from_left() => Failed (pipeline num:3). tracked_value '1000' was not XXX1 at the 4-cycle. 
%%       43440.0 ns  Log    ID_SEQUENCER        TB seq.             Testing the sequence: 1000 -> 1100 -> 1010 -> 1000 -> 0111 -> 0011 -> 0001
%%       43460.0 ns  Alert  ERROR               TB seq.(uvvm)       assert_shift_one_from_left() => Failed (pipeline num:4). tracked_value '1010' was not X1XX at the 2-cycle. 
%%       43470.0 ns  Alert  ERROR               TB seq.(uvvm)       assert_shift_one_from_left() => Failed (pipeline num:1). tracked_value '1000' was not X1XX at the 2-cycle. 
%%       43470.0 ns  Alert  ERROR               TB seq.(uvvm)       assert_shift_one_from_left() => Failed (pipeline num:3). tracked_value '1000' was not XXX1 at the 4-cycle. 
%%       43540.0 ns  Log    ID_SEQUENCER        TB seq.             Testing the sequence: 1000 -> 1100 -> 1010 -> 1001 -> 0110 -> 0011 -> 0001
%%       43560.0 ns  Alert  ERROR               TB seq.(uvvm)       assert_shift_one_from_left() => Failed (pipeline num:4). tracked_value '1010' was not X1XX at the 2-cycle. 
%%       43570.0 ns  Alert  ERROR               TB seq.(uvvm)       assert_shift_one_from_left() => Failed (pipeline num:1). tracked_value '1001' was not X1XX at the 2-cycle. 
%%       43640.0 ns  Log    ID_SEQUENCER        TB seq.             Testing the sequence: 1000 -> 1100 -> 1010 -> 1001 -> 0111 -> 0011 -> 0001
%%       43660.0 ns  Alert  ERROR               TB seq.(uvvm)       assert_shift_one_from_left() => Failed (pipeline num:4). tracked_value '1010' was not X1XX at the 2-cycle. 
%%       43670.0 ns  Alert  ERROR               TB seq.(uvvm)       assert_shift_one_from_left() => Failed (pipeline num:1). tracked_value '1001' was not X1XX at the 2-cycle. 
%%       43740.0 ns  Log    ID_SEQUENCER        TB seq.             Testing the sequence: 1000 -> 1100 -> 1010 -> 1010 -> 0110 -> 0011 -> 0001
%%       43760.0 ns  Alert  ERROR               TB seq.(uvvm)       assert_shift_one_from_left() => Failed (pipeline num:4). tracked_value '1010' was not X1XX at the 2-cycle. 
%%       43770.0 ns  Alert  ERROR               TB seq.(uvvm)       assert_shift_one_from_left() => Failed (pipeline num:1). tracked_value '1010' was not X1XX at the 2-cycle. 
%%       43770.0 ns  Alert  ERROR               TB seq.(uvvm)       assert_shift_one_from_left() => Failed (pipeline num:3). tracked_value '1010' was not XXX1 at the 4-cycle. 
%%       43840.0 ns  Log    ID_SEQUENCER        TB seq.             Testing the sequence: 1000 -> 1100 -> 1010 -> 1010 -> 0111 -> 0011 -> 0001
%%       43860.0 ns  Alert  ERROR               TB seq.(uvvm)       assert_shift_one_from_left() => Failed (pipeline num:4). tracked_value '1010' was not X1XX at the 2-cycle. 
%%       43870.0 ns  Alert  ERROR               TB seq.(uvvm)       assert_shift_one_from_left() => Failed (pipeline num:1). tracked_value '1010' was not X1XX at the 2-cycle. 
%%       43870.0 ns  Alert  ERROR               TB seq.(uvvm)       assert_shift_one_from_left() => Failed (pipeline num:3). tracked_value '1010' was not XXX1 at the 4-cycle. 
%%       43940.0 ns  Log    ID_SEQUENCER        TB seq.             Testing the sequence: 1000 -> 1100 -> 1010 -> 1011 -> 0110 -> 0011 -> 0001
%%       43960.0 ns  Alert  ERROR               TB seq.(uvvm)       assert_shift_one_from_left() => Failed (pipeline num:4). tracked_value '1010' was not X1XX at the 2-cycle. 
%%       43970.0 ns  Alert  ERROR               TB seq.(uvvm)       assert_shift_one_from_left() => Failed (pipeline num:1). tracked_value '1011' was not X1XX at the 2-cycle. 
%%       44040.0 ns  Log    ID_SEQUENCER        TB seq.             Testing the sequence: 1000 -> 1100 -> 1010 -> 1011 -> 0111 -> 0011 -> 0001
%%       44060.0 ns  Alert  ERROR               TB seq.(uvvm)       assert_shift_one_from_left() => Failed (pipeline num:4). tracked_value '1010' was not X1XX at the 2-cycle. 
%%       44070.0 ns  Alert  ERROR               TB seq.(uvvm)       assert_shift_one_from_left() => Failed (pipeline num:1). tracked_value '1011' was not X1XX at the 2-cycle. 
%%       44140.0 ns  Log    ID_SEQUENCER        TB seq.             Testing the sequence: 1000 -> 1100 -> 1010 -> 1100 -> 0110 -> 0011 -> 0001
%%       44160.0 ns  Alert  ERROR               TB seq.(uvvm)       assert_shift_one_from_left() => Failed (pipeline num:4). tracked_value '1010' was not X1XX at the 2-cycle. 
%%       44170.0 ns  Alert  ERROR               TB seq.(uvvm)       assert_shift_one_from_left() => Failed (pipeline num:3). tracked_value '1100' was not XXX1 at the 4-cycle. 
%%       44240.0 ns  Log    ID_SEQUENCER        TB seq.             Testing the sequence: 1000 -> 1100 -> 1010 -> 1100 -> 0111 -> 0011 -> 0001
%%       44260.0 ns  Alert  ERROR               TB seq.(uvvm)       assert_shift_one_from_left() => Failed (pipeline num:4). tracked_value '1010' was not X1XX at the 2-cycle. 
%%       44270.0 ns  Alert  ERROR               TB seq.(uvvm)       assert_shift_one_from_left() => Failed (pipeline num:3). tracked_value '1100' was not XXX1 at the 4-cycle. 
%%       44340.0 ns  Log    ID_SEQUENCER        TB seq.             Testing the sequence: 1000 -> 1100 -> 1010 -> 1101 -> 0110 -> 0011 -> 0001
%%       44360.0 ns  Alert  ERROR               TB seq.(uvvm)       assert_shift_one_from_left() => Failed (pipeline num:4). tracked_value '1010' was not X1XX at the 2-cycle. 
%%       44440.0 ns  Log    ID_SEQUENCER        TB seq.             Testing the sequence: 1000 -> 1100 -> 1010 -> 1101 -> 0111 -> 0011 -> 0001
%%       44460.0 ns  Alert  ERROR               TB seq.(uvvm)       assert_shift_one_from_left() => Failed (pipeline num:4). tracked_value '1010' was not X1XX at the 2-cycle. 
%%       44540.0 ns  Log    ID_SEQUENCER        TB seq.             Testing the sequence: 1000 -> 1100 -> 1010 -> 1110 -> 0110 -> 0011 -> 0001
%%       44560.0 ns  Alert  ERROR               TB seq.(uvvm)       assert_shift_one_from_left() => Failed (pipeline num:4). tracked_value '1010' was not X1XX at the 2-cycle. 
%%       44570.0 ns  Alert  ERROR               TB seq.(uvvm)       assert_shift_one_from_left() => Failed (pipeline num:3). tracked_value '1110' was not XXX1 at the 4-cycle. 
%%       44640.0 ns  Log    ID_SEQUENCER        TB seq.             Testing the sequence: 1000 -> 1100 -> 1010 -> 1110 -> 0111 -> 0011 -> 0001
%%       44660.0 ns  Alert  ERROR               TB seq.(uvvm)       assert_shift_one_from_left() => Failed (pipeline num:4). tracked_value '1010' was not X1XX at the 2-cycle. 
%%       44670.0 ns  Alert  ERROR               TB seq.(uvvm)       assert_shift_one_from_left() => Failed (pipeline num:3). tracked_value '1110' was not XXX1 at the 4-cycle. 
%%       44740.0 ns  Log    ID_SEQUENCER        TB seq.             Testing the sequence: 1000 -> 1100 -> 1010 -> 1111 -> 0110 -> 0011 -> 0001
%%       44760.0 ns  Alert  ERROR               TB seq.(uvvm)       assert_shift_one_from_left() => Failed (pipeline num:4). tracked_value '1010' was not X1XX at the 2-cycle. 
%%       44840.0 ns  Log    ID_SEQUENCER        TB seq.             Testing the sequence: 1000 -> 1100 -> 1010 -> 1111 -> 0111 -> 0011 -> 0001
%%       44860.0 ns  Alert  ERROR               TB seq.(uvvm)       assert_shift_one_from_left() => Failed (pipeline num:4). tracked_value '1010' was not X1XX at the 2-cycle. 
%%       44940.0 ns  Log    ID_SEQUENCER        TB seq.             Testing the sequence: 1000 -> 1100 -> 1011 -> 0000 -> 0110 -> 0011 -> 0001
%%       44960.0 ns  Alert  ERROR               TB seq.(uvvm)       assert_shift_one_from_left() => Failed (pipeline num:4). tracked_value '1011' was not X1XX at the 2-cycle. 
%%       44970.0 ns  Alert  ERROR               TB seq.(uvvm)       assert_shift_one_from_left() => Failed (pipeline num:1). tracked_value '0000' was not X1XX at the 2-cycle. 
%%       44970.0 ns  Alert  ERROR               TB seq.(uvvm)       assert_shift_one_from_left() => Failed (pipeline num:3). tracked_value '0000' was not XXX1 at the 4-cycle. 
%%       45040.0 ns  Log    ID_SEQUENCER        TB seq.             Testing the sequence: 1000 -> 1100 -> 1011 -> 0000 -> 0111 -> 0011 -> 0001
%%       45060.0 ns  Alert  ERROR               TB seq.(uvvm)       assert_shift_one_from_left() => Failed (pipeline num:3). tracked_value '1011' was not X1XX at the 2-cycle. 
%%       45070.0 ns  Alert  ERROR               TB seq.(uvvm)       assert_shift_one_from_left() => Failed (pipeline num:2). tracked_value '0000' was not XXX1 at the 4-cycle. 
%%       45070.0 ns  Alert  ERROR               TB seq.(uvvm)       assert_shift_one_from_left() => Failed (pipeline num:4). tracked_value '0000' was not X1XX at the 2-cycle. 
%%       45140.0 ns  Log    ID_SEQUENCER        TB seq.             Testing the sequence: 1000 -> 1100 -> 1011 -> 0001 -> 0110 -> 0011 -> 0001
%%       45160.0 ns  Alert  ERROR               TB seq.(uvvm)       assert_shift_one_from_left() => Failed (pipeline num:2). tracked_value '1011' was not X1XX at the 2-cycle. 
%%       45170.0 ns  Alert  ERROR               TB seq.(uvvm)       assert_shift_one_from_left() => Failed (pipeline num:3). tracked_value '0001' was not X1XX at the 2-cycle. 
%%       45240.0 ns  Log    ID_SEQUENCER        TB seq.             Testing the sequence: 1000 -> 1100 -> 1011 -> 0001 -> 0111 -> 0011 -> 0001
%%       45260.0 ns  Alert  ERROR               TB seq.(uvvm)       assert_shift_one_from_left() => Failed (pipeline num:1). tracked_value '1011' was not X1XX at the 2-cycle. 
%%       45270.0 ns  Alert  ERROR               TB seq.(uvvm)       assert_shift_one_from_left() => Failed (pipeline num:2). tracked_value '0001' was not X1XX at the 2-cycle. 
%%       45340.0 ns  Log    ID_SEQUENCER        TB seq.             Testing the sequence: 1000 -> 1100 -> 1011 -> 0010 -> 0110 -> 0011 -> 0001
%%       45360.0 ns  Alert  ERROR               TB seq.(uvvm)       assert_shift_one_from_left() => Failed (pipeline num:4). tracked_value '1011' was not X1XX at the 2-cycle. 
%%       45370.0 ns  Alert  ERROR               TB seq.(uvvm)       assert_shift_one_from_left() => Failed (pipeline num:1). tracked_value '0010' was not X1XX at the 2-cycle. 
%%       45370.0 ns  Alert  ERROR               TB seq.(uvvm)       assert_shift_one_from_left() => Failed (pipeline num:3). tracked_value '0010' was not XXX1 at the 4-cycle. 
%%       45440.0 ns  Log    ID_SEQUENCER        TB seq.             Testing the sequence: 1000 -> 1100 -> 1011 -> 0010 -> 0111 -> 0011 -> 0001
%%       45460.0 ns  Alert  ERROR               TB seq.(uvvm)       assert_shift_one_from_left() => Failed (pipeline num:3). tracked_value '1011' was not X1XX at the 2-cycle. 
%%       45470.0 ns  Alert  ERROR               TB seq.(uvvm)       assert_shift_one_from_left() => Failed (pipeline num:2). tracked_value '0010' was not XXX1 at the 4-cycle. 
%%       45470.0 ns  Alert  ERROR               TB seq.(uvvm)       assert_shift_one_from_left() => Failed (pipeline num:4). tracked_value '0010' was not X1XX at the 2-cycle. 
%%       45540.0 ns  Log    ID_SEQUENCER        TB seq.             Testing the sequence: 1000 -> 1100 -> 1011 -> 0011 -> 0110 -> 0011 -> 0001
%%       45560.0 ns  Alert  ERROR               TB seq.(uvvm)       assert_shift_one_from_left() => Failed (pipeline num:2). tracked_value '1011' was not X1XX at the 2-cycle. 
%%       45570.0 ns  Alert  ERROR               TB seq.(uvvm)       assert_shift_one_from_left() => Failed (pipeline num:3). tracked_value '0011' was not X1XX at the 2-cycle. 
%%       45640.0 ns  Log    ID_SEQUENCER        TB seq.             Testing the sequence: 1000 -> 1100 -> 1011 -> 0011 -> 0111 -> 0011 -> 0001
%%       45660.0 ns  Alert  ERROR               TB seq.(uvvm)       assert_shift_one_from_left() => Failed (pipeline num:1). tracked_value '1011' was not X1XX at the 2-cycle. 
%%       45670.0 ns  Alert  ERROR               TB seq.(uvvm)       assert_shift_one_from_left() => Failed (pipeline num:2). tracked_value '0011' was not X1XX at the 2-cycle. 
%%       45740.0 ns  Log    ID_SEQUENCER        TB seq.             Testing the sequence: 1000 -> 1100 -> 1011 -> 0100 -> 0110 -> 0011 -> 0001
%%       45760.0 ns  Alert  ERROR               TB seq.(uvvm)       assert_shift_one_from_left() => Failed (pipeline num:4). tracked_value '1011' was not X1XX at the 2-cycle. 
%%       45770.0 ns  Alert  ERROR               TB seq.(uvvm)       assert_shift_one_from_left() => Failed (pipeline num:3). tracked_value '0100' was not XXX1 at the 4-cycle. 
%%       45840.0 ns  Log    ID_SEQUENCER        TB seq.             Testing the sequence: 1000 -> 1100 -> 1011 -> 0100 -> 0111 -> 0011 -> 0001
%%       45860.0 ns  Alert  ERROR               TB seq.(uvvm)       assert_shift_one_from_left() => Failed (pipeline num:3). tracked_value '1011' was not X1XX at the 2-cycle. 
%%       45870.0 ns  Alert  ERROR               TB seq.(uvvm)       assert_shift_one_from_left() => Failed (pipeline num:2). tracked_value '0100' was not XXX1 at the 4-cycle. 
%%       45940.0 ns  Log    ID_SEQUENCER        TB seq.             Testing the sequence: 1000 -> 1100 -> 1011 -> 0101 -> 0110 -> 0011 -> 0001
%%       45960.0 ns  Alert  ERROR               TB seq.(uvvm)       assert_shift_one_from_left() => Failed (pipeline num:2). tracked_value '1011' was not X1XX at the 2-cycle. 
%%       46040.0 ns  Log    ID_SEQUENCER        TB seq.             Testing the sequence: 1000 -> 1100 -> 1011 -> 0101 -> 0111 -> 0011 -> 0001
%%       46060.0 ns  Alert  ERROR               TB seq.(uvvm)       assert_shift_one_from_left() => Failed (pipeline num:1). tracked_value '1011' was not X1XX at the 2-cycle. 
%%       46140.0 ns  Log    ID_SEQUENCER        TB seq.             Testing the sequence: 1000 -> 1100 -> 1011 -> 0110 -> 0110 -> 0011 -> 0001
%%       46160.0 ns  Alert  ERROR               TB seq.(uvvm)       assert_shift_one_from_left() => Failed (pipeline num:4). tracked_value '1011' was not X1XX at the 2-cycle. 
%%       46170.0 ns  Alert  ERROR               TB seq.(uvvm)       assert_shift_one_from_left() => Failed (pipeline num:3). tracked_value '0110' was not XXX1 at the 4-cycle. 
%%       46240.0 ns  Log    ID_SEQUENCER        TB seq.             Testing the sequence: 1000 -> 1100 -> 1011 -> 0110 -> 0111 -> 0011 -> 0001
%%       46260.0 ns  Alert  ERROR               TB seq.(uvvm)       assert_shift_one_from_left() => Failed (pipeline num:3). tracked_value '1011' was not X1XX at the 2-cycle. 
%%       46270.0 ns  Alert  ERROR               TB seq.(uvvm)       assert_shift_one_from_left() => Failed (pipeline num:2). tracked_value '0110' was not XXX1 at the 4-cycle. 
%%       46340.0 ns  Log    ID_SEQUENCER        TB seq.             Testing the sequence: 1000 -> 1100 -> 1011 -> 0111 -> 0110 -> 0011 -> 0001
%%       46360.0 ns  Alert  ERROR               TB seq.(uvvm)       assert_shift_one_from_left() => Failed (pipeline num:2). tracked_value '1011' was not X1XX at the 2-cycle. 
%%       46440.0 ns  Log    ID_SEQUENCER        TB seq.             Testing the sequence: 1000 -> 1100 -> 1011 -> 0111 -> 0111 -> 0011 -> 0001
%%       46460.0 ns  Alert  ERROR               TB seq.(uvvm)       assert_shift_one_from_left() => Failed (pipeline num:1). tracked_value '1011' was not X1XX at the 2-cycle. 
%%       46540.0 ns  Log    ID_SEQUENCER        TB seq.             Testing the sequence: 1000 -> 1100 -> 1011 -> 1000 -> 0110 -> 0011 -> 0001
%%       46560.0 ns  Alert  ERROR               TB seq.(uvvm)       assert_shift_one_from_left() => Failed (pipeline num:4). tracked_value '1011' was not X1XX at the 2-cycle. 
%%       46570.0 ns  Alert  ERROR               TB seq.(uvvm)       assert_shift_one_from_left() => Failed (pipeline num:1). tracked_value '1000' was not X1XX at the 2-cycle. 
%%       46570.0 ns  Alert  ERROR               TB seq.(uvvm)       assert_shift_one_from_left() => Failed (pipeline num:3). tracked_value '1000' was not XXX1 at the 4-cycle. 
%%       46640.0 ns  Log    ID_SEQUENCER        TB seq.             Testing the sequence: 1000 -> 1100 -> 1011 -> 1000 -> 0111 -> 0011 -> 0001
%%       46660.0 ns  Alert  ERROR               TB seq.(uvvm)       assert_shift_one_from_left() => Failed (pipeline num:4). tracked_value '1011' was not X1XX at the 2-cycle. 
%%       46670.0 ns  Alert  ERROR               TB seq.(uvvm)       assert_shift_one_from_left() => Failed (pipeline num:1). tracked_value '1000' was not X1XX at the 2-cycle. 
%%       46670.0 ns  Alert  ERROR               TB seq.(uvvm)       assert_shift_one_from_left() => Failed (pipeline num:3). tracked_value '1000' was not XXX1 at the 4-cycle. 
%%       46740.0 ns  Log    ID_SEQUENCER        TB seq.             Testing the sequence: 1000 -> 1100 -> 1011 -> 1001 -> 0110 -> 0011 -> 0001
%%       46760.0 ns  Alert  ERROR               TB seq.(uvvm)       assert_shift_one_from_left() => Failed (pipeline num:4). tracked_value '1011' was not X1XX at the 2-cycle. 
%%       46770.0 ns  Alert  ERROR               TB seq.(uvvm)       assert_shift_one_from_left() => Failed (pipeline num:1). tracked_value '1001' was not X1XX at the 2-cycle. 
%%       46840.0 ns  Log    ID_SEQUENCER        TB seq.             Testing the sequence: 1000 -> 1100 -> 1011 -> 1001 -> 0111 -> 0011 -> 0001
%%       46860.0 ns  Alert  ERROR               TB seq.(uvvm)       assert_shift_one_from_left() => Failed (pipeline num:4). tracked_value '1011' was not X1XX at the 2-cycle. 
%%       46870.0 ns  Alert  ERROR               TB seq.(uvvm)       assert_shift_one_from_left() => Failed (pipeline num:1). tracked_value '1001' was not X1XX at the 2-cycle. 
%%       46940.0 ns  Log    ID_SEQUENCER        TB seq.             Testing the sequence: 1000 -> 1100 -> 1011 -> 1010 -> 0110 -> 0011 -> 0001
%%       46960.0 ns  Alert  ERROR               TB seq.(uvvm)       assert_shift_one_from_left() => Failed (pipeline num:4). tracked_value '1011' was not X1XX at the 2-cycle. 
%%       46970.0 ns  Alert  ERROR               TB seq.(uvvm)       assert_shift_one_from_left() => Failed (pipeline num:1). tracked_value '1010' was not X1XX at the 2-cycle. 
%%       46970.0 ns  Alert  ERROR               TB seq.(uvvm)       assert_shift_one_from_left() => Failed (pipeline num:3). tracked_value '1010' was not XXX1 at the 4-cycle. 
%%       47040.0 ns  Log    ID_SEQUENCER        TB seq.             Testing the sequence: 1000 -> 1100 -> 1011 -> 1010 -> 0111 -> 0011 -> 0001
%%       47060.0 ns  Alert  ERROR               TB seq.(uvvm)       assert_shift_one_from_left() => Failed (pipeline num:4). tracked_value '1011' was not X1XX at the 2-cycle. 
%%       47070.0 ns  Alert  ERROR               TB seq.(uvvm)       assert_shift_one_from_left() => Failed (pipeline num:1). tracked_value '1010' was not X1XX at the 2-cycle. 
%%       47070.0 ns  Alert  ERROR               TB seq.(uvvm)       assert_shift_one_from_left() => Failed (pipeline num:3). tracked_value '1010' was not XXX1 at the 4-cycle. 
%%       47140.0 ns  Log    ID_SEQUENCER        TB seq.             Testing the sequence: 1000 -> 1100 -> 1011 -> 1011 -> 0110 -> 0011 -> 0001
%%       47160.0 ns  Alert  ERROR               TB seq.(uvvm)       assert_shift_one_from_left() => Failed (pipeline num:4). tracked_value '1011' was not X1XX at the 2-cycle. 
%%       47170.0 ns  Alert  ERROR               TB seq.(uvvm)       assert_shift_one_from_left() => Failed (pipeline num:1). tracked_value '1011' was not X1XX at the 2-cycle. 
%%       47240.0 ns  Log    ID_SEQUENCER        TB seq.             Testing the sequence: 1000 -> 1100 -> 1011 -> 1011 -> 0111 -> 0011 -> 0001
%%       47260.0 ns  Alert  ERROR               TB seq.(uvvm)       assert_shift_one_from_left() => Failed (pipeline num:4). tracked_value '1011' was not X1XX at the 2-cycle. 
%%       47270.0 ns  Alert  ERROR               TB seq.(uvvm)       assert_shift_one_from_left() => Failed (pipeline num:1). tracked_value '1011' was not X1XX at the 2-cycle. 
%%       47340.0 ns  Log    ID_SEQUENCER        TB seq.             Testing the sequence: 1000 -> 1100 -> 1011 -> 1100 -> 0110 -> 0011 -> 0001
%%       47360.0 ns  Alert  ERROR               TB seq.(uvvm)       assert_shift_one_from_left() => Failed (pipeline num:4). tracked_value '1011' was not X1XX at the 2-cycle. 
%%       47370.0 ns  Alert  ERROR               TB seq.(uvvm)       assert_shift_one_from_left() => Failed (pipeline num:3). tracked_value '1100' was not XXX1 at the 4-cycle. 
%%       47440.0 ns  Log    ID_SEQUENCER        TB seq.             Testing the sequence: 1000 -> 1100 -> 1011 -> 1100 -> 0111 -> 0011 -> 0001
%%       47460.0 ns  Alert  ERROR               TB seq.(uvvm)       assert_shift_one_from_left() => Failed (pipeline num:4). tracked_value '1011' was not X1XX at the 2-cycle. 
%%       47470.0 ns  Alert  ERROR               TB seq.(uvvm)       assert_shift_one_from_left() => Failed (pipeline num:3). tracked_value '1100' was not XXX1 at the 4-cycle. 
%%       47540.0 ns  Log    ID_SEQUENCER        TB seq.             Testing the sequence: 1000 -> 1100 -> 1011 -> 1101 -> 0110 -> 0011 -> 0001
%%       47560.0 ns  Alert  ERROR               TB seq.(uvvm)       assert_shift_one_from_left() => Failed (pipeline num:4). tracked_value '1011' was not X1XX at the 2-cycle. 
%%       47640.0 ns  Log    ID_SEQUENCER        TB seq.             Testing the sequence: 1000 -> 1100 -> 1011 -> 1101 -> 0111 -> 0011 -> 0001
%%       47660.0 ns  Alert  ERROR               TB seq.(uvvm)       assert_shift_one_from_left() => Failed (pipeline num:4). tracked_value '1011' was not X1XX at the 2-cycle. 
%%       47740.0 ns  Log    ID_SEQUENCER        TB seq.             Testing the sequence: 1000 -> 1100 -> 1011 -> 1110 -> 0110 -> 0011 -> 0001
%%       47760.0 ns  Alert  ERROR               TB seq.(uvvm)       assert_shift_one_from_left() => Failed (pipeline num:4). tracked_value '1011' was not X1XX at the 2-cycle. 
%%       47770.0 ns  Alert  ERROR               TB seq.(uvvm)       assert_shift_one_from_left() => Failed (pipeline num:3). tracked_value '1110' was not XXX1 at the 4-cycle. 
%%       47840.0 ns  Log    ID_SEQUENCER        TB seq.             Testing the sequence: 1000 -> 1100 -> 1011 -> 1110 -> 0111 -> 0011 -> 0001
%%       47860.0 ns  Alert  ERROR               TB seq.(uvvm)       assert_shift_one_from_left() => Failed (pipeline num:4). tracked_value '1011' was not X1XX at the 2-cycle. 
%%       47870.0 ns  Alert  ERROR               TB seq.(uvvm)       assert_shift_one_from_left() => Failed (pipeline num:3). tracked_value '1110' was not XXX1 at the 4-cycle. 
%%       47940.0 ns  Log    ID_SEQUENCER        TB seq.             Testing the sequence: 1000 -> 1100 -> 1011 -> 1111 -> 0110 -> 0011 -> 0001
%%       47960.0 ns  Alert  ERROR               TB seq.(uvvm)       assert_shift_one_from_left() => Failed (pipeline num:4). tracked_value '1011' was not X1XX at the 2-cycle. 
%%       48040.0 ns  Log    ID_SEQUENCER        TB seq.             Testing the sequence: 1000 -> 1100 -> 1011 -> 1111 -> 0111 -> 0011 -> 0001
%%       48060.0 ns  Alert  ERROR               TB seq.(uvvm)       assert_shift_one_from_left() => Failed (pipeline num:4). tracked_value '1011' was not X1XX at the 2-cycle. 
%%       48140.0 ns  Log    ID_SEQUENCER        TB seq.             Testing the sequence: 1000 -> 1100 -> 1100 -> 0000 -> 0110 -> 0011 -> 0001
%%       48160.0 ns  Alert  ERROR               TB seq.(uvvm)       assert_shift_one_from_left() => Failed (pipeline num:3). tracked_value '1100' was not XX1X at the 3-cycle. 
%%       48170.0 ns  Alert  ERROR               TB seq.(uvvm)       assert_shift_one_from_left() => Failed (pipeline num:1). tracked_value '0000' was not X1XX at the 2-cycle. 
%%       48170.0 ns  Alert  ERROR               TB seq.(uvvm)       assert_shift_one_from_left() => Failed (pipeline num:4). tracked_value '0000' was not XX1X at the 3-cycle. 
%%       48240.0 ns  Log    ID_SEQUENCER        TB seq.             Testing the sequence: 1000 -> 1100 -> 1100 -> 0000 -> 0111 -> 0011 -> 0001
%%       48260.0 ns  Alert  ERROR               TB seq.(uvvm)       assert_shift_one_from_left() => Failed (pipeline num:2). tracked_value '1100' was not XX1X at the 3-cycle. 
%%       48270.0 ns  Alert  ERROR               TB seq.(uvvm)       assert_shift_one_from_left() => Failed (pipeline num:3). tracked_value '0000' was not XX1X at the 3-cycle. 
%%       48270.0 ns  Alert  ERROR               TB seq.(uvvm)       assert_shift_one_from_left() => Failed (pipeline num:4). tracked_value '0000' was not X1XX at the 2-cycle. 
%%       48340.0 ns  Log    ID_SEQUENCER        TB seq.             Testing the sequence: 1000 -> 1100 -> 1100 -> 0001 -> 0110 -> 0011 -> 0001
%%       48360.0 ns  Alert  ERROR               TB seq.(uvvm)       assert_shift_one_from_left() => Failed (pipeline num:1). tracked_value '1100' was not XX1X at the 3-cycle. 
%%       48370.0 ns  Alert  ERROR               TB seq.(uvvm)       assert_shift_one_from_left() => Failed (pipeline num:2). tracked_value '0001' was not XX1X at the 3-cycle. 
%%       48370.0 ns  Alert  ERROR               TB seq.(uvvm)       assert_shift_one_from_left() => Failed (pipeline num:3). tracked_value '0001' was not X1XX at the 2-cycle. 
%%       48440.0 ns  Log    ID_SEQUENCER        TB seq.             Testing the sequence: 1000 -> 1100 -> 1100 -> 0001 -> 0111 -> 0011 -> 0001
%%       48460.0 ns  Alert  ERROR               TB seq.(uvvm)       assert_shift_one_from_left() => Failed (pipeline num:4). tracked_value '1100' was not XX1X at the 3-cycle. 
%%       48470.0 ns  Alert  ERROR               TB seq.(uvvm)       assert_shift_one_from_left() => Failed (pipeline num:1). tracked_value '0001' was not XX1X at the 3-cycle. 
%%       48470.0 ns  Alert  ERROR               TB seq.(uvvm)       assert_shift_one_from_left() => Failed (pipeline num:2). tracked_value '0001' was not X1XX at the 2-cycle. 
%%       48540.0 ns  Log    ID_SEQUENCER        TB seq.             Testing the sequence: 1000 -> 1100 -> 1100 -> 0010 -> 0110 -> 0011 -> 0001
%%       48560.0 ns  Alert  ERROR               TB seq.(uvvm)       assert_shift_one_from_left() => Failed (pipeline num:3). tracked_value '1100' was not XX1X at the 3-cycle. 
%%       48570.0 ns  Alert  ERROR               TB seq.(uvvm)       assert_shift_one_from_left() => Failed (pipeline num:1). tracked_value '0010' was not X1XX at the 2-cycle. 
%%       48580.0 ns  Alert  ERROR               TB seq.(uvvm)       assert_shift_one_from_left() => Failed (pipeline num:4). tracked_value '0110' was not XXX1 at the 4-cycle. 
%%       48640.0 ns  Log    ID_SEQUENCER        TB seq.             Testing the sequence: 1000 -> 1100 -> 1100 -> 0010 -> 0111 -> 0011 -> 0001
%%       48660.0 ns  Alert  ERROR               TB seq.(uvvm)       assert_shift_one_from_left() => Failed (pipeline num:2). tracked_value '1100' was not XX1X at the 3-cycle. 
%%       48670.0 ns  Alert  ERROR               TB seq.(uvvm)       assert_shift_one_from_left() => Failed (pipeline num:4). tracked_value '0010' was not X1XX at the 2-cycle. 
%%       48740.0 ns  Log    ID_SEQUENCER        TB seq.             Testing the sequence: 1000 -> 1100 -> 1100 -> 0011 -> 0110 -> 0011 -> 0001
%%       48760.0 ns  Alert  ERROR               TB seq.(uvvm)       assert_shift_one_from_left() => Failed (pipeline num:1). tracked_value '1100' was not XX1X at the 3-cycle. 
%%       48770.0 ns  Alert  ERROR               TB seq.(uvvm)       assert_shift_one_from_left() => Failed (pipeline num:3). tracked_value '0011' was not X1XX at the 2-cycle. 
%%       48780.0 ns  Alert  ERROR               TB seq.(uvvm)       assert_shift_one_from_left() => Failed (pipeline num:2). tracked_value '0110' was not XXX1 at the 4-cycle. 
%%       48840.0 ns  Log    ID_SEQUENCER        TB seq.             Testing the sequence: 1000 -> 1100 -> 1100 -> 0011 -> 0111 -> 0011 -> 0001
%%       48860.0 ns  Alert  ERROR               TB seq.(uvvm)       assert_shift_one_from_left() => Failed (pipeline num:4). tracked_value '1100' was not XX1X at the 3-cycle. 
%%       48870.0 ns  Alert  ERROR               TB seq.(uvvm)       assert_shift_one_from_left() => Failed (pipeline num:2). tracked_value '0011' was not X1XX at the 2-cycle. 
%%       48940.0 ns  Log    ID_SEQUENCER        TB seq.             Testing the sequence: 1000 -> 1100 -> 1100 -> 0100 -> 0110 -> 0011 -> 0001
%%       48960.0 ns  Alert  ERROR               TB seq.(uvvm)       assert_shift_one_from_left() => Failed (pipeline num:3). tracked_value '1100' was not XX1X at the 3-cycle. 
%%       48970.0 ns  Alert  ERROR               TB seq.(uvvm)       assert_shift_one_from_left() => Failed (pipeline num:4). tracked_value '0100' was not XX1X at the 3-cycle. 
%%       49040.0 ns  Log    ID_SEQUENCER        TB seq.             Testing the sequence: 1000 -> 1100 -> 1100 -> 0100 -> 0111 -> 0011 -> 0001
%%       49060.0 ns  Alert  ERROR               TB seq.(uvvm)       assert_shift_one_from_left() => Failed (pipeline num:2). tracked_value '1100' was not XX1X at the 3-cycle. 
%%       49070.0 ns  Alert  ERROR               TB seq.(uvvm)       assert_shift_one_from_left() => Failed (pipeline num:3). tracked_value '0100' was not XX1X at the 3-cycle. 
%%       49140.0 ns  Log    ID_SEQUENCER        TB seq.             Testing the sequence: 1000 -> 1100 -> 1100 -> 0101 -> 0110 -> 0011 -> 0001
%%       49160.0 ns  Alert  ERROR               TB seq.(uvvm)       assert_shift_one_from_left() => Failed (pipeline num:1). tracked_value '1100' was not XX1X at the 3-cycle. 
%%       49170.0 ns  Alert  ERROR               TB seq.(uvvm)       assert_shift_one_from_left() => Failed (pipeline num:2). tracked_value '0101' was not XX1X at the 3-cycle. 
%%       49240.0 ns  Log    ID_SEQUENCER        TB seq.             Testing the sequence: 1000 -> 1100 -> 1100 -> 0101 -> 0111 -> 0011 -> 0001
%%       49260.0 ns  Alert  ERROR               TB seq.(uvvm)       assert_shift_one_from_left() => Failed (pipeline num:4). tracked_value '1100' was not XX1X at the 3-cycle. 
%%       49270.0 ns  Alert  ERROR               TB seq.(uvvm)       assert_shift_one_from_left() => Failed (pipeline num:1). tracked_value '0101' was not XX1X at the 3-cycle. 
%%       49340.0 ns  Log    ID_SEQUENCER        TB seq.             Testing the sequence: 1000 -> 1100 -> 1100 -> 0110 -> 0110 -> 0011 -> 0001
%%       49360.0 ns  Alert  ERROR               TB seq.(uvvm)       assert_shift_one_from_left() => Failed (pipeline num:3). tracked_value '1100' was not XX1X at the 3-cycle. 
%%       49380.0 ns  Alert  ERROR               TB seq.(uvvm)       assert_shift_one_from_left() => Failed (pipeline num:4). tracked_value '0110' was not XXX1 at the 4-cycle. 
%%       49440.0 ns  Log    ID_SEQUENCER        TB seq.             Testing the sequence: 1000 -> 1100 -> 1100 -> 0110 -> 0111 -> 0011 -> 0001
%%       49460.0 ns  Alert  ERROR               TB seq.(uvvm)       assert_shift_one_from_left() => Failed (pipeline num:2). tracked_value '1100' was not XX1X at the 3-cycle. 
%%       49540.0 ns  Log    ID_SEQUENCER        TB seq.             Testing the sequence: 1000 -> 1100 -> 1100 -> 0111 -> 0110 -> 0011 -> 0001
%%       49560.0 ns  Alert  ERROR               TB seq.(uvvm)       assert_shift_one_from_left() => Failed (pipeline num:1). tracked_value '1100' was not XX1X at the 3-cycle. 
%%       49580.0 ns  Alert  ERROR               TB seq.(uvvm)       assert_shift_one_from_left() => Failed (pipeline num:2). tracked_value '0110' was not XXX1 at the 4-cycle. 
%%       49640.0 ns  Log    ID_SEQUENCER        TB seq.             Testing the sequence: 1000 -> 1100 -> 1100 -> 0111 -> 0111 -> 0011 -> 0001
%%       49660.0 ns  Alert  ERROR               TB seq.(uvvm)       assert_shift_one_from_left() => Failed (pipeline num:4). tracked_value '1100' was not XX1X at the 3-cycle. 
%%       49740.0 ns  Log    ID_SEQUENCER        TB seq.             Testing the sequence: 1000 -> 1100 -> 1100 -> 1000 -> 0110 -> 0011 -> 0001
%%       49760.0 ns  Alert  ERROR               TB seq.(uvvm)       assert_shift_one_from_left() => Failed (pipeline num:3). tracked_value '1100' was not XX1X at the 3-cycle. 
%%       49770.0 ns  Alert  ERROR               TB seq.(uvvm)       assert_shift_one_from_left() => Failed (pipeline num:1). tracked_value '1000' was not X1XX at the 2-cycle. 
%%       49770.0 ns  Alert  ERROR               TB seq.(uvvm)       assert_shift_one_from_left() => Failed (pipeline num:4). tracked_value '1000' was not XX1X at the 3-cycle. 
%%       49840.0 ns  Log    ID_SEQUENCER        TB seq.             Testing the sequence: 1000 -> 1100 -> 1100 -> 1000 -> 0111 -> 0011 -> 0001
%%       49860.0 ns  Alert  ERROR               TB seq.(uvvm)       assert_shift_one_from_left() => Failed (pipeline num:3). tracked_value '1100' was not XX1X at the 3-cycle. 
%%       49870.0 ns  Alert  ERROR               TB seq.(uvvm)       assert_shift_one_from_left() => Failed (pipeline num:1). tracked_value '1000' was not X1XX at the 2-cycle. 
%%       49870.0 ns  Alert  ERROR               TB seq.(uvvm)       assert_shift_one_from_left() => Failed (pipeline num:4). tracked_value '1000' was not XX1X at the 3-cycle. 
%%       49940.0 ns  Log    ID_SEQUENCER        TB seq.             Testing the sequence: 1000 -> 1100 -> 1100 -> 1001 -> 0110 -> 0011 -> 0001
%%       49960.0 ns  Alert  ERROR               TB seq.(uvvm)       assert_shift_one_from_left() => Failed (pipeline num:3). tracked_value '1100' was not XX1X at the 3-cycle. 
%%       49970.0 ns  Alert  ERROR               TB seq.(uvvm)       assert_shift_one_from_left() => Failed (pipeline num:1). tracked_value '1001' was not X1XX at the 2-cycle. 
%%       49970.0 ns  Alert  ERROR               TB seq.(uvvm)       assert_shift_one_from_left() => Failed (pipeline num:4). tracked_value '1001' was not XX1X at the 3-cycle. 
%%       50040.0 ns  Log    ID_SEQUENCER        TB seq.             Testing the sequence: 1000 -> 1100 -> 1100 -> 1001 -> 0111 -> 0011 -> 0001
%%       50060.0 ns  Alert  ERROR               TB seq.(uvvm)       assert_shift_one_from_left() => Failed (pipeline num:3). tracked_value '1100' was not XX1X at the 3-cycle. 
%%       50070.0 ns  Alert  ERROR               TB seq.(uvvm)       assert_shift_one_from_left() => Failed (pipeline num:1). tracked_value '1001' was not X1XX at the 2-cycle. 
%%       50070.0 ns  Alert  ERROR               TB seq.(uvvm)       assert_shift_one_from_left() => Failed (pipeline num:4). tracked_value '1001' was not XX1X at the 3-cycle. 
%%       50140.0 ns  Log    ID_SEQUENCER        TB seq.             Testing the sequence: 1000 -> 1100 -> 1100 -> 1010 -> 0110 -> 0011 -> 0001
%%       50160.0 ns  Alert  ERROR               TB seq.(uvvm)       assert_shift_one_from_left() => Failed (pipeline num:3). tracked_value '1100' was not XX1X at the 3-cycle. 
%%       50170.0 ns  Alert  ERROR               TB seq.(uvvm)       assert_shift_one_from_left() => Failed (pipeline num:1). tracked_value '1010' was not X1XX at the 2-cycle. 
%%       50180.0 ns  Alert  ERROR               TB seq.(uvvm)       assert_shift_one_from_left() => Failed (pipeline num:4). tracked_value '0110' was not XXX1 at the 4-cycle. 
%%       50240.0 ns  Log    ID_SEQUENCER        TB seq.             Testing the sequence: 1000 -> 1100 -> 1100 -> 1010 -> 0111 -> 0011 -> 0001
%%       50260.0 ns  Alert  ERROR               TB seq.(uvvm)       assert_shift_one_from_left() => Failed (pipeline num:3). tracked_value '1100' was not XX1X at the 3-cycle. 
%%       50270.0 ns  Alert  ERROR               TB seq.(uvvm)       assert_shift_one_from_left() => Failed (pipeline num:1). tracked_value '1010' was not X1XX at the 2-cycle. 
%%       50340.0 ns  Log    ID_SEQUENCER        TB seq.             Testing the sequence: 1000 -> 1100 -> 1100 -> 1011 -> 0110 -> 0011 -> 0001
%%       50360.0 ns  Alert  ERROR               TB seq.(uvvm)       assert_shift_one_from_left() => Failed (pipeline num:3). tracked_value '1100' was not XX1X at the 3-cycle. 
%%       50370.0 ns  Alert  ERROR               TB seq.(uvvm)       assert_shift_one_from_left() => Failed (pipeline num:1). tracked_value '1011' was not X1XX at the 2-cycle. 
%%       50380.0 ns  Alert  ERROR               TB seq.(uvvm)       assert_shift_one_from_left() => Failed (pipeline num:4). tracked_value '0110' was not XXX1 at the 4-cycle. 
%%       50440.0 ns  Log    ID_SEQUENCER        TB seq.             Testing the sequence: 1000 -> 1100 -> 1100 -> 1011 -> 0111 -> 0011 -> 0001
%%       50460.0 ns  Alert  ERROR               TB seq.(uvvm)       assert_shift_one_from_left() => Failed (pipeline num:3). tracked_value '1100' was not XX1X at the 3-cycle. 
%%       50470.0 ns  Alert  ERROR               TB seq.(uvvm)       assert_shift_one_from_left() => Failed (pipeline num:1). tracked_value '1011' was not X1XX at the 2-cycle. 
%%       50540.0 ns  Log    ID_SEQUENCER        TB seq.             Testing the sequence: 1000 -> 1100 -> 1100 -> 1100 -> 0110 -> 0011 -> 0001
%%       50560.0 ns  Alert  ERROR               TB seq.(uvvm)       assert_shift_one_from_left() => Failed (pipeline num:3). tracked_value '1100' was not XX1X at the 3-cycle. 
%%       50570.0 ns  Alert  ERROR               TB seq.(uvvm)       assert_shift_one_from_left() => Failed (pipeline num:4). tracked_value '1100' was not XX1X at the 3-cycle. 
%%       50640.0 ns  Log    ID_SEQUENCER        TB seq.             Testing the sequence: 1000 -> 1100 -> 1100 -> 1100 -> 0111 -> 0011 -> 0001
%%       50660.0 ns  Alert  ERROR               TB seq.(uvvm)       assert_shift_one_from_left() => Failed (pipeline num:3). tracked_value '1100' was not XX1X at the 3-cycle. 
%%       50670.0 ns  Alert  ERROR               TB seq.(uvvm)       assert_shift_one_from_left() => Failed (pipeline num:4). tracked_value '1100' was not XX1X at the 3-cycle. 
%%       50740.0 ns  Log    ID_SEQUENCER        TB seq.             Testing the sequence: 1000 -> 1100 -> 1100 -> 1101 -> 0110 -> 0011 -> 0001
%%       50760.0 ns  Alert  ERROR               TB seq.(uvvm)       assert_shift_one_from_left() => Failed (pipeline num:3). tracked_value '1100' was not XX1X at the 3-cycle. 
%%       50770.0 ns  Alert  ERROR               TB seq.(uvvm)       assert_shift_one_from_left() => Failed (pipeline num:4). tracked_value '1101' was not XX1X at the 3-cycle. 
%%       50840.0 ns  Log    ID_SEQUENCER        TB seq.             Testing the sequence: 1000 -> 1100 -> 1100 -> 1101 -> 0111 -> 0011 -> 0001
%%       50860.0 ns  Alert  ERROR               TB seq.(uvvm)       assert_shift_one_from_left() => Failed (pipeline num:3). tracked_value '1100' was not XX1X at the 3-cycle. 
%%       50870.0 ns  Alert  ERROR               TB seq.(uvvm)       assert_shift_one_from_left() => Failed (pipeline num:4). tracked_value '1101' was not XX1X at the 3-cycle. 
%%       50940.0 ns  Log    ID_SEQUENCER        TB seq.             Testing the sequence: 1000 -> 1100 -> 1100 -> 1110 -> 0110 -> 0011 -> 0001
%%       50960.0 ns  Alert  ERROR               TB seq.(uvvm)       assert_shift_one_from_left() => Failed (pipeline num:3). tracked_value '1100' was not XX1X at the 3-cycle. 
%%       50980.0 ns  Alert  ERROR               TB seq.(uvvm)       assert_shift_one_from_left() => Failed (pipeline num:4). tracked_value '0110' was not XXX1 at the 4-cycle. 
%%       51040.0 ns  Log    ID_SEQUENCER        TB seq.             Testing the sequence: 1000 -> 1100 -> 1100 -> 1110 -> 0111 -> 0011 -> 0001
%%       51060.0 ns  Alert  ERROR               TB seq.(uvvm)       assert_shift_one_from_left() => Failed (pipeline num:3). tracked_value '1100' was not XX1X at the 3-cycle. 
%%       51140.0 ns  Log    ID_SEQUENCER        TB seq.             Testing the sequence: 1000 -> 1100 -> 1100 -> 1111 -> 0110 -> 0011 -> 0001
%%       51160.0 ns  Alert  ERROR               TB seq.(uvvm)       assert_shift_one_from_left() => Failed (pipeline num:3). tracked_value '1100' was not XX1X at the 3-cycle. 
%%       51180.0 ns  Alert  ERROR               TB seq.(uvvm)       assert_shift_one_from_left() => Failed (pipeline num:4). tracked_value '0110' was not XXX1 at the 4-cycle. 
%%       51240.0 ns  Log    ID_SEQUENCER        TB seq.             Testing the sequence: 1000 -> 1100 -> 1100 -> 1111 -> 0111 -> 0011 -> 0001
%%       51260.0 ns  Alert  ERROR               TB seq.(uvvm)       assert_shift_one_from_left() => Failed (pipeline num:3). tracked_value '1100' was not XX1X at the 3-cycle. 
%%       51340.0 ns  Log    ID_SEQUENCER        TB seq.             Testing the sequence: 1000 -> 1100 -> 1101 -> 0000 -> 0110 -> 0011 -> 0001
%%       51360.0 ns  Alert  ERROR               TB seq.(uvvm)       assert_shift_one_from_left() => Failed (pipeline num:3). tracked_value '1101' was not XX1X at the 3-cycle. 
%%       51370.0 ns  Alert  ERROR               TB seq.(uvvm)       assert_shift_one_from_left() => Failed (pipeline num:1). tracked_value '0000' was not X1XX at the 2-cycle. 
%%       51370.0 ns  Alert  ERROR               TB seq.(uvvm)       assert_shift_one_from_left() => Failed (pipeline num:4). tracked_value '0000' was not XX1X at the 3-cycle. 
%%       51440.0 ns  Log    ID_SEQUENCER        TB seq.             Testing the sequence: 1000 -> 1100 -> 1101 -> 0000 -> 0111 -> 0011 -> 0001
%%       51460.0 ns  Alert  ERROR               TB seq.(uvvm)       assert_shift_one_from_left() => Failed (pipeline num:2). tracked_value '1101' was not XX1X at the 3-cycle. 
%%       51470.0 ns  Alert  ERROR               TB seq.(uvvm)       assert_shift_one_from_left() => Failed (pipeline num:3). tracked_value '0000' was not XX1X at the 3-cycle. 
%%       51470.0 ns  Alert  ERROR               TB seq.(uvvm)       assert_shift_one_from_left() => Failed (pipeline num:4). tracked_value '0000' was not X1XX at the 2-cycle. 
%%       51540.0 ns  Log    ID_SEQUENCER        TB seq.             Testing the sequence: 1000 -> 1100 -> 1101 -> 0001 -> 0110 -> 0011 -> 0001
%%       51560.0 ns  Alert  ERROR               TB seq.(uvvm)       assert_shift_one_from_left() => Failed (pipeline num:1). tracked_value '1101' was not XX1X at the 3-cycle. 
%%       51570.0 ns  Alert  ERROR               TB seq.(uvvm)       assert_shift_one_from_left() => Failed (pipeline num:2). tracked_value '0001' was not XX1X at the 3-cycle. 
%%       51570.0 ns  Alert  ERROR               TB seq.(uvvm)       assert_shift_one_from_left() => Failed (pipeline num:3). tracked_value '0001' was not X1XX at the 2-cycle. 
%%       51640.0 ns  Log    ID_SEQUENCER        TB seq.             Testing the sequence: 1000 -> 1100 -> 1101 -> 0001 -> 0111 -> 0011 -> 0001
%%       51660.0 ns  Alert  ERROR               TB seq.(uvvm)       assert_shift_one_from_left() => Failed (pipeline num:4). tracked_value '1101' was not XX1X at the 3-cycle. 
%%       51670.0 ns  Alert  ERROR               TB seq.(uvvm)       assert_shift_one_from_left() => Failed (pipeline num:1). tracked_value '0001' was not XX1X at the 3-cycle. 
%%       51670.0 ns  Alert  ERROR               TB seq.(uvvm)       assert_shift_one_from_left() => Failed (pipeline num:2). tracked_value '0001' was not X1XX at the 2-cycle. 
%%       51740.0 ns  Log    ID_SEQUENCER        TB seq.             Testing the sequence: 1000 -> 1100 -> 1101 -> 0010 -> 0110 -> 0011 -> 0001
%%       51760.0 ns  Alert  ERROR               TB seq.(uvvm)       assert_shift_one_from_left() => Failed (pipeline num:3). tracked_value '1101' was not XX1X at the 3-cycle. 
%%       51770.0 ns  Alert  ERROR               TB seq.(uvvm)       assert_shift_one_from_left() => Failed (pipeline num:1). tracked_value '0010' was not X1XX at the 2-cycle. 
%%       51780.0 ns  Alert  ERROR               TB seq.(uvvm)       assert_shift_one_from_left() => Failed (pipeline num:4). tracked_value '0110' was not XXX1 at the 4-cycle. 
%%       51840.0 ns  Log    ID_SEQUENCER        TB seq.             Testing the sequence: 1000 -> 1100 -> 1101 -> 0010 -> 0111 -> 0011 -> 0001
%%       51860.0 ns  Alert  ERROR               TB seq.(uvvm)       assert_shift_one_from_left() => Failed (pipeline num:2). tracked_value '1101' was not XX1X at the 3-cycle. 
%%       51870.0 ns  Alert  ERROR               TB seq.(uvvm)       assert_shift_one_from_left() => Failed (pipeline num:4). tracked_value '0010' was not X1XX at the 2-cycle. 
%%       51940.0 ns  Log    ID_SEQUENCER        TB seq.             Testing the sequence: 1000 -> 1100 -> 1101 -> 0011 -> 0110 -> 0011 -> 0001
%%       51960.0 ns  Alert  ERROR               TB seq.(uvvm)       assert_shift_one_from_left() => Failed (pipeline num:1). tracked_value '1101' was not XX1X at the 3-cycle. 
%%       51970.0 ns  Alert  ERROR               TB seq.(uvvm)       assert_shift_one_from_left() => Failed (pipeline num:3). tracked_value '0011' was not X1XX at the 2-cycle. 
%%       51980.0 ns  Alert  ERROR               TB seq.(uvvm)       assert_shift_one_from_left() => Failed (pipeline num:2). tracked_value '0110' was not XXX1 at the 4-cycle. 
%%       52040.0 ns  Log    ID_SEQUENCER        TB seq.             Testing the sequence: 1000 -> 1100 -> 1101 -> 0011 -> 0111 -> 0011 -> 0001
%%       52060.0 ns  Alert  ERROR               TB seq.(uvvm)       assert_shift_one_from_left() => Failed (pipeline num:4). tracked_value '1101' was not XX1X at the 3-cycle. 
%%       52070.0 ns  Alert  ERROR               TB seq.(uvvm)       assert_shift_one_from_left() => Failed (pipeline num:2). tracked_value '0011' was not X1XX at the 2-cycle. 
%%       52140.0 ns  Log    ID_SEQUENCER        TB seq.             Testing the sequence: 1000 -> 1100 -> 1101 -> 0100 -> 0110 -> 0011 -> 0001
%%       52160.0 ns  Alert  ERROR               TB seq.(uvvm)       assert_shift_one_from_left() => Failed (pipeline num:3). tracked_value '1101' was not XX1X at the 3-cycle. 
%%       52170.0 ns  Alert  ERROR               TB seq.(uvvm)       assert_shift_one_from_left() => Failed (pipeline num:4). tracked_value '0100' was not XX1X at the 3-cycle. 
%%       52240.0 ns  Log    ID_SEQUENCER        TB seq.             Testing the sequence: 1000 -> 1100 -> 1101 -> 0100 -> 0111 -> 0011 -> 0001
%%       52260.0 ns  Alert  ERROR               TB seq.(uvvm)       assert_shift_one_from_left() => Failed (pipeline num:2). tracked_value '1101' was not XX1X at the 3-cycle. 
%%       52270.0 ns  Alert  ERROR               TB seq.(uvvm)       assert_shift_one_from_left() => Failed (pipeline num:3). tracked_value '0100' was not XX1X at the 3-cycle. 
%%       52340.0 ns  Log    ID_SEQUENCER        TB seq.             Testing the sequence: 1000 -> 1100 -> 1101 -> 0101 -> 0110 -> 0011 -> 0001
%%       52360.0 ns  Alert  ERROR               TB seq.(uvvm)       assert_shift_one_from_left() => Failed (pipeline num:1). tracked_value '1101' was not XX1X at the 3-cycle. 
%%       52370.0 ns  Alert  ERROR               TB seq.(uvvm)       assert_shift_one_from_left() => Failed (pipeline num:2). tracked_value '0101' was not XX1X at the 3-cycle. 
%%       52440.0 ns  Log    ID_SEQUENCER        TB seq.             Testing the sequence: 1000 -> 1100 -> 1101 -> 0101 -> 0111 -> 0011 -> 0001
%%       52460.0 ns  Alert  ERROR               TB seq.(uvvm)       assert_shift_one_from_left() => Failed (pipeline num:4). tracked_value '1101' was not XX1X at the 3-cycle. 
%%       52470.0 ns  Alert  ERROR               TB seq.(uvvm)       assert_shift_one_from_left() => Failed (pipeline num:1). tracked_value '0101' was not XX1X at the 3-cycle. 
%%       52540.0 ns  Log    ID_SEQUENCER        TB seq.             Testing the sequence: 1000 -> 1100 -> 1101 -> 0110 -> 0110 -> 0011 -> 0001
%%       52560.0 ns  Alert  ERROR               TB seq.(uvvm)       assert_shift_one_from_left() => Failed (pipeline num:3). tracked_value '1101' was not XX1X at the 3-cycle. 
%%       52580.0 ns  Alert  ERROR               TB seq.(uvvm)       assert_shift_one_from_left() => Failed (pipeline num:4). tracked_value '0110' was not XXX1 at the 4-cycle. 
%%       52640.0 ns  Log    ID_SEQUENCER        TB seq.             Testing the sequence: 1000 -> 1100 -> 1101 -> 0110 -> 0111 -> 0011 -> 0001
%%       52660.0 ns  Alert  ERROR               TB seq.(uvvm)       assert_shift_one_from_left() => Failed (pipeline num:2). tracked_value '1101' was not XX1X at the 3-cycle. 
%%       52740.0 ns  Log    ID_SEQUENCER        TB seq.             Testing the sequence: 1000 -> 1100 -> 1101 -> 0111 -> 0110 -> 0011 -> 0001
%%       52760.0 ns  Alert  ERROR               TB seq.(uvvm)       assert_shift_one_from_left() => Failed (pipeline num:1). tracked_value '1101' was not XX1X at the 3-cycle. 
%%       52780.0 ns  Alert  ERROR               TB seq.(uvvm)       assert_shift_one_from_left() => Failed (pipeline num:2). tracked_value '0110' was not XXX1 at the 4-cycle. 
%%       52840.0 ns  Log    ID_SEQUENCER        TB seq.             Testing the sequence: 1000 -> 1100 -> 1101 -> 0111 -> 0111 -> 0011 -> 0001
%%       52860.0 ns  Alert  ERROR               TB seq.(uvvm)       assert_shift_one_from_left() => Failed (pipeline num:4). tracked_value '1101' was not XX1X at the 3-cycle. 
%%       52940.0 ns  Log    ID_SEQUENCER        TB seq.             Testing the sequence: 1000 -> 1100 -> 1101 -> 1000 -> 0110 -> 0011 -> 0001
%%       52960.0 ns  Alert  ERROR               TB seq.(uvvm)       assert_shift_one_from_left() => Failed (pipeline num:3). tracked_value '1101' was not XX1X at the 3-cycle. 
%%       52970.0 ns  Alert  ERROR               TB seq.(uvvm)       assert_shift_one_from_left() => Failed (pipeline num:1). tracked_value '1000' was not X1XX at the 2-cycle. 
%%       52970.0 ns  Alert  ERROR               TB seq.(uvvm)       assert_shift_one_from_left() => Failed (pipeline num:4). tracked_value '1000' was not XX1X at the 3-cycle. 
%%       53040.0 ns  Log    ID_SEQUENCER        TB seq.             Testing the sequence: 1000 -> 1100 -> 1101 -> 1000 -> 0111 -> 0011 -> 0001
%%       53060.0 ns  Alert  ERROR               TB seq.(uvvm)       assert_shift_one_from_left() => Failed (pipeline num:3). tracked_value '1101' was not XX1X at the 3-cycle. 
%%       53070.0 ns  Alert  ERROR               TB seq.(uvvm)       assert_shift_one_from_left() => Failed (pipeline num:1). tracked_value '1000' was not X1XX at the 2-cycle. 
%%       53070.0 ns  Alert  ERROR               TB seq.(uvvm)       assert_shift_one_from_left() => Failed (pipeline num:4). tracked_value '1000' was not XX1X at the 3-cycle. 
%%       53140.0 ns  Log    ID_SEQUENCER        TB seq.             Testing the sequence: 1000 -> 1100 -> 1101 -> 1001 -> 0110 -> 0011 -> 0001
%%       53160.0 ns  Alert  ERROR               TB seq.(uvvm)       assert_shift_one_from_left() => Failed (pipeline num:3). tracked_value '1101' was not XX1X at the 3-cycle. 
%%       53170.0 ns  Alert  ERROR               TB seq.(uvvm)       assert_shift_one_from_left() => Failed (pipeline num:1). tracked_value '1001' was not X1XX at the 2-cycle. 
%%       53170.0 ns  Alert  ERROR               TB seq.(uvvm)       assert_shift_one_from_left() => Failed (pipeline num:4). tracked_value '1001' was not XX1X at the 3-cycle. 
%%       53240.0 ns  Log    ID_SEQUENCER        TB seq.             Testing the sequence: 1000 -> 1100 -> 1101 -> 1001 -> 0111 -> 0011 -> 0001
%%       53260.0 ns  Alert  ERROR               TB seq.(uvvm)       assert_shift_one_from_left() => Failed (pipeline num:3). tracked_value '1101' was not XX1X at the 3-cycle. 
%%       53270.0 ns  Alert  ERROR               TB seq.(uvvm)       assert_shift_one_from_left() => Failed (pipeline num:1). tracked_value '1001' was not X1XX at the 2-cycle. 
%%       53270.0 ns  Alert  ERROR               TB seq.(uvvm)       assert_shift_one_from_left() => Failed (pipeline num:4). tracked_value '1001' was not XX1X at the 3-cycle. 
%%       53340.0 ns  Log    ID_SEQUENCER        TB seq.             Testing the sequence: 1000 -> 1100 -> 1101 -> 1010 -> 0110 -> 0011 -> 0001
%%       53360.0 ns  Alert  ERROR               TB seq.(uvvm)       assert_shift_one_from_left() => Failed (pipeline num:3). tracked_value '1101' was not XX1X at the 3-cycle. 
%%       53370.0 ns  Alert  ERROR               TB seq.(uvvm)       assert_shift_one_from_left() => Failed (pipeline num:1). tracked_value '1010' was not X1XX at the 2-cycle. 
%%       53380.0 ns  Alert  ERROR               TB seq.(uvvm)       assert_shift_one_from_left() => Failed (pipeline num:4). tracked_value '0110' was not XXX1 at the 4-cycle. 
%%       53440.0 ns  Log    ID_SEQUENCER        TB seq.             Testing the sequence: 1000 -> 1100 -> 1101 -> 1010 -> 0111 -> 0011 -> 0001
%%       53460.0 ns  Alert  ERROR               TB seq.(uvvm)       assert_shift_one_from_left() => Failed (pipeline num:3). tracked_value '1101' was not XX1X at the 3-cycle. 
%%       53470.0 ns  Alert  ERROR               TB seq.(uvvm)       assert_shift_one_from_left() => Failed (pipeline num:1). tracked_value '1010' was not X1XX at the 2-cycle. 
%%       53540.0 ns  Log    ID_SEQUENCER        TB seq.             Testing the sequence: 1000 -> 1100 -> 1101 -> 1011 -> 0110 -> 0011 -> 0001
%%       53560.0 ns  Alert  ERROR               TB seq.(uvvm)       assert_shift_one_from_left() => Failed (pipeline num:3). tracked_value '1101' was not XX1X at the 3-cycle. 
%%       53570.0 ns  Alert  ERROR               TB seq.(uvvm)       assert_shift_one_from_left() => Failed (pipeline num:1). tracked_value '1011' was not X1XX at the 2-cycle. 
%%       53580.0 ns  Alert  ERROR               TB seq.(uvvm)       assert_shift_one_from_left() => Failed (pipeline num:4). tracked_value '0110' was not XXX1 at the 4-cycle. 
%%       53640.0 ns  Log    ID_SEQUENCER        TB seq.             Testing the sequence: 1000 -> 1100 -> 1101 -> 1011 -> 0111 -> 0011 -> 0001
%%       53660.0 ns  Alert  ERROR               TB seq.(uvvm)       assert_shift_one_from_left() => Failed (pipeline num:3). tracked_value '1101' was not XX1X at the 3-cycle. 
%%       53670.0 ns  Alert  ERROR               TB seq.(uvvm)       assert_shift_one_from_left() => Failed (pipeline num:1). tracked_value '1011' was not X1XX at the 2-cycle. 
%%       53740.0 ns  Log    ID_SEQUENCER        TB seq.             Testing the sequence: 1000 -> 1100 -> 1101 -> 1100 -> 0110 -> 0011 -> 0001
%%       53760.0 ns  Alert  ERROR               TB seq.(uvvm)       assert_shift_one_from_left() => Failed (pipeline num:3). tracked_value '1101' was not XX1X at the 3-cycle. 
%%       53770.0 ns  Alert  ERROR               TB seq.(uvvm)       assert_shift_one_from_left() => Failed (pipeline num:4). tracked_value '1100' was not XX1X at the 3-cycle. 
%%       53840.0 ns  Log    ID_SEQUENCER        TB seq.             Testing the sequence: 1000 -> 1100 -> 1101 -> 1100 -> 0111 -> 0011 -> 0001
%%       53860.0 ns  Alert  ERROR               TB seq.(uvvm)       assert_shift_one_from_left() => Failed (pipeline num:3). tracked_value '1101' was not XX1X at the 3-cycle. 
%%       53870.0 ns  Alert  ERROR               TB seq.(uvvm)       assert_shift_one_from_left() => Failed (pipeline num:4). tracked_value '1100' was not XX1X at the 3-cycle. 
%%       53940.0 ns  Log    ID_SEQUENCER        TB seq.             Testing the sequence: 1000 -> 1100 -> 1101 -> 1101 -> 0110 -> 0011 -> 0001
%%       53960.0 ns  Alert  ERROR               TB seq.(uvvm)       assert_shift_one_from_left() => Failed (pipeline num:3). tracked_value '1101' was not XX1X at the 3-cycle. 
%%       53970.0 ns  Alert  ERROR               TB seq.(uvvm)       assert_shift_one_from_left() => Failed (pipeline num:4). tracked_value '1101' was not XX1X at the 3-cycle. 
%%       54040.0 ns  Log    ID_SEQUENCER        TB seq.             Testing the sequence: 1000 -> 1100 -> 1101 -> 1101 -> 0111 -> 0011 -> 0001
%%       54060.0 ns  Alert  ERROR               TB seq.(uvvm)       assert_shift_one_from_left() => Failed (pipeline num:3). tracked_value '1101' was not XX1X at the 3-cycle. 
%%       54070.0 ns  Alert  ERROR               TB seq.(uvvm)       assert_shift_one_from_left() => Failed (pipeline num:4). tracked_value '1101' was not XX1X at the 3-cycle. 
%%       54140.0 ns  Log    ID_SEQUENCER        TB seq.             Testing the sequence: 1000 -> 1100 -> 1101 -> 1110 -> 0110 -> 0011 -> 0001
%%       54160.0 ns  Alert  ERROR               TB seq.(uvvm)       assert_shift_one_from_left() => Failed (pipeline num:3). tracked_value '1101' was not XX1X at the 3-cycle. 
%%       54180.0 ns  Alert  ERROR               TB seq.(uvvm)       assert_shift_one_from_left() => Failed (pipeline num:4). tracked_value '0110' was not XXX1 at the 4-cycle. 
%%       54240.0 ns  Log    ID_SEQUENCER        TB seq.             Testing the sequence: 1000 -> 1100 -> 1101 -> 1110 -> 0111 -> 0011 -> 0001
%%       54260.0 ns  Alert  ERROR               TB seq.(uvvm)       assert_shift_one_from_left() => Failed (pipeline num:3). tracked_value '1101' was not XX1X at the 3-cycle. 
%%       54340.0 ns  Log    ID_SEQUENCER        TB seq.             Testing the sequence: 1000 -> 1100 -> 1101 -> 1111 -> 0110 -> 0011 -> 0001
%%       54360.0 ns  Alert  ERROR               TB seq.(uvvm)       assert_shift_one_from_left() => Failed (pipeline num:3). tracked_value '1101' was not XX1X at the 3-cycle. 
%%       54380.0 ns  Alert  ERROR               TB seq.(uvvm)       assert_shift_one_from_left() => Failed (pipeline num:4). tracked_value '0110' was not XXX1 at the 4-cycle. 
%%       54440.0 ns  Log    ID_SEQUENCER        TB seq.             Testing the sequence: 1000 -> 1100 -> 1101 -> 1111 -> 0111 -> 0011 -> 0001
%%       54460.0 ns  Alert  ERROR               TB seq.(uvvm)       assert_shift_one_from_left() => Failed (pipeline num:3). tracked_value '1101' was not XX1X at the 3-cycle. 
%%       54540.0 ns  Log    ID_SEQUENCER        TB seq.             Testing the sequence: 1000 -> 1100 -> 1110 -> 0000 -> 0110 -> 0011 -> 0001
%%       54570.0 ns  Alert  ERROR               TB seq.(uvvm)       assert_shift_one_from_left() => Failed (pipeline num:1). tracked_value '0000' was not X1XX at the 2-cycle. 
%%       54570.0 ns  Alert  ERROR               TB seq.(uvvm)       assert_shift_one_from_left() => Failed (pipeline num:3). tracked_value '0000' was not XXX1 at the 4-cycle. 
%%       54570.0 ns  Alert  ERROR               TB seq.(uvvm)       assert_shift_one_from_left() => Failed (pipeline num:4). tracked_value '0000' was not XX1X at the 3-cycle. 
%%       54640.0 ns  Log    ID_SEQUENCER        TB seq.             Testing the sequence: 1000 -> 1100 -> 1110 -> 0000 -> 0111 -> 0011 -> 0001
%%       54670.0 ns  Alert  ERROR               TB seq.(uvvm)       assert_shift_one_from_left() => Failed (pipeline num:2). tracked_value '0000' was not XXX1 at the 4-cycle. 
%%       54670.0 ns  Alert  ERROR               TB seq.(uvvm)       assert_shift_one_from_left() => Failed (pipeline num:3). tracked_value '0000' was not XX1X at the 3-cycle. 
%%       54670.0 ns  Alert  ERROR               TB seq.(uvvm)       assert_shift_one_from_left() => Failed (pipeline num:4). tracked_value '0000' was not X1XX at the 2-cycle. 
%%       54740.0 ns  Log    ID_SEQUENCER        TB seq.             Testing the sequence: 1000 -> 1100 -> 1110 -> 0001 -> 0110 -> 0011 -> 0001
%%       54770.0 ns  Alert  ERROR               TB seq.(uvvm)       assert_shift_one_from_left() => Failed (pipeline num:2). tracked_value '0001' was not XX1X at the 3-cycle. 
%%       54770.0 ns  Alert  ERROR               TB seq.(uvvm)       assert_shift_one_from_left() => Failed (pipeline num:3). tracked_value '0001' was not X1XX at the 2-cycle. 
%%       54840.0 ns  Log    ID_SEQUENCER        TB seq.             Testing the sequence: 1000 -> 1100 -> 1110 -> 0001 -> 0111 -> 0011 -> 0001
%%       54870.0 ns  Alert  ERROR               TB seq.(uvvm)       assert_shift_one_from_left() => Failed (pipeline num:1). tracked_value '0001' was not XX1X at the 3-cycle. 
%%       54870.0 ns  Alert  ERROR               TB seq.(uvvm)       assert_shift_one_from_left() => Failed (pipeline num:2). tracked_value '0001' was not X1XX at the 2-cycle. 
%%       54940.0 ns  Log    ID_SEQUENCER        TB seq.             Testing the sequence: 1000 -> 1100 -> 1110 -> 0010 -> 0110 -> 0011 -> 0001
%%       54970.0 ns  Alert  ERROR               TB seq.(uvvm)       assert_shift_one_from_left() => Failed (pipeline num:1). tracked_value '0010' was not X1XX at the 2-cycle. 
%%       54970.0 ns  Alert  ERROR               TB seq.(uvvm)       assert_shift_one_from_left() => Failed (pipeline num:3). tracked_value '0010' was not XXX1 at the 4-cycle. 
%%       54980.0 ns  Alert  ERROR               TB seq.(uvvm)       assert_shift_one_from_left() => Failed (pipeline num:4). tracked_value '0110' was not XXX1 at the 4-cycle. 
%%       55040.0 ns  Log    ID_SEQUENCER        TB seq.             Testing the sequence: 1000 -> 1100 -> 1110 -> 0010 -> 0111 -> 0011 -> 0001
%%       55070.0 ns  Alert  ERROR               TB seq.(uvvm)       assert_shift_one_from_left() => Failed (pipeline num:2). tracked_value '0010' was not XXX1 at the 4-cycle. 
%%       55070.0 ns  Alert  ERROR               TB seq.(uvvm)       assert_shift_one_from_left() => Failed (pipeline num:4). tracked_value '0010' was not X1XX at the 2-cycle. 
%%       55140.0 ns  Log    ID_SEQUENCER        TB seq.             Testing the sequence: 1000 -> 1100 -> 1110 -> 0011 -> 0110 -> 0011 -> 0001
%%       55170.0 ns  Alert  ERROR               TB seq.(uvvm)       assert_shift_one_from_left() => Failed (pipeline num:3). tracked_value '0011' was not X1XX at the 2-cycle. 
%%       55180.0 ns  Alert  ERROR               TB seq.(uvvm)       assert_shift_one_from_left() => Failed (pipeline num:2). tracked_value '0110' was not XXX1 at the 4-cycle. 
%%       55240.0 ns  Log    ID_SEQUENCER        TB seq.             Testing the sequence: 1000 -> 1100 -> 1110 -> 0011 -> 0111 -> 0011 -> 0001
%%       55270.0 ns  Alert  ERROR               TB seq.(uvvm)       assert_shift_one_from_left() => Failed (pipeline num:2). tracked_value '0011' was not X1XX at the 2-cycle. 
%%       55340.0 ns  Log    ID_SEQUENCER        TB seq.             Testing the sequence: 1000 -> 1100 -> 1110 -> 0100 -> 0110 -> 0011 -> 0001
%%       55370.0 ns  Alert  ERROR               TB seq.(uvvm)       assert_shift_one_from_left() => Failed (pipeline num:3). tracked_value '0100' was not XXX1 at the 4-cycle. 
%%       55370.0 ns  Alert  ERROR               TB seq.(uvvm)       assert_shift_one_from_left() => Failed (pipeline num:4). tracked_value '0100' was not XX1X at the 3-cycle. 
%%       55440.0 ns  Log    ID_SEQUENCER        TB seq.             Testing the sequence: 1000 -> 1100 -> 1110 -> 0100 -> 0111 -> 0011 -> 0001
%%       55470.0 ns  Alert  ERROR               TB seq.(uvvm)       assert_shift_one_from_left() => Failed (pipeline num:2). tracked_value '0100' was not XXX1 at the 4-cycle. 
%%       55470.0 ns  Alert  ERROR               TB seq.(uvvm)       assert_shift_one_from_left() => Failed (pipeline num:3). tracked_value '0100' was not XX1X at the 3-cycle. 
%%       55540.0 ns  Log    ID_SEQUENCER        TB seq.             Testing the sequence: 1000 -> 1100 -> 1110 -> 0101 -> 0110 -> 0011 -> 0001
%%       55570.0 ns  Alert  ERROR               TB seq.(uvvm)       assert_shift_one_from_left() => Failed (pipeline num:2). tracked_value '0101' was not XX1X at the 3-cycle. 
%%       55640.0 ns  Log    ID_SEQUENCER        TB seq.             Testing the sequence: 1000 -> 1100 -> 1110 -> 0101 -> 0111 -> 0011 -> 0001
%%       55670.0 ns  Alert  ERROR               TB seq.(uvvm)       assert_shift_one_from_left() => Failed (pipeline num:1). tracked_value '0101' was not XX1X at the 3-cycle. 
%%       55740.0 ns  Log    ID_SEQUENCER        TB seq.             Testing the sequence: 1000 -> 1100 -> 1110 -> 0110 -> 0110 -> 0011 -> 0001
%%       55770.0 ns  Alert  ERROR               TB seq.(uvvm)       assert_shift_one_from_left() => Failed (pipeline num:3). tracked_value '0110' was not XXX1 at the 4-cycle. 
%%       55780.0 ns  Alert  ERROR               TB seq.(uvvm)       assert_shift_one_from_left() => Failed (pipeline num:4). tracked_value '0110' was not XXX1 at the 4-cycle. 
%%       55840.0 ns  Log    ID_SEQUENCER        TB seq.             Testing the sequence: 1000 -> 1100 -> 1110 -> 0110 -> 0111 -> 0011 -> 0001
%%       55870.0 ns  Alert  ERROR               TB seq.(uvvm)       assert_shift_one_from_left() => Failed (pipeline num:2). tracked_value '0110' was not XXX1 at the 4-cycle. 
%%       55940.0 ns  Log    ID_SEQUENCER        TB seq.             Testing the sequence: 1000 -> 1100 -> 1110 -> 0111 -> 0110 -> 0011 -> 0001
%%       55980.0 ns  Alert  ERROR               TB seq.(uvvm)       assert_shift_one_from_left() => Failed (pipeline num:2). tracked_value '0110' was not XXX1 at the 4-cycle. 
%%       56040.0 ns  Log    ID_SEQUENCER        TB seq.             Testing the sequence: 1000 -> 1100 -> 1110 -> 0111 -> 0111 -> 0011 -> 0001
%%       56140.0 ns  Log    ID_SEQUENCER        TB seq.             Testing the sequence: 1000 -> 1100 -> 1110 -> 1000 -> 0110 -> 0011 -> 0001
%%       56170.0 ns  Alert  ERROR               TB seq.(uvvm)       assert_shift_one_from_left() => Failed (pipeline num:1). tracked_value '1000' was not X1XX at the 2-cycle. 
%%       56170.0 ns  Alert  ERROR               TB seq.(uvvm)       assert_shift_one_from_left() => Failed (pipeline num:3). tracked_value '1000' was not XXX1 at the 4-cycle. 
%%       56170.0 ns  Alert  ERROR               TB seq.(uvvm)       assert_shift_one_from_left() => Failed (pipeline num:4). tracked_value '1000' was not XX1X at the 3-cycle. 
%%       56240.0 ns  Log    ID_SEQUENCER        TB seq.             Testing the sequence: 1000 -> 1100 -> 1110 -> 1000 -> 0111 -> 0011 -> 0001
%%       56270.0 ns  Alert  ERROR               TB seq.(uvvm)       assert_shift_one_from_left() => Failed (pipeline num:1). tracked_value '1000' was not X1XX at the 2-cycle. 
%%       56270.0 ns  Alert  ERROR               TB seq.(uvvm)       assert_shift_one_from_left() => Failed (pipeline num:3). tracked_value '1000' was not XXX1 at the 4-cycle. 
%%       56270.0 ns  Alert  ERROR               TB seq.(uvvm)       assert_shift_one_from_left() => Failed (pipeline num:4). tracked_value '1000' was not XX1X at the 3-cycle. 
%%       56340.0 ns  Log    ID_SEQUENCER        TB seq.             Testing the sequence: 1000 -> 1100 -> 1110 -> 1001 -> 0110 -> 0011 -> 0001
%%       56370.0 ns  Alert  ERROR               TB seq.(uvvm)       assert_shift_one_from_left() => Failed (pipeline num:1). tracked_value '1001' was not X1XX at the 2-cycle. 
%%       56370.0 ns  Alert  ERROR               TB seq.(uvvm)       assert_shift_one_from_left() => Failed (pipeline num:4). tracked_value '1001' was not XX1X at the 3-cycle. 
%%       56440.0 ns  Log    ID_SEQUENCER        TB seq.             Testing the sequence: 1000 -> 1100 -> 1110 -> 1001 -> 0111 -> 0011 -> 0001
%%       56470.0 ns  Alert  ERROR               TB seq.(uvvm)       assert_shift_one_from_left() => Failed (pipeline num:1). tracked_value '1001' was not X1XX at the 2-cycle. 
%%       56470.0 ns  Alert  ERROR               TB seq.(uvvm)       assert_shift_one_from_left() => Failed (pipeline num:4). tracked_value '1001' was not XX1X at the 3-cycle. 
%%       56540.0 ns  Log    ID_SEQUENCER        TB seq.             Testing the sequence: 1000 -> 1100 -> 1110 -> 1010 -> 0110 -> 0011 -> 0001
%%       56570.0 ns  Alert  ERROR               TB seq.(uvvm)       assert_shift_one_from_left() => Failed (pipeline num:1). tracked_value '1010' was not X1XX at the 2-cycle. 
%%       56570.0 ns  Alert  ERROR               TB seq.(uvvm)       assert_shift_one_from_left() => Failed (pipeline num:3). tracked_value '1010' was not XXX1 at the 4-cycle. 
%%       56580.0 ns  Alert  ERROR               TB seq.(uvvm)       assert_shift_one_from_left() => Failed (pipeline num:4). tracked_value '0110' was not XXX1 at the 4-cycle. 
%%       56640.0 ns  Log    ID_SEQUENCER        TB seq.             Testing the sequence: 1000 -> 1100 -> 1110 -> 1010 -> 0111 -> 0011 -> 0001
%%       56670.0 ns  Alert  ERROR               TB seq.(uvvm)       assert_shift_one_from_left() => Failed (pipeline num:1). tracked_value '1010' was not X1XX at the 2-cycle. 
%%       56670.0 ns  Alert  ERROR               TB seq.(uvvm)       assert_shift_one_from_left() => Failed (pipeline num:3). tracked_value '1010' was not XXX1 at the 4-cycle. 
%%       56740.0 ns  Log    ID_SEQUENCER        TB seq.             Testing the sequence: 1000 -> 1100 -> 1110 -> 1011 -> 0110 -> 0011 -> 0001
%%       56770.0 ns  Alert  ERROR               TB seq.(uvvm)       assert_shift_one_from_left() => Failed (pipeline num:1). tracked_value '1011' was not X1XX at the 2-cycle. 
%%       56780.0 ns  Alert  ERROR               TB seq.(uvvm)       assert_shift_one_from_left() => Failed (pipeline num:4). tracked_value '0110' was not XXX1 at the 4-cycle. 
%%       56840.0 ns  Log    ID_SEQUENCER        TB seq.             Testing the sequence: 1000 -> 1100 -> 1110 -> 1011 -> 0111 -> 0011 -> 0001
%%       56870.0 ns  Alert  ERROR               TB seq.(uvvm)       assert_shift_one_from_left() => Failed (pipeline num:1). tracked_value '1011' was not X1XX at the 2-cycle. 
%%       56940.0 ns  Log    ID_SEQUENCER        TB seq.             Testing the sequence: 1000 -> 1100 -> 1110 -> 1100 -> 0110 -> 0011 -> 0001
%%       56970.0 ns  Alert  ERROR               TB seq.(uvvm)       assert_shift_one_from_left() => Failed (pipeline num:3). tracked_value '1100' was not XXX1 at the 4-cycle. 
%%       56970.0 ns  Alert  ERROR               TB seq.(uvvm)       assert_shift_one_from_left() => Failed (pipeline num:4). tracked_value '1100' was not XX1X at the 3-cycle. 
%%       57040.0 ns  Log    ID_SEQUENCER        TB seq.             Testing the sequence: 1000 -> 1100 -> 1110 -> 1100 -> 0111 -> 0011 -> 0001
%%       57070.0 ns  Alert  ERROR               TB seq.(uvvm)       assert_shift_one_from_left() => Failed (pipeline num:3). tracked_value '1100' was not XXX1 at the 4-cycle. 
%%       57070.0 ns  Alert  ERROR               TB seq.(uvvm)       assert_shift_one_from_left() => Failed (pipeline num:4). tracked_value '1100' was not XX1X at the 3-cycle. 
%%       57140.0 ns  Log    ID_SEQUENCER        TB seq.             Testing the sequence: 1000 -> 1100 -> 1110 -> 1101 -> 0110 -> 0011 -> 0001
%%       57170.0 ns  Alert  ERROR               TB seq.(uvvm)       assert_shift_one_from_left() => Failed (pipeline num:4). tracked_value '1101' was not XX1X at the 3-cycle. 
%%       57240.0 ns  Log    ID_SEQUENCER        TB seq.             Testing the sequence: 1000 -> 1100 -> 1110 -> 1101 -> 0111 -> 0011 -> 0001
%%       57270.0 ns  Alert  ERROR               TB seq.(uvvm)       assert_shift_one_from_left() => Failed (pipeline num:4). tracked_value '1101' was not XX1X at the 3-cycle. 
%%       57340.0 ns  Log    ID_SEQUENCER        TB seq.             Testing the sequence: 1000 -> 1100 -> 1110 -> 1110 -> 0110 -> 0011 -> 0001
%%       57370.0 ns  Alert  ERROR               TB seq.(uvvm)       assert_shift_one_from_left() => Failed (pipeline num:3). tracked_value '1110' was not XXX1 at the 4-cycle. 
%%       57380.0 ns  Alert  ERROR               TB seq.(uvvm)       assert_shift_one_from_left() => Failed (pipeline num:4). tracked_value '0110' was not XXX1 at the 4-cycle. 
%%       57440.0 ns  Log    ID_SEQUENCER        TB seq.             Testing the sequence: 1000 -> 1100 -> 1110 -> 1110 -> 0111 -> 0011 -> 0001
%%       57470.0 ns  Alert  ERROR               TB seq.(uvvm)       assert_shift_one_from_left() => Failed (pipeline num:3). tracked_value '1110' was not XXX1 at the 4-cycle. 
%%       57540.0 ns  Log    ID_SEQUENCER        TB seq.             Testing the sequence: 1000 -> 1100 -> 1110 -> 1111 -> 0110 -> 0011 -> 0001
%%       57580.0 ns  Alert  ERROR               TB seq.(uvvm)       assert_shift_one_from_left() => Failed (pipeline num:4). tracked_value '0110' was not XXX1 at the 4-cycle. 
%%       57640.0 ns  Log    ID_SEQUENCER        TB seq.             Testing the sequence: 1000 -> 1100 -> 1110 -> 1111 -> 0111 -> 0011 -> 0001
%%       57740.0 ns  Log    ID_SEQUENCER        TB seq.             Testing the sequence: 1000 -> 1100 -> 1111 -> 0000 -> 0110 -> 0011 -> 0001
%%       57770.0 ns  Alert  ERROR               TB seq.(uvvm)       assert_shift_one_from_left() => Failed (pipeline num:1). tracked_value '0000' was not X1XX at the 2-cycle. 
%%       57770.0 ns  Alert  ERROR               TB seq.(uvvm)       assert_shift_one_from_left() => Failed (pipeline num:3). tracked_value '0000' was not XXX1 at the 4-cycle. 
%%       57770.0 ns  Alert  ERROR               TB seq.(uvvm)       assert_shift_one_from_left() => Failed (pipeline num:4). tracked_value '0000' was not XX1X at the 3-cycle. 
%%       57840.0 ns  Log    ID_SEQUENCER        TB seq.             Testing the sequence: 1000 -> 1100 -> 1111 -> 0000 -> 0111 -> 0011 -> 0001
%%       57870.0 ns  Alert  ERROR               TB seq.(uvvm)       assert_shift_one_from_left() => Failed (pipeline num:2). tracked_value '0000' was not XXX1 at the 4-cycle. 
%%       57870.0 ns  Alert  ERROR               TB seq.(uvvm)       assert_shift_one_from_left() => Failed (pipeline num:3). tracked_value '0000' was not XX1X at the 3-cycle. 
%%       57870.0 ns  Alert  ERROR               TB seq.(uvvm)       assert_shift_one_from_left() => Failed (pipeline num:4). tracked_value '0000' was not X1XX at the 2-cycle. 
%%       57940.0 ns  Log    ID_SEQUENCER        TB seq.             Testing the sequence: 1000 -> 1100 -> 1111 -> 0001 -> 0110 -> 0011 -> 0001
%%       57970.0 ns  Alert  ERROR               TB seq.(uvvm)       assert_shift_one_from_left() => Failed (pipeline num:2). tracked_value '0001' was not XX1X at the 3-cycle. 
%%       57970.0 ns  Alert  ERROR               TB seq.(uvvm)       assert_shift_one_from_left() => Failed (pipeline num:3). tracked_value '0001' was not X1XX at the 2-cycle. 
%%       58040.0 ns  Log    ID_SEQUENCER        TB seq.             Testing the sequence: 1000 -> 1100 -> 1111 -> 0001 -> 0111 -> 0011 -> 0001
%%       58070.0 ns  Alert  ERROR               TB seq.(uvvm)       assert_shift_one_from_left() => Failed (pipeline num:1). tracked_value '0001' was not XX1X at the 3-cycle. 
%%       58070.0 ns  Alert  ERROR               TB seq.(uvvm)       assert_shift_one_from_left() => Failed (pipeline num:2). tracked_value '0001' was not X1XX at the 2-cycle. 
%%       58140.0 ns  Log    ID_SEQUENCER        TB seq.             Testing the sequence: 1000 -> 1100 -> 1111 -> 0010 -> 0110 -> 0011 -> 0001
%%       58170.0 ns  Alert  ERROR               TB seq.(uvvm)       assert_shift_one_from_left() => Failed (pipeline num:1). tracked_value '0010' was not X1XX at the 2-cycle. 
%%       58170.0 ns  Alert  ERROR               TB seq.(uvvm)       assert_shift_one_from_left() => Failed (pipeline num:3). tracked_value '0010' was not XXX1 at the 4-cycle. 
%%       58180.0 ns  Alert  ERROR               TB seq.(uvvm)       assert_shift_one_from_left() => Failed (pipeline num:4). tracked_value '0110' was not XXX1 at the 4-cycle. 
%%       58240.0 ns  Log    ID_SEQUENCER        TB seq.             Testing the sequence: 1000 -> 1100 -> 1111 -> 0010 -> 0111 -> 0011 -> 0001
%%       58270.0 ns  Alert  ERROR               TB seq.(uvvm)       assert_shift_one_from_left() => Failed (pipeline num:2). tracked_value '0010' was not XXX1 at the 4-cycle. 
%%       58270.0 ns  Alert  ERROR               TB seq.(uvvm)       assert_shift_one_from_left() => Failed (pipeline num:4). tracked_value '0010' was not X1XX at the 2-cycle. 
%%       58340.0 ns  Log    ID_SEQUENCER        TB seq.             Testing the sequence: 1000 -> 1100 -> 1111 -> 0011 -> 0110 -> 0011 -> 0001
%%       58370.0 ns  Alert  ERROR               TB seq.(uvvm)       assert_shift_one_from_left() => Failed (pipeline num:3). tracked_value '0011' was not X1XX at the 2-cycle. 
%%       58380.0 ns  Alert  ERROR               TB seq.(uvvm)       assert_shift_one_from_left() => Failed (pipeline num:2). tracked_value '0110' was not XXX1 at the 4-cycle. 
%%       58440.0 ns  Log    ID_SEQUENCER        TB seq.             Testing the sequence: 1000 -> 1100 -> 1111 -> 0011 -> 0111 -> 0011 -> 0001
%%       58470.0 ns  Alert  ERROR               TB seq.(uvvm)       assert_shift_one_from_left() => Failed (pipeline num:2). tracked_value '0011' was not X1XX at the 2-cycle. 
%%       58540.0 ns  Log    ID_SEQUENCER        TB seq.             Testing the sequence: 1000 -> 1100 -> 1111 -> 0100 -> 0110 -> 0011 -> 0001
%%       58570.0 ns  Alert  ERROR               TB seq.(uvvm)       assert_shift_one_from_left() => Failed (pipeline num:3). tracked_value '0100' was not XXX1 at the 4-cycle. 
%%       58570.0 ns  Alert  ERROR               TB seq.(uvvm)       assert_shift_one_from_left() => Failed (pipeline num:4). tracked_value '0100' was not XX1X at the 3-cycle. 
%%       58640.0 ns  Log    ID_SEQUENCER        TB seq.             Testing the sequence: 1000 -> 1100 -> 1111 -> 0100 -> 0111 -> 0011 -> 0001
%%       58670.0 ns  Alert  ERROR               TB seq.(uvvm)       assert_shift_one_from_left() => Failed (pipeline num:2). tracked_value '0100' was not XXX1 at the 4-cycle. 
%%       58670.0 ns  Alert  ERROR               TB seq.(uvvm)       assert_shift_one_from_left() => Failed (pipeline num:3). tracked_value '0100' was not XX1X at the 3-cycle. 
%%       58740.0 ns  Log    ID_SEQUENCER        TB seq.             Testing the sequence: 1000 -> 1100 -> 1111 -> 0101 -> 0110 -> 0011 -> 0001
%%       58770.0 ns  Alert  ERROR               TB seq.(uvvm)       assert_shift_one_from_left() => Failed (pipeline num:2). tracked_value '0101' was not XX1X at the 3-cycle. 
%%       58840.0 ns  Log    ID_SEQUENCER        TB seq.             Testing the sequence: 1000 -> 1100 -> 1111 -> 0101 -> 0111 -> 0011 -> 0001
%%       58870.0 ns  Alert  ERROR               TB seq.(uvvm)       assert_shift_one_from_left() => Failed (pipeline num:1). tracked_value '0101' was not XX1X at the 3-cycle. 
%%       58940.0 ns  Log    ID_SEQUENCER        TB seq.             Testing the sequence: 1000 -> 1100 -> 1111 -> 0110 -> 0110 -> 0011 -> 0001
%%       58970.0 ns  Alert  ERROR               TB seq.(uvvm)       assert_shift_one_from_left() => Failed (pipeline num:3). tracked_value '0110' was not XXX1 at the 4-cycle. 
%%       58980.0 ns  Alert  ERROR               TB seq.(uvvm)       assert_shift_one_from_left() => Failed (pipeline num:4). tracked_value '0110' was not XXX1 at the 4-cycle. 
%%       59040.0 ns  Log    ID_SEQUENCER        TB seq.             Testing the sequence: 1000 -> 1100 -> 1111 -> 0110 -> 0111 -> 0011 -> 0001
%%       59070.0 ns  Alert  ERROR               TB seq.(uvvm)       assert_shift_one_from_left() => Failed (pipeline num:2). tracked_value '0110' was not XXX1 at the 4-cycle. 
%%       59140.0 ns  Log    ID_SEQUENCER        TB seq.             Testing the sequence: 1000 -> 1100 -> 1111 -> 0111 -> 0110 -> 0011 -> 0001
%%       59180.0 ns  Alert  ERROR               TB seq.(uvvm)       assert_shift_one_from_left() => Failed (pipeline num:2). tracked_value '0110' was not XXX1 at the 4-cycle. 
%%       59240.0 ns  Log    ID_SEQUENCER        TB seq.             Testing the sequence: 1000 -> 1100 -> 1111 -> 0111 -> 0111 -> 0011 -> 0001
%%       59340.0 ns  Log    ID_SEQUENCER        TB seq.             Testing the sequence: 1000 -> 1100 -> 1111 -> 1000 -> 0110 -> 0011 -> 0001
%%       59370.0 ns  Alert  ERROR               TB seq.(uvvm)       assert_shift_one_from_left() => Failed (pipeline num:1). tracked_value '1000' was not X1XX at the 2-cycle. 
%%       59370.0 ns  Alert  ERROR               TB seq.(uvvm)       assert_shift_one_from_left() => Failed (pipeline num:3). tracked_value '1000' was not XXX1 at the 4-cycle. 
%%       59370.0 ns  Alert  ERROR               TB seq.(uvvm)       assert_shift_one_from_left() => Failed (pipeline num:4). tracked_value '1000' was not XX1X at the 3-cycle. 
%%       59440.0 ns  Log    ID_SEQUENCER        TB seq.             Testing the sequence: 1000 -> 1100 -> 1111 -> 1000 -> 0111 -> 0011 -> 0001
%%       59470.0 ns  Alert  ERROR               TB seq.(uvvm)       assert_shift_one_from_left() => Failed (pipeline num:1). tracked_value '1000' was not X1XX at the 2-cycle. 
%%       59470.0 ns  Alert  ERROR               TB seq.(uvvm)       assert_shift_one_from_left() => Failed (pipeline num:3). tracked_value '1000' was not XXX1 at the 4-cycle. 
%%       59470.0 ns  Alert  ERROR               TB seq.(uvvm)       assert_shift_one_from_left() => Failed (pipeline num:4). tracked_value '1000' was not XX1X at the 3-cycle. 
%%       59540.0 ns  Log    ID_SEQUENCER        TB seq.             Testing the sequence: 1000 -> 1100 -> 1111 -> 1001 -> 0110 -> 0011 -> 0001
%%       59570.0 ns  Alert  ERROR               TB seq.(uvvm)       assert_shift_one_from_left() => Failed (pipeline num:1). tracked_value '1001' was not X1XX at the 2-cycle. 
%%       59570.0 ns  Alert  ERROR               TB seq.(uvvm)       assert_shift_one_from_left() => Failed (pipeline num:4). tracked_value '1001' was not XX1X at the 3-cycle. 
%%       59640.0 ns  Log    ID_SEQUENCER        TB seq.             Testing the sequence: 1000 -> 1100 -> 1111 -> 1001 -> 0111 -> 0011 -> 0001
%%       59670.0 ns  Alert  ERROR               TB seq.(uvvm)       assert_shift_one_from_left() => Failed (pipeline num:1). tracked_value '1001' was not X1XX at the 2-cycle. 
%%       59670.0 ns  Alert  ERROR               TB seq.(uvvm)       assert_shift_one_from_left() => Failed (pipeline num:4). tracked_value '1001' was not XX1X at the 3-cycle. 
%%       59740.0 ns  Log    ID_SEQUENCER        TB seq.             Testing the sequence: 1000 -> 1100 -> 1111 -> 1010 -> 0110 -> 0011 -> 0001
%%       59770.0 ns  Alert  ERROR               TB seq.(uvvm)       assert_shift_one_from_left() => Failed (pipeline num:1). tracked_value '1010' was not X1XX at the 2-cycle. 
%%       59770.0 ns  Alert  ERROR               TB seq.(uvvm)       assert_shift_one_from_left() => Failed (pipeline num:3). tracked_value '1010' was not XXX1 at the 4-cycle. 
%%       59780.0 ns  Alert  ERROR               TB seq.(uvvm)       assert_shift_one_from_left() => Failed (pipeline num:4). tracked_value '0110' was not XXX1 at the 4-cycle. 
%%       59840.0 ns  Log    ID_SEQUENCER        TB seq.             Testing the sequence: 1000 -> 1100 -> 1111 -> 1010 -> 0111 -> 0011 -> 0001
%%       59870.0 ns  Alert  ERROR               TB seq.(uvvm)       assert_shift_one_from_left() => Failed (pipeline num:1). tracked_value '1010' was not X1XX at the 2-cycle. 
%%       59870.0 ns  Alert  ERROR               TB seq.(uvvm)       assert_shift_one_from_left() => Failed (pipeline num:3). tracked_value '1010' was not XXX1 at the 4-cycle. 
%%       59940.0 ns  Log    ID_SEQUENCER        TB seq.             Testing the sequence: 1000 -> 1100 -> 1111 -> 1011 -> 0110 -> 0011 -> 0001
%%       59970.0 ns  Alert  ERROR               TB seq.(uvvm)       assert_shift_one_from_left() => Failed (pipeline num:1). tracked_value '1011' was not X1XX at the 2-cycle. 
%%       59980.0 ns  Alert  ERROR               TB seq.(uvvm)       assert_shift_one_from_left() => Failed (pipeline num:4). tracked_value '0110' was not XXX1 at the 4-cycle. 
%%       60040.0 ns  Log    ID_SEQUENCER        TB seq.             Testing the sequence: 1000 -> 1100 -> 1111 -> 1011 -> 0111 -> 0011 -> 0001
%%       60070.0 ns  Alert  ERROR               TB seq.(uvvm)       assert_shift_one_from_left() => Failed (pipeline num:1). tracked_value '1011' was not X1XX at the 2-cycle. 
%%       60140.0 ns  Log    ID_SEQUENCER        TB seq.             Testing the sequence: 1000 -> 1100 -> 1111 -> 1100 -> 0110 -> 0011 -> 0001
%%       60170.0 ns  Alert  ERROR               TB seq.(uvvm)       assert_shift_one_from_left() => Failed (pipeline num:3). tracked_value '1100' was not XXX1 at the 4-cycle. 
%%       60170.0 ns  Alert  ERROR               TB seq.(uvvm)       assert_shift_one_from_left() => Failed (pipeline num:4). tracked_value '1100' was not XX1X at the 3-cycle. 
%%       60240.0 ns  Log    ID_SEQUENCER        TB seq.             Testing the sequence: 1000 -> 1100 -> 1111 -> 1100 -> 0111 -> 0011 -> 0001
%%       60270.0 ns  Alert  ERROR               TB seq.(uvvm)       assert_shift_one_from_left() => Failed (pipeline num:3). tracked_value '1100' was not XXX1 at the 4-cycle. 
%%       60270.0 ns  Alert  ERROR               TB seq.(uvvm)       assert_shift_one_from_left() => Failed (pipeline num:4). tracked_value '1100' was not XX1X at the 3-cycle. 
%%       60340.0 ns  Log    ID_SEQUENCER        TB seq.             Testing the sequence: 1000 -> 1100 -> 1111 -> 1101 -> 0110 -> 0011 -> 0001
%%       60370.0 ns  Alert  ERROR               TB seq.(uvvm)       assert_shift_one_from_left() => Failed (pipeline num:4). tracked_value '1101' was not XX1X at the 3-cycle. 
%%       60440.0 ns  Log    ID_SEQUENCER        TB seq.             Testing the sequence: 1000 -> 1100 -> 1111 -> 1101 -> 0111 -> 0011 -> 0001
%%       60470.0 ns  Alert  ERROR               TB seq.(uvvm)       assert_shift_one_from_left() => Failed (pipeline num:4). tracked_value '1101' was not XX1X at the 3-cycle. 
%%       60540.0 ns  Log    ID_SEQUENCER        TB seq.             Testing the sequence: 1000 -> 1100 -> 1111 -> 1110 -> 0110 -> 0011 -> 0001
%%       60570.0 ns  Alert  ERROR               TB seq.(uvvm)       assert_shift_one_from_left() => Failed (pipeline num:3). tracked_value '1110' was not XXX1 at the 4-cycle. 
%%       60580.0 ns  Alert  ERROR               TB seq.(uvvm)       assert_shift_one_from_left() => Failed (pipeline num:4). tracked_value '0110' was not XXX1 at the 4-cycle. 
%%       60640.0 ns  Log    ID_SEQUENCER        TB seq.             Testing the sequence: 1000 -> 1100 -> 1111 -> 1110 -> 0111 -> 0011 -> 0001
%%       60670.0 ns  Alert  ERROR               TB seq.(uvvm)       assert_shift_one_from_left() => Failed (pipeline num:3). tracked_value '1110' was not XXX1 at the 4-cycle. 
%%       60740.0 ns  Log    ID_SEQUENCER        TB seq.             Testing the sequence: 1000 -> 1100 -> 1111 -> 1111 -> 0110 -> 0011 -> 0001
%%       60780.0 ns  Alert  ERROR               TB seq.(uvvm)       assert_shift_one_from_left() => Failed (pipeline num:4). tracked_value '0110' was not XXX1 at the 4-cycle. 
%%       60840.0 ns  Log    ID_SEQUENCER        TB seq.             Testing the sequence: 1000 -> 1100 -> 1111 -> 1111 -> 0111 -> 0011 -> 0001
%% 
%% 
%%       60990.0 ns  Log    ID_LOG_HDR          TB seq.             Testing Normal Operation with necessary_condition: LAST_BIT_ALERT
%% ----------------------------------------------------------------------------------------------------------------------------------------------------------------------------
%%       60990.0 ns  Log    ID_SEQUENCER        TB seq.             Testing single sequence: 1000 -> 0100 -> 0010 -> 0001
%%       61020.0 ns  Log    PASSED              TB seq.(uvvm)       assert_shift_one_from_left() => OK (first). tracked_value '0001' had a full ripple from left to right.
%%       61060.0 ns  Log    ID_SEQUENCER        TB seq.             Testing two consecutive sequences: 1000 -> 0100 -> 0010 -> 0001 -> 1000 -> 0100 -> 0010 -> 0001
%%       61170.0 ns  Log    ID_SEQUENCER        TB seq.             Testing pipeline 2 sequences: 1000 -> 1100 -> 0110 -> 0011 -> 0001
%%       61250.0 ns  Log    ID_SEQUENCER        TB seq.             Testing pipeline 3 sequences: 1000 -> 1100 -> 1110 -> 0111 -> 0011 -> 0001
%%       61340.0 ns  Log    ID_SEQUENCER        TB seq.             Testing pipeline 4 sequences: 1000 -> 1100 -> 1110 -> 1111-> 0111 -> 0011 -> 0001
%%       61440.0 ns  Log    ID_SEQUENCER        TB seq.             Testing pipeline 2 sequences /w 1-bit gap: 1000 -> 0100 -> 1010 -> 0101 -> 0010 -> 0001
%%       61530.0 ns  Log    ID_SEQUENCER        TB seq.             Testing pipeline 2 sequences /w 2-bit gap: 1000 -> 0100 -> 0010 -> 1001 -> 0100 -> 0010 -> 0001
%%       61630.0 ns  Log    ID_SEQUENCER        TB seq.             Testing pipeline 3 sequences /w 1-bit gap between sequence 1 and 2:
%%:                                                                 1000 -> 0100 -> 1010 -> 1101 -> 0110 -> 0011 -> 0001
%%       61730.0 ns  Log    ID_SEQUENCER        TB seq.             Testing pipeline 3 sequences /w 1-bit gap between sequence 2 and 3:
%%:                                                                 1000 -> 1100 -> 0110 -> 1011 -> 0101 -> 0010 -> 0001
%% 
%% 
%%       61830.0 ns  Log    ID_LOG_HDR          TB seq.             Testing Triggering Assertion with necessary_condition: LAST_BIT_ALERT
%% ----------------------------------------------------------------------------------------------------------------------------------------------------------------------------
%%       61830.0 ns  Log    ID_SEQUENCER        TB seq.             Triggering Assertion: Single sequence
%%:                                                                 Testing all combinations of 4-bit sequence starting with 1000
%%:                                                                 
%%       61830.0 ns  Log    ID_SEQUENCER        TB seq.             Testing the sequence: 1000 -> 1000 -> 1000 -> 1000
%%       61900.0 ns  Log    ID_SEQUENCER        TB seq.             Testing the sequence: 1000 -> 1000 -> 1000 -> 0100
%%       61970.0 ns  Log    ID_SEQUENCER        TB seq.             Testing the sequence: 1000 -> 1000 -> 1000 -> 0010
%%       62040.0 ns  Log    ID_SEQUENCER        TB seq.             Testing the sequence: 1000 -> 1000 -> 1000 -> 0001
%%       62110.0 ns  Log    ID_SEQUENCER        TB seq.             Testing the sequence: 1000 -> 1000 -> 1000 -> 0000
%%       62180.0 ns  Log    ID_SEQUENCER        TB seq.             Testing the sequence: 1000 -> 1000 -> 0100 -> 1000
%%       62250.0 ns  Log    ID_SEQUENCER        TB seq.             Testing the sequence: 1000 -> 1000 -> 0100 -> 0100
%%       62320.0 ns  Log    ID_SEQUENCER        TB seq.             Testing the sequence: 1000 -> 1000 -> 0100 -> 0010
%%       62360.0 ns  Alert  ERROR               TB seq.(uvvm)       assert_shift_one_from_left() => Failed (pipeline num:1). Last cycle bit was not '1' at the 4-cycle (last cycle). 
%%       62390.0 ns  Log    ID_SEQUENCER        TB seq.             Testing the sequence: 1000 -> 1000 -> 0100 -> 0001
%%       62460.0 ns  Log    ID_SEQUENCER        TB seq.             Testing the sequence: 1000 -> 1000 -> 0100 -> 0000
%%       62530.0 ns  Log    ID_SEQUENCER        TB seq.             Testing the sequence: 1000 -> 1000 -> 0010 -> 1000
%%       62600.0 ns  Log    ID_SEQUENCER        TB seq.             Testing the sequence: 1000 -> 1000 -> 0010 -> 0100
%%       62670.0 ns  Log    ID_SEQUENCER        TB seq.             Testing the sequence: 1000 -> 1000 -> 0010 -> 0010
%%       62740.0 ns  Log    ID_SEQUENCER        TB seq.             Testing the sequence: 1000 -> 1000 -> 0010 -> 0001
%%       62810.0 ns  Log    ID_SEQUENCER        TB seq.             Testing the sequence: 1000 -> 1000 -> 0010 -> 0000
%%       62880.0 ns  Log    ID_SEQUENCER        TB seq.             Testing the sequence: 1000 -> 1000 -> 0001 -> 1000
%%       62950.0 ns  Log    ID_SEQUENCER        TB seq.             Testing the sequence: 1000 -> 1000 -> 0001 -> 0100
%%       63020.0 ns  Log    ID_SEQUENCER        TB seq.             Testing the sequence: 1000 -> 1000 -> 0001 -> 0010
%%       63090.0 ns  Log    ID_SEQUENCER        TB seq.             Testing the sequence: 1000 -> 1000 -> 0001 -> 0001
%%       63160.0 ns  Log    ID_SEQUENCER        TB seq.             Testing the sequence: 1000 -> 1000 -> 0001 -> 0000
%%       63230.0 ns  Log    ID_SEQUENCER        TB seq.             Testing the sequence: 1000 -> 1000 -> 0000 -> 1000
%%       63300.0 ns  Log    ID_SEQUENCER        TB seq.             Testing the sequence: 1000 -> 1000 -> 0000 -> 0100
%%       63370.0 ns  Log    ID_SEQUENCER        TB seq.             Testing the sequence: 1000 -> 1000 -> 0000 -> 0010
%%       63440.0 ns  Log    ID_SEQUENCER        TB seq.             Testing the sequence: 1000 -> 1000 -> 0000 -> 0001
%%       63510.0 ns  Log    ID_SEQUENCER        TB seq.             Testing the sequence: 1000 -> 1000 -> 0000 -> 0000
%%       63580.0 ns  Log    ID_SEQUENCER        TB seq.             Testing the sequence: 1000 -> 0100 -> 1000 -> 1000
%%       63650.0 ns  Log    ID_SEQUENCER        TB seq.             Testing the sequence: 1000 -> 0100 -> 1000 -> 0100
%%       63720.0 ns  Log    ID_SEQUENCER        TB seq.             Testing the sequence: 1000 -> 0100 -> 1000 -> 0010
%%       63790.0 ns  Log    ID_SEQUENCER        TB seq.             Testing the sequence: 1000 -> 0100 -> 1000 -> 0001
%%       63860.0 ns  Log    ID_SEQUENCER        TB seq.             Testing the sequence: 1000 -> 0100 -> 1000 -> 0000
%%       63930.0 ns  Log    ID_SEQUENCER        TB seq.             Testing the sequence: 1000 -> 0100 -> 0100 -> 1000
%%       64000.0 ns  Log    ID_SEQUENCER        TB seq.             Testing the sequence: 1000 -> 0100 -> 0100 -> 0100
%%       64070.0 ns  Log    ID_SEQUENCER        TB seq.             Testing the sequence: 1000 -> 0100 -> 0100 -> 0010
%%       64140.0 ns  Log    ID_SEQUENCER        TB seq.             Testing the sequence: 1000 -> 0100 -> 0100 -> 0001
%%       64210.0 ns  Log    ID_SEQUENCER        TB seq.             Testing the sequence: 1000 -> 0100 -> 0100 -> 0000
%%       64280.0 ns  Log    ID_SEQUENCER        TB seq.             Testing the sequence: 1000 -> 0100 -> 0010 -> 1000
%%       64310.0 ns  Alert  ERROR               TB seq.(uvvm)       assert_shift_one_from_left() => Failed (pipeline num:4). Last cycle bit was not '1' at the 4-cycle (last cycle). 
%%       64350.0 ns  Log    ID_SEQUENCER        TB seq.             Testing the sequence: 1000 -> 0100 -> 0010 -> 0100
%%       64380.0 ns  Alert  ERROR               TB seq.(uvvm)       assert_shift_one_from_left() => Failed (pipeline num:2). Last cycle bit was not '1' at the 4-cycle (last cycle). 
%%       64420.0 ns  Log    ID_SEQUENCER        TB seq.             Testing the sequence: 1000 -> 0100 -> 0010 -> 0010
%%       64450.0 ns  Alert  ERROR               TB seq.(uvvm)       assert_shift_one_from_left() => Failed (pipeline num:3). Last cycle bit was not '1' at the 4-cycle (last cycle). 
%%       64490.0 ns  Log    ID_SEQUENCER        TB seq.             Testing the sequence: 1000 -> 0100 -> 0010 -> 0001
%%       64560.0 ns  Log    ID_SEQUENCER        TB seq.             Testing the sequence: 1000 -> 0100 -> 0010 -> 0000
%%       64590.0 ns  Alert  ERROR               TB seq.(uvvm)       assert_shift_one_from_left() => Failed (pipeline num:1). Last cycle bit was not '1' at the 4-cycle (last cycle). 
%%       64630.0 ns  Log    ID_SEQUENCER        TB seq.             Testing the sequence: 1000 -> 0100 -> 0001 -> 1000
%%       64700.0 ns  Log    ID_SEQUENCER        TB seq.             Testing the sequence: 1000 -> 0100 -> 0001 -> 0100
%%       64770.0 ns  Log    ID_SEQUENCER        TB seq.             Testing the sequence: 1000 -> 0100 -> 0001 -> 0010
%%       64840.0 ns  Log    ID_SEQUENCER        TB seq.             Testing the sequence: 1000 -> 0100 -> 0001 -> 0001
%%       64910.0 ns  Log    ID_SEQUENCER        TB seq.             Testing the sequence: 1000 -> 0100 -> 0001 -> 0000
%%       64980.0 ns  Log    ID_SEQUENCER        TB seq.             Testing the sequence: 1000 -> 0100 -> 0000 -> 1000
%%       65050.0 ns  Log    ID_SEQUENCER        TB seq.             Testing the sequence: 1000 -> 0100 -> 0000 -> 0100
%%       65120.0 ns  Log    ID_SEQUENCER        TB seq.             Testing the sequence: 1000 -> 0100 -> 0000 -> 0010
%%       65190.0 ns  Log    ID_SEQUENCER        TB seq.             Testing the sequence: 1000 -> 0100 -> 0000 -> 0001
%%       65260.0 ns  Log    ID_SEQUENCER        TB seq.             Testing the sequence: 1000 -> 0100 -> 0000 -> 0000
%%       65330.0 ns  Log    ID_SEQUENCER        TB seq.             Testing the sequence: 1000 -> 0010 -> 1000 -> 1000
%%       65400.0 ns  Log    ID_SEQUENCER        TB seq.             Testing the sequence: 1000 -> 0010 -> 1000 -> 0100
%%       65470.0 ns  Log    ID_SEQUENCER        TB seq.             Testing the sequence: 1000 -> 0010 -> 1000 -> 0010
%%       65540.0 ns  Log    ID_SEQUENCER        TB seq.             Testing the sequence: 1000 -> 0010 -> 1000 -> 0001
%%       65610.0 ns  Log    ID_SEQUENCER        TB seq.             Testing the sequence: 1000 -> 0010 -> 1000 -> 0000
%%       65680.0 ns  Log    ID_SEQUENCER        TB seq.             Testing the sequence: 1000 -> 0010 -> 0100 -> 1000
%%       65750.0 ns  Log    ID_SEQUENCER        TB seq.             Testing the sequence: 1000 -> 0010 -> 0100 -> 0100
%%       65820.0 ns  Log    ID_SEQUENCER        TB seq.             Testing the sequence: 1000 -> 0010 -> 0100 -> 0010
%%       65890.0 ns  Log    ID_SEQUENCER        TB seq.             Testing the sequence: 1000 -> 0010 -> 0100 -> 0001
%%       65960.0 ns  Log    ID_SEQUENCER        TB seq.             Testing the sequence: 1000 -> 0010 -> 0100 -> 0000
%%       66030.0 ns  Log    ID_SEQUENCER        TB seq.             Testing the sequence: 1000 -> 0010 -> 0010 -> 1000
%%       66100.0 ns  Log    ID_SEQUENCER        TB seq.             Testing the sequence: 1000 -> 0010 -> 0010 -> 0100
%%       66170.0 ns  Log    ID_SEQUENCER        TB seq.             Testing the sequence: 1000 -> 0010 -> 0010 -> 0010
%%       66240.0 ns  Log    ID_SEQUENCER        TB seq.             Testing the sequence: 1000 -> 0010 -> 0010 -> 0001
%%       66310.0 ns  Log    ID_SEQUENCER        TB seq.             Testing the sequence: 1000 -> 0010 -> 0010 -> 0000
%%       66380.0 ns  Log    ID_SEQUENCER        TB seq.             Testing the sequence: 1000 -> 0010 -> 0001 -> 1000
%%       66450.0 ns  Log    ID_SEQUENCER        TB seq.             Testing the sequence: 1000 -> 0010 -> 0001 -> 0100
%%       66520.0 ns  Log    ID_SEQUENCER        TB seq.             Testing the sequence: 1000 -> 0010 -> 0001 -> 0010
%%       66590.0 ns  Log    ID_SEQUENCER        TB seq.             Testing the sequence: 1000 -> 0010 -> 0001 -> 0001
%%       66660.0 ns  Log    ID_SEQUENCER        TB seq.             Testing the sequence: 1000 -> 0010 -> 0001 -> 0000
%%       66730.0 ns  Log    ID_SEQUENCER        TB seq.             Testing the sequence: 1000 -> 0010 -> 0000 -> 1000
%%       66800.0 ns  Log    ID_SEQUENCER        TB seq.             Testing the sequence: 1000 -> 0010 -> 0000 -> 0100
%%       66870.0 ns  Log    ID_SEQUENCER        TB seq.             Testing the sequence: 1000 -> 0010 -> 0000 -> 0010
%%       66940.0 ns  Log    ID_SEQUENCER        TB seq.             Testing the sequence: 1000 -> 0010 -> 0000 -> 0001
%%       67010.0 ns  Log    ID_SEQUENCER        TB seq.             Testing the sequence: 1000 -> 0010 -> 0000 -> 0000
%%       67080.0 ns  Log    ID_SEQUENCER        TB seq.             Testing the sequence: 1000 -> 0001 -> 1000 -> 1000
%%       67150.0 ns  Log    ID_SEQUENCER        TB seq.             Testing the sequence: 1000 -> 0001 -> 1000 -> 0100
%%       67220.0 ns  Log    ID_SEQUENCER        TB seq.             Testing the sequence: 1000 -> 0001 -> 1000 -> 0010
%%       67290.0 ns  Log    ID_SEQUENCER        TB seq.             Testing the sequence: 1000 -> 0001 -> 1000 -> 0001
%%       67360.0 ns  Log    ID_SEQUENCER        TB seq.             Testing the sequence: 1000 -> 0001 -> 1000 -> 0000
%%       67430.0 ns  Log    ID_SEQUENCER        TB seq.             Testing the sequence: 1000 -> 0001 -> 0100 -> 1000
%%       67500.0 ns  Log    ID_SEQUENCER        TB seq.             Testing the sequence: 1000 -> 0001 -> 0100 -> 0100
%%       67570.0 ns  Log    ID_SEQUENCER        TB seq.             Testing the sequence: 1000 -> 0001 -> 0100 -> 0010
%%       67640.0 ns  Log    ID_SEQUENCER        TB seq.             Testing the sequence: 1000 -> 0001 -> 0100 -> 0001
%%       67710.0 ns  Log    ID_SEQUENCER        TB seq.             Testing the sequence: 1000 -> 0001 -> 0100 -> 0000
%%       67780.0 ns  Log    ID_SEQUENCER        TB seq.             Testing the sequence: 1000 -> 0001 -> 0010 -> 1000
%%       67850.0 ns  Log    ID_SEQUENCER        TB seq.             Testing the sequence: 1000 -> 0001 -> 0010 -> 0100
%%       67920.0 ns  Log    ID_SEQUENCER        TB seq.             Testing the sequence: 1000 -> 0001 -> 0010 -> 0010
%%       67990.0 ns  Log    ID_SEQUENCER        TB seq.             Testing the sequence: 1000 -> 0001 -> 0010 -> 0001
%%       68060.0 ns  Log    ID_SEQUENCER        TB seq.             Testing the sequence: 1000 -> 0001 -> 0010 -> 0000
%%       68130.0 ns  Log    ID_SEQUENCER        TB seq.             Testing the sequence: 1000 -> 0001 -> 0001 -> 1000
%%       68200.0 ns  Log    ID_SEQUENCER        TB seq.             Testing the sequence: 1000 -> 0001 -> 0001 -> 0100
%%       68270.0 ns  Log    ID_SEQUENCER        TB seq.             Testing the sequence: 1000 -> 0001 -> 0001 -> 0010
%%       68340.0 ns  Log    ID_SEQUENCER        TB seq.             Testing the sequence: 1000 -> 0001 -> 0001 -> 0001
%%       68410.0 ns  Log    ID_SEQUENCER        TB seq.             Testing the sequence: 1000 -> 0001 -> 0001 -> 0000
%%       68480.0 ns  Log    ID_SEQUENCER        TB seq.             Testing the sequence: 1000 -> 0001 -> 0000 -> 1000
%%       68550.0 ns  Log    ID_SEQUENCER        TB seq.             Testing the sequence: 1000 -> 0001 -> 0000 -> 0100
%%       68620.0 ns  Log    ID_SEQUENCER        TB seq.             Testing the sequence: 1000 -> 0001 -> 0000 -> 0010
%%       68690.0 ns  Log    ID_SEQUENCER        TB seq.             Testing the sequence: 1000 -> 0001 -> 0000 -> 0001
%%       68760.0 ns  Log    ID_SEQUENCER        TB seq.             Testing the sequence: 1000 -> 0001 -> 0000 -> 0000
%%       68830.0 ns  Log    ID_SEQUENCER        TB seq.             Testing the sequence: 1000 -> 0000 -> 1000 -> 1000
%%       68900.0 ns  Log    ID_SEQUENCER        TB seq.             Testing the sequence: 1000 -> 0000 -> 1000 -> 0100
%%       68970.0 ns  Log    ID_SEQUENCER        TB seq.             Testing the sequence: 1000 -> 0000 -> 1000 -> 0010
%%       69040.0 ns  Log    ID_SEQUENCER        TB seq.             Testing the sequence: 1000 -> 0000 -> 1000 -> 0001
%%       69110.0 ns  Log    ID_SEQUENCER        TB seq.             Testing the sequence: 1000 -> 0000 -> 1000 -> 0000
%%       69180.0 ns  Log    ID_SEQUENCER        TB seq.             Testing the sequence: 1000 -> 0000 -> 0100 -> 1000
%%       69250.0 ns  Log    ID_SEQUENCER        TB seq.             Testing the sequence: 1000 -> 0000 -> 0100 -> 0100
%%       69320.0 ns  Log    ID_SEQUENCER        TB seq.             Testing the sequence: 1000 -> 0000 -> 0100 -> 0010
%%       69390.0 ns  Log    ID_SEQUENCER        TB seq.             Testing the sequence: 1000 -> 0000 -> 0100 -> 0001
%%       69460.0 ns  Log    ID_SEQUENCER        TB seq.             Testing the sequence: 1000 -> 0000 -> 0100 -> 0000
%%       69530.0 ns  Log    ID_SEQUENCER        TB seq.             Testing the sequence: 1000 -> 0000 -> 0010 -> 1000
%%       69600.0 ns  Log    ID_SEQUENCER        TB seq.             Testing the sequence: 1000 -> 0000 -> 0010 -> 0100
%%       69670.0 ns  Log    ID_SEQUENCER        TB seq.             Testing the sequence: 1000 -> 0000 -> 0010 -> 0010
%%       69740.0 ns  Log    ID_SEQUENCER        TB seq.             Testing the sequence: 1000 -> 0000 -> 0010 -> 0001
%%       69810.0 ns  Log    ID_SEQUENCER        TB seq.             Testing the sequence: 1000 -> 0000 -> 0010 -> 0000
%%       69880.0 ns  Log    ID_SEQUENCER        TB seq.             Testing the sequence: 1000 -> 0000 -> 0001 -> 1000
%%       69950.0 ns  Log    ID_SEQUENCER        TB seq.             Testing the sequence: 1000 -> 0000 -> 0001 -> 0100
%%       70020.0 ns  Log    ID_SEQUENCER        TB seq.             Testing the sequence: 1000 -> 0000 -> 0001 -> 0010
%%       70090.0 ns  Log    ID_SEQUENCER        TB seq.             Testing the sequence: 1000 -> 0000 -> 0001 -> 0001
%%       70160.0 ns  Log    ID_SEQUENCER        TB seq.             Testing the sequence: 1000 -> 0000 -> 0001 -> 0000
%%       70230.0 ns  Log    ID_SEQUENCER        TB seq.             Testing the sequence: 1000 -> 0000 -> 0000 -> 1000
%%       70300.0 ns  Log    ID_SEQUENCER        TB seq.             Testing the sequence: 1000 -> 0000 -> 0000 -> 0100
%%       70370.0 ns  Log    ID_SEQUENCER        TB seq.             Testing the sequence: 1000 -> 0000 -> 0000 -> 0010
%%       70440.0 ns  Log    ID_SEQUENCER        TB seq.             Testing the sequence: 1000 -> 0000 -> 0000 -> 0001
%%       70510.0 ns  Log    ID_SEQUENCER        TB seq.             Testing the sequence: 1000 -> 0000 -> 0000 -> 0000
%%       70580.0 ns  Log    ID_SEQUENCER        TB seq.             Triggering Assertion: Pipeline
%%:                                                                 Testing 4 pipelines with all combinations in cycle 3 and 4
%%:                                                                 Two combinations (0110 and 0111) are tested in cycle 5
%%:                                                                 
%%       70580.0 ns  Log    ID_SEQUENCER        TB seq.             Testing the sequence: 1000 -> 1100 -> 0000 -> 0000 -> 0110 -> 0011 -> 0001
%%       70680.0 ns  Log    ID_SEQUENCER        TB seq.             Testing the sequence: 1000 -> 1100 -> 0000 -> 0000 -> 0111 -> 0011 -> 0001
%%       70780.0 ns  Log    ID_SEQUENCER        TB seq.             Testing the sequence: 1000 -> 1100 -> 0000 -> 0001 -> 0110 -> 0011 -> 0001
%%       70880.0 ns  Log    ID_SEQUENCER        TB seq.             Testing the sequence: 1000 -> 1100 -> 0000 -> 0001 -> 0111 -> 0011 -> 0001
%%       70980.0 ns  Log    ID_SEQUENCER        TB seq.             Testing the sequence: 1000 -> 1100 -> 0000 -> 0010 -> 0110 -> 0011 -> 0001
%%       71080.0 ns  Log    ID_SEQUENCER        TB seq.             Testing the sequence: 1000 -> 1100 -> 0000 -> 0010 -> 0111 -> 0011 -> 0001
%%       71180.0 ns  Log    ID_SEQUENCER        TB seq.             Testing the sequence: 1000 -> 1100 -> 0000 -> 0011 -> 0110 -> 0011 -> 0001
%%       71280.0 ns  Log    ID_SEQUENCER        TB seq.             Testing the sequence: 1000 -> 1100 -> 0000 -> 0011 -> 0111 -> 0011 -> 0001
%%       71380.0 ns  Log    ID_SEQUENCER        TB seq.             Testing the sequence: 1000 -> 1100 -> 0000 -> 0100 -> 0110 -> 0011 -> 0001
%%       71480.0 ns  Log    ID_SEQUENCER        TB seq.             Testing the sequence: 1000 -> 1100 -> 0000 -> 0100 -> 0111 -> 0011 -> 0001
%%       71580.0 ns  Log    ID_SEQUENCER        TB seq.             Testing the sequence: 1000 -> 1100 -> 0000 -> 0101 -> 0110 -> 0011 -> 0001
%%       71680.0 ns  Log    ID_SEQUENCER        TB seq.             Testing the sequence: 1000 -> 1100 -> 0000 -> 0101 -> 0111 -> 0011 -> 0001
%%       71780.0 ns  Log    ID_SEQUENCER        TB seq.             Testing the sequence: 1000 -> 1100 -> 0000 -> 0110 -> 0110 -> 0011 -> 0001
%%       71880.0 ns  Log    ID_SEQUENCER        TB seq.             Testing the sequence: 1000 -> 1100 -> 0000 -> 0110 -> 0111 -> 0011 -> 0001
%%       71980.0 ns  Log    ID_SEQUENCER        TB seq.             Testing the sequence: 1000 -> 1100 -> 0000 -> 0111 -> 0110 -> 0011 -> 0001
%%       72080.0 ns  Log    ID_SEQUENCER        TB seq.             Testing the sequence: 1000 -> 1100 -> 0000 -> 0111 -> 0111 -> 0011 -> 0001
%%       72180.0 ns  Log    ID_SEQUENCER        TB seq.             Testing the sequence: 1000 -> 1100 -> 0000 -> 1000 -> 0110 -> 0011 -> 0001
%%       72280.0 ns  Log    ID_SEQUENCER        TB seq.             Testing the sequence: 1000 -> 1100 -> 0000 -> 1000 -> 0111 -> 0011 -> 0001
%%       72380.0 ns  Log    ID_SEQUENCER        TB seq.             Testing the sequence: 1000 -> 1100 -> 0000 -> 1001 -> 0110 -> 0011 -> 0001
%%       72480.0 ns  Log    ID_SEQUENCER        TB seq.             Testing the sequence: 1000 -> 1100 -> 0000 -> 1001 -> 0111 -> 0011 -> 0001
%%       72580.0 ns  Log    ID_SEQUENCER        TB seq.             Testing the sequence: 1000 -> 1100 -> 0000 -> 1010 -> 0110 -> 0011 -> 0001
%%       72680.0 ns  Log    ID_SEQUENCER        TB seq.             Testing the sequence: 1000 -> 1100 -> 0000 -> 1010 -> 0111 -> 0011 -> 0001
%%       72780.0 ns  Log    ID_SEQUENCER        TB seq.             Testing the sequence: 1000 -> 1100 -> 0000 -> 1011 -> 0110 -> 0011 -> 0001
%%       72880.0 ns  Log    ID_SEQUENCER        TB seq.             Testing the sequence: 1000 -> 1100 -> 0000 -> 1011 -> 0111 -> 0011 -> 0001
%%       72980.0 ns  Log    ID_SEQUENCER        TB seq.             Testing the sequence: 1000 -> 1100 -> 0000 -> 1100 -> 0110 -> 0011 -> 0001
%%       73080.0 ns  Log    ID_SEQUENCER        TB seq.             Testing the sequence: 1000 -> 1100 -> 0000 -> 1100 -> 0111 -> 0011 -> 0001
%%       73180.0 ns  Log    ID_SEQUENCER        TB seq.             Testing the sequence: 1000 -> 1100 -> 0000 -> 1101 -> 0110 -> 0011 -> 0001
%%       73280.0 ns  Log    ID_SEQUENCER        TB seq.             Testing the sequence: 1000 -> 1100 -> 0000 -> 1101 -> 0111 -> 0011 -> 0001
%%       73380.0 ns  Log    ID_SEQUENCER        TB seq.             Testing the sequence: 1000 -> 1100 -> 0000 -> 1110 -> 0110 -> 0011 -> 0001
%%       73480.0 ns  Log    ID_SEQUENCER        TB seq.             Testing the sequence: 1000 -> 1100 -> 0000 -> 1110 -> 0111 -> 0011 -> 0001
%%       73580.0 ns  Log    ID_SEQUENCER        TB seq.             Testing the sequence: 1000 -> 1100 -> 0000 -> 1111 -> 0110 -> 0011 -> 0001
%%       73680.0 ns  Log    ID_SEQUENCER        TB seq.             Testing the sequence: 1000 -> 1100 -> 0000 -> 1111 -> 0111 -> 0011 -> 0001
%%       73780.0 ns  Log    ID_SEQUENCER        TB seq.             Testing the sequence: 1000 -> 1100 -> 0001 -> 0000 -> 0110 -> 0011 -> 0001
%%       73880.0 ns  Log    ID_SEQUENCER        TB seq.             Testing the sequence: 1000 -> 1100 -> 0001 -> 0000 -> 0111 -> 0011 -> 0001
%%       73980.0 ns  Log    ID_SEQUENCER        TB seq.             Testing the sequence: 1000 -> 1100 -> 0001 -> 0001 -> 0110 -> 0011 -> 0001
%%       74080.0 ns  Log    ID_SEQUENCER        TB seq.             Testing the sequence: 1000 -> 1100 -> 0001 -> 0001 -> 0111 -> 0011 -> 0001
%%       74180.0 ns  Log    ID_SEQUENCER        TB seq.             Testing the sequence: 1000 -> 1100 -> 0001 -> 0010 -> 0110 -> 0011 -> 0001
%%       74280.0 ns  Log    ID_SEQUENCER        TB seq.             Testing the sequence: 1000 -> 1100 -> 0001 -> 0010 -> 0111 -> 0011 -> 0001
%%       74380.0 ns  Log    ID_SEQUENCER        TB seq.             Testing the sequence: 1000 -> 1100 -> 0001 -> 0011 -> 0110 -> 0011 -> 0001
%%       74480.0 ns  Log    ID_SEQUENCER        TB seq.             Testing the sequence: 1000 -> 1100 -> 0001 -> 0011 -> 0111 -> 0011 -> 0001
%%       74580.0 ns  Log    ID_SEQUENCER        TB seq.             Testing the sequence: 1000 -> 1100 -> 0001 -> 0100 -> 0110 -> 0011 -> 0001
%%       74680.0 ns  Log    ID_SEQUENCER        TB seq.             Testing the sequence: 1000 -> 1100 -> 0001 -> 0100 -> 0111 -> 0011 -> 0001
%%       74780.0 ns  Log    ID_SEQUENCER        TB seq.             Testing the sequence: 1000 -> 1100 -> 0001 -> 0101 -> 0110 -> 0011 -> 0001
%%       74880.0 ns  Log    ID_SEQUENCER        TB seq.             Testing the sequence: 1000 -> 1100 -> 0001 -> 0101 -> 0111 -> 0011 -> 0001
%%       74980.0 ns  Log    ID_SEQUENCER        TB seq.             Testing the sequence: 1000 -> 1100 -> 0001 -> 0110 -> 0110 -> 0011 -> 0001
%%       75080.0 ns  Log    ID_SEQUENCER        TB seq.             Testing the sequence: 1000 -> 1100 -> 0001 -> 0110 -> 0111 -> 0011 -> 0001
%%       75180.0 ns  Log    ID_SEQUENCER        TB seq.             Testing the sequence: 1000 -> 1100 -> 0001 -> 0111 -> 0110 -> 0011 -> 0001
%%       75280.0 ns  Log    ID_SEQUENCER        TB seq.             Testing the sequence: 1000 -> 1100 -> 0001 -> 0111 -> 0111 -> 0011 -> 0001
%%       75380.0 ns  Log    ID_SEQUENCER        TB seq.             Testing the sequence: 1000 -> 1100 -> 0001 -> 1000 -> 0110 -> 0011 -> 0001
%%       75480.0 ns  Log    ID_SEQUENCER        TB seq.             Testing the sequence: 1000 -> 1100 -> 0001 -> 1000 -> 0111 -> 0011 -> 0001
%%       75580.0 ns  Log    ID_SEQUENCER        TB seq.             Testing the sequence: 1000 -> 1100 -> 0001 -> 1001 -> 0110 -> 0011 -> 0001
%%       75680.0 ns  Log    ID_SEQUENCER        TB seq.             Testing the sequence: 1000 -> 1100 -> 0001 -> 1001 -> 0111 -> 0011 -> 0001
%%       75780.0 ns  Log    ID_SEQUENCER        TB seq.             Testing the sequence: 1000 -> 1100 -> 0001 -> 1010 -> 0110 -> 0011 -> 0001
%%       75880.0 ns  Log    ID_SEQUENCER        TB seq.             Testing the sequence: 1000 -> 1100 -> 0001 -> 1010 -> 0111 -> 0011 -> 0001
%%       75980.0 ns  Log    ID_SEQUENCER        TB seq.             Testing the sequence: 1000 -> 1100 -> 0001 -> 1011 -> 0110 -> 0011 -> 0001
%%       76080.0 ns  Log    ID_SEQUENCER        TB seq.             Testing the sequence: 1000 -> 1100 -> 0001 -> 1011 -> 0111 -> 0011 -> 0001
%%       76180.0 ns  Log    ID_SEQUENCER        TB seq.             Testing the sequence: 1000 -> 1100 -> 0001 -> 1100 -> 0110 -> 0011 -> 0001
%%       76280.0 ns  Log    ID_SEQUENCER        TB seq.             Testing the sequence: 1000 -> 1100 -> 0001 -> 1100 -> 0111 -> 0011 -> 0001
%%       76380.0 ns  Log    ID_SEQUENCER        TB seq.             Testing the sequence: 1000 -> 1100 -> 0001 -> 1101 -> 0110 -> 0011 -> 0001
%%       76480.0 ns  Log    ID_SEQUENCER        TB seq.             Testing the sequence: 1000 -> 1100 -> 0001 -> 1101 -> 0111 -> 0011 -> 0001
%%       76580.0 ns  Log    ID_SEQUENCER        TB seq.             Testing the sequence: 1000 -> 1100 -> 0001 -> 1110 -> 0110 -> 0011 -> 0001
%%       76680.0 ns  Log    ID_SEQUENCER        TB seq.             Testing the sequence: 1000 -> 1100 -> 0001 -> 1110 -> 0111 -> 0011 -> 0001
%%       76780.0 ns  Log    ID_SEQUENCER        TB seq.             Testing the sequence: 1000 -> 1100 -> 0001 -> 1111 -> 0110 -> 0011 -> 0001
%%       76880.0 ns  Log    ID_SEQUENCER        TB seq.             Testing the sequence: 1000 -> 1100 -> 0001 -> 1111 -> 0111 -> 0011 -> 0001
%%       76980.0 ns  Log    ID_SEQUENCER        TB seq.             Testing the sequence: 1000 -> 1100 -> 0010 -> 0000 -> 0110 -> 0011 -> 0001
%%       77010.0 ns  Alert  ERROR               TB seq.(uvvm)       assert_shift_one_from_left() => Failed (pipeline num:3). Last cycle bit was not '1' at the 4-cycle (last cycle). 
%%       77080.0 ns  Log    ID_SEQUENCER        TB seq.             Testing the sequence: 1000 -> 1100 -> 0010 -> 0000 -> 0111 -> 0011 -> 0001
%%       77110.0 ns  Alert  ERROR               TB seq.(uvvm)       assert_shift_one_from_left() => Failed (pipeline num:1). Last cycle bit was not '1' at the 4-cycle (last cycle). 
%%       77180.0 ns  Log    ID_SEQUENCER        TB seq.             Testing the sequence: 1000 -> 1100 -> 0010 -> 0001 -> 0110 -> 0011 -> 0001
%%       77280.0 ns  Log    ID_SEQUENCER        TB seq.             Testing the sequence: 1000 -> 1100 -> 0010 -> 0001 -> 0111 -> 0011 -> 0001
%%       77380.0 ns  Log    ID_SEQUENCER        TB seq.             Testing the sequence: 1000 -> 1100 -> 0010 -> 0010 -> 0110 -> 0011 -> 0001
%%       77410.0 ns  Alert  ERROR               TB seq.(uvvm)       assert_shift_one_from_left() => Failed (pipeline num:3). Last cycle bit was not '1' at the 4-cycle (last cycle). 
%%       77480.0 ns  Log    ID_SEQUENCER        TB seq.             Testing the sequence: 1000 -> 1100 -> 0010 -> 0010 -> 0111 -> 0011 -> 0001
%%       77510.0 ns  Alert  ERROR               TB seq.(uvvm)       assert_shift_one_from_left() => Failed (pipeline num:1). Last cycle bit was not '1' at the 4-cycle (last cycle). 
%%       77580.0 ns  Log    ID_SEQUENCER        TB seq.             Testing the sequence: 1000 -> 1100 -> 0010 -> 0011 -> 0110 -> 0011 -> 0001
%%       77680.0 ns  Log    ID_SEQUENCER        TB seq.             Testing the sequence: 1000 -> 1100 -> 0010 -> 0011 -> 0111 -> 0011 -> 0001
%%       77780.0 ns  Log    ID_SEQUENCER        TB seq.             Testing the sequence: 1000 -> 1100 -> 0010 -> 0100 -> 0110 -> 0011 -> 0001
%%       77810.0 ns  Alert  ERROR               TB seq.(uvvm)       assert_shift_one_from_left() => Failed (pipeline num:3). Last cycle bit was not '1' at the 4-cycle (last cycle). 
%%       77880.0 ns  Log    ID_SEQUENCER        TB seq.             Testing the sequence: 1000 -> 1100 -> 0010 -> 0100 -> 0111 -> 0011 -> 0001
%%       77910.0 ns  Alert  ERROR               TB seq.(uvvm)       assert_shift_one_from_left() => Failed (pipeline num:1). Last cycle bit was not '1' at the 4-cycle (last cycle). 
%%       77980.0 ns  Log    ID_SEQUENCER        TB seq.             Testing the sequence: 1000 -> 1100 -> 0010 -> 0101 -> 0110 -> 0011 -> 0001
%%       78080.0 ns  Log    ID_SEQUENCER        TB seq.             Testing the sequence: 1000 -> 1100 -> 0010 -> 0101 -> 0111 -> 0011 -> 0001
%%       78180.0 ns  Log    ID_SEQUENCER        TB seq.             Testing the sequence: 1000 -> 1100 -> 0010 -> 0110 -> 0110 -> 0011 -> 0001
%%       78210.0 ns  Alert  ERROR               TB seq.(uvvm)       assert_shift_one_from_left() => Failed (pipeline num:3). Last cycle bit was not '1' at the 4-cycle (last cycle). 
%%       78280.0 ns  Log    ID_SEQUENCER        TB seq.             Testing the sequence: 1000 -> 1100 -> 0010 -> 0110 -> 0111 -> 0011 -> 0001
%%       78310.0 ns  Alert  ERROR               TB seq.(uvvm)       assert_shift_one_from_left() => Failed (pipeline num:1). Last cycle bit was not '1' at the 4-cycle (last cycle). 
%%       78380.0 ns  Log    ID_SEQUENCER        TB seq.             Testing the sequence: 1000 -> 1100 -> 0010 -> 0111 -> 0110 -> 0011 -> 0001
%%       78480.0 ns  Log    ID_SEQUENCER        TB seq.             Testing the sequence: 1000 -> 1100 -> 0010 -> 0111 -> 0111 -> 0011 -> 0001
%%       78580.0 ns  Log    ID_SEQUENCER        TB seq.             Testing the sequence: 1000 -> 1100 -> 0010 -> 1000 -> 0110 -> 0011 -> 0001
%%       78610.0 ns  Alert  ERROR               TB seq.(uvvm)       assert_shift_one_from_left() => Failed (pipeline num:3). Last cycle bit was not '1' at the 4-cycle (last cycle). 
%%       78680.0 ns  Log    ID_SEQUENCER        TB seq.             Testing the sequence: 1000 -> 1100 -> 0010 -> 1000 -> 0111 -> 0011 -> 0001
%%       78710.0 ns  Alert  ERROR               TB seq.(uvvm)       assert_shift_one_from_left() => Failed (pipeline num:2). Last cycle bit was not '1' at the 4-cycle (last cycle). 
%%       78780.0 ns  Log    ID_SEQUENCER        TB seq.             Testing the sequence: 1000 -> 1100 -> 0010 -> 1001 -> 0110 -> 0011 -> 0001
%%       78880.0 ns  Log    ID_SEQUENCER        TB seq.             Testing the sequence: 1000 -> 1100 -> 0010 -> 1001 -> 0111 -> 0011 -> 0001
%%       78980.0 ns  Log    ID_SEQUENCER        TB seq.             Testing the sequence: 1000 -> 1100 -> 0010 -> 1010 -> 0110 -> 0011 -> 0001
%%       79010.0 ns  Alert  ERROR               TB seq.(uvvm)       assert_shift_one_from_left() => Failed (pipeline num:3). Last cycle bit was not '1' at the 4-cycle (last cycle). 
%%       79080.0 ns  Log    ID_SEQUENCER        TB seq.             Testing the sequence: 1000 -> 1100 -> 0010 -> 1010 -> 0111 -> 0011 -> 0001
%%       79110.0 ns  Alert  ERROR               TB seq.(uvvm)       assert_shift_one_from_left() => Failed (pipeline num:2). Last cycle bit was not '1' at the 4-cycle (last cycle). 
%%       79180.0 ns  Log    ID_SEQUENCER        TB seq.             Testing the sequence: 1000 -> 1100 -> 0010 -> 1011 -> 0110 -> 0011 -> 0001
%%       79280.0 ns  Log    ID_SEQUENCER        TB seq.             Testing the sequence: 1000 -> 1100 -> 0010 -> 1011 -> 0111 -> 0011 -> 0001
%%       79380.0 ns  Log    ID_SEQUENCER        TB seq.             Testing the sequence: 1000 -> 1100 -> 0010 -> 1100 -> 0110 -> 0011 -> 0001
%%       79410.0 ns  Alert  ERROR               TB seq.(uvvm)       assert_shift_one_from_left() => Failed (pipeline num:3). Last cycle bit was not '1' at the 4-cycle (last cycle). 
%%       79480.0 ns  Log    ID_SEQUENCER        TB seq.             Testing the sequence: 1000 -> 1100 -> 0010 -> 1100 -> 0111 -> 0011 -> 0001
%%       79510.0 ns  Alert  ERROR               TB seq.(uvvm)       assert_shift_one_from_left() => Failed (pipeline num:2). Last cycle bit was not '1' at the 4-cycle (last cycle). 
%%       79580.0 ns  Log    ID_SEQUENCER        TB seq.             Testing the sequence: 1000 -> 1100 -> 0010 -> 1101 -> 0110 -> 0011 -> 0001
%%       79680.0 ns  Log    ID_SEQUENCER        TB seq.             Testing the sequence: 1000 -> 1100 -> 0010 -> 1101 -> 0111 -> 0011 -> 0001
%%       79780.0 ns  Log    ID_SEQUENCER        TB seq.             Testing the sequence: 1000 -> 1100 -> 0010 -> 1110 -> 0110 -> 0011 -> 0001
%%       79810.0 ns  Alert  ERROR               TB seq.(uvvm)       assert_shift_one_from_left() => Failed (pipeline num:3). Last cycle bit was not '1' at the 4-cycle (last cycle). 
%%       79880.0 ns  Log    ID_SEQUENCER        TB seq.             Testing the sequence: 1000 -> 1100 -> 0010 -> 1110 -> 0111 -> 0011 -> 0001
%%       79910.0 ns  Alert  ERROR               TB seq.(uvvm)       assert_shift_one_from_left() => Failed (pipeline num:2). Last cycle bit was not '1' at the 4-cycle (last cycle). 
%%       79980.0 ns  Log    ID_SEQUENCER        TB seq.             Testing the sequence: 1000 -> 1100 -> 0010 -> 1111 -> 0110 -> 0011 -> 0001
%%       80080.0 ns  Log    ID_SEQUENCER        TB seq.             Testing the sequence: 1000 -> 1100 -> 0010 -> 1111 -> 0111 -> 0011 -> 0001
%%       80180.0 ns  Log    ID_SEQUENCER        TB seq.             Testing the sequence: 1000 -> 1100 -> 0011 -> 0000 -> 0110 -> 0011 -> 0001
%%       80210.0 ns  Alert  ERROR               TB seq.(uvvm)       assert_shift_one_from_left() => Failed (pipeline num:3). Last cycle bit was not '1' at the 4-cycle (last cycle). 
%%       80280.0 ns  Log    ID_SEQUENCER        TB seq.             Testing the sequence: 1000 -> 1100 -> 0011 -> 0000 -> 0111 -> 0011 -> 0001
%%       80310.0 ns  Alert  ERROR               TB seq.(uvvm)       assert_shift_one_from_left() => Failed (pipeline num:1). Last cycle bit was not '1' at the 4-cycle (last cycle). 
%%       80380.0 ns  Log    ID_SEQUENCER        TB seq.             Testing the sequence: 1000 -> 1100 -> 0011 -> 0001 -> 0110 -> 0011 -> 0001
%%       80480.0 ns  Log    ID_SEQUENCER        TB seq.             Testing the sequence: 1000 -> 1100 -> 0011 -> 0001 -> 0111 -> 0011 -> 0001
%%       80580.0 ns  Log    ID_SEQUENCER        TB seq.             Testing the sequence: 1000 -> 1100 -> 0011 -> 0010 -> 0110 -> 0011 -> 0001
%%       80610.0 ns  Alert  ERROR               TB seq.(uvvm)       assert_shift_one_from_left() => Failed (pipeline num:3). Last cycle bit was not '1' at the 4-cycle (last cycle). 
%%       80680.0 ns  Log    ID_SEQUENCER        TB seq.             Testing the sequence: 1000 -> 1100 -> 0011 -> 0010 -> 0111 -> 0011 -> 0001
%%       80710.0 ns  Alert  ERROR               TB seq.(uvvm)       assert_shift_one_from_left() => Failed (pipeline num:1). Last cycle bit was not '1' at the 4-cycle (last cycle). 
%%       80780.0 ns  Log    ID_SEQUENCER        TB seq.             Testing the sequence: 1000 -> 1100 -> 0011 -> 0011 -> 0110 -> 0011 -> 0001
%%       80880.0 ns  Log    ID_SEQUENCER        TB seq.             Testing the sequence: 1000 -> 1100 -> 0011 -> 0011 -> 0111 -> 0011 -> 0001
%%       80980.0 ns  Log    ID_SEQUENCER        TB seq.             Testing the sequence: 1000 -> 1100 -> 0011 -> 0100 -> 0110 -> 0011 -> 0001
%%       81010.0 ns  Alert  ERROR               TB seq.(uvvm)       assert_shift_one_from_left() => Failed (pipeline num:3). Last cycle bit was not '1' at the 4-cycle (last cycle). 
%%       81080.0 ns  Log    ID_SEQUENCER        TB seq.             Testing the sequence: 1000 -> 1100 -> 0011 -> 0100 -> 0111 -> 0011 -> 0001
%%       81110.0 ns  Alert  ERROR               TB seq.(uvvm)       assert_shift_one_from_left() => Failed (pipeline num:1). Last cycle bit was not '1' at the 4-cycle (last cycle). 
%%       81180.0 ns  Log    ID_SEQUENCER        TB seq.             Testing the sequence: 1000 -> 1100 -> 0011 -> 0101 -> 0110 -> 0011 -> 0001
%%       81280.0 ns  Log    ID_SEQUENCER        TB seq.             Testing the sequence: 1000 -> 1100 -> 0011 -> 0101 -> 0111 -> 0011 -> 0001
%%       81380.0 ns  Log    ID_SEQUENCER        TB seq.             Testing the sequence: 1000 -> 1100 -> 0011 -> 0110 -> 0110 -> 0011 -> 0001
%%       81410.0 ns  Alert  ERROR               TB seq.(uvvm)       assert_shift_one_from_left() => Failed (pipeline num:3). Last cycle bit was not '1' at the 4-cycle (last cycle). 
%%       81480.0 ns  Log    ID_SEQUENCER        TB seq.             Testing the sequence: 1000 -> 1100 -> 0011 -> 0110 -> 0111 -> 0011 -> 0001
%%       81510.0 ns  Alert  ERROR               TB seq.(uvvm)       assert_shift_one_from_left() => Failed (pipeline num:1). Last cycle bit was not '1' at the 4-cycle (last cycle). 
%%       81580.0 ns  Log    ID_SEQUENCER        TB seq.             Testing the sequence: 1000 -> 1100 -> 0011 -> 0111 -> 0110 -> 0011 -> 0001
%%       81680.0 ns  Log    ID_SEQUENCER        TB seq.             Testing the sequence: 1000 -> 1100 -> 0011 -> 0111 -> 0111 -> 0011 -> 0001
%%       81780.0 ns  Log    ID_SEQUENCER        TB seq.             Testing the sequence: 1000 -> 1100 -> 0011 -> 1000 -> 0110 -> 0011 -> 0001
%%       81810.0 ns  Alert  ERROR               TB seq.(uvvm)       assert_shift_one_from_left() => Failed (pipeline num:3). Last cycle bit was not '1' at the 4-cycle (last cycle). 
%%       81880.0 ns  Log    ID_SEQUENCER        TB seq.             Testing the sequence: 1000 -> 1100 -> 0011 -> 1000 -> 0111 -> 0011 -> 0001
%%       81910.0 ns  Alert  ERROR               TB seq.(uvvm)       assert_shift_one_from_left() => Failed (pipeline num:2). Last cycle bit was not '1' at the 4-cycle (last cycle). 
%%       81980.0 ns  Log    ID_SEQUENCER        TB seq.             Testing the sequence: 1000 -> 1100 -> 0011 -> 1001 -> 0110 -> 0011 -> 0001
%%       82080.0 ns  Log    ID_SEQUENCER        TB seq.             Testing the sequence: 1000 -> 1100 -> 0011 -> 1001 -> 0111 -> 0011 -> 0001
%%       82180.0 ns  Log    ID_SEQUENCER        TB seq.             Testing the sequence: 1000 -> 1100 -> 0011 -> 1010 -> 0110 -> 0011 -> 0001
%%       82210.0 ns  Alert  ERROR               TB seq.(uvvm)       assert_shift_one_from_left() => Failed (pipeline num:3). Last cycle bit was not '1' at the 4-cycle (last cycle). 
%%       82280.0 ns  Log    ID_SEQUENCER        TB seq.             Testing the sequence: 1000 -> 1100 -> 0011 -> 1010 -> 0111 -> 0011 -> 0001
%%       82310.0 ns  Alert  ERROR               TB seq.(uvvm)       assert_shift_one_from_left() => Failed (pipeline num:2). Last cycle bit was not '1' at the 4-cycle (last cycle). 
%%       82380.0 ns  Log    ID_SEQUENCER        TB seq.             Testing the sequence: 1000 -> 1100 -> 0011 -> 1011 -> 0110 -> 0011 -> 0001
%%       82480.0 ns  Log    ID_SEQUENCER        TB seq.             Testing the sequence: 1000 -> 1100 -> 0011 -> 1011 -> 0111 -> 0011 -> 0001
%%       82580.0 ns  Log    ID_SEQUENCER        TB seq.             Testing the sequence: 1000 -> 1100 -> 0011 -> 1100 -> 0110 -> 0011 -> 0001
%%       82610.0 ns  Alert  ERROR               TB seq.(uvvm)       assert_shift_one_from_left() => Failed (pipeline num:3). Last cycle bit was not '1' at the 4-cycle (last cycle). 
%%       82680.0 ns  Log    ID_SEQUENCER        TB seq.             Testing the sequence: 1000 -> 1100 -> 0011 -> 1100 -> 0111 -> 0011 -> 0001
%%       82710.0 ns  Alert  ERROR               TB seq.(uvvm)       assert_shift_one_from_left() => Failed (pipeline num:2). Last cycle bit was not '1' at the 4-cycle (last cycle). 
%%       82780.0 ns  Log    ID_SEQUENCER        TB seq.             Testing the sequence: 1000 -> 1100 -> 0011 -> 1101 -> 0110 -> 0011 -> 0001
%%       82880.0 ns  Log    ID_SEQUENCER        TB seq.             Testing the sequence: 1000 -> 1100 -> 0011 -> 1101 -> 0111 -> 0011 -> 0001
%%       82980.0 ns  Log    ID_SEQUENCER        TB seq.             Testing the sequence: 1000 -> 1100 -> 0011 -> 1110 -> 0110 -> 0011 -> 0001
%%       83010.0 ns  Alert  ERROR               TB seq.(uvvm)       assert_shift_one_from_left() => Failed (pipeline num:3). Last cycle bit was not '1' at the 4-cycle (last cycle). 
%%       83080.0 ns  Log    ID_SEQUENCER        TB seq.             Testing the sequence: 1000 -> 1100 -> 0011 -> 1110 -> 0111 -> 0011 -> 0001
%%       83110.0 ns  Alert  ERROR               TB seq.(uvvm)       assert_shift_one_from_left() => Failed (pipeline num:2). Last cycle bit was not '1' at the 4-cycle (last cycle). 
%%       83180.0 ns  Log    ID_SEQUENCER        TB seq.             Testing the sequence: 1000 -> 1100 -> 0011 -> 1111 -> 0110 -> 0011 -> 0001
%%       83280.0 ns  Log    ID_SEQUENCER        TB seq.             Testing the sequence: 1000 -> 1100 -> 0011 -> 1111 -> 0111 -> 0011 -> 0001
%%       83380.0 ns  Log    ID_SEQUENCER        TB seq.             Testing the sequence: 1000 -> 1100 -> 0100 -> 0000 -> 0110 -> 0011 -> 0001
%%       83480.0 ns  Log    ID_SEQUENCER        TB seq.             Testing the sequence: 1000 -> 1100 -> 0100 -> 0000 -> 0111 -> 0011 -> 0001
%%       83580.0 ns  Log    ID_SEQUENCER        TB seq.             Testing the sequence: 1000 -> 1100 -> 0100 -> 0001 -> 0110 -> 0011 -> 0001
%%       83680.0 ns  Log    ID_SEQUENCER        TB seq.             Testing the sequence: 1000 -> 1100 -> 0100 -> 0001 -> 0111 -> 0011 -> 0001
%%       83780.0 ns  Log    ID_SEQUENCER        TB seq.             Testing the sequence: 1000 -> 1100 -> 0100 -> 0010 -> 0110 -> 0011 -> 0001
%%       83820.0 ns  Alert  ERROR               TB seq.(uvvm)       assert_shift_one_from_left() => Failed (pipeline num:4). Last cycle bit was not '1' at the 4-cycle (last cycle). 
%%       83880.0 ns  Log    ID_SEQUENCER        TB seq.             Testing the sequence: 1000 -> 1100 -> 0100 -> 0010 -> 0111 -> 0011 -> 0001
%%       83980.0 ns  Log    ID_SEQUENCER        TB seq.             Testing the sequence: 1000 -> 1100 -> 0100 -> 0011 -> 0110 -> 0011 -> 0001
%%       84020.0 ns  Alert  ERROR               TB seq.(uvvm)       assert_shift_one_from_left() => Failed (pipeline num:4). Last cycle bit was not '1' at the 4-cycle (last cycle). 
%%       84080.0 ns  Log    ID_SEQUENCER        TB seq.             Testing the sequence: 1000 -> 1100 -> 0100 -> 0011 -> 0111 -> 0011 -> 0001
%%       84180.0 ns  Log    ID_SEQUENCER        TB seq.             Testing the sequence: 1000 -> 1100 -> 0100 -> 0100 -> 0110 -> 0011 -> 0001
%%       84280.0 ns  Log    ID_SEQUENCER        TB seq.             Testing the sequence: 1000 -> 1100 -> 0100 -> 0100 -> 0111 -> 0011 -> 0001
%%       84380.0 ns  Log    ID_SEQUENCER        TB seq.             Testing the sequence: 1000 -> 1100 -> 0100 -> 0101 -> 0110 -> 0011 -> 0001
%%       84480.0 ns  Log    ID_SEQUENCER        TB seq.             Testing the sequence: 1000 -> 1100 -> 0100 -> 0101 -> 0111 -> 0011 -> 0001
%%       84580.0 ns  Log    ID_SEQUENCER        TB seq.             Testing the sequence: 1000 -> 1100 -> 0100 -> 0110 -> 0110 -> 0011 -> 0001
%%       84620.0 ns  Alert  ERROR               TB seq.(uvvm)       assert_shift_one_from_left() => Failed (pipeline num:4). Last cycle bit was not '1' at the 4-cycle (last cycle). 
%%       84680.0 ns  Log    ID_SEQUENCER        TB seq.             Testing the sequence: 1000 -> 1100 -> 0100 -> 0110 -> 0111 -> 0011 -> 0001
%%       84780.0 ns  Log    ID_SEQUENCER        TB seq.             Testing the sequence: 1000 -> 1100 -> 0100 -> 0111 -> 0110 -> 0011 -> 0001
%%       84820.0 ns  Alert  ERROR               TB seq.(uvvm)       assert_shift_one_from_left() => Failed (pipeline num:4). Last cycle bit was not '1' at the 4-cycle (last cycle). 
%%       84880.0 ns  Log    ID_SEQUENCER        TB seq.             Testing the sequence: 1000 -> 1100 -> 0100 -> 0111 -> 0111 -> 0011 -> 0001
%%       84980.0 ns  Log    ID_SEQUENCER        TB seq.             Testing the sequence: 1000 -> 1100 -> 0100 -> 1000 -> 0110 -> 0011 -> 0001
%%       85080.0 ns  Log    ID_SEQUENCER        TB seq.             Testing the sequence: 1000 -> 1100 -> 0100 -> 1000 -> 0111 -> 0011 -> 0001
%%       85180.0 ns  Log    ID_SEQUENCER        TB seq.             Testing the sequence: 1000 -> 1100 -> 0100 -> 1001 -> 0110 -> 0011 -> 0001
%%       85280.0 ns  Log    ID_SEQUENCER        TB seq.             Testing the sequence: 1000 -> 1100 -> 0100 -> 1001 -> 0111 -> 0011 -> 0001
%%       85380.0 ns  Log    ID_SEQUENCER        TB seq.             Testing the sequence: 1000 -> 1100 -> 0100 -> 1010 -> 0110 -> 0011 -> 0001
%%       85420.0 ns  Alert  ERROR               TB seq.(uvvm)       assert_shift_one_from_left() => Failed (pipeline num:4). Last cycle bit was not '1' at the 4-cycle (last cycle). 
%%       85480.0 ns  Log    ID_SEQUENCER        TB seq.             Testing the sequence: 1000 -> 1100 -> 0100 -> 1010 -> 0111 -> 0011 -> 0001
%%       85580.0 ns  Log    ID_SEQUENCER        TB seq.             Testing the sequence: 1000 -> 1100 -> 0100 -> 1011 -> 0110 -> 0011 -> 0001
%%       85620.0 ns  Alert  ERROR               TB seq.(uvvm)       assert_shift_one_from_left() => Failed (pipeline num:2). Last cycle bit was not '1' at the 4-cycle (last cycle). 
%%       85680.0 ns  Log    ID_SEQUENCER        TB seq.             Testing the sequence: 1000 -> 1100 -> 0100 -> 1011 -> 0111 -> 0011 -> 0001
%%       85780.0 ns  Log    ID_SEQUENCER        TB seq.             Testing the sequence: 1000 -> 1100 -> 0100 -> 1100 -> 0110 -> 0011 -> 0001
%%       85880.0 ns  Log    ID_SEQUENCER        TB seq.             Testing the sequence: 1000 -> 1100 -> 0100 -> 1100 -> 0111 -> 0011 -> 0001
%%       85980.0 ns  Log    ID_SEQUENCER        TB seq.             Testing the sequence: 1000 -> 1100 -> 0100 -> 1101 -> 0110 -> 0011 -> 0001
%%       86080.0 ns  Log    ID_SEQUENCER        TB seq.             Testing the sequence: 1000 -> 1100 -> 0100 -> 1101 -> 0111 -> 0011 -> 0001
%%       86180.0 ns  Log    ID_SEQUENCER        TB seq.             Testing the sequence: 1000 -> 1100 -> 0100 -> 1110 -> 0110 -> 0011 -> 0001
%%       86220.0 ns  Alert  ERROR               TB seq.(uvvm)       assert_shift_one_from_left() => Failed (pipeline num:4). Last cycle bit was not '1' at the 4-cycle (last cycle). 
%%       86280.0 ns  Log    ID_SEQUENCER        TB seq.             Testing the sequence: 1000 -> 1100 -> 0100 -> 1110 -> 0111 -> 0011 -> 0001
%%       86380.0 ns  Log    ID_SEQUENCER        TB seq.             Testing the sequence: 1000 -> 1100 -> 0100 -> 1111 -> 0110 -> 0011 -> 0001
%%       86420.0 ns  Alert  ERROR               TB seq.(uvvm)       assert_shift_one_from_left() => Failed (pipeline num:2). Last cycle bit was not '1' at the 4-cycle (last cycle). 
%%       86480.0 ns  Log    ID_SEQUENCER        TB seq.             Testing the sequence: 1000 -> 1100 -> 0100 -> 1111 -> 0111 -> 0011 -> 0001
%%       86580.0 ns  Log    ID_SEQUENCER        TB seq.             Testing the sequence: 1000 -> 1100 -> 0101 -> 0000 -> 0110 -> 0011 -> 0001
%%       86680.0 ns  Log    ID_SEQUENCER        TB seq.             Testing the sequence: 1000 -> 1100 -> 0101 -> 0000 -> 0111 -> 0011 -> 0001
%%       86780.0 ns  Log    ID_SEQUENCER        TB seq.             Testing the sequence: 1000 -> 1100 -> 0101 -> 0001 -> 0110 -> 0011 -> 0001
%%       86880.0 ns  Log    ID_SEQUENCER        TB seq.             Testing the sequence: 1000 -> 1100 -> 0101 -> 0001 -> 0111 -> 0011 -> 0001
%%       86980.0 ns  Log    ID_SEQUENCER        TB seq.             Testing the sequence: 1000 -> 1100 -> 0101 -> 0010 -> 0110 -> 0011 -> 0001
%%       87020.0 ns  Alert  ERROR               TB seq.(uvvm)       assert_shift_one_from_left() => Failed (pipeline num:4). Last cycle bit was not '1' at the 4-cycle (last cycle). 
%%       87080.0 ns  Log    ID_SEQUENCER        TB seq.             Testing the sequence: 1000 -> 1100 -> 0101 -> 0010 -> 0111 -> 0011 -> 0001
%%       87180.0 ns  Log    ID_SEQUENCER        TB seq.             Testing the sequence: 1000 -> 1100 -> 0101 -> 0011 -> 0110 -> 0011 -> 0001
%%       87220.0 ns  Alert  ERROR               TB seq.(uvvm)       assert_shift_one_from_left() => Failed (pipeline num:4). Last cycle bit was not '1' at the 4-cycle (last cycle). 
%%       87280.0 ns  Log    ID_SEQUENCER        TB seq.             Testing the sequence: 1000 -> 1100 -> 0101 -> 0011 -> 0111 -> 0011 -> 0001
%%       87380.0 ns  Log    ID_SEQUENCER        TB seq.             Testing the sequence: 1000 -> 1100 -> 0101 -> 0100 -> 0110 -> 0011 -> 0001
%%       87480.0 ns  Log    ID_SEQUENCER        TB seq.             Testing the sequence: 1000 -> 1100 -> 0101 -> 0100 -> 0111 -> 0011 -> 0001
%%       87580.0 ns  Log    ID_SEQUENCER        TB seq.             Testing the sequence: 1000 -> 1100 -> 0101 -> 0101 -> 0110 -> 0011 -> 0001
%%       87680.0 ns  Log    ID_SEQUENCER        TB seq.             Testing the sequence: 1000 -> 1100 -> 0101 -> 0101 -> 0111 -> 0011 -> 0001
%%       87780.0 ns  Log    ID_SEQUENCER        TB seq.             Testing the sequence: 1000 -> 1100 -> 0101 -> 0110 -> 0110 -> 0011 -> 0001
%%       87820.0 ns  Alert  ERROR               TB seq.(uvvm)       assert_shift_one_from_left() => Failed (pipeline num:4). Last cycle bit was not '1' at the 4-cycle (last cycle). 
%%       87880.0 ns  Log    ID_SEQUENCER        TB seq.             Testing the sequence: 1000 -> 1100 -> 0101 -> 0110 -> 0111 -> 0011 -> 0001
%%       87980.0 ns  Log    ID_SEQUENCER        TB seq.             Testing the sequence: 1000 -> 1100 -> 0101 -> 0111 -> 0110 -> 0011 -> 0001
%%       88020.0 ns  Alert  ERROR               TB seq.(uvvm)       assert_shift_one_from_left() => Failed (pipeline num:4). Last cycle bit was not '1' at the 4-cycle (last cycle). 
%%       88080.0 ns  Log    ID_SEQUENCER        TB seq.             Testing the sequence: 1000 -> 1100 -> 0101 -> 0111 -> 0111 -> 0011 -> 0001
%%       88180.0 ns  Log    ID_SEQUENCER        TB seq.             Testing the sequence: 1000 -> 1100 -> 0101 -> 1000 -> 0110 -> 0011 -> 0001
%%       88280.0 ns  Log    ID_SEQUENCER        TB seq.             Testing the sequence: 1000 -> 1100 -> 0101 -> 1000 -> 0111 -> 0011 -> 0001
%%       88380.0 ns  Log    ID_SEQUENCER        TB seq.             Testing the sequence: 1000 -> 1100 -> 0101 -> 1001 -> 0110 -> 0011 -> 0001
%%       88480.0 ns  Log    ID_SEQUENCER        TB seq.             Testing the sequence: 1000 -> 1100 -> 0101 -> 1001 -> 0111 -> 0011 -> 0001
%%       88580.0 ns  Log    ID_SEQUENCER        TB seq.             Testing the sequence: 1000 -> 1100 -> 0101 -> 1010 -> 0110 -> 0011 -> 0001
%%       88620.0 ns  Alert  ERROR               TB seq.(uvvm)       assert_shift_one_from_left() => Failed (pipeline num:4). Last cycle bit was not '1' at the 4-cycle (last cycle). 
%%       88680.0 ns  Log    ID_SEQUENCER        TB seq.             Testing the sequence: 1000 -> 1100 -> 0101 -> 1010 -> 0111 -> 0011 -> 0001
%%       88780.0 ns  Log    ID_SEQUENCER        TB seq.             Testing the sequence: 1000 -> 1100 -> 0101 -> 1011 -> 0110 -> 0011 -> 0001
%%       88820.0 ns  Alert  ERROR               TB seq.(uvvm)       assert_shift_one_from_left() => Failed (pipeline num:2). Last cycle bit was not '1' at the 4-cycle (last cycle). 
%%       88880.0 ns  Log    ID_SEQUENCER        TB seq.             Testing the sequence: 1000 -> 1100 -> 0101 -> 1011 -> 0111 -> 0011 -> 0001
%%       88980.0 ns  Log    ID_SEQUENCER        TB seq.             Testing the sequence: 1000 -> 1100 -> 0101 -> 1100 -> 0110 -> 0011 -> 0001
%%       89080.0 ns  Log    ID_SEQUENCER        TB seq.             Testing the sequence: 1000 -> 1100 -> 0101 -> 1100 -> 0111 -> 0011 -> 0001
%%       89180.0 ns  Log    ID_SEQUENCER        TB seq.             Testing the sequence: 1000 -> 1100 -> 0101 -> 1101 -> 0110 -> 0011 -> 0001
%%       89280.0 ns  Log    ID_SEQUENCER        TB seq.             Testing the sequence: 1000 -> 1100 -> 0101 -> 1101 -> 0111 -> 0011 -> 0001
%%       89380.0 ns  Log    ID_SEQUENCER        TB seq.             Testing the sequence: 1000 -> 1100 -> 0101 -> 1110 -> 0110 -> 0011 -> 0001
%%       89420.0 ns  Alert  ERROR               TB seq.(uvvm)       assert_shift_one_from_left() => Failed (pipeline num:4). Last cycle bit was not '1' at the 4-cycle (last cycle). 
%%       89480.0 ns  Log    ID_SEQUENCER        TB seq.             Testing the sequence: 1000 -> 1100 -> 0101 -> 1110 -> 0111 -> 0011 -> 0001
%%       89580.0 ns  Log    ID_SEQUENCER        TB seq.             Testing the sequence: 1000 -> 1100 -> 0101 -> 1111 -> 0110 -> 0011 -> 0001
%%       89620.0 ns  Alert  ERROR               TB seq.(uvvm)       assert_shift_one_from_left() => Failed (pipeline num:2). Last cycle bit was not '1' at the 4-cycle (last cycle). 
%%       89680.0 ns  Log    ID_SEQUENCER        TB seq.             Testing the sequence: 1000 -> 1100 -> 0101 -> 1111 -> 0111 -> 0011 -> 0001
%%       89780.0 ns  Log    ID_SEQUENCER        TB seq.             Testing the sequence: 1000 -> 1100 -> 0110 -> 0000 -> 0110 -> 0011 -> 0001
%%       89810.0 ns  Alert  ERROR               TB seq.(uvvm)       assert_shift_one_from_left() => Failed (pipeline num:3). Last cycle bit was not '1' at the 4-cycle (last cycle). 
%%       89880.0 ns  Log    ID_SEQUENCER        TB seq.             Testing the sequence: 1000 -> 1100 -> 0110 -> 0000 -> 0111 -> 0011 -> 0001
%%       89910.0 ns  Alert  ERROR               TB seq.(uvvm)       assert_shift_one_from_left() => Failed (pipeline num:1). Last cycle bit was not '1' at the 4-cycle (last cycle). 
%%       89980.0 ns  Log    ID_SEQUENCER        TB seq.             Testing the sequence: 1000 -> 1100 -> 0110 -> 0001 -> 0110 -> 0011 -> 0001
%%       90080.0 ns  Log    ID_SEQUENCER        TB seq.             Testing the sequence: 1000 -> 1100 -> 0110 -> 0001 -> 0111 -> 0011 -> 0001
%%       90180.0 ns  Log    ID_SEQUENCER        TB seq.             Testing the sequence: 1000 -> 1100 -> 0110 -> 0010 -> 0110 -> 0011 -> 0001
%%       90210.0 ns  Alert  ERROR               TB seq.(uvvm)       assert_shift_one_from_left() => Failed (pipeline num:3). Last cycle bit was not '1' at the 4-cycle (last cycle). 
%%       90220.0 ns  Alert  ERROR               TB seq.(uvvm)       assert_shift_one_from_left() => Failed (pipeline num:4). Last cycle bit was not '1' at the 4-cycle (last cycle). 
%%       90280.0 ns  Log    ID_SEQUENCER        TB seq.             Testing the sequence: 1000 -> 1100 -> 0110 -> 0010 -> 0111 -> 0011 -> 0001
%%       90310.0 ns  Alert  ERROR               TB seq.(uvvm)       assert_shift_one_from_left() => Failed (pipeline num:1). Last cycle bit was not '1' at the 4-cycle (last cycle). 
%%       90380.0 ns  Log    ID_SEQUENCER        TB seq.             Testing the sequence: 1000 -> 1100 -> 0110 -> 0011 -> 0110 -> 0011 -> 0001
%%       90420.0 ns  Alert  ERROR               TB seq.(uvvm)       assert_shift_one_from_left() => Failed (pipeline num:4). Last cycle bit was not '1' at the 4-cycle (last cycle). 
%%       90480.0 ns  Log    ID_SEQUENCER        TB seq.             Testing the sequence: 1000 -> 1100 -> 0110 -> 0011 -> 0111 -> 0011 -> 0001
%%       90580.0 ns  Log    ID_SEQUENCER        TB seq.             Testing the sequence: 1000 -> 1100 -> 0110 -> 0100 -> 0110 -> 0011 -> 0001
%%       90610.0 ns  Alert  ERROR               TB seq.(uvvm)       assert_shift_one_from_left() => Failed (pipeline num:3). Last cycle bit was not '1' at the 4-cycle (last cycle). 
%%       90680.0 ns  Log    ID_SEQUENCER        TB seq.             Testing the sequence: 1000 -> 1100 -> 0110 -> 0100 -> 0111 -> 0011 -> 0001
%%       90710.0 ns  Alert  ERROR               TB seq.(uvvm)       assert_shift_one_from_left() => Failed (pipeline num:1). Last cycle bit was not '1' at the 4-cycle (last cycle). 
%%       90780.0 ns  Log    ID_SEQUENCER        TB seq.             Testing the sequence: 1000 -> 1100 -> 0110 -> 0101 -> 0110 -> 0011 -> 0001
%%       90880.0 ns  Log    ID_SEQUENCER        TB seq.             Testing the sequence: 1000 -> 1100 -> 0110 -> 0101 -> 0111 -> 0011 -> 0001
%%       90980.0 ns  Log    ID_SEQUENCER        TB seq.             Testing the sequence: 1000 -> 1100 -> 0110 -> 0110 -> 0110 -> 0011 -> 0001
%%       91010.0 ns  Alert  ERROR               TB seq.(uvvm)       assert_shift_one_from_left() => Failed (pipeline num:3). Last cycle bit was not '1' at the 4-cycle (last cycle). 
%%       91020.0 ns  Alert  ERROR               TB seq.(uvvm)       assert_shift_one_from_left() => Failed (pipeline num:4). Last cycle bit was not '1' at the 4-cycle (last cycle). 
%%       91080.0 ns  Log    ID_SEQUENCER        TB seq.             Testing the sequence: 1000 -> 1100 -> 0110 -> 0110 -> 0111 -> 0011 -> 0001
%%       91110.0 ns  Alert  ERROR               TB seq.(uvvm)       assert_shift_one_from_left() => Failed (pipeline num:1). Last cycle bit was not '1' at the 4-cycle (last cycle). 
%%       91180.0 ns  Log    ID_SEQUENCER        TB seq.             Testing the sequence: 1000 -> 1100 -> 0110 -> 0111 -> 0110 -> 0011 -> 0001
%%       91220.0 ns  Alert  ERROR               TB seq.(uvvm)       assert_shift_one_from_left() => Failed (pipeline num:4). Last cycle bit was not '1' at the 4-cycle (last cycle). 
%%       91280.0 ns  Log    ID_SEQUENCER        TB seq.             Testing the sequence: 1000 -> 1100 -> 0110 -> 0111 -> 0111 -> 0011 -> 0001
%%       91380.0 ns  Log    ID_SEQUENCER        TB seq.             Testing the sequence: 1000 -> 1100 -> 0110 -> 1000 -> 0110 -> 0011 -> 0001
%%       91410.0 ns  Alert  ERROR               TB seq.(uvvm)       assert_shift_one_from_left() => Failed (pipeline num:3). Last cycle bit was not '1' at the 4-cycle (last cycle). 
%%       91480.0 ns  Log    ID_SEQUENCER        TB seq.             Testing the sequence: 1000 -> 1100 -> 0110 -> 1000 -> 0111 -> 0011 -> 0001
%%       91510.0 ns  Alert  ERROR               TB seq.(uvvm)       assert_shift_one_from_left() => Failed (pipeline num:2). Last cycle bit was not '1' at the 4-cycle (last cycle). 
%%       91580.0 ns  Log    ID_SEQUENCER        TB seq.             Testing the sequence: 1000 -> 1100 -> 0110 -> 1001 -> 0110 -> 0011 -> 0001
%%       91680.0 ns  Log    ID_SEQUENCER        TB seq.             Testing the sequence: 1000 -> 1100 -> 0110 -> 1001 -> 0111 -> 0011 -> 0001
%%       91780.0 ns  Log    ID_SEQUENCER        TB seq.             Testing the sequence: 1000 -> 1100 -> 0110 -> 1010 -> 0110 -> 0011 -> 0001
%%       91810.0 ns  Alert  ERROR               TB seq.(uvvm)       assert_shift_one_from_left() => Failed (pipeline num:3). Last cycle bit was not '1' at the 4-cycle (last cycle). 
%%       91820.0 ns  Alert  ERROR               TB seq.(uvvm)       assert_shift_one_from_left() => Failed (pipeline num:4). Last cycle bit was not '1' at the 4-cycle (last cycle). 
%%       91880.0 ns  Log    ID_SEQUENCER        TB seq.             Testing the sequence: 1000 -> 1100 -> 0110 -> 1010 -> 0111 -> 0011 -> 0001
%%       91910.0 ns  Alert  ERROR               TB seq.(uvvm)       assert_shift_one_from_left() => Failed (pipeline num:2). Last cycle bit was not '1' at the 4-cycle (last cycle). 
%%       91980.0 ns  Log    ID_SEQUENCER        TB seq.             Testing the sequence: 1000 -> 1100 -> 0110 -> 1011 -> 0110 -> 0011 -> 0001
%%       92020.0 ns  Alert  ERROR               TB seq.(uvvm)       assert_shift_one_from_left() => Failed (pipeline num:2). Last cycle bit was not '1' at the 4-cycle (last cycle). 
%%       92080.0 ns  Log    ID_SEQUENCER        TB seq.             Testing the sequence: 1000 -> 1100 -> 0110 -> 1011 -> 0111 -> 0011 -> 0001
%%       92180.0 ns  Log    ID_SEQUENCER        TB seq.             Testing the sequence: 1000 -> 1100 -> 0110 -> 1100 -> 0110 -> 0011 -> 0001
%%       92210.0 ns  Alert  ERROR               TB seq.(uvvm)       assert_shift_one_from_left() => Failed (pipeline num:3). Last cycle bit was not '1' at the 4-cycle (last cycle). 
%%       92280.0 ns  Log    ID_SEQUENCER        TB seq.             Testing the sequence: 1000 -> 1100 -> 0110 -> 1100 -> 0111 -> 0011 -> 0001
%%       92310.0 ns  Alert  ERROR               TB seq.(uvvm)       assert_shift_one_from_left() => Failed (pipeline num:2). Last cycle bit was not '1' at the 4-cycle (last cycle). 
%%       92380.0 ns  Log    ID_SEQUENCER        TB seq.             Testing the sequence: 1000 -> 1100 -> 0110 -> 1101 -> 0110 -> 0011 -> 0001
%%       92480.0 ns  Log    ID_SEQUENCER        TB seq.             Testing the sequence: 1000 -> 1100 -> 0110 -> 1101 -> 0111 -> 0011 -> 0001
%%       92580.0 ns  Log    ID_SEQUENCER        TB seq.             Testing the sequence: 1000 -> 1100 -> 0110 -> 1110 -> 0110 -> 0011 -> 0001
%%       92610.0 ns  Alert  ERROR               TB seq.(uvvm)       assert_shift_one_from_left() => Failed (pipeline num:3). Last cycle bit was not '1' at the 4-cycle (last cycle). 
%%       92620.0 ns  Alert  ERROR               TB seq.(uvvm)       assert_shift_one_from_left() => Failed (pipeline num:4). Last cycle bit was not '1' at the 4-cycle (last cycle). 
%%       92680.0 ns  Log    ID_SEQUENCER        TB seq.             Testing the sequence: 1000 -> 1100 -> 0110 -> 1110 -> 0111 -> 0011 -> 0001
%%       92710.0 ns  Alert  ERROR               TB seq.(uvvm)       assert_shift_one_from_left() => Failed (pipeline num:2). Last cycle bit was not '1' at the 4-cycle (last cycle). 
%%       92780.0 ns  Log    ID_SEQUENCER        TB seq.             Testing the sequence: 1000 -> 1100 -> 0110 -> 1111 -> 0110 -> 0011 -> 0001
%%       92820.0 ns  Alert  ERROR               TB seq.(uvvm)       assert_shift_one_from_left() => Failed (pipeline num:2). Last cycle bit was not '1' at the 4-cycle (last cycle). 
%%       92880.0 ns  Log    ID_SEQUENCER        TB seq.             Testing the sequence: 1000 -> 1100 -> 0110 -> 1111 -> 0111 -> 0011 -> 0001
%%       92980.0 ns  Log    ID_SEQUENCER        TB seq.             Testing the sequence: 1000 -> 1100 -> 0111 -> 0000 -> 0110 -> 0011 -> 0001
%%       93010.0 ns  Alert  ERROR               TB seq.(uvvm)       assert_shift_one_from_left() => Failed (pipeline num:3). Last cycle bit was not '1' at the 4-cycle (last cycle). 
%%       93080.0 ns  Log    ID_SEQUENCER        TB seq.             Testing the sequence: 1000 -> 1100 -> 0111 -> 0000 -> 0111 -> 0011 -> 0001
%%       93110.0 ns  Alert  ERROR               TB seq.(uvvm)       assert_shift_one_from_left() => Failed (pipeline num:1). Last cycle bit was not '1' at the 4-cycle (last cycle). 
%%       93180.0 ns  Log    ID_SEQUENCER        TB seq.             Testing the sequence: 1000 -> 1100 -> 0111 -> 0001 -> 0110 -> 0011 -> 0001
%%       93280.0 ns  Log    ID_SEQUENCER        TB seq.             Testing the sequence: 1000 -> 1100 -> 0111 -> 0001 -> 0111 -> 0011 -> 0001
%%       93380.0 ns  Log    ID_SEQUENCER        TB seq.             Testing the sequence: 1000 -> 1100 -> 0111 -> 0010 -> 0110 -> 0011 -> 0001
%%       93410.0 ns  Alert  ERROR               TB seq.(uvvm)       assert_shift_one_from_left() => Failed (pipeline num:3). Last cycle bit was not '1' at the 4-cycle (last cycle). 
%%       93420.0 ns  Alert  ERROR               TB seq.(uvvm)       assert_shift_one_from_left() => Failed (pipeline num:4). Last cycle bit was not '1' at the 4-cycle (last cycle). 
%%       93480.0 ns  Log    ID_SEQUENCER        TB seq.             Testing the sequence: 1000 -> 1100 -> 0111 -> 0010 -> 0111 -> 0011 -> 0001
%%       93510.0 ns  Alert  ERROR               TB seq.(uvvm)       assert_shift_one_from_left() => Failed (pipeline num:1). Last cycle bit was not '1' at the 4-cycle (last cycle). 
%%       93580.0 ns  Log    ID_SEQUENCER        TB seq.             Testing the sequence: 1000 -> 1100 -> 0111 -> 0011 -> 0110 -> 0011 -> 0001
%%       93620.0 ns  Alert  ERROR               TB seq.(uvvm)       assert_shift_one_from_left() => Failed (pipeline num:4). Last cycle bit was not '1' at the 4-cycle (last cycle). 
%%       93680.0 ns  Log    ID_SEQUENCER        TB seq.             Testing the sequence: 1000 -> 1100 -> 0111 -> 0011 -> 0111 -> 0011 -> 0001
%%       93780.0 ns  Log    ID_SEQUENCER        TB seq.             Testing the sequence: 1000 -> 1100 -> 0111 -> 0100 -> 0110 -> 0011 -> 0001
%%       93810.0 ns  Alert  ERROR               TB seq.(uvvm)       assert_shift_one_from_left() => Failed (pipeline num:3). Last cycle bit was not '1' at the 4-cycle (last cycle). 
%%       93880.0 ns  Log    ID_SEQUENCER        TB seq.             Testing the sequence: 1000 -> 1100 -> 0111 -> 0100 -> 0111 -> 0011 -> 0001
%%       93910.0 ns  Alert  ERROR               TB seq.(uvvm)       assert_shift_one_from_left() => Failed (pipeline num:1). Last cycle bit was not '1' at the 4-cycle (last cycle). 
%%       93980.0 ns  Log    ID_SEQUENCER        TB seq.             Testing the sequence: 1000 -> 1100 -> 0111 -> 0101 -> 0110 -> 0011 -> 0001
%%       94080.0 ns  Log    ID_SEQUENCER        TB seq.             Testing the sequence: 1000 -> 1100 -> 0111 -> 0101 -> 0111 -> 0011 -> 0001
%%       94180.0 ns  Log    ID_SEQUENCER        TB seq.             Testing the sequence: 1000 -> 1100 -> 0111 -> 0110 -> 0110 -> 0011 -> 0001
%%       94210.0 ns  Alert  ERROR               TB seq.(uvvm)       assert_shift_one_from_left() => Failed (pipeline num:3). Last cycle bit was not '1' at the 4-cycle (last cycle). 
%%       94220.0 ns  Alert  ERROR               TB seq.(uvvm)       assert_shift_one_from_left() => Failed (pipeline num:4). Last cycle bit was not '1' at the 4-cycle (last cycle). 
%%       94280.0 ns  Log    ID_SEQUENCER        TB seq.             Testing the sequence: 1000 -> 1100 -> 0111 -> 0110 -> 0111 -> 0011 -> 0001
%%       94310.0 ns  Alert  ERROR               TB seq.(uvvm)       assert_shift_one_from_left() => Failed (pipeline num:1). Last cycle bit was not '1' at the 4-cycle (last cycle). 
%%       94380.0 ns  Log    ID_SEQUENCER        TB seq.             Testing the sequence: 1000 -> 1100 -> 0111 -> 0111 -> 0110 -> 0011 -> 0001
%%       94420.0 ns  Alert  ERROR               TB seq.(uvvm)       assert_shift_one_from_left() => Failed (pipeline num:4). Last cycle bit was not '1' at the 4-cycle (last cycle). 
%%       94480.0 ns  Log    ID_SEQUENCER        TB seq.             Testing the sequence: 1000 -> 1100 -> 0111 -> 0111 -> 0111 -> 0011 -> 0001
%%       94580.0 ns  Log    ID_SEQUENCER        TB seq.             Testing the sequence: 1000 -> 1100 -> 0111 -> 1000 -> 0110 -> 0011 -> 0001
%%       94610.0 ns  Alert  ERROR               TB seq.(uvvm)       assert_shift_one_from_left() => Failed (pipeline num:3). Last cycle bit was not '1' at the 4-cycle (last cycle). 
%%       94680.0 ns  Log    ID_SEQUENCER        TB seq.             Testing the sequence: 1000 -> 1100 -> 0111 -> 1000 -> 0111 -> 0011 -> 0001
%%       94710.0 ns  Alert  ERROR               TB seq.(uvvm)       assert_shift_one_from_left() => Failed (pipeline num:2). Last cycle bit was not '1' at the 4-cycle (last cycle). 
%%       94780.0 ns  Log    ID_SEQUENCER        TB seq.             Testing the sequence: 1000 -> 1100 -> 0111 -> 1001 -> 0110 -> 0011 -> 0001
%%       94880.0 ns  Log    ID_SEQUENCER        TB seq.             Testing the sequence: 1000 -> 1100 -> 0111 -> 1001 -> 0111 -> 0011 -> 0001
%%       94980.0 ns  Log    ID_SEQUENCER        TB seq.             Testing the sequence: 1000 -> 1100 -> 0111 -> 1010 -> 0110 -> 0011 -> 0001
%%       95010.0 ns  Alert  ERROR               TB seq.(uvvm)       assert_shift_one_from_left() => Failed (pipeline num:3). Last cycle bit was not '1' at the 4-cycle (last cycle). 
%%       95020.0 ns  Alert  ERROR               TB seq.(uvvm)       assert_shift_one_from_left() => Failed (pipeline num:4). Last cycle bit was not '1' at the 4-cycle (last cycle). 
%%       95080.0 ns  Log    ID_SEQUENCER        TB seq.             Testing the sequence: 1000 -> 1100 -> 0111 -> 1010 -> 0111 -> 0011 -> 0001
%%       95110.0 ns  Alert  ERROR               TB seq.(uvvm)       assert_shift_one_from_left() => Failed (pipeline num:2). Last cycle bit was not '1' at the 4-cycle (last cycle). 
%%       95180.0 ns  Log    ID_SEQUENCER        TB seq.             Testing the sequence: 1000 -> 1100 -> 0111 -> 1011 -> 0110 -> 0011 -> 0001
%%       95220.0 ns  Alert  ERROR               TB seq.(uvvm)       assert_shift_one_from_left() => Failed (pipeline num:2). Last cycle bit was not '1' at the 4-cycle (last cycle). 
%%       95280.0 ns  Log    ID_SEQUENCER        TB seq.             Testing the sequence: 1000 -> 1100 -> 0111 -> 1011 -> 0111 -> 0011 -> 0001
%%       95380.0 ns  Log    ID_SEQUENCER        TB seq.             Testing the sequence: 1000 -> 1100 -> 0111 -> 1100 -> 0110 -> 0011 -> 0001
%%       95410.0 ns  Alert  ERROR               TB seq.(uvvm)       assert_shift_one_from_left() => Failed (pipeline num:3). Last cycle bit was not '1' at the 4-cycle (last cycle). 
%%       95480.0 ns  Log    ID_SEQUENCER        TB seq.             Testing the sequence: 1000 -> 1100 -> 0111 -> 1100 -> 0111 -> 0011 -> 0001
%%       95510.0 ns  Alert  ERROR               TB seq.(uvvm)       assert_shift_one_from_left() => Failed (pipeline num:2). Last cycle bit was not '1' at the 4-cycle (last cycle). 
%%       95580.0 ns  Log    ID_SEQUENCER        TB seq.             Testing the sequence: 1000 -> 1100 -> 0111 -> 1101 -> 0110 -> 0011 -> 0001
%%       95680.0 ns  Log    ID_SEQUENCER        TB seq.             Testing the sequence: 1000 -> 1100 -> 0111 -> 1101 -> 0111 -> 0011 -> 0001
%%       95780.0 ns  Log    ID_SEQUENCER        TB seq.             Testing the sequence: 1000 -> 1100 -> 0111 -> 1110 -> 0110 -> 0011 -> 0001
%%       95810.0 ns  Alert  ERROR               TB seq.(uvvm)       assert_shift_one_from_left() => Failed (pipeline num:3). Last cycle bit was not '1' at the 4-cycle (last cycle). 
%%       95820.0 ns  Alert  ERROR               TB seq.(uvvm)       assert_shift_one_from_left() => Failed (pipeline num:4). Last cycle bit was not '1' at the 4-cycle (last cycle). 
%%       95880.0 ns  Log    ID_SEQUENCER        TB seq.             Testing the sequence: 1000 -> 1100 -> 0111 -> 1110 -> 0111 -> 0011 -> 0001
%%       95910.0 ns  Alert  ERROR               TB seq.(uvvm)       assert_shift_one_from_left() => Failed (pipeline num:2). Last cycle bit was not '1' at the 4-cycle (last cycle). 
%%       95980.0 ns  Log    ID_SEQUENCER        TB seq.             Testing the sequence: 1000 -> 1100 -> 0111 -> 1111 -> 0110 -> 0011 -> 0001
%%       96020.0 ns  Alert  ERROR               TB seq.(uvvm)       assert_shift_one_from_left() => Failed (pipeline num:2). Last cycle bit was not '1' at the 4-cycle (last cycle). 
%%       96080.0 ns  Log    ID_SEQUENCER        TB seq.             Testing the sequence: 1000 -> 1100 -> 0111 -> 1111 -> 0111 -> 0011 -> 0001
%%       96180.0 ns  Log    ID_SEQUENCER        TB seq.             Testing the sequence: 1000 -> 1100 -> 1000 -> 0000 -> 0110 -> 0011 -> 0001
%%       96280.0 ns  Log    ID_SEQUENCER        TB seq.             Testing the sequence: 1000 -> 1100 -> 1000 -> 0000 -> 0111 -> 0011 -> 0001
%%       96380.0 ns  Log    ID_SEQUENCER        TB seq.             Testing the sequence: 1000 -> 1100 -> 1000 -> 0001 -> 0110 -> 0011 -> 0001
%%       96480.0 ns  Log    ID_SEQUENCER        TB seq.             Testing the sequence: 1000 -> 1100 -> 1000 -> 0001 -> 0111 -> 0011 -> 0001
%%       96580.0 ns  Log    ID_SEQUENCER        TB seq.             Testing the sequence: 1000 -> 1100 -> 1000 -> 0010 -> 0110 -> 0011 -> 0001
%%       96680.0 ns  Log    ID_SEQUENCER        TB seq.             Testing the sequence: 1000 -> 1100 -> 1000 -> 0010 -> 0111 -> 0011 -> 0001
%%       96780.0 ns  Log    ID_SEQUENCER        TB seq.             Testing the sequence: 1000 -> 1100 -> 1000 -> 0011 -> 0110 -> 0011 -> 0001
%%       96880.0 ns  Log    ID_SEQUENCER        TB seq.             Testing the sequence: 1000 -> 1100 -> 1000 -> 0011 -> 0111 -> 0011 -> 0001
%%       96980.0 ns  Log    ID_SEQUENCER        TB seq.             Testing the sequence: 1000 -> 1100 -> 1000 -> 0100 -> 0110 -> 0011 -> 0001
%%       97080.0 ns  Log    ID_SEQUENCER        TB seq.             Testing the sequence: 1000 -> 1100 -> 1000 -> 0100 -> 0111 -> 0011 -> 0001
%%       97180.0 ns  Log    ID_SEQUENCER        TB seq.             Testing the sequence: 1000 -> 1100 -> 1000 -> 0101 -> 0110 -> 0011 -> 0001
%%       97280.0 ns  Log    ID_SEQUENCER        TB seq.             Testing the sequence: 1000 -> 1100 -> 1000 -> 0101 -> 0111 -> 0011 -> 0001
%%       97380.0 ns  Log    ID_SEQUENCER        TB seq.             Testing the sequence: 1000 -> 1100 -> 1000 -> 0110 -> 0110 -> 0011 -> 0001
%%       97480.0 ns  Log    ID_SEQUENCER        TB seq.             Testing the sequence: 1000 -> 1100 -> 1000 -> 0110 -> 0111 -> 0011 -> 0001
%%       97580.0 ns  Log    ID_SEQUENCER        TB seq.             Testing the sequence: 1000 -> 1100 -> 1000 -> 0111 -> 0110 -> 0011 -> 0001
%%       97680.0 ns  Log    ID_SEQUENCER        TB seq.             Testing the sequence: 1000 -> 1100 -> 1000 -> 0111 -> 0111 -> 0011 -> 0001
%%       97780.0 ns  Log    ID_SEQUENCER        TB seq.             Testing the sequence: 1000 -> 1100 -> 1000 -> 1000 -> 0110 -> 0011 -> 0001
%%       97880.0 ns  Log    ID_SEQUENCER        TB seq.             Testing the sequence: 1000 -> 1100 -> 1000 -> 1000 -> 0111 -> 0011 -> 0001
%%       97980.0 ns  Log    ID_SEQUENCER        TB seq.             Testing the sequence: 1000 -> 1100 -> 1000 -> 1001 -> 0110 -> 0011 -> 0001
%%       98080.0 ns  Log    ID_SEQUENCER        TB seq.             Testing the sequence: 1000 -> 1100 -> 1000 -> 1001 -> 0111 -> 0011 -> 0001
%%       98180.0 ns  Log    ID_SEQUENCER        TB seq.             Testing the sequence: 1000 -> 1100 -> 1000 -> 1010 -> 0110 -> 0011 -> 0001
%%       98280.0 ns  Log    ID_SEQUENCER        TB seq.             Testing the sequence: 1000 -> 1100 -> 1000 -> 1010 -> 0111 -> 0011 -> 0001
%%       98380.0 ns  Log    ID_SEQUENCER        TB seq.             Testing the sequence: 1000 -> 1100 -> 1000 -> 1011 -> 0110 -> 0011 -> 0001
%%       98480.0 ns  Log    ID_SEQUENCER        TB seq.             Testing the sequence: 1000 -> 1100 -> 1000 -> 1011 -> 0111 -> 0011 -> 0001
%%       98580.0 ns  Log    ID_SEQUENCER        TB seq.             Testing the sequence: 1000 -> 1100 -> 1000 -> 1100 -> 0110 -> 0011 -> 0001
%%       98680.0 ns  Log    ID_SEQUENCER        TB seq.             Testing the sequence: 1000 -> 1100 -> 1000 -> 1100 -> 0111 -> 0011 -> 0001
%%       98780.0 ns  Log    ID_SEQUENCER        TB seq.             Testing the sequence: 1000 -> 1100 -> 1000 -> 1101 -> 0110 -> 0011 -> 0001
%%       98880.0 ns  Log    ID_SEQUENCER        TB seq.             Testing the sequence: 1000 -> 1100 -> 1000 -> 1101 -> 0111 -> 0011 -> 0001
%%       98980.0 ns  Log    ID_SEQUENCER        TB seq.             Testing the sequence: 1000 -> 1100 -> 1000 -> 1110 -> 0110 -> 0011 -> 0001
%%       99080.0 ns  Log    ID_SEQUENCER        TB seq.             Testing the sequence: 1000 -> 1100 -> 1000 -> 1110 -> 0111 -> 0011 -> 0001
%%       99180.0 ns  Log    ID_SEQUENCER        TB seq.             Testing the sequence: 1000 -> 1100 -> 1000 -> 1111 -> 0110 -> 0011 -> 0001
%%       99280.0 ns  Log    ID_SEQUENCER        TB seq.             Testing the sequence: 1000 -> 1100 -> 1000 -> 1111 -> 0111 -> 0011 -> 0001
%%       99380.0 ns  Log    ID_SEQUENCER        TB seq.             Testing the sequence: 1000 -> 1100 -> 1001 -> 0000 -> 0110 -> 0011 -> 0001
%%       99480.0 ns  Log    ID_SEQUENCER        TB seq.             Testing the sequence: 1000 -> 1100 -> 1001 -> 0000 -> 0111 -> 0011 -> 0001
%%       99580.0 ns  Log    ID_SEQUENCER        TB seq.             Testing the sequence: 1000 -> 1100 -> 1001 -> 0001 -> 0110 -> 0011 -> 0001
%%       99680.0 ns  Log    ID_SEQUENCER        TB seq.             Testing the sequence: 1000 -> 1100 -> 1001 -> 0001 -> 0111 -> 0011 -> 0001
%%       99780.0 ns  Log    ID_SEQUENCER        TB seq.             Testing the sequence: 1000 -> 1100 -> 1001 -> 0010 -> 0110 -> 0011 -> 0001
%%       99880.0 ns  Log    ID_SEQUENCER        TB seq.             Testing the sequence: 1000 -> 1100 -> 1001 -> 0010 -> 0111 -> 0011 -> 0001
%%       99980.0 ns  Log    ID_SEQUENCER        TB seq.             Testing the sequence: 1000 -> 1100 -> 1001 -> 0011 -> 0110 -> 0011 -> 0001
%%      100080.0 ns  Log    ID_SEQUENCER        TB seq.             Testing the sequence: 1000 -> 1100 -> 1001 -> 0011 -> 0111 -> 0011 -> 0001
%%      100180.0 ns  Log    ID_SEQUENCER        TB seq.             Testing the sequence: 1000 -> 1100 -> 1001 -> 0100 -> 0110 -> 0011 -> 0001
%%      100280.0 ns  Log    ID_SEQUENCER        TB seq.             Testing the sequence: 1000 -> 1100 -> 1001 -> 0100 -> 0111 -> 0011 -> 0001
%%      100380.0 ns  Log    ID_SEQUENCER        TB seq.             Testing the sequence: 1000 -> 1100 -> 1001 -> 0101 -> 0110 -> 0011 -> 0001
%%      100480.0 ns  Log    ID_SEQUENCER        TB seq.             Testing the sequence: 1000 -> 1100 -> 1001 -> 0101 -> 0111 -> 0011 -> 0001
%%      100580.0 ns  Log    ID_SEQUENCER        TB seq.             Testing the sequence: 1000 -> 1100 -> 1001 -> 0110 -> 0110 -> 0011 -> 0001
%%      100680.0 ns  Log    ID_SEQUENCER        TB seq.             Testing the sequence: 1000 -> 1100 -> 1001 -> 0110 -> 0111 -> 0011 -> 0001
%%      100780.0 ns  Log    ID_SEQUENCER        TB seq.             Testing the sequence: 1000 -> 1100 -> 1001 -> 0111 -> 0110 -> 0011 -> 0001
%%      100880.0 ns  Log    ID_SEQUENCER        TB seq.             Testing the sequence: 1000 -> 1100 -> 1001 -> 0111 -> 0111 -> 0011 -> 0001
%%      100980.0 ns  Log    ID_SEQUENCER        TB seq.             Testing the sequence: 1000 -> 1100 -> 1001 -> 1000 -> 0110 -> 0011 -> 0001
%%      101080.0 ns  Log    ID_SEQUENCER        TB seq.             Testing the sequence: 1000 -> 1100 -> 1001 -> 1000 -> 0111 -> 0011 -> 0001
%%      101180.0 ns  Log    ID_SEQUENCER        TB seq.             Testing the sequence: 1000 -> 1100 -> 1001 -> 1001 -> 0110 -> 0011 -> 0001
%%      101280.0 ns  Log    ID_SEQUENCER        TB seq.             Testing the sequence: 1000 -> 1100 -> 1001 -> 1001 -> 0111 -> 0011 -> 0001
%%      101380.0 ns  Log    ID_SEQUENCER        TB seq.             Testing the sequence: 1000 -> 1100 -> 1001 -> 1010 -> 0110 -> 0011 -> 0001
%%      101480.0 ns  Log    ID_SEQUENCER        TB seq.             Testing the sequence: 1000 -> 1100 -> 1001 -> 1010 -> 0111 -> 0011 -> 0001
%%      101580.0 ns  Log    ID_SEQUENCER        TB seq.             Testing the sequence: 1000 -> 1100 -> 1001 -> 1011 -> 0110 -> 0011 -> 0001
%%      101680.0 ns  Log    ID_SEQUENCER        TB seq.             Testing the sequence: 1000 -> 1100 -> 1001 -> 1011 -> 0111 -> 0011 -> 0001
%%      101780.0 ns  Log    ID_SEQUENCER        TB seq.             Testing the sequence: 1000 -> 1100 -> 1001 -> 1100 -> 0110 -> 0011 -> 0001
%%      101880.0 ns  Log    ID_SEQUENCER        TB seq.             Testing the sequence: 1000 -> 1100 -> 1001 -> 1100 -> 0111 -> 0011 -> 0001
%%      101980.0 ns  Log    ID_SEQUENCER        TB seq.             Testing the sequence: 1000 -> 1100 -> 1001 -> 1101 -> 0110 -> 0011 -> 0001
%%      102080.0 ns  Log    ID_SEQUENCER        TB seq.             Testing the sequence: 1000 -> 1100 -> 1001 -> 1101 -> 0111 -> 0011 -> 0001
%%      102180.0 ns  Log    ID_SEQUENCER        TB seq.             Testing the sequence: 1000 -> 1100 -> 1001 -> 1110 -> 0110 -> 0011 -> 0001
%%      102280.0 ns  Log    ID_SEQUENCER        TB seq.             Testing the sequence: 1000 -> 1100 -> 1001 -> 1110 -> 0111 -> 0011 -> 0001
%%      102380.0 ns  Log    ID_SEQUENCER        TB seq.             Testing the sequence: 1000 -> 1100 -> 1001 -> 1111 -> 0110 -> 0011 -> 0001
%%      102480.0 ns  Log    ID_SEQUENCER        TB seq.             Testing the sequence: 1000 -> 1100 -> 1001 -> 1111 -> 0111 -> 0011 -> 0001
%%      102580.0 ns  Log    ID_SEQUENCER        TB seq.             Testing the sequence: 1000 -> 1100 -> 1010 -> 0000 -> 0110 -> 0011 -> 0001
%%      102610.0 ns  Alert  ERROR               TB seq.(uvvm)       assert_shift_one_from_left() => Failed (pipeline num:3). Last cycle bit was not '1' at the 4-cycle (last cycle). 
%%      102680.0 ns  Log    ID_SEQUENCER        TB seq.             Testing the sequence: 1000 -> 1100 -> 1010 -> 0000 -> 0111 -> 0011 -> 0001
%%      102710.0 ns  Alert  ERROR               TB seq.(uvvm)       assert_shift_one_from_left() => Failed (pipeline num:2). Last cycle bit was not '1' at the 4-cycle (last cycle). 
%%      102780.0 ns  Log    ID_SEQUENCER        TB seq.             Testing the sequence: 1000 -> 1100 -> 1010 -> 0001 -> 0110 -> 0011 -> 0001
%%      102880.0 ns  Log    ID_SEQUENCER        TB seq.             Testing the sequence: 1000 -> 1100 -> 1010 -> 0001 -> 0111 -> 0011 -> 0001
%%      102980.0 ns  Log    ID_SEQUENCER        TB seq.             Testing the sequence: 1000 -> 1100 -> 1010 -> 0010 -> 0110 -> 0011 -> 0001
%%      103010.0 ns  Alert  ERROR               TB seq.(uvvm)       assert_shift_one_from_left() => Failed (pipeline num:3). Last cycle bit was not '1' at the 4-cycle (last cycle). 
%%      103080.0 ns  Log    ID_SEQUENCER        TB seq.             Testing the sequence: 1000 -> 1100 -> 1010 -> 0010 -> 0111 -> 0011 -> 0001
%%      103110.0 ns  Alert  ERROR               TB seq.(uvvm)       assert_shift_one_from_left() => Failed (pipeline num:2). Last cycle bit was not '1' at the 4-cycle (last cycle). 
%%      103180.0 ns  Log    ID_SEQUENCER        TB seq.             Testing the sequence: 1000 -> 1100 -> 1010 -> 0011 -> 0110 -> 0011 -> 0001
%%      103280.0 ns  Log    ID_SEQUENCER        TB seq.             Testing the sequence: 1000 -> 1100 -> 1010 -> 0011 -> 0111 -> 0011 -> 0001
%%      103380.0 ns  Log    ID_SEQUENCER        TB seq.             Testing the sequence: 1000 -> 1100 -> 1010 -> 0100 -> 0110 -> 0011 -> 0001
%%      103410.0 ns  Alert  ERROR               TB seq.(uvvm)       assert_shift_one_from_left() => Failed (pipeline num:3). Last cycle bit was not '1' at the 4-cycle (last cycle). 
%%      103480.0 ns  Log    ID_SEQUENCER        TB seq.             Testing the sequence: 1000 -> 1100 -> 1010 -> 0100 -> 0111 -> 0011 -> 0001
%%      103510.0 ns  Alert  ERROR               TB seq.(uvvm)       assert_shift_one_from_left() => Failed (pipeline num:2). Last cycle bit was not '1' at the 4-cycle (last cycle). 
%%      103580.0 ns  Log    ID_SEQUENCER        TB seq.             Testing the sequence: 1000 -> 1100 -> 1010 -> 0101 -> 0110 -> 0011 -> 0001
%%      103680.0 ns  Log    ID_SEQUENCER        TB seq.             Testing the sequence: 1000 -> 1100 -> 1010 -> 0101 -> 0111 -> 0011 -> 0001
%%      103780.0 ns  Log    ID_SEQUENCER        TB seq.             Testing the sequence: 1000 -> 1100 -> 1010 -> 0110 -> 0110 -> 0011 -> 0001
%%      103810.0 ns  Alert  ERROR               TB seq.(uvvm)       assert_shift_one_from_left() => Failed (pipeline num:3). Last cycle bit was not '1' at the 4-cycle (last cycle). 
%%      103880.0 ns  Log    ID_SEQUENCER        TB seq.             Testing the sequence: 1000 -> 1100 -> 1010 -> 0110 -> 0111 -> 0011 -> 0001
%%      103910.0 ns  Alert  ERROR               TB seq.(uvvm)       assert_shift_one_from_left() => Failed (pipeline num:2). Last cycle bit was not '1' at the 4-cycle (last cycle). 
%%      103980.0 ns  Log    ID_SEQUENCER        TB seq.             Testing the sequence: 1000 -> 1100 -> 1010 -> 0111 -> 0110 -> 0011 -> 0001
%%      104080.0 ns  Log    ID_SEQUENCER        TB seq.             Testing the sequence: 1000 -> 1100 -> 1010 -> 0111 -> 0111 -> 0011 -> 0001
%%      104180.0 ns  Log    ID_SEQUENCER        TB seq.             Testing the sequence: 1000 -> 1100 -> 1010 -> 1000 -> 0110 -> 0011 -> 0001
%%      104210.0 ns  Alert  ERROR               TB seq.(uvvm)       assert_shift_one_from_left() => Failed (pipeline num:3). Last cycle bit was not '1' at the 4-cycle (last cycle). 
%%      104280.0 ns  Log    ID_SEQUENCER        TB seq.             Testing the sequence: 1000 -> 1100 -> 1010 -> 1000 -> 0111 -> 0011 -> 0001
%%      104310.0 ns  Alert  ERROR               TB seq.(uvvm)       assert_shift_one_from_left() => Failed (pipeline num:3). Last cycle bit was not '1' at the 4-cycle (last cycle). 
%%      104380.0 ns  Log    ID_SEQUENCER        TB seq.             Testing the sequence: 1000 -> 1100 -> 1010 -> 1001 -> 0110 -> 0011 -> 0001
%%      104480.0 ns  Log    ID_SEQUENCER        TB seq.             Testing the sequence: 1000 -> 1100 -> 1010 -> 1001 -> 0111 -> 0011 -> 0001
%%      104580.0 ns  Log    ID_SEQUENCER        TB seq.             Testing the sequence: 1000 -> 1100 -> 1010 -> 1010 -> 0110 -> 0011 -> 0001
%%      104610.0 ns  Alert  ERROR               TB seq.(uvvm)       assert_shift_one_from_left() => Failed (pipeline num:3). Last cycle bit was not '1' at the 4-cycle (last cycle). 
%%      104680.0 ns  Log    ID_SEQUENCER        TB seq.             Testing the sequence: 1000 -> 1100 -> 1010 -> 1010 -> 0111 -> 0011 -> 0001
%%      104710.0 ns  Alert  ERROR               TB seq.(uvvm)       assert_shift_one_from_left() => Failed (pipeline num:3). Last cycle bit was not '1' at the 4-cycle (last cycle). 
%%      104780.0 ns  Log    ID_SEQUENCER        TB seq.             Testing the sequence: 1000 -> 1100 -> 1010 -> 1011 -> 0110 -> 0011 -> 0001
%%      104880.0 ns  Log    ID_SEQUENCER        TB seq.             Testing the sequence: 1000 -> 1100 -> 1010 -> 1011 -> 0111 -> 0011 -> 0001
%%      104980.0 ns  Log    ID_SEQUENCER        TB seq.             Testing the sequence: 1000 -> 1100 -> 1010 -> 1100 -> 0110 -> 0011 -> 0001
%%      105010.0 ns  Alert  ERROR               TB seq.(uvvm)       assert_shift_one_from_left() => Failed (pipeline num:3). Last cycle bit was not '1' at the 4-cycle (last cycle). 
%%      105080.0 ns  Log    ID_SEQUENCER        TB seq.             Testing the sequence: 1000 -> 1100 -> 1010 -> 1100 -> 0111 -> 0011 -> 0001
%%      105110.0 ns  Alert  ERROR               TB seq.(uvvm)       assert_shift_one_from_left() => Failed (pipeline num:3). Last cycle bit was not '1' at the 4-cycle (last cycle). 
%%      105180.0 ns  Log    ID_SEQUENCER        TB seq.             Testing the sequence: 1000 -> 1100 -> 1010 -> 1101 -> 0110 -> 0011 -> 0001
%%      105280.0 ns  Log    ID_SEQUENCER        TB seq.             Testing the sequence: 1000 -> 1100 -> 1010 -> 1101 -> 0111 -> 0011 -> 0001
%%      105380.0 ns  Log    ID_SEQUENCER        TB seq.             Testing the sequence: 1000 -> 1100 -> 1010 -> 1110 -> 0110 -> 0011 -> 0001
%%      105410.0 ns  Alert  ERROR               TB seq.(uvvm)       assert_shift_one_from_left() => Failed (pipeline num:3). Last cycle bit was not '1' at the 4-cycle (last cycle). 
%%      105480.0 ns  Log    ID_SEQUENCER        TB seq.             Testing the sequence: 1000 -> 1100 -> 1010 -> 1110 -> 0111 -> 0011 -> 0001
%%      105510.0 ns  Alert  ERROR               TB seq.(uvvm)       assert_shift_one_from_left() => Failed (pipeline num:3). Last cycle bit was not '1' at the 4-cycle (last cycle). 
%%      105580.0 ns  Log    ID_SEQUENCER        TB seq.             Testing the sequence: 1000 -> 1100 -> 1010 -> 1111 -> 0110 -> 0011 -> 0001
%%      105680.0 ns  Log    ID_SEQUENCER        TB seq.             Testing the sequence: 1000 -> 1100 -> 1010 -> 1111 -> 0111 -> 0011 -> 0001
%%      105780.0 ns  Log    ID_SEQUENCER        TB seq.             Testing the sequence: 1000 -> 1100 -> 1011 -> 0000 -> 0110 -> 0011 -> 0001
%%      105810.0 ns  Alert  ERROR               TB seq.(uvvm)       assert_shift_one_from_left() => Failed (pipeline num:3). Last cycle bit was not '1' at the 4-cycle (last cycle). 
%%      105880.0 ns  Log    ID_SEQUENCER        TB seq.             Testing the sequence: 1000 -> 1100 -> 1011 -> 0000 -> 0111 -> 0011 -> 0001
%%      105910.0 ns  Alert  ERROR               TB seq.(uvvm)       assert_shift_one_from_left() => Failed (pipeline num:2). Last cycle bit was not '1' at the 4-cycle (last cycle). 
%%      105980.0 ns  Log    ID_SEQUENCER        TB seq.             Testing the sequence: 1000 -> 1100 -> 1011 -> 0001 -> 0110 -> 0011 -> 0001
%%      106080.0 ns  Log    ID_SEQUENCER        TB seq.             Testing the sequence: 1000 -> 1100 -> 1011 -> 0001 -> 0111 -> 0011 -> 0001
%%      106180.0 ns  Log    ID_SEQUENCER        TB seq.             Testing the sequence: 1000 -> 1100 -> 1011 -> 0010 -> 0110 -> 0011 -> 0001
%%      106210.0 ns  Alert  ERROR               TB seq.(uvvm)       assert_shift_one_from_left() => Failed (pipeline num:3). Last cycle bit was not '1' at the 4-cycle (last cycle). 
%%      106280.0 ns  Log    ID_SEQUENCER        TB seq.             Testing the sequence: 1000 -> 1100 -> 1011 -> 0010 -> 0111 -> 0011 -> 0001
%%      106310.0 ns  Alert  ERROR               TB seq.(uvvm)       assert_shift_one_from_left() => Failed (pipeline num:2). Last cycle bit was not '1' at the 4-cycle (last cycle). 
%%      106380.0 ns  Log    ID_SEQUENCER        TB seq.             Testing the sequence: 1000 -> 1100 -> 1011 -> 0011 -> 0110 -> 0011 -> 0001
%%      106480.0 ns  Log    ID_SEQUENCER        TB seq.             Testing the sequence: 1000 -> 1100 -> 1011 -> 0011 -> 0111 -> 0011 -> 0001
%%      106580.0 ns  Log    ID_SEQUENCER        TB seq.             Testing the sequence: 1000 -> 1100 -> 1011 -> 0100 -> 0110 -> 0011 -> 0001
%%      106610.0 ns  Alert  ERROR               TB seq.(uvvm)       assert_shift_one_from_left() => Failed (pipeline num:3). Last cycle bit was not '1' at the 4-cycle (last cycle). 
%%      106680.0 ns  Log    ID_SEQUENCER        TB seq.             Testing the sequence: 1000 -> 1100 -> 1011 -> 0100 -> 0111 -> 0011 -> 0001
%%      106710.0 ns  Alert  ERROR               TB seq.(uvvm)       assert_shift_one_from_left() => Failed (pipeline num:2). Last cycle bit was not '1' at the 4-cycle (last cycle). 
%%      106780.0 ns  Log    ID_SEQUENCER        TB seq.             Testing the sequence: 1000 -> 1100 -> 1011 -> 0101 -> 0110 -> 0011 -> 0001
%%      106880.0 ns  Log    ID_SEQUENCER        TB seq.             Testing the sequence: 1000 -> 1100 -> 1011 -> 0101 -> 0111 -> 0011 -> 0001
%%      106980.0 ns  Log    ID_SEQUENCER        TB seq.             Testing the sequence: 1000 -> 1100 -> 1011 -> 0110 -> 0110 -> 0011 -> 0001
%%      107010.0 ns  Alert  ERROR               TB seq.(uvvm)       assert_shift_one_from_left() => Failed (pipeline num:3). Last cycle bit was not '1' at the 4-cycle (last cycle). 
%%      107080.0 ns  Log    ID_SEQUENCER        TB seq.             Testing the sequence: 1000 -> 1100 -> 1011 -> 0110 -> 0111 -> 0011 -> 0001
%%      107110.0 ns  Alert  ERROR               TB seq.(uvvm)       assert_shift_one_from_left() => Failed (pipeline num:2). Last cycle bit was not '1' at the 4-cycle (last cycle). 
%%      107180.0 ns  Log    ID_SEQUENCER        TB seq.             Testing the sequence: 1000 -> 1100 -> 1011 -> 0111 -> 0110 -> 0011 -> 0001
%%      107280.0 ns  Log    ID_SEQUENCER        TB seq.             Testing the sequence: 1000 -> 1100 -> 1011 -> 0111 -> 0111 -> 0011 -> 0001
%%      107380.0 ns  Log    ID_SEQUENCER        TB seq.             Testing the sequence: 1000 -> 1100 -> 1011 -> 1000 -> 0110 -> 0011 -> 0001
%%      107410.0 ns  Alert  ERROR               TB seq.(uvvm)       assert_shift_one_from_left() => Failed (pipeline num:3). Last cycle bit was not '1' at the 4-cycle (last cycle). 
%%      107480.0 ns  Log    ID_SEQUENCER        TB seq.             Testing the sequence: 1000 -> 1100 -> 1011 -> 1000 -> 0111 -> 0011 -> 0001
%%      107510.0 ns  Alert  ERROR               TB seq.(uvvm)       assert_shift_one_from_left() => Failed (pipeline num:3). Last cycle bit was not '1' at the 4-cycle (last cycle). 
%%      107580.0 ns  Log    ID_SEQUENCER        TB seq.             Testing the sequence: 1000 -> 1100 -> 1011 -> 1001 -> 0110 -> 0011 -> 0001
%%      107680.0 ns  Log    ID_SEQUENCER        TB seq.             Testing the sequence: 1000 -> 1100 -> 1011 -> 1001 -> 0111 -> 0011 -> 0001
%%      107780.0 ns  Log    ID_SEQUENCER        TB seq.             Testing the sequence: 1000 -> 1100 -> 1011 -> 1010 -> 0110 -> 0011 -> 0001
%%      107810.0 ns  Alert  ERROR               TB seq.(uvvm)       assert_shift_one_from_left() => Failed (pipeline num:3). Last cycle bit was not '1' at the 4-cycle (last cycle). 
%%      107880.0 ns  Log    ID_SEQUENCER        TB seq.             Testing the sequence: 1000 -> 1100 -> 1011 -> 1010 -> 0111 -> 0011 -> 0001
%%      107910.0 ns  Alert  ERROR               TB seq.(uvvm)       assert_shift_one_from_left() => Failed (pipeline num:3). Last cycle bit was not '1' at the 4-cycle (last cycle). 
%%      107980.0 ns  Log    ID_SEQUENCER        TB seq.             Testing the sequence: 1000 -> 1100 -> 1011 -> 1011 -> 0110 -> 0011 -> 0001
%%      108080.0 ns  Log    ID_SEQUENCER        TB seq.             Testing the sequence: 1000 -> 1100 -> 1011 -> 1011 -> 0111 -> 0011 -> 0001
%%      108180.0 ns  Log    ID_SEQUENCER        TB seq.             Testing the sequence: 1000 -> 1100 -> 1011 -> 1100 -> 0110 -> 0011 -> 0001
%%      108210.0 ns  Alert  ERROR               TB seq.(uvvm)       assert_shift_one_from_left() => Failed (pipeline num:3). Last cycle bit was not '1' at the 4-cycle (last cycle). 
%%      108280.0 ns  Log    ID_SEQUENCER        TB seq.             Testing the sequence: 1000 -> 1100 -> 1011 -> 1100 -> 0111 -> 0011 -> 0001
%%      108310.0 ns  Alert  ERROR               TB seq.(uvvm)       assert_shift_one_from_left() => Failed (pipeline num:3). Last cycle bit was not '1' at the 4-cycle (last cycle). 
%%      108380.0 ns  Log    ID_SEQUENCER        TB seq.             Testing the sequence: 1000 -> 1100 -> 1011 -> 1101 -> 0110 -> 0011 -> 0001
%%      108480.0 ns  Log    ID_SEQUENCER        TB seq.             Testing the sequence: 1000 -> 1100 -> 1011 -> 1101 -> 0111 -> 0011 -> 0001
%%      108580.0 ns  Log    ID_SEQUENCER        TB seq.             Testing the sequence: 1000 -> 1100 -> 1011 -> 1110 -> 0110 -> 0011 -> 0001
%%      108610.0 ns  Alert  ERROR               TB seq.(uvvm)       assert_shift_one_from_left() => Failed (pipeline num:3). Last cycle bit was not '1' at the 4-cycle (last cycle). 
%%      108680.0 ns  Log    ID_SEQUENCER        TB seq.             Testing the sequence: 1000 -> 1100 -> 1011 -> 1110 -> 0111 -> 0011 -> 0001
%%      108710.0 ns  Alert  ERROR               TB seq.(uvvm)       assert_shift_one_from_left() => Failed (pipeline num:3). Last cycle bit was not '1' at the 4-cycle (last cycle). 
%%      108780.0 ns  Log    ID_SEQUENCER        TB seq.             Testing the sequence: 1000 -> 1100 -> 1011 -> 1111 -> 0110 -> 0011 -> 0001
%%      108880.0 ns  Log    ID_SEQUENCER        TB seq.             Testing the sequence: 1000 -> 1100 -> 1011 -> 1111 -> 0111 -> 0011 -> 0001
%%      108980.0 ns  Log    ID_SEQUENCER        TB seq.             Testing the sequence: 1000 -> 1100 -> 1100 -> 0000 -> 0110 -> 0011 -> 0001
%%      109080.0 ns  Log    ID_SEQUENCER        TB seq.             Testing the sequence: 1000 -> 1100 -> 1100 -> 0000 -> 0111 -> 0011 -> 0001
%%      109180.0 ns  Log    ID_SEQUENCER        TB seq.             Testing the sequence: 1000 -> 1100 -> 1100 -> 0001 -> 0110 -> 0011 -> 0001
%%      109280.0 ns  Log    ID_SEQUENCER        TB seq.             Testing the sequence: 1000 -> 1100 -> 1100 -> 0001 -> 0111 -> 0011 -> 0001
%%      109380.0 ns  Log    ID_SEQUENCER        TB seq.             Testing the sequence: 1000 -> 1100 -> 1100 -> 0010 -> 0110 -> 0011 -> 0001
%%      109420.0 ns  Alert  ERROR               TB seq.(uvvm)       assert_shift_one_from_left() => Failed (pipeline num:4). Last cycle bit was not '1' at the 4-cycle (last cycle). 
%%      109480.0 ns  Log    ID_SEQUENCER        TB seq.             Testing the sequence: 1000 -> 1100 -> 1100 -> 0010 -> 0111 -> 0011 -> 0001
%%      109580.0 ns  Log    ID_SEQUENCER        TB seq.             Testing the sequence: 1000 -> 1100 -> 1100 -> 0011 -> 0110 -> 0011 -> 0001
%%      109620.0 ns  Alert  ERROR               TB seq.(uvvm)       assert_shift_one_from_left() => Failed (pipeline num:2). Last cycle bit was not '1' at the 4-cycle (last cycle). 
%%      109680.0 ns  Log    ID_SEQUENCER        TB seq.             Testing the sequence: 1000 -> 1100 -> 1100 -> 0011 -> 0111 -> 0011 -> 0001
%%      109780.0 ns  Log    ID_SEQUENCER        TB seq.             Testing the sequence: 1000 -> 1100 -> 1100 -> 0100 -> 0110 -> 0011 -> 0001
%%      109880.0 ns  Log    ID_SEQUENCER        TB seq.             Testing the sequence: 1000 -> 1100 -> 1100 -> 0100 -> 0111 -> 0011 -> 0001
%%      109980.0 ns  Log    ID_SEQUENCER        TB seq.             Testing the sequence: 1000 -> 1100 -> 1100 -> 0101 -> 0110 -> 0011 -> 0001
%%      110080.0 ns  Log    ID_SEQUENCER        TB seq.             Testing the sequence: 1000 -> 1100 -> 1100 -> 0101 -> 0111 -> 0011 -> 0001
%%      110180.0 ns  Log    ID_SEQUENCER        TB seq.             Testing the sequence: 1000 -> 1100 -> 1100 -> 0110 -> 0110 -> 0011 -> 0001
%%      110220.0 ns  Alert  ERROR               TB seq.(uvvm)       assert_shift_one_from_left() => Failed (pipeline num:4). Last cycle bit was not '1' at the 4-cycle (last cycle). 
%%      110280.0 ns  Log    ID_SEQUENCER        TB seq.             Testing the sequence: 1000 -> 1100 -> 1100 -> 0110 -> 0111 -> 0011 -> 0001
%%      110380.0 ns  Log    ID_SEQUENCER        TB seq.             Testing the sequence: 1000 -> 1100 -> 1100 -> 0111 -> 0110 -> 0011 -> 0001
%%      110420.0 ns  Alert  ERROR               TB seq.(uvvm)       assert_shift_one_from_left() => Failed (pipeline num:2). Last cycle bit was not '1' at the 4-cycle (last cycle). 
%%      110480.0 ns  Log    ID_SEQUENCER        TB seq.             Testing the sequence: 1000 -> 1100 -> 1100 -> 0111 -> 0111 -> 0011 -> 0001
%%      110580.0 ns  Log    ID_SEQUENCER        TB seq.             Testing the sequence: 1000 -> 1100 -> 1100 -> 1000 -> 0110 -> 0011 -> 0001
%%      110680.0 ns  Log    ID_SEQUENCER        TB seq.             Testing the sequence: 1000 -> 1100 -> 1100 -> 1000 -> 0111 -> 0011 -> 0001
%%      110780.0 ns  Log    ID_SEQUENCER        TB seq.             Testing the sequence: 1000 -> 1100 -> 1100 -> 1001 -> 0110 -> 0011 -> 0001
%%      110880.0 ns  Log    ID_SEQUENCER        TB seq.             Testing the sequence: 1000 -> 1100 -> 1100 -> 1001 -> 0111 -> 0011 -> 0001
%%      110980.0 ns  Log    ID_SEQUENCER        TB seq.             Testing the sequence: 1000 -> 1100 -> 1100 -> 1010 -> 0110 -> 0011 -> 0001
%%      111020.0 ns  Alert  ERROR               TB seq.(uvvm)       assert_shift_one_from_left() => Failed (pipeline num:4). Last cycle bit was not '1' at the 4-cycle (last cycle). 
%%      111080.0 ns  Log    ID_SEQUENCER        TB seq.             Testing the sequence: 1000 -> 1100 -> 1100 -> 1010 -> 0111 -> 0011 -> 0001
%%      111180.0 ns  Log    ID_SEQUENCER        TB seq.             Testing the sequence: 1000 -> 1100 -> 1100 -> 1011 -> 0110 -> 0011 -> 0001
%%      111220.0 ns  Alert  ERROR               TB seq.(uvvm)       assert_shift_one_from_left() => Failed (pipeline num:4). Last cycle bit was not '1' at the 4-cycle (last cycle). 
%%      111280.0 ns  Log    ID_SEQUENCER        TB seq.             Testing the sequence: 1000 -> 1100 -> 1100 -> 1011 -> 0111 -> 0011 -> 0001
%%      111380.0 ns  Log    ID_SEQUENCER        TB seq.             Testing the sequence: 1000 -> 1100 -> 1100 -> 1100 -> 0110 -> 0011 -> 0001
%%      111480.0 ns  Log    ID_SEQUENCER        TB seq.             Testing the sequence: 1000 -> 1100 -> 1100 -> 1100 -> 0111 -> 0011 -> 0001
%%      111580.0 ns  Log    ID_SEQUENCER        TB seq.             Testing the sequence: 1000 -> 1100 -> 1100 -> 1101 -> 0110 -> 0011 -> 0001
%%      111680.0 ns  Log    ID_SEQUENCER        TB seq.             Testing the sequence: 1000 -> 1100 -> 1100 -> 1101 -> 0111 -> 0011 -> 0001
%%      111780.0 ns  Log    ID_SEQUENCER        TB seq.             Testing the sequence: 1000 -> 1100 -> 1100 -> 1110 -> 0110 -> 0011 -> 0001
%%      111820.0 ns  Alert  ERROR               TB seq.(uvvm)       assert_shift_one_from_left() => Failed (pipeline num:4). Last cycle bit was not '1' at the 4-cycle (last cycle). 
%%      111880.0 ns  Log    ID_SEQUENCER        TB seq.             Testing the sequence: 1000 -> 1100 -> 1100 -> 1110 -> 0111 -> 0011 -> 0001
%%      111980.0 ns  Log    ID_SEQUENCER        TB seq.             Testing the sequence: 1000 -> 1100 -> 1100 -> 1111 -> 0110 -> 0011 -> 0001
%%      112020.0 ns  Alert  ERROR               TB seq.(uvvm)       assert_shift_one_from_left() => Failed (pipeline num:4). Last cycle bit was not '1' at the 4-cycle (last cycle). 
%%      112080.0 ns  Log    ID_SEQUENCER        TB seq.             Testing the sequence: 1000 -> 1100 -> 1100 -> 1111 -> 0111 -> 0011 -> 0001
%%      112180.0 ns  Log    ID_SEQUENCER        TB seq.             Testing the sequence: 1000 -> 1100 -> 1101 -> 0000 -> 0110 -> 0011 -> 0001
%%      112280.0 ns  Log    ID_SEQUENCER        TB seq.             Testing the sequence: 1000 -> 1100 -> 1101 -> 0000 -> 0111 -> 0011 -> 0001
%%      112380.0 ns  Log    ID_SEQUENCER        TB seq.             Testing the sequence: 1000 -> 1100 -> 1101 -> 0001 -> 0110 -> 0011 -> 0001
%%      112480.0 ns  Log    ID_SEQUENCER        TB seq.             Testing the sequence: 1000 -> 1100 -> 1101 -> 0001 -> 0111 -> 0011 -> 0001
%%      112580.0 ns  Log    ID_SEQUENCER        TB seq.             Testing the sequence: 1000 -> 1100 -> 1101 -> 0010 -> 0110 -> 0011 -> 0001
%%      112620.0 ns  Alert  ERROR               TB seq.(uvvm)       assert_shift_one_from_left() => Failed (pipeline num:4). Last cycle bit was not '1' at the 4-cycle (last cycle). 
%%      112680.0 ns  Log    ID_SEQUENCER        TB seq.             Testing the sequence: 1000 -> 1100 -> 1101 -> 0010 -> 0111 -> 0011 -> 0001
%%      112780.0 ns  Log    ID_SEQUENCER        TB seq.             Testing the sequence: 1000 -> 1100 -> 1101 -> 0011 -> 0110 -> 0011 -> 0001
%%      112820.0 ns  Alert  ERROR               TB seq.(uvvm)       assert_shift_one_from_left() => Failed (pipeline num:2). Last cycle bit was not '1' at the 4-cycle (last cycle). 
%%      112880.0 ns  Log    ID_SEQUENCER        TB seq.             Testing the sequence: 1000 -> 1100 -> 1101 -> 0011 -> 0111 -> 0011 -> 0001
%%      112980.0 ns  Log    ID_SEQUENCER        TB seq.             Testing the sequence: 1000 -> 1100 -> 1101 -> 0100 -> 0110 -> 0011 -> 0001
%%      113080.0 ns  Log    ID_SEQUENCER        TB seq.             Testing the sequence: 1000 -> 1100 -> 1101 -> 0100 -> 0111 -> 0011 -> 0001
%%      113180.0 ns  Log    ID_SEQUENCER        TB seq.             Testing the sequence: 1000 -> 1100 -> 1101 -> 0101 -> 0110 -> 0011 -> 0001
%%      113280.0 ns  Log    ID_SEQUENCER        TB seq.             Testing the sequence: 1000 -> 1100 -> 1101 -> 0101 -> 0111 -> 0011 -> 0001
%%      113380.0 ns  Log    ID_SEQUENCER        TB seq.             Testing the sequence: 1000 -> 1100 -> 1101 -> 0110 -> 0110 -> 0011 -> 0001
%%      113420.0 ns  Alert  ERROR               TB seq.(uvvm)       assert_shift_one_from_left() => Failed (pipeline num:4). Last cycle bit was not '1' at the 4-cycle (last cycle). 
%%      113480.0 ns  Log    ID_SEQUENCER        TB seq.             Testing the sequence: 1000 -> 1100 -> 1101 -> 0110 -> 0111 -> 0011 -> 0001
%%      113580.0 ns  Log    ID_SEQUENCER        TB seq.             Testing the sequence: 1000 -> 1100 -> 1101 -> 0111 -> 0110 -> 0011 -> 0001
%%      113620.0 ns  Alert  ERROR               TB seq.(uvvm)       assert_shift_one_from_left() => Failed (pipeline num:2). Last cycle bit was not '1' at the 4-cycle (last cycle). 
%%      113680.0 ns  Log    ID_SEQUENCER        TB seq.             Testing the sequence: 1000 -> 1100 -> 1101 -> 0111 -> 0111 -> 0011 -> 0001
%%      113780.0 ns  Log    ID_SEQUENCER        TB seq.             Testing the sequence: 1000 -> 1100 -> 1101 -> 1000 -> 0110 -> 0011 -> 0001
%%      113880.0 ns  Log    ID_SEQUENCER        TB seq.             Testing the sequence: 1000 -> 1100 -> 1101 -> 1000 -> 0111 -> 0011 -> 0001
%%      113980.0 ns  Log    ID_SEQUENCER        TB seq.             Testing the sequence: 1000 -> 1100 -> 1101 -> 1001 -> 0110 -> 0011 -> 0001
%%      114080.0 ns  Log    ID_SEQUENCER        TB seq.             Testing the sequence: 1000 -> 1100 -> 1101 -> 1001 -> 0111 -> 0011 -> 0001
%%      114180.0 ns  Log    ID_SEQUENCER        TB seq.             Testing the sequence: 1000 -> 1100 -> 1101 -> 1010 -> 0110 -> 0011 -> 0001
%%      114220.0 ns  Alert  ERROR               TB seq.(uvvm)       assert_shift_one_from_left() => Failed (pipeline num:4). Last cycle bit was not '1' at the 4-cycle (last cycle). 
%%      114280.0 ns  Log    ID_SEQUENCER        TB seq.             Testing the sequence: 1000 -> 1100 -> 1101 -> 1010 -> 0111 -> 0011 -> 0001
%%      114380.0 ns  Log    ID_SEQUENCER        TB seq.             Testing the sequence: 1000 -> 1100 -> 1101 -> 1011 -> 0110 -> 0011 -> 0001
%%      114420.0 ns  Alert  ERROR               TB seq.(uvvm)       assert_shift_one_from_left() => Failed (pipeline num:4). Last cycle bit was not '1' at the 4-cycle (last cycle). 
%%      114480.0 ns  Log    ID_SEQUENCER        TB seq.             Testing the sequence: 1000 -> 1100 -> 1101 -> 1011 -> 0111 -> 0011 -> 0001
%%      114580.0 ns  Log    ID_SEQUENCER        TB seq.             Testing the sequence: 1000 -> 1100 -> 1101 -> 1100 -> 0110 -> 0011 -> 0001
%%      114680.0 ns  Log    ID_SEQUENCER        TB seq.             Testing the sequence: 1000 -> 1100 -> 1101 -> 1100 -> 0111 -> 0011 -> 0001
%%      114780.0 ns  Log    ID_SEQUENCER        TB seq.             Testing the sequence: 1000 -> 1100 -> 1101 -> 1101 -> 0110 -> 0011 -> 0001
%%      114880.0 ns  Log    ID_SEQUENCER        TB seq.             Testing the sequence: 1000 -> 1100 -> 1101 -> 1101 -> 0111 -> 0011 -> 0001
%%      114980.0 ns  Log    ID_SEQUENCER        TB seq.             Testing the sequence: 1000 -> 1100 -> 1101 -> 1110 -> 0110 -> 0011 -> 0001
%%      115020.0 ns  Alert  ERROR               TB seq.(uvvm)       assert_shift_one_from_left() => Failed (pipeline num:4). Last cycle bit was not '1' at the 4-cycle (last cycle). 
%%      115080.0 ns  Log    ID_SEQUENCER        TB seq.             Testing the sequence: 1000 -> 1100 -> 1101 -> 1110 -> 0111 -> 0011 -> 0001
%%      115180.0 ns  Log    ID_SEQUENCER        TB seq.             Testing the sequence: 1000 -> 1100 -> 1101 -> 1111 -> 0110 -> 0011 -> 0001
%%      115220.0 ns  Alert  ERROR               TB seq.(uvvm)       assert_shift_one_from_left() => Failed (pipeline num:4). Last cycle bit was not '1' at the 4-cycle (last cycle). 
%%      115280.0 ns  Log    ID_SEQUENCER        TB seq.             Testing the sequence: 1000 -> 1100 -> 1101 -> 1111 -> 0111 -> 0011 -> 0001
%%      115380.0 ns  Log    ID_SEQUENCER        TB seq.             Testing the sequence: 1000 -> 1100 -> 1110 -> 0000 -> 0110 -> 0011 -> 0001
%%      115410.0 ns  Alert  ERROR               TB seq.(uvvm)       assert_shift_one_from_left() => Failed (pipeline num:3). Last cycle bit was not '1' at the 4-cycle (last cycle). 
%%      115480.0 ns  Log    ID_SEQUENCER        TB seq.             Testing the sequence: 1000 -> 1100 -> 1110 -> 0000 -> 0111 -> 0011 -> 0001
%%      115510.0 ns  Alert  ERROR               TB seq.(uvvm)       assert_shift_one_from_left() => Failed (pipeline num:2). Last cycle bit was not '1' at the 4-cycle (last cycle). 
%%      115580.0 ns  Log    ID_SEQUENCER        TB seq.             Testing the sequence: 1000 -> 1100 -> 1110 -> 0001 -> 0110 -> 0011 -> 0001
%%      115680.0 ns  Log    ID_SEQUENCER        TB seq.             Testing the sequence: 1000 -> 1100 -> 1110 -> 0001 -> 0111 -> 0011 -> 0001
%%      115780.0 ns  Log    ID_SEQUENCER        TB seq.             Testing the sequence: 1000 -> 1100 -> 1110 -> 0010 -> 0110 -> 0011 -> 0001
%%      115810.0 ns  Alert  ERROR               TB seq.(uvvm)       assert_shift_one_from_left() => Failed (pipeline num:3). Last cycle bit was not '1' at the 4-cycle (last cycle). 
%%      115820.0 ns  Alert  ERROR               TB seq.(uvvm)       assert_shift_one_from_left() => Failed (pipeline num:4). Last cycle bit was not '1' at the 4-cycle (last cycle). 
%%      115880.0 ns  Log    ID_SEQUENCER        TB seq.             Testing the sequence: 1000 -> 1100 -> 1110 -> 0010 -> 0111 -> 0011 -> 0001
%%      115910.0 ns  Alert  ERROR               TB seq.(uvvm)       assert_shift_one_from_left() => Failed (pipeline num:2). Last cycle bit was not '1' at the 4-cycle (last cycle). 
%%      115980.0 ns  Log    ID_SEQUENCER        TB seq.             Testing the sequence: 1000 -> 1100 -> 1110 -> 0011 -> 0110 -> 0011 -> 0001
%%      116020.0 ns  Alert  ERROR               TB seq.(uvvm)       assert_shift_one_from_left() => Failed (pipeline num:2). Last cycle bit was not '1' at the 4-cycle (last cycle). 
%%      116080.0 ns  Log    ID_SEQUENCER        TB seq.             Testing the sequence: 1000 -> 1100 -> 1110 -> 0011 -> 0111 -> 0011 -> 0001
%%      116180.0 ns  Log    ID_SEQUENCER        TB seq.             Testing the sequence: 1000 -> 1100 -> 1110 -> 0100 -> 0110 -> 0011 -> 0001
%%      116210.0 ns  Alert  ERROR               TB seq.(uvvm)       assert_shift_one_from_left() => Failed (pipeline num:3). Last cycle bit was not '1' at the 4-cycle (last cycle). 
%%      116280.0 ns  Log    ID_SEQUENCER        TB seq.             Testing the sequence: 1000 -> 1100 -> 1110 -> 0100 -> 0111 -> 0011 -> 0001
%%      116310.0 ns  Alert  ERROR               TB seq.(uvvm)       assert_shift_one_from_left() => Failed (pipeline num:2). Last cycle bit was not '1' at the 4-cycle (last cycle). 
%%      116380.0 ns  Log    ID_SEQUENCER        TB seq.             Testing the sequence: 1000 -> 1100 -> 1110 -> 0101 -> 0110 -> 0011 -> 0001
%%      116480.0 ns  Log    ID_SEQUENCER        TB seq.             Testing the sequence: 1000 -> 1100 -> 1110 -> 0101 -> 0111 -> 0011 -> 0001
%%      116580.0 ns  Log    ID_SEQUENCER        TB seq.             Testing the sequence: 1000 -> 1100 -> 1110 -> 0110 -> 0110 -> 0011 -> 0001
%%      116610.0 ns  Alert  ERROR               TB seq.(uvvm)       assert_shift_one_from_left() => Failed (pipeline num:3). Last cycle bit was not '1' at the 4-cycle (last cycle). 
%%      116620.0 ns  Alert  ERROR               TB seq.(uvvm)       assert_shift_one_from_left() => Failed (pipeline num:4). Last cycle bit was not '1' at the 4-cycle (last cycle). 
%%      116680.0 ns  Log    ID_SEQUENCER        TB seq.             Testing the sequence: 1000 -> 1100 -> 1110 -> 0110 -> 0111 -> 0011 -> 0001
%%      116710.0 ns  Alert  ERROR               TB seq.(uvvm)       assert_shift_one_from_left() => Failed (pipeline num:2). Last cycle bit was not '1' at the 4-cycle (last cycle). 
%%      116780.0 ns  Log    ID_SEQUENCER        TB seq.             Testing the sequence: 1000 -> 1100 -> 1110 -> 0111 -> 0110 -> 0011 -> 0001
%%      116820.0 ns  Alert  ERROR               TB seq.(uvvm)       assert_shift_one_from_left() => Failed (pipeline num:2). Last cycle bit was not '1' at the 4-cycle (last cycle). 
%%      116880.0 ns  Log    ID_SEQUENCER        TB seq.             Testing the sequence: 1000 -> 1100 -> 1110 -> 0111 -> 0111 -> 0011 -> 0001
%%      116980.0 ns  Log    ID_SEQUENCER        TB seq.             Testing the sequence: 1000 -> 1100 -> 1110 -> 1000 -> 0110 -> 0011 -> 0001
%%      117010.0 ns  Alert  ERROR               TB seq.(uvvm)       assert_shift_one_from_left() => Failed (pipeline num:3). Last cycle bit was not '1' at the 4-cycle (last cycle). 
%%      117080.0 ns  Log    ID_SEQUENCER        TB seq.             Testing the sequence: 1000 -> 1100 -> 1110 -> 1000 -> 0111 -> 0011 -> 0001
%%      117110.0 ns  Alert  ERROR               TB seq.(uvvm)       assert_shift_one_from_left() => Failed (pipeline num:3). Last cycle bit was not '1' at the 4-cycle (last cycle). 
%%      117180.0 ns  Log    ID_SEQUENCER        TB seq.             Testing the sequence: 1000 -> 1100 -> 1110 -> 1001 -> 0110 -> 0011 -> 0001
%%      117280.0 ns  Log    ID_SEQUENCER        TB seq.             Testing the sequence: 1000 -> 1100 -> 1110 -> 1001 -> 0111 -> 0011 -> 0001
%%      117380.0 ns  Log    ID_SEQUENCER        TB seq.             Testing the sequence: 1000 -> 1100 -> 1110 -> 1010 -> 0110 -> 0011 -> 0001
%%      117410.0 ns  Alert  ERROR               TB seq.(uvvm)       assert_shift_one_from_left() => Failed (pipeline num:3). Last cycle bit was not '1' at the 4-cycle (last cycle). 
%%      117420.0 ns  Alert  ERROR               TB seq.(uvvm)       assert_shift_one_from_left() => Failed (pipeline num:4). Last cycle bit was not '1' at the 4-cycle (last cycle). 
%%      117480.0 ns  Log    ID_SEQUENCER        TB seq.             Testing the sequence: 1000 -> 1100 -> 1110 -> 1010 -> 0111 -> 0011 -> 0001
%%      117510.0 ns  Alert  ERROR               TB seq.(uvvm)       assert_shift_one_from_left() => Failed (pipeline num:3). Last cycle bit was not '1' at the 4-cycle (last cycle). 
%%      117580.0 ns  Log    ID_SEQUENCER        TB seq.             Testing the sequence: 1000 -> 1100 -> 1110 -> 1011 -> 0110 -> 0011 -> 0001
%%      117620.0 ns  Alert  ERROR               TB seq.(uvvm)       assert_shift_one_from_left() => Failed (pipeline num:4). Last cycle bit was not '1' at the 4-cycle (last cycle). 
%%      117680.0 ns  Log    ID_SEQUENCER        TB seq.             Testing the sequence: 1000 -> 1100 -> 1110 -> 1011 -> 0111 -> 0011 -> 0001
%%      117780.0 ns  Log    ID_SEQUENCER        TB seq.             Testing the sequence: 1000 -> 1100 -> 1110 -> 1100 -> 0110 -> 0011 -> 0001
%%      117810.0 ns  Alert  ERROR               TB seq.(uvvm)       assert_shift_one_from_left() => Failed (pipeline num:3). Last cycle bit was not '1' at the 4-cycle (last cycle). 
%%      117880.0 ns  Log    ID_SEQUENCER        TB seq.             Testing the sequence: 1000 -> 1100 -> 1110 -> 1100 -> 0111 -> 0011 -> 0001
%%      117910.0 ns  Alert  ERROR               TB seq.(uvvm)       assert_shift_one_from_left() => Failed (pipeline num:3). Last cycle bit was not '1' at the 4-cycle (last cycle). 
%%      117980.0 ns  Log    ID_SEQUENCER        TB seq.             Testing the sequence: 1000 -> 1100 -> 1110 -> 1101 -> 0110 -> 0011 -> 0001
%%      118080.0 ns  Log    ID_SEQUENCER        TB seq.             Testing the sequence: 1000 -> 1100 -> 1110 -> 1101 -> 0111 -> 0011 -> 0001
%%      118180.0 ns  Log    ID_SEQUENCER        TB seq.             Testing the sequence: 1000 -> 1100 -> 1110 -> 1110 -> 0110 -> 0011 -> 0001
%%      118210.0 ns  Alert  ERROR               TB seq.(uvvm)       assert_shift_one_from_left() => Failed (pipeline num:3). Last cycle bit was not '1' at the 4-cycle (last cycle). 
%%      118220.0 ns  Alert  ERROR               TB seq.(uvvm)       assert_shift_one_from_left() => Failed (pipeline num:4). Last cycle bit was not '1' at the 4-cycle (last cycle). 
%%      118280.0 ns  Log    ID_SEQUENCER        TB seq.             Testing the sequence: 1000 -> 1100 -> 1110 -> 1110 -> 0111 -> 0011 -> 0001
%%      118310.0 ns  Alert  ERROR               TB seq.(uvvm)       assert_shift_one_from_left() => Failed (pipeline num:3). Last cycle bit was not '1' at the 4-cycle (last cycle). 
%%      118380.0 ns  Log    ID_SEQUENCER        TB seq.             Testing the sequence: 1000 -> 1100 -> 1110 -> 1111 -> 0110 -> 0011 -> 0001
%%      118420.0 ns  Alert  ERROR               TB seq.(uvvm)       assert_shift_one_from_left() => Failed (pipeline num:4). Last cycle bit was not '1' at the 4-cycle (last cycle). 
%%      118480.0 ns  Log    ID_SEQUENCER        TB seq.             Testing the sequence: 1000 -> 1100 -> 1110 -> 1111 -> 0111 -> 0011 -> 0001
%%      118580.0 ns  Log    ID_SEQUENCER        TB seq.             Testing the sequence: 1000 -> 1100 -> 1111 -> 0000 -> 0110 -> 0011 -> 0001
%%      118610.0 ns  Alert  ERROR               TB seq.(uvvm)       assert_shift_one_from_left() => Failed (pipeline num:3). Last cycle bit was not '1' at the 4-cycle (last cycle). 
%%      118680.0 ns  Log    ID_SEQUENCER        TB seq.             Testing the sequence: 1000 -> 1100 -> 1111 -> 0000 -> 0111 -> 0011 -> 0001
%%      118710.0 ns  Alert  ERROR               TB seq.(uvvm)       assert_shift_one_from_left() => Failed (pipeline num:2). Last cycle bit was not '1' at the 4-cycle (last cycle). 
%%      118780.0 ns  Log    ID_SEQUENCER        TB seq.             Testing the sequence: 1000 -> 1100 -> 1111 -> 0001 -> 0110 -> 0011 -> 0001
%%      118880.0 ns  Log    ID_SEQUENCER        TB seq.             Testing the sequence: 1000 -> 1100 -> 1111 -> 0001 -> 0111 -> 0011 -> 0001
%%      118980.0 ns  Log    ID_SEQUENCER        TB seq.             Testing the sequence: 1000 -> 1100 -> 1111 -> 0010 -> 0110 -> 0011 -> 0001
%%      119010.0 ns  Alert  ERROR               TB seq.(uvvm)       assert_shift_one_from_left() => Failed (pipeline num:3). Last cycle bit was not '1' at the 4-cycle (last cycle). 
%%      119020.0 ns  Alert  ERROR               TB seq.(uvvm)       assert_shift_one_from_left() => Failed (pipeline num:4). Last cycle bit was not '1' at the 4-cycle (last cycle). 
%%      119080.0 ns  Log    ID_SEQUENCER        TB seq.             Testing the sequence: 1000 -> 1100 -> 1111 -> 0010 -> 0111 -> 0011 -> 0001
%%      119110.0 ns  Alert  ERROR               TB seq.(uvvm)       assert_shift_one_from_left() => Failed (pipeline num:2). Last cycle bit was not '1' at the 4-cycle (last cycle). 
%%      119180.0 ns  Log    ID_SEQUENCER        TB seq.             Testing the sequence: 1000 -> 1100 -> 1111 -> 0011 -> 0110 -> 0011 -> 0001
%%      119220.0 ns  Alert  ERROR               TB seq.(uvvm)       assert_shift_one_from_left() => Failed (pipeline num:2). Last cycle bit was not '1' at the 4-cycle (last cycle). 
%%      119280.0 ns  Log    ID_SEQUENCER        TB seq.             Testing the sequence: 1000 -> 1100 -> 1111 -> 0011 -> 0111 -> 0011 -> 0001
%%      119380.0 ns  Log    ID_SEQUENCER        TB seq.             Testing the sequence: 1000 -> 1100 -> 1111 -> 0100 -> 0110 -> 0011 -> 0001
%%      119410.0 ns  Alert  ERROR               TB seq.(uvvm)       assert_shift_one_from_left() => Failed (pipeline num:3). Last cycle bit was not '1' at the 4-cycle (last cycle). 
%%      119480.0 ns  Log    ID_SEQUENCER        TB seq.             Testing the sequence: 1000 -> 1100 -> 1111 -> 0100 -> 0111 -> 0011 -> 0001
%%      119510.0 ns  Alert  ERROR               TB seq.(uvvm)       assert_shift_one_from_left() => Failed (pipeline num:2). Last cycle bit was not '1' at the 4-cycle (last cycle). 
%%      119580.0 ns  Log    ID_SEQUENCER        TB seq.             Testing the sequence: 1000 -> 1100 -> 1111 -> 0101 -> 0110 -> 0011 -> 0001
%%      119680.0 ns  Log    ID_SEQUENCER        TB seq.             Testing the sequence: 1000 -> 1100 -> 1111 -> 0101 -> 0111 -> 0011 -> 0001
%%      119780.0 ns  Log    ID_SEQUENCER        TB seq.             Testing the sequence: 1000 -> 1100 -> 1111 -> 0110 -> 0110 -> 0011 -> 0001
%%      119810.0 ns  Alert  ERROR               TB seq.(uvvm)       assert_shift_one_from_left() => Failed (pipeline num:3). Last cycle bit was not '1' at the 4-cycle (last cycle). 
%%      119820.0 ns  Alert  ERROR               TB seq.(uvvm)       assert_shift_one_from_left() => Failed (pipeline num:4). Last cycle bit was not '1' at the 4-cycle (last cycle). 
%%      119880.0 ns  Log    ID_SEQUENCER        TB seq.             Testing the sequence: 1000 -> 1100 -> 1111 -> 0110 -> 0111 -> 0011 -> 0001
%%      119910.0 ns  Alert  ERROR               TB seq.(uvvm)       assert_shift_one_from_left() => Failed (pipeline num:2). Last cycle bit was not '1' at the 4-cycle (last cycle). 
%%      119980.0 ns  Log    ID_SEQUENCER        TB seq.             Testing the sequence: 1000 -> 1100 -> 1111 -> 0111 -> 0110 -> 0011 -> 0001
%%      120020.0 ns  Alert  ERROR               TB seq.(uvvm)       assert_shift_one_from_left() => Failed (pipeline num:2). Last cycle bit was not '1' at the 4-cycle (last cycle). 
%%      120080.0 ns  Log    ID_SEQUENCER        TB seq.             Testing the sequence: 1000 -> 1100 -> 1111 -> 0111 -> 0111 -> 0011 -> 0001
%%      120180.0 ns  Log    ID_SEQUENCER        TB seq.             Testing the sequence: 1000 -> 1100 -> 1111 -> 1000 -> 0110 -> 0011 -> 0001
%%      120210.0 ns  Alert  ERROR               TB seq.(uvvm)       assert_shift_one_from_left() => Failed (pipeline num:3). Last cycle bit was not '1' at the 4-cycle (last cycle). 
%%      120280.0 ns  Log    ID_SEQUENCER        TB seq.             Testing the sequence: 1000 -> 1100 -> 1111 -> 1000 -> 0111 -> 0011 -> 0001
%%      120310.0 ns  Alert  ERROR               TB seq.(uvvm)       assert_shift_one_from_left() => Failed (pipeline num:3). Last cycle bit was not '1' at the 4-cycle (last cycle). 
%%      120380.0 ns  Log    ID_SEQUENCER        TB seq.             Testing the sequence: 1000 -> 1100 -> 1111 -> 1001 -> 0110 -> 0011 -> 0001
%%      120480.0 ns  Log    ID_SEQUENCER        TB seq.             Testing the sequence: 1000 -> 1100 -> 1111 -> 1001 -> 0111 -> 0011 -> 0001
%%      120580.0 ns  Log    ID_SEQUENCER        TB seq.             Testing the sequence: 1000 -> 1100 -> 1111 -> 1010 -> 0110 -> 0011 -> 0001
%%      120610.0 ns  Alert  ERROR               TB seq.(uvvm)       assert_shift_one_from_left() => Failed (pipeline num:3). Last cycle bit was not '1' at the 4-cycle (last cycle). 
%%      120620.0 ns  Alert  ERROR               TB seq.(uvvm)       assert_shift_one_from_left() => Failed (pipeline num:4). Last cycle bit was not '1' at the 4-cycle (last cycle). 
%%      120680.0 ns  Log    ID_SEQUENCER        TB seq.             Testing the sequence: 1000 -> 1100 -> 1111 -> 1010 -> 0111 -> 0011 -> 0001
%%      120710.0 ns  Alert  ERROR               TB seq.(uvvm)       assert_shift_one_from_left() => Failed (pipeline num:3). Last cycle bit was not '1' at the 4-cycle (last cycle). 
%%      120780.0 ns  Log    ID_SEQUENCER        TB seq.             Testing the sequence: 1000 -> 1100 -> 1111 -> 1011 -> 0110 -> 0011 -> 0001
%%      120820.0 ns  Alert  ERROR               TB seq.(uvvm)       assert_shift_one_from_left() => Failed (pipeline num:4). Last cycle bit was not '1' at the 4-cycle (last cycle). 
%%      120880.0 ns  Log    ID_SEQUENCER        TB seq.             Testing the sequence: 1000 -> 1100 -> 1111 -> 1011 -> 0111 -> 0011 -> 0001
%%      120980.0 ns  Log    ID_SEQUENCER        TB seq.             Testing the sequence: 1000 -> 1100 -> 1111 -> 1100 -> 0110 -> 0011 -> 0001
%%      121010.0 ns  Alert  ERROR               TB seq.(uvvm)       assert_shift_one_from_left() => Failed (pipeline num:3). Last cycle bit was not '1' at the 4-cycle (last cycle). 
%%      121080.0 ns  Log    ID_SEQUENCER        TB seq.             Testing the sequence: 1000 -> 1100 -> 1111 -> 1100 -> 0111 -> 0011 -> 0001
%%      121110.0 ns  Alert  ERROR               TB seq.(uvvm)       assert_shift_one_from_left() => Failed (pipeline num:3). Last cycle bit was not '1' at the 4-cycle (last cycle). 
%%      121180.0 ns  Log    ID_SEQUENCER        TB seq.             Testing the sequence: 1000 -> 1100 -> 1111 -> 1101 -> 0110 -> 0011 -> 0001
%%      121280.0 ns  Log    ID_SEQUENCER        TB seq.             Testing the sequence: 1000 -> 1100 -> 1111 -> 1101 -> 0111 -> 0011 -> 0001
%%      121380.0 ns  Log    ID_SEQUENCER        TB seq.             Testing the sequence: 1000 -> 1100 -> 1111 -> 1110 -> 0110 -> 0011 -> 0001
%%      121410.0 ns  Alert  ERROR               TB seq.(uvvm)       assert_shift_one_from_left() => Failed (pipeline num:3). Last cycle bit was not '1' at the 4-cycle (last cycle). 
%%      121420.0 ns  Alert  ERROR               TB seq.(uvvm)       assert_shift_one_from_left() => Failed (pipeline num:4). Last cycle bit was not '1' at the 4-cycle (last cycle). 
%%      121480.0 ns  Log    ID_SEQUENCER        TB seq.             Testing the sequence: 1000 -> 1100 -> 1111 -> 1110 -> 0111 -> 0011 -> 0001
%%      121510.0 ns  Alert  ERROR               TB seq.(uvvm)       assert_shift_one_from_left() => Failed (pipeline num:3). Last cycle bit was not '1' at the 4-cycle (last cycle). 
%%      121580.0 ns  Log    ID_SEQUENCER        TB seq.             Testing the sequence: 1000 -> 1100 -> 1111 -> 1111 -> 0110 -> 0011 -> 0001
%%      121620.0 ns  Alert  ERROR               TB seq.(uvvm)       assert_shift_one_from_left() => Failed (pipeline num:4). Last cycle bit was not '1' at the 4-cycle (last cycle). 
%%      121680.0 ns  Log    ID_SEQUENCER        TB seq.             Testing the sequence: 1000 -> 1100 -> 1111 -> 1111 -> 0111 -> 0011 -> 0001
%% 
%% 
%%      121830.0 ns  Log    ID_LOG_HDR          TB seq.             Testing Normal Operation with necessary_condition: ANY_BIT_ALERT_NO_PIPE
%% ----------------------------------------------------------------------------------------------------------------------------------------------------------------------------
%%      121830.0 ns  Log    ID_SEQUENCER        TB seq.             Testing single sequence: 1000 -> 0100 -> 0010 -> 0001
%%      121860.0 ns  Log    PASSED              TB seq.(uvvm)       assert_shift_one_from_left() => OK (first). tracked_value '0001' had a full ripple from left to right.
%%      121900.0 ns  Log    ID_SEQUENCER        TB seq.             Testing two consecutive sequences: 1000 -> 0100 -> 0010 -> 0001 -> 1000 -> 0100 -> 0010 -> 0001
%%      122010.0 ns  Log    ID_SEQUENCER        TB seq.             Testing pipeline 2 sequences: 1000 -> 1100 -> 0110 -> 0011 -> 0001
%%      122090.0 ns  Log    ID_SEQUENCER        TB seq.             Testing pipeline 3 sequences: 1000 -> 1100 -> 1110 -> 0111 -> 0011 -> 0001
%%      122180.0 ns  Log    ID_SEQUENCER        TB seq.             Testing pipeline 4 sequences: 1000 -> 1100 -> 1110 -> 1111-> 0111 -> 0011 -> 0001
%%      122280.0 ns  Log    ID_SEQUENCER        TB seq.             Testing pipeline 2 sequences /w 1-bit gap: 1000 -> 0100 -> 1010 -> 0101 -> 0010 -> 0001
%%      122370.0 ns  Log    ID_SEQUENCER        TB seq.             Testing pipeline 2 sequences /w 2-bit gap: 1000 -> 0100 -> 0010 -> 1001 -> 0100 -> 0010 -> 0001
%%      122470.0 ns  Log    ID_SEQUENCER        TB seq.             Testing pipeline 3 sequences /w 1-bit gap between sequence 1 and 2:
%%:                                                                 1000 -> 0100 -> 1010 -> 1101 -> 0110 -> 0011 -> 0001
%%      122570.0 ns  Log    ID_SEQUENCER        TB seq.             Testing pipeline 3 sequences /w 1-bit gap between sequence 2 and 3:
%%:                                                                 1000 -> 1100 -> 0110 -> 1011 -> 0101 -> 0010 -> 0001
%% 
%% 
%%      122670.0 ns  Log    ID_LOG_HDR          TB seq.             Testing Triggering Assertion with necessary_condition: ANY_BIT_ALERT_NO_PIPE
%% ----------------------------------------------------------------------------------------------------------------------------------------------------------------------------
%%      122670.0 ns  Log    ID_SEQUENCER        TB seq.             Triggering Assertion: Single sequence
%%:                                                                 Testing all combinations of 4-bit sequence starting with 1000
%%:                                                                 
%%      122670.0 ns  Log    ID_SEQUENCER        TB seq.             Testing the sequence: 1000 -> 1000 -> 1000 -> 1000
%%      122680.0 ns  Alert  ERROR               TB seq.(uvvm)       assert_shift_one_from_left() => Failed. tracked_value '1000' was not X1XX at the 2-cycle. 
%%      122700.0 ns  Alert  ERROR               TB seq.(uvvm)       assert_shift_one_from_left() => Failed. tracked_value '1000' was not X1XX at the 2-cycle. 
%%      122740.0 ns  Log    ID_SEQUENCER        TB seq.             Testing the sequence: 1000 -> 1000 -> 1000 -> 0100
%%      122750.0 ns  Alert  ERROR               TB seq.(uvvm)       assert_shift_one_from_left() => Failed. tracked_value '1000' was not X1XX at the 2-cycle. 
%%      122780.0 ns  Alert  ERROR               TB seq.(uvvm)       assert_shift_one_from_left() => Failed. tracked_value '0100' was not XX1X at the 3-cycle. 
%%      122810.0 ns  Log    ID_SEQUENCER        TB seq.             Testing the sequence: 1000 -> 1000 -> 1000 -> 0010
%%      122820.0 ns  Alert  ERROR               TB seq.(uvvm)       assert_shift_one_from_left() => Failed. tracked_value '1000' was not X1XX at the 2-cycle. 
%%      122840.0 ns  Alert  ERROR               TB seq.(uvvm)       assert_shift_one_from_left() => Failed. tracked_value '0010' was not X1XX at the 2-cycle. 
%%      122880.0 ns  Log    ID_SEQUENCER        TB seq.             Testing the sequence: 1000 -> 1000 -> 1000 -> 0001
%%      122890.0 ns  Alert  ERROR               TB seq.(uvvm)       assert_shift_one_from_left() => Failed. tracked_value '1000' was not X1XX at the 2-cycle. 
%%      122910.0 ns  Alert  ERROR               TB seq.(uvvm)       assert_shift_one_from_left() => Failed. tracked_value '0001' was not X1XX at the 2-cycle. 
%%      122950.0 ns  Log    ID_SEQUENCER        TB seq.             Testing the sequence: 1000 -> 1000 -> 1000 -> 0000
%%      122960.0 ns  Alert  ERROR               TB seq.(uvvm)       assert_shift_one_from_left() => Failed. tracked_value '1000' was not X1XX at the 2-cycle. 
%%      122980.0 ns  Alert  ERROR               TB seq.(uvvm)       assert_shift_one_from_left() => Failed. tracked_value '0000' was not X1XX at the 2-cycle. 
%%      123020.0 ns  Log    ID_SEQUENCER        TB seq.             Testing the sequence: 1000 -> 1000 -> 0100 -> 1000
%%      123030.0 ns  Alert  ERROR               TB seq.(uvvm)       assert_shift_one_from_left() => Failed. tracked_value '1000' was not X1XX at the 2-cycle. 
%%      123060.0 ns  Alert  ERROR               TB seq.(uvvm)       assert_shift_one_from_left() => Failed. tracked_value '0000' was not X1XX at the 2-cycle. 
%%      123090.0 ns  Log    ID_SEQUENCER        TB seq.             Testing the sequence: 1000 -> 1000 -> 0100 -> 0100
%%      123100.0 ns  Alert  ERROR               TB seq.(uvvm)       assert_shift_one_from_left() => Failed. tracked_value '1000' was not X1XX at the 2-cycle. 
%%      123160.0 ns  Log    ID_SEQUENCER        TB seq.             Testing the sequence: 1000 -> 1000 -> 0100 -> 0010
%%      123170.0 ns  Alert  ERROR               TB seq.(uvvm)       assert_shift_one_from_left() => Failed. tracked_value '1000' was not X1XX at the 2-cycle. 
%%      123230.0 ns  Log    ID_SEQUENCER        TB seq.             Testing the sequence: 1000 -> 1000 -> 0100 -> 0001
%%      123240.0 ns  Alert  ERROR               TB seq.(uvvm)       assert_shift_one_from_left() => Failed. tracked_value '1000' was not X1XX at the 2-cycle. 
%%      123300.0 ns  Log    ID_SEQUENCER        TB seq.             Testing the sequence: 1000 -> 1000 -> 0100 -> 0000
%%      123310.0 ns  Alert  ERROR               TB seq.(uvvm)       assert_shift_one_from_left() => Failed. tracked_value '1000' was not X1XX at the 2-cycle. 
%%      123370.0 ns  Log    ID_SEQUENCER        TB seq.             Testing the sequence: 1000 -> 1000 -> 0010 -> 1000
%%      123380.0 ns  Alert  ERROR               TB seq.(uvvm)       assert_shift_one_from_left() => Failed. tracked_value '1000' was not X1XX at the 2-cycle. 
%%      123410.0 ns  Alert  ERROR               TB seq.(uvvm)       assert_shift_one_from_left() => Failed. tracked_value '0000' was not X1XX at the 2-cycle. 
%%      123440.0 ns  Log    ID_SEQUENCER        TB seq.             Testing the sequence: 1000 -> 1000 -> 0010 -> 0100
%%      123450.0 ns  Alert  ERROR               TB seq.(uvvm)       assert_shift_one_from_left() => Failed. tracked_value '1000' was not X1XX at the 2-cycle. 
%%      123510.0 ns  Log    ID_SEQUENCER        TB seq.             Testing the sequence: 1000 -> 1000 -> 0010 -> 0010
%%      123520.0 ns  Alert  ERROR               TB seq.(uvvm)       assert_shift_one_from_left() => Failed. tracked_value '1000' was not X1XX at the 2-cycle. 
%%      123580.0 ns  Log    ID_SEQUENCER        TB seq.             Testing the sequence: 1000 -> 1000 -> 0010 -> 0001
%%      123590.0 ns  Alert  ERROR               TB seq.(uvvm)       assert_shift_one_from_left() => Failed. tracked_value '1000' was not X1XX at the 2-cycle. 
%%      123650.0 ns  Log    ID_SEQUENCER        TB seq.             Testing the sequence: 1000 -> 1000 -> 0010 -> 0000
%%      123660.0 ns  Alert  ERROR               TB seq.(uvvm)       assert_shift_one_from_left() => Failed. tracked_value '1000' was not X1XX at the 2-cycle. 
%%      123720.0 ns  Log    ID_SEQUENCER        TB seq.             Testing the sequence: 1000 -> 1000 -> 0001 -> 1000
%%      123730.0 ns  Alert  ERROR               TB seq.(uvvm)       assert_shift_one_from_left() => Failed. tracked_value '1000' was not X1XX at the 2-cycle. 
%%      123760.0 ns  Alert  ERROR               TB seq.(uvvm)       assert_shift_one_from_left() => Failed. tracked_value '0000' was not X1XX at the 2-cycle. 
%%      123790.0 ns  Log    ID_SEQUENCER        TB seq.             Testing the sequence: 1000 -> 1000 -> 0001 -> 0100
%%      123800.0 ns  Alert  ERROR               TB seq.(uvvm)       assert_shift_one_from_left() => Failed. tracked_value '1000' was not X1XX at the 2-cycle. 
%%      123860.0 ns  Log    ID_SEQUENCER        TB seq.             Testing the sequence: 1000 -> 1000 -> 0001 -> 0010
%%      123870.0 ns  Alert  ERROR               TB seq.(uvvm)       assert_shift_one_from_left() => Failed. tracked_value '1000' was not X1XX at the 2-cycle. 
%%      123930.0 ns  Log    ID_SEQUENCER        TB seq.             Testing the sequence: 1000 -> 1000 -> 0001 -> 0001
%%      123940.0 ns  Alert  ERROR               TB seq.(uvvm)       assert_shift_one_from_left() => Failed. tracked_value '1000' was not X1XX at the 2-cycle. 
%%      124000.0 ns  Log    ID_SEQUENCER        TB seq.             Testing the sequence: 1000 -> 1000 -> 0001 -> 0000
%%      124010.0 ns  Alert  ERROR               TB seq.(uvvm)       assert_shift_one_from_left() => Failed. tracked_value '1000' was not X1XX at the 2-cycle. 
%%      124070.0 ns  Log    ID_SEQUENCER        TB seq.             Testing the sequence: 1000 -> 1000 -> 0000 -> 1000
%%      124080.0 ns  Alert  ERROR               TB seq.(uvvm)       assert_shift_one_from_left() => Failed. tracked_value '1000' was not X1XX at the 2-cycle. 
%%      124110.0 ns  Alert  ERROR               TB seq.(uvvm)       assert_shift_one_from_left() => Failed. tracked_value '0000' was not X1XX at the 2-cycle. 
%%      124140.0 ns  Log    ID_SEQUENCER        TB seq.             Testing the sequence: 1000 -> 1000 -> 0000 -> 0100
%%      124150.0 ns  Alert  ERROR               TB seq.(uvvm)       assert_shift_one_from_left() => Failed. tracked_value '1000' was not X1XX at the 2-cycle. 
%%      124210.0 ns  Log    ID_SEQUENCER        TB seq.             Testing the sequence: 1000 -> 1000 -> 0000 -> 0010
%%      124220.0 ns  Alert  ERROR               TB seq.(uvvm)       assert_shift_one_from_left() => Failed. tracked_value '1000' was not X1XX at the 2-cycle. 
%%      124280.0 ns  Log    ID_SEQUENCER        TB seq.             Testing the sequence: 1000 -> 1000 -> 0000 -> 0001
%%      124290.0 ns  Alert  ERROR               TB seq.(uvvm)       assert_shift_one_from_left() => Failed. tracked_value '1000' was not X1XX at the 2-cycle. 
%%      124350.0 ns  Log    ID_SEQUENCER        TB seq.             Testing the sequence: 1000 -> 1000 -> 0000 -> 0000
%%      124360.0 ns  Alert  ERROR               TB seq.(uvvm)       assert_shift_one_from_left() => Failed. tracked_value '1000' was not X1XX at the 2-cycle. 
%%      124420.0 ns  Log    ID_SEQUENCER        TB seq.             Testing the sequence: 1000 -> 0100 -> 1000 -> 1000
%%      124440.0 ns  Alert  ERROR               TB seq.(uvvm)       assert_shift_one_from_left() => Failed. tracked_value '1000' was not XX1X at the 3-cycle. 
%%      124460.0 ns  Alert  ERROR               TB seq.(uvvm)       assert_shift_one_from_left() => Failed. tracked_value '0000' was not X1XX at the 2-cycle. 
%%      124490.0 ns  Log    ID_SEQUENCER        TB seq.             Testing the sequence: 1000 -> 0100 -> 1000 -> 0100
%%      124510.0 ns  Alert  ERROR               TB seq.(uvvm)       assert_shift_one_from_left() => Failed. tracked_value '1000' was not XX1X at the 3-cycle. 
%%      124560.0 ns  Log    ID_SEQUENCER        TB seq.             Testing the sequence: 1000 -> 0100 -> 1000 -> 0010
%%      124580.0 ns  Alert  ERROR               TB seq.(uvvm)       assert_shift_one_from_left() => Failed. tracked_value '1000' was not XX1X at the 3-cycle. 
%%      124630.0 ns  Log    ID_SEQUENCER        TB seq.             Testing the sequence: 1000 -> 0100 -> 1000 -> 0001
%%      124650.0 ns  Alert  ERROR               TB seq.(uvvm)       assert_shift_one_from_left() => Failed. tracked_value '1000' was not XX1X at the 3-cycle. 
%%      124700.0 ns  Log    ID_SEQUENCER        TB seq.             Testing the sequence: 1000 -> 0100 -> 1000 -> 0000
%%      124720.0 ns  Alert  ERROR               TB seq.(uvvm)       assert_shift_one_from_left() => Failed. tracked_value '1000' was not XX1X at the 3-cycle. 
%%      124770.0 ns  Log    ID_SEQUENCER        TB seq.             Testing the sequence: 1000 -> 0100 -> 0100 -> 1000
%%      124790.0 ns  Alert  ERROR               TB seq.(uvvm)       assert_shift_one_from_left() => Failed. tracked_value '0100' was not XX1X at the 3-cycle. 
%%      124810.0 ns  Alert  ERROR               TB seq.(uvvm)       assert_shift_one_from_left() => Failed. tracked_value '0000' was not X1XX at the 2-cycle. 
%%      124840.0 ns  Log    ID_SEQUENCER        TB seq.             Testing the sequence: 1000 -> 0100 -> 0100 -> 0100
%%      124860.0 ns  Alert  ERROR               TB seq.(uvvm)       assert_shift_one_from_left() => Failed. tracked_value '0100' was not XX1X at the 3-cycle. 
%%      124910.0 ns  Log    ID_SEQUENCER        TB seq.             Testing the sequence: 1000 -> 0100 -> 0100 -> 0010
%%      124930.0 ns  Alert  ERROR               TB seq.(uvvm)       assert_shift_one_from_left() => Failed. tracked_value '0100' was not XX1X at the 3-cycle. 
%%      124980.0 ns  Log    ID_SEQUENCER        TB seq.             Testing the sequence: 1000 -> 0100 -> 0100 -> 0001
%%      125000.0 ns  Alert  ERROR               TB seq.(uvvm)       assert_shift_one_from_left() => Failed. tracked_value '0100' was not XX1X at the 3-cycle. 
%%      125050.0 ns  Log    ID_SEQUENCER        TB seq.             Testing the sequence: 1000 -> 0100 -> 0100 -> 0000
%%      125070.0 ns  Alert  ERROR               TB seq.(uvvm)       assert_shift_one_from_left() => Failed. tracked_value '0100' was not XX1X at the 3-cycle. 
%%      125120.0 ns  Log    ID_SEQUENCER        TB seq.             Testing the sequence: 1000 -> 0100 -> 0010 -> 1000
%%      125150.0 ns  Alert  ERROR               TB seq.(uvvm)       assert_shift_one_from_left() => Failed. tracked_value '1000' was not XXX1 at the 4-cycle. 
%%      125190.0 ns  Log    ID_SEQUENCER        TB seq.             Testing the sequence: 1000 -> 0100 -> 0010 -> 0100
%%      125220.0 ns  Alert  ERROR               TB seq.(uvvm)       assert_shift_one_from_left() => Failed. tracked_value '0100' was not XXX1 at the 4-cycle. 
%%      125260.0 ns  Log    ID_SEQUENCER        TB seq.             Testing the sequence: 1000 -> 0100 -> 0010 -> 0010
%%      125290.0 ns  Alert  ERROR               TB seq.(uvvm)       assert_shift_one_from_left() => Failed. tracked_value '0010' was not XXX1 at the 4-cycle. 
%%      125330.0 ns  Log    ID_SEQUENCER        TB seq.             Testing the sequence: 1000 -> 0100 -> 0010 -> 0001
%%      125400.0 ns  Log    ID_SEQUENCER        TB seq.             Testing the sequence: 1000 -> 0100 -> 0010 -> 0000
%%      125430.0 ns  Alert  ERROR               TB seq.(uvvm)       assert_shift_one_from_left() => Failed. tracked_value '0000' was not XXX1 at the 4-cycle. 
%%      125470.0 ns  Log    ID_SEQUENCER        TB seq.             Testing the sequence: 1000 -> 0100 -> 0001 -> 1000
%%      125490.0 ns  Alert  ERROR               TB seq.(uvvm)       assert_shift_one_from_left() => Failed. tracked_value '0001' was not XX1X at the 3-cycle. 
%%      125510.0 ns  Alert  ERROR               TB seq.(uvvm)       assert_shift_one_from_left() => Failed. tracked_value '0000' was not X1XX at the 2-cycle. 
%%      125540.0 ns  Log    ID_SEQUENCER        TB seq.             Testing the sequence: 1000 -> 0100 -> 0001 -> 0100
%%      125560.0 ns  Alert  ERROR               TB seq.(uvvm)       assert_shift_one_from_left() => Failed. tracked_value '0001' was not XX1X at the 3-cycle. 
%%      125610.0 ns  Log    ID_SEQUENCER        TB seq.             Testing the sequence: 1000 -> 0100 -> 0001 -> 0010
%%      125630.0 ns  Alert  ERROR               TB seq.(uvvm)       assert_shift_one_from_left() => Failed. tracked_value '0001' was not XX1X at the 3-cycle. 
%%      125680.0 ns  Log    ID_SEQUENCER        TB seq.             Testing the sequence: 1000 -> 0100 -> 0001 -> 0001
%%      125700.0 ns  Alert  ERROR               TB seq.(uvvm)       assert_shift_one_from_left() => Failed. tracked_value '0001' was not XX1X at the 3-cycle. 
%%      125750.0 ns  Log    ID_SEQUENCER        TB seq.             Testing the sequence: 1000 -> 0100 -> 0001 -> 0000
%%      125770.0 ns  Alert  ERROR               TB seq.(uvvm)       assert_shift_one_from_left() => Failed. tracked_value '0001' was not XX1X at the 3-cycle. 
%%      125820.0 ns  Log    ID_SEQUENCER        TB seq.             Testing the sequence: 1000 -> 0100 -> 0000 -> 1000
%%      125840.0 ns  Alert  ERROR               TB seq.(uvvm)       assert_shift_one_from_left() => Failed. tracked_value '0000' was not XX1X at the 3-cycle. 
%%      125860.0 ns  Alert  ERROR               TB seq.(uvvm)       assert_shift_one_from_left() => Failed. tracked_value '0000' was not X1XX at the 2-cycle. 
%%      125890.0 ns  Log    ID_SEQUENCER        TB seq.             Testing the sequence: 1000 -> 0100 -> 0000 -> 0100
%%      125910.0 ns  Alert  ERROR               TB seq.(uvvm)       assert_shift_one_from_left() => Failed. tracked_value '0000' was not XX1X at the 3-cycle. 
%%      125960.0 ns  Log    ID_SEQUENCER        TB seq.             Testing the sequence: 1000 -> 0100 -> 0000 -> 0010
%%      125980.0 ns  Alert  ERROR               TB seq.(uvvm)       assert_shift_one_from_left() => Failed. tracked_value '0000' was not XX1X at the 3-cycle. 
%%      126030.0 ns  Log    ID_SEQUENCER        TB seq.             Testing the sequence: 1000 -> 0100 -> 0000 -> 0001
%%      126050.0 ns  Alert  ERROR               TB seq.(uvvm)       assert_shift_one_from_left() => Failed. tracked_value '0000' was not XX1X at the 3-cycle. 
%%      126100.0 ns  Log    ID_SEQUENCER        TB seq.             Testing the sequence: 1000 -> 0100 -> 0000 -> 0000
%%      126120.0 ns  Alert  ERROR               TB seq.(uvvm)       assert_shift_one_from_left() => Failed. tracked_value '0000' was not XX1X at the 3-cycle. 
%%      126170.0 ns  Log    ID_SEQUENCER        TB seq.             Testing the sequence: 1000 -> 0010 -> 1000 -> 1000
%%      126180.0 ns  Alert  ERROR               TB seq.(uvvm)       assert_shift_one_from_left() => Failed. tracked_value '0010' was not X1XX at the 2-cycle. 
%%      126200.0 ns  Alert  ERROR               TB seq.(uvvm)       assert_shift_one_from_left() => Failed. tracked_value '1000' was not X1XX at the 2-cycle. 
%%      126240.0 ns  Log    ID_SEQUENCER        TB seq.             Testing the sequence: 1000 -> 0010 -> 1000 -> 0100
%%      126250.0 ns  Alert  ERROR               TB seq.(uvvm)       assert_shift_one_from_left() => Failed. tracked_value '0010' was not X1XX at the 2-cycle. 
%%      126280.0 ns  Alert  ERROR               TB seq.(uvvm)       assert_shift_one_from_left() => Failed. tracked_value '0100' was not XX1X at the 3-cycle. 
%%      126310.0 ns  Log    ID_SEQUENCER        TB seq.             Testing the sequence: 1000 -> 0010 -> 1000 -> 0010
%%      126320.0 ns  Alert  ERROR               TB seq.(uvvm)       assert_shift_one_from_left() => Failed. tracked_value '0010' was not X1XX at the 2-cycle. 
%%      126340.0 ns  Alert  ERROR               TB seq.(uvvm)       assert_shift_one_from_left() => Failed. tracked_value '0010' was not X1XX at the 2-cycle. 
%%      126380.0 ns  Log    ID_SEQUENCER        TB seq.             Testing the sequence: 1000 -> 0010 -> 1000 -> 0001
%%      126390.0 ns  Alert  ERROR               TB seq.(uvvm)       assert_shift_one_from_left() => Failed. tracked_value '0010' was not X1XX at the 2-cycle. 
%%      126410.0 ns  Alert  ERROR               TB seq.(uvvm)       assert_shift_one_from_left() => Failed. tracked_value '0001' was not X1XX at the 2-cycle. 
%%      126450.0 ns  Log    ID_SEQUENCER        TB seq.             Testing the sequence: 1000 -> 0010 -> 1000 -> 0000
%%      126460.0 ns  Alert  ERROR               TB seq.(uvvm)       assert_shift_one_from_left() => Failed. tracked_value '0010' was not X1XX at the 2-cycle. 
%%      126480.0 ns  Alert  ERROR               TB seq.(uvvm)       assert_shift_one_from_left() => Failed. tracked_value '0000' was not X1XX at the 2-cycle. 
%%      126520.0 ns  Log    ID_SEQUENCER        TB seq.             Testing the sequence: 1000 -> 0010 -> 0100 -> 1000
%%      126530.0 ns  Alert  ERROR               TB seq.(uvvm)       assert_shift_one_from_left() => Failed. tracked_value '0010' was not X1XX at the 2-cycle. 
%%      126560.0 ns  Alert  ERROR               TB seq.(uvvm)       assert_shift_one_from_left() => Failed. tracked_value '0000' was not X1XX at the 2-cycle. 
%%      126590.0 ns  Log    ID_SEQUENCER        TB seq.             Testing the sequence: 1000 -> 0010 -> 0100 -> 0100
%%      126600.0 ns  Alert  ERROR               TB seq.(uvvm)       assert_shift_one_from_left() => Failed. tracked_value '0010' was not X1XX at the 2-cycle. 
%%      126660.0 ns  Log    ID_SEQUENCER        TB seq.             Testing the sequence: 1000 -> 0010 -> 0100 -> 0010
%%      126670.0 ns  Alert  ERROR               TB seq.(uvvm)       assert_shift_one_from_left() => Failed. tracked_value '0010' was not X1XX at the 2-cycle. 
%%      126730.0 ns  Log    ID_SEQUENCER        TB seq.             Testing the sequence: 1000 -> 0010 -> 0100 -> 0001
%%      126740.0 ns  Alert  ERROR               TB seq.(uvvm)       assert_shift_one_from_left() => Failed. tracked_value '0010' was not X1XX at the 2-cycle. 
%%      126800.0 ns  Log    ID_SEQUENCER        TB seq.             Testing the sequence: 1000 -> 0010 -> 0100 -> 0000
%%      126810.0 ns  Alert  ERROR               TB seq.(uvvm)       assert_shift_one_from_left() => Failed. tracked_value '0010' was not X1XX at the 2-cycle. 
%%      126870.0 ns  Log    ID_SEQUENCER        TB seq.             Testing the sequence: 1000 -> 0010 -> 0010 -> 1000
%%      126880.0 ns  Alert  ERROR               TB seq.(uvvm)       assert_shift_one_from_left() => Failed. tracked_value '0010' was not X1XX at the 2-cycle. 
%%      126910.0 ns  Alert  ERROR               TB seq.(uvvm)       assert_shift_one_from_left() => Failed. tracked_value '0000' was not X1XX at the 2-cycle. 
%%      126940.0 ns  Log    ID_SEQUENCER        TB seq.             Testing the sequence: 1000 -> 0010 -> 0010 -> 0100
%%      126950.0 ns  Alert  ERROR               TB seq.(uvvm)       assert_shift_one_from_left() => Failed. tracked_value '0010' was not X1XX at the 2-cycle. 
%%      127010.0 ns  Log    ID_SEQUENCER        TB seq.             Testing the sequence: 1000 -> 0010 -> 0010 -> 0010
%%      127020.0 ns  Alert  ERROR               TB seq.(uvvm)       assert_shift_one_from_left() => Failed. tracked_value '0010' was not X1XX at the 2-cycle. 
%%      127080.0 ns  Log    ID_SEQUENCER        TB seq.             Testing the sequence: 1000 -> 0010 -> 0010 -> 0001
%%      127090.0 ns  Alert  ERROR               TB seq.(uvvm)       assert_shift_one_from_left() => Failed. tracked_value '0010' was not X1XX at the 2-cycle. 
%%      127150.0 ns  Log    ID_SEQUENCER        TB seq.             Testing the sequence: 1000 -> 0010 -> 0010 -> 0000
%%      127160.0 ns  Alert  ERROR               TB seq.(uvvm)       assert_shift_one_from_left() => Failed. tracked_value '0010' was not X1XX at the 2-cycle. 
%%      127220.0 ns  Log    ID_SEQUENCER        TB seq.             Testing the sequence: 1000 -> 0010 -> 0001 -> 1000
%%      127230.0 ns  Alert  ERROR               TB seq.(uvvm)       assert_shift_one_from_left() => Failed. tracked_value '0010' was not X1XX at the 2-cycle. 
%%      127260.0 ns  Alert  ERROR               TB seq.(uvvm)       assert_shift_one_from_left() => Failed. tracked_value '0000' was not X1XX at the 2-cycle. 
%%      127290.0 ns  Log    ID_SEQUENCER        TB seq.             Testing the sequence: 1000 -> 0010 -> 0001 -> 0100
%%      127300.0 ns  Alert  ERROR               TB seq.(uvvm)       assert_shift_one_from_left() => Failed. tracked_value '0010' was not X1XX at the 2-cycle. 
%%      127360.0 ns  Log    ID_SEQUENCER        TB seq.             Testing the sequence: 1000 -> 0010 -> 0001 -> 0010
%%      127370.0 ns  Alert  ERROR               TB seq.(uvvm)       assert_shift_one_from_left() => Failed. tracked_value '0010' was not X1XX at the 2-cycle. 
%%      127430.0 ns  Log    ID_SEQUENCER        TB seq.             Testing the sequence: 1000 -> 0010 -> 0001 -> 0001
%%      127440.0 ns  Alert  ERROR               TB seq.(uvvm)       assert_shift_one_from_left() => Failed. tracked_value '0010' was not X1XX at the 2-cycle. 
%%      127500.0 ns  Log    ID_SEQUENCER        TB seq.             Testing the sequence: 1000 -> 0010 -> 0001 -> 0000
%%      127510.0 ns  Alert  ERROR               TB seq.(uvvm)       assert_shift_one_from_left() => Failed. tracked_value '0010' was not X1XX at the 2-cycle. 
%%      127570.0 ns  Log    ID_SEQUENCER        TB seq.             Testing the sequence: 1000 -> 0010 -> 0000 -> 1000
%%      127580.0 ns  Alert  ERROR               TB seq.(uvvm)       assert_shift_one_from_left() => Failed. tracked_value '0010' was not X1XX at the 2-cycle. 
%%      127610.0 ns  Alert  ERROR               TB seq.(uvvm)       assert_shift_one_from_left() => Failed. tracked_value '0000' was not X1XX at the 2-cycle. 
%%      127640.0 ns  Log    ID_SEQUENCER        TB seq.             Testing the sequence: 1000 -> 0010 -> 0000 -> 0100
%%      127650.0 ns  Alert  ERROR               TB seq.(uvvm)       assert_shift_one_from_left() => Failed. tracked_value '0010' was not X1XX at the 2-cycle. 
%%      127710.0 ns  Log    ID_SEQUENCER        TB seq.             Testing the sequence: 1000 -> 0010 -> 0000 -> 0010
%%      127720.0 ns  Alert  ERROR               TB seq.(uvvm)       assert_shift_one_from_left() => Failed. tracked_value '0010' was not X1XX at the 2-cycle. 
%%      127780.0 ns  Log    ID_SEQUENCER        TB seq.             Testing the sequence: 1000 -> 0010 -> 0000 -> 0001
%%      127790.0 ns  Alert  ERROR               TB seq.(uvvm)       assert_shift_one_from_left() => Failed. tracked_value '0010' was not X1XX at the 2-cycle. 
%%      127850.0 ns  Log    ID_SEQUENCER        TB seq.             Testing the sequence: 1000 -> 0010 -> 0000 -> 0000
%%      127860.0 ns  Alert  ERROR               TB seq.(uvvm)       assert_shift_one_from_left() => Failed. tracked_value '0010' was not X1XX at the 2-cycle. 
%%      127920.0 ns  Log    ID_SEQUENCER        TB seq.             Testing the sequence: 1000 -> 0001 -> 1000 -> 1000
%%      127930.0 ns  Alert  ERROR               TB seq.(uvvm)       assert_shift_one_from_left() => Failed. tracked_value '0001' was not X1XX at the 2-cycle. 
%%      127950.0 ns  Alert  ERROR               TB seq.(uvvm)       assert_shift_one_from_left() => Failed. tracked_value '1000' was not X1XX at the 2-cycle. 
%%      127990.0 ns  Log    ID_SEQUENCER        TB seq.             Testing the sequence: 1000 -> 0001 -> 1000 -> 0100
%%      128000.0 ns  Alert  ERROR               TB seq.(uvvm)       assert_shift_one_from_left() => Failed. tracked_value '0001' was not X1XX at the 2-cycle. 
%%      128030.0 ns  Alert  ERROR               TB seq.(uvvm)       assert_shift_one_from_left() => Failed. tracked_value '0100' was not XX1X at the 3-cycle. 
%%      128060.0 ns  Log    ID_SEQUENCER        TB seq.             Testing the sequence: 1000 -> 0001 -> 1000 -> 0010
%%      128070.0 ns  Alert  ERROR               TB seq.(uvvm)       assert_shift_one_from_left() => Failed. tracked_value '0001' was not X1XX at the 2-cycle. 
%%      128090.0 ns  Alert  ERROR               TB seq.(uvvm)       assert_shift_one_from_left() => Failed. tracked_value '0010' was not X1XX at the 2-cycle. 
%%      128130.0 ns  Log    ID_SEQUENCER        TB seq.             Testing the sequence: 1000 -> 0001 -> 1000 -> 0001
%%      128140.0 ns  Alert  ERROR               TB seq.(uvvm)       assert_shift_one_from_left() => Failed. tracked_value '0001' was not X1XX at the 2-cycle. 
%%      128160.0 ns  Alert  ERROR               TB seq.(uvvm)       assert_shift_one_from_left() => Failed. tracked_value '0001' was not X1XX at the 2-cycle. 
%%      128200.0 ns  Log    ID_SEQUENCER        TB seq.             Testing the sequence: 1000 -> 0001 -> 1000 -> 0000
%%      128210.0 ns  Alert  ERROR               TB seq.(uvvm)       assert_shift_one_from_left() => Failed. tracked_value '0001' was not X1XX at the 2-cycle. 
%%      128230.0 ns  Alert  ERROR               TB seq.(uvvm)       assert_shift_one_from_left() => Failed. tracked_value '0000' was not X1XX at the 2-cycle. 
%%      128270.0 ns  Log    ID_SEQUENCER        TB seq.             Testing the sequence: 1000 -> 0001 -> 0100 -> 1000
%%      128280.0 ns  Alert  ERROR               TB seq.(uvvm)       assert_shift_one_from_left() => Failed. tracked_value '0001' was not X1XX at the 2-cycle. 
%%      128310.0 ns  Alert  ERROR               TB seq.(uvvm)       assert_shift_one_from_left() => Failed. tracked_value '0000' was not X1XX at the 2-cycle. 
%%      128340.0 ns  Log    ID_SEQUENCER        TB seq.             Testing the sequence: 1000 -> 0001 -> 0100 -> 0100
%%      128350.0 ns  Alert  ERROR               TB seq.(uvvm)       assert_shift_one_from_left() => Failed. tracked_value '0001' was not X1XX at the 2-cycle. 
%%      128410.0 ns  Log    ID_SEQUENCER        TB seq.             Testing the sequence: 1000 -> 0001 -> 0100 -> 0010
%%      128420.0 ns  Alert  ERROR               TB seq.(uvvm)       assert_shift_one_from_left() => Failed. tracked_value '0001' was not X1XX at the 2-cycle. 
%%      128480.0 ns  Log    ID_SEQUENCER        TB seq.             Testing the sequence: 1000 -> 0001 -> 0100 -> 0001
%%      128490.0 ns  Alert  ERROR               TB seq.(uvvm)       assert_shift_one_from_left() => Failed. tracked_value '0001' was not X1XX at the 2-cycle. 
%%      128550.0 ns  Log    ID_SEQUENCER        TB seq.             Testing the sequence: 1000 -> 0001 -> 0100 -> 0000
%%      128560.0 ns  Alert  ERROR               TB seq.(uvvm)       assert_shift_one_from_left() => Failed. tracked_value '0001' was not X1XX at the 2-cycle. 
%%      128620.0 ns  Log    ID_SEQUENCER        TB seq.             Testing the sequence: 1000 -> 0001 -> 0010 -> 1000
%%      128630.0 ns  Alert  ERROR               TB seq.(uvvm)       assert_shift_one_from_left() => Failed. tracked_value '0001' was not X1XX at the 2-cycle. 
%%      128660.0 ns  Alert  ERROR               TB seq.(uvvm)       assert_shift_one_from_left() => Failed. tracked_value '0000' was not X1XX at the 2-cycle. 
%%      128690.0 ns  Log    ID_SEQUENCER        TB seq.             Testing the sequence: 1000 -> 0001 -> 0010 -> 0100
%%      128700.0 ns  Alert  ERROR               TB seq.(uvvm)       assert_shift_one_from_left() => Failed. tracked_value '0001' was not X1XX at the 2-cycle. 
%%      128760.0 ns  Log    ID_SEQUENCER        TB seq.             Testing the sequence: 1000 -> 0001 -> 0010 -> 0010
%%      128770.0 ns  Alert  ERROR               TB seq.(uvvm)       assert_shift_one_from_left() => Failed. tracked_value '0001' was not X1XX at the 2-cycle. 
%%      128830.0 ns  Log    ID_SEQUENCER        TB seq.             Testing the sequence: 1000 -> 0001 -> 0010 -> 0001
%%      128840.0 ns  Alert  ERROR               TB seq.(uvvm)       assert_shift_one_from_left() => Failed. tracked_value '0001' was not X1XX at the 2-cycle. 
%%      128900.0 ns  Log    ID_SEQUENCER        TB seq.             Testing the sequence: 1000 -> 0001 -> 0010 -> 0000
%%      128910.0 ns  Alert  ERROR               TB seq.(uvvm)       assert_shift_one_from_left() => Failed. tracked_value '0001' was not X1XX at the 2-cycle. 
%%      128970.0 ns  Log    ID_SEQUENCER        TB seq.             Testing the sequence: 1000 -> 0001 -> 0001 -> 1000
%%      128980.0 ns  Alert  ERROR               TB seq.(uvvm)       assert_shift_one_from_left() => Failed. tracked_value '0001' was not X1XX at the 2-cycle. 
%%      129010.0 ns  Alert  ERROR               TB seq.(uvvm)       assert_shift_one_from_left() => Failed. tracked_value '0000' was not X1XX at the 2-cycle. 
%%      129040.0 ns  Log    ID_SEQUENCER        TB seq.             Testing the sequence: 1000 -> 0001 -> 0001 -> 0100
%%      129050.0 ns  Alert  ERROR               TB seq.(uvvm)       assert_shift_one_from_left() => Failed. tracked_value '0001' was not X1XX at the 2-cycle. 
%%      129110.0 ns  Log    ID_SEQUENCER        TB seq.             Testing the sequence: 1000 -> 0001 -> 0001 -> 0010
%%      129120.0 ns  Alert  ERROR               TB seq.(uvvm)       assert_shift_one_from_left() => Failed. tracked_value '0001' was not X1XX at the 2-cycle. 
%%      129180.0 ns  Log    ID_SEQUENCER        TB seq.             Testing the sequence: 1000 -> 0001 -> 0001 -> 0001
%%      129190.0 ns  Alert  ERROR               TB seq.(uvvm)       assert_shift_one_from_left() => Failed. tracked_value '0001' was not X1XX at the 2-cycle. 
%%      129250.0 ns  Log    ID_SEQUENCER        TB seq.             Testing the sequence: 1000 -> 0001 -> 0001 -> 0000
%%      129260.0 ns  Alert  ERROR               TB seq.(uvvm)       assert_shift_one_from_left() => Failed. tracked_value '0001' was not X1XX at the 2-cycle. 
%%      129320.0 ns  Log    ID_SEQUENCER        TB seq.             Testing the sequence: 1000 -> 0001 -> 0000 -> 1000
%%      129330.0 ns  Alert  ERROR               TB seq.(uvvm)       assert_shift_one_from_left() => Failed. tracked_value '0001' was not X1XX at the 2-cycle. 
%%      129360.0 ns  Alert  ERROR               TB seq.(uvvm)       assert_shift_one_from_left() => Failed. tracked_value '0000' was not X1XX at the 2-cycle. 
%%      129390.0 ns  Log    ID_SEQUENCER        TB seq.             Testing the sequence: 1000 -> 0001 -> 0000 -> 0100
%%      129400.0 ns  Alert  ERROR               TB seq.(uvvm)       assert_shift_one_from_left() => Failed. tracked_value '0001' was not X1XX at the 2-cycle. 
%%      129460.0 ns  Log    ID_SEQUENCER        TB seq.             Testing the sequence: 1000 -> 0001 -> 0000 -> 0010
%%      129470.0 ns  Alert  ERROR               TB seq.(uvvm)       assert_shift_one_from_left() => Failed. tracked_value '0001' was not X1XX at the 2-cycle. 
%%      129530.0 ns  Log    ID_SEQUENCER        TB seq.             Testing the sequence: 1000 -> 0001 -> 0000 -> 0001
%%      129540.0 ns  Alert  ERROR               TB seq.(uvvm)       assert_shift_one_from_left() => Failed. tracked_value '0001' was not X1XX at the 2-cycle. 
%%      129600.0 ns  Log    ID_SEQUENCER        TB seq.             Testing the sequence: 1000 -> 0001 -> 0000 -> 0000
%%      129610.0 ns  Alert  ERROR               TB seq.(uvvm)       assert_shift_one_from_left() => Failed. tracked_value '0001' was not X1XX at the 2-cycle. 
%%      129670.0 ns  Log    ID_SEQUENCER        TB seq.             Testing the sequence: 1000 -> 0000 -> 1000 -> 1000
%%      129680.0 ns  Alert  ERROR               TB seq.(uvvm)       assert_shift_one_from_left() => Failed. tracked_value '0000' was not X1XX at the 2-cycle. 
%%      129700.0 ns  Alert  ERROR               TB seq.(uvvm)       assert_shift_one_from_left() => Failed. tracked_value '1000' was not X1XX at the 2-cycle. 
%%      129740.0 ns  Log    ID_SEQUENCER        TB seq.             Testing the sequence: 1000 -> 0000 -> 1000 -> 0100
%%      129750.0 ns  Alert  ERROR               TB seq.(uvvm)       assert_shift_one_from_left() => Failed. tracked_value '0000' was not X1XX at the 2-cycle. 
%%      129780.0 ns  Alert  ERROR               TB seq.(uvvm)       assert_shift_one_from_left() => Failed. tracked_value '0100' was not XX1X at the 3-cycle. 
%%      129810.0 ns  Log    ID_SEQUENCER        TB seq.             Testing the sequence: 1000 -> 0000 -> 1000 -> 0010
%%      129820.0 ns  Alert  ERROR               TB seq.(uvvm)       assert_shift_one_from_left() => Failed. tracked_value '0000' was not X1XX at the 2-cycle. 
%%      129840.0 ns  Alert  ERROR               TB seq.(uvvm)       assert_shift_one_from_left() => Failed. tracked_value '0010' was not X1XX at the 2-cycle. 
%%      129880.0 ns  Log    ID_SEQUENCER        TB seq.             Testing the sequence: 1000 -> 0000 -> 1000 -> 0001
%%      129890.0 ns  Alert  ERROR               TB seq.(uvvm)       assert_shift_one_from_left() => Failed. tracked_value '0000' was not X1XX at the 2-cycle. 
%%      129910.0 ns  Alert  ERROR               TB seq.(uvvm)       assert_shift_one_from_left() => Failed. tracked_value '0001' was not X1XX at the 2-cycle. 
%%      129950.0 ns  Log    ID_SEQUENCER        TB seq.             Testing the sequence: 1000 -> 0000 -> 1000 -> 0000
%%      129960.0 ns  Alert  ERROR               TB seq.(uvvm)       assert_shift_one_from_left() => Failed. tracked_value '0000' was not X1XX at the 2-cycle. 
%%      129980.0 ns  Alert  ERROR               TB seq.(uvvm)       assert_shift_one_from_left() => Failed. tracked_value '0000' was not X1XX at the 2-cycle. 
%%      130020.0 ns  Log    ID_SEQUENCER        TB seq.             Testing the sequence: 1000 -> 0000 -> 0100 -> 1000
%%      130030.0 ns  Alert  ERROR               TB seq.(uvvm)       assert_shift_one_from_left() => Failed. tracked_value '0000' was not X1XX at the 2-cycle. 
%%      130060.0 ns  Alert  ERROR               TB seq.(uvvm)       assert_shift_one_from_left() => Failed. tracked_value '0000' was not X1XX at the 2-cycle. 
%%      130090.0 ns  Log    ID_SEQUENCER        TB seq.             Testing the sequence: 1000 -> 0000 -> 0100 -> 0100
%%      130100.0 ns  Alert  ERROR               TB seq.(uvvm)       assert_shift_one_from_left() => Failed. tracked_value '0000' was not X1XX at the 2-cycle. 
%%      130160.0 ns  Log    ID_SEQUENCER        TB seq.             Testing the sequence: 1000 -> 0000 -> 0100 -> 0010
%%      130170.0 ns  Alert  ERROR               TB seq.(uvvm)       assert_shift_one_from_left() => Failed. tracked_value '0000' was not X1XX at the 2-cycle. 
%%      130230.0 ns  Log    ID_SEQUENCER        TB seq.             Testing the sequence: 1000 -> 0000 -> 0100 -> 0001
%%      130240.0 ns  Alert  ERROR               TB seq.(uvvm)       assert_shift_one_from_left() => Failed. tracked_value '0000' was not X1XX at the 2-cycle. 
%%      130300.0 ns  Log    ID_SEQUENCER        TB seq.             Testing the sequence: 1000 -> 0000 -> 0100 -> 0000
%%      130310.0 ns  Alert  ERROR               TB seq.(uvvm)       assert_shift_one_from_left() => Failed. tracked_value '0000' was not X1XX at the 2-cycle. 
%%      130370.0 ns  Log    ID_SEQUENCER        TB seq.             Testing the sequence: 1000 -> 0000 -> 0010 -> 1000
%%      130380.0 ns  Alert  ERROR               TB seq.(uvvm)       assert_shift_one_from_left() => Failed. tracked_value '0000' was not X1XX at the 2-cycle. 
%%      130410.0 ns  Alert  ERROR               TB seq.(uvvm)       assert_shift_one_from_left() => Failed. tracked_value '0000' was not X1XX at the 2-cycle. 
%%      130440.0 ns  Log    ID_SEQUENCER        TB seq.             Testing the sequence: 1000 -> 0000 -> 0010 -> 0100
%%      130450.0 ns  Alert  ERROR               TB seq.(uvvm)       assert_shift_one_from_left() => Failed. tracked_value '0000' was not X1XX at the 2-cycle. 
%%      130510.0 ns  Log    ID_SEQUENCER        TB seq.             Testing the sequence: 1000 -> 0000 -> 0010 -> 0010
%%      130520.0 ns  Alert  ERROR               TB seq.(uvvm)       assert_shift_one_from_left() => Failed. tracked_value '0000' was not X1XX at the 2-cycle. 
%%      130580.0 ns  Log    ID_SEQUENCER        TB seq.             Testing the sequence: 1000 -> 0000 -> 0010 -> 0001
%%      130590.0 ns  Alert  ERROR               TB seq.(uvvm)       assert_shift_one_from_left() => Failed. tracked_value '0000' was not X1XX at the 2-cycle. 
%%      130650.0 ns  Log    ID_SEQUENCER        TB seq.             Testing the sequence: 1000 -> 0000 -> 0010 -> 0000
%%      130660.0 ns  Alert  ERROR               TB seq.(uvvm)       assert_shift_one_from_left() => Failed. tracked_value '0000' was not X1XX at the 2-cycle. 
%%      130720.0 ns  Log    ID_SEQUENCER        TB seq.             Testing the sequence: 1000 -> 0000 -> 0001 -> 1000
%%      130730.0 ns  Alert  ERROR               TB seq.(uvvm)       assert_shift_one_from_left() => Failed. tracked_value '0000' was not X1XX at the 2-cycle. 
%%      130760.0 ns  Alert  ERROR               TB seq.(uvvm)       assert_shift_one_from_left() => Failed. tracked_value '0000' was not X1XX at the 2-cycle. 
%%      130790.0 ns  Log    ID_SEQUENCER        TB seq.             Testing the sequence: 1000 -> 0000 -> 0001 -> 0100
%%      130800.0 ns  Alert  ERROR               TB seq.(uvvm)       assert_shift_one_from_left() => Failed. tracked_value '0000' was not X1XX at the 2-cycle. 
%%      130860.0 ns  Log    ID_SEQUENCER        TB seq.             Testing the sequence: 1000 -> 0000 -> 0001 -> 0010
%%      130870.0 ns  Alert  ERROR               TB seq.(uvvm)       assert_shift_one_from_left() => Failed. tracked_value '0000' was not X1XX at the 2-cycle. 
%%      130930.0 ns  Log    ID_SEQUENCER        TB seq.             Testing the sequence: 1000 -> 0000 -> 0001 -> 0001
%%      130940.0 ns  Alert  ERROR               TB seq.(uvvm)       assert_shift_one_from_left() => Failed. tracked_value '0000' was not X1XX at the 2-cycle. 
%%      131000.0 ns  Log    ID_SEQUENCER        TB seq.             Testing the sequence: 1000 -> 0000 -> 0001 -> 0000
%%      131010.0 ns  Alert  ERROR               TB seq.(uvvm)       assert_shift_one_from_left() => Failed. tracked_value '0000' was not X1XX at the 2-cycle. 
%%      131070.0 ns  Log    ID_SEQUENCER        TB seq.             Testing the sequence: 1000 -> 0000 -> 0000 -> 1000
%%      131080.0 ns  Alert  ERROR               TB seq.(uvvm)       assert_shift_one_from_left() => Failed. tracked_value '0000' was not X1XX at the 2-cycle. 
%%      131110.0 ns  Alert  ERROR               TB seq.(uvvm)       assert_shift_one_from_left() => Failed. tracked_value '0000' was not X1XX at the 2-cycle. 
%%      131140.0 ns  Log    ID_SEQUENCER        TB seq.             Testing the sequence: 1000 -> 0000 -> 0000 -> 0100
%%      131150.0 ns  Alert  ERROR               TB seq.(uvvm)       assert_shift_one_from_left() => Failed. tracked_value '0000' was not X1XX at the 2-cycle. 
%%      131210.0 ns  Log    ID_SEQUENCER        TB seq.             Testing the sequence: 1000 -> 0000 -> 0000 -> 0010
%%      131220.0 ns  Alert  ERROR               TB seq.(uvvm)       assert_shift_one_from_left() => Failed. tracked_value '0000' was not X1XX at the 2-cycle. 
%%      131280.0 ns  Log    ID_SEQUENCER        TB seq.             Testing the sequence: 1000 -> 0000 -> 0000 -> 0001
%%      131290.0 ns  Alert  ERROR               TB seq.(uvvm)       assert_shift_one_from_left() => Failed. tracked_value '0000' was not X1XX at the 2-cycle. 
%%      131350.0 ns  Log    ID_SEQUENCER        TB seq.             Testing the sequence: 1000 -> 0000 -> 0000 -> 0000
%%      131360.0 ns  Alert  ERROR               TB seq.(uvvm)       assert_shift_one_from_left() => Failed. tracked_value '0000' was not X1XX at the 2-cycle. 
%%      131420.0 ns  Log    ID_SEQUENCER        TB seq.             Triggering Assertion: Pipeline
%%:                                                                 Testing 4 pipelines with all combinations in cycle 3 and 4
%%:                                                                 Two combinations (0110 and 0111) are tested in cycle 5
%%:                                                                 
%%      131420.0 ns  Log    ID_SEQUENCER        TB seq.             Testing the sequence: 1000 -> 1100 -> 0000 -> 0000 -> 0110 -> 0011 -> 0001
%%      131440.0 ns  Alert  ERROR               TB seq.(uvvm)       assert_shift_one_from_left() => Failed. tracked_value '0000' was not XX1X at the 3-cycle. 
%%      131520.0 ns  Log    ID_SEQUENCER        TB seq.             Testing the sequence: 1000 -> 1100 -> 0000 -> 0000 -> 0111 -> 0011 -> 0001
%%      131540.0 ns  Alert  ERROR               TB seq.(uvvm)       assert_shift_one_from_left() => Failed. tracked_value '0000' was not XX1X at the 3-cycle. 
%%      131620.0 ns  Log    ID_SEQUENCER        TB seq.             Testing the sequence: 1000 -> 1100 -> 0000 -> 0001 -> 0110 -> 0011 -> 0001
%%      131640.0 ns  Alert  ERROR               TB seq.(uvvm)       assert_shift_one_from_left() => Failed. tracked_value '0000' was not XX1X at the 3-cycle. 
%%      131720.0 ns  Log    ID_SEQUENCER        TB seq.             Testing the sequence: 1000 -> 1100 -> 0000 -> 0001 -> 0111 -> 0011 -> 0001
%%      131740.0 ns  Alert  ERROR               TB seq.(uvvm)       assert_shift_one_from_left() => Failed. tracked_value '0000' was not XX1X at the 3-cycle. 
%%      131820.0 ns  Log    ID_SEQUENCER        TB seq.             Testing the sequence: 1000 -> 1100 -> 0000 -> 0010 -> 0110 -> 0011 -> 0001
%%      131840.0 ns  Alert  ERROR               TB seq.(uvvm)       assert_shift_one_from_left() => Failed. tracked_value '0000' was not XX1X at the 3-cycle. 
%%      131920.0 ns  Log    ID_SEQUENCER        TB seq.             Testing the sequence: 1000 -> 1100 -> 0000 -> 0010 -> 0111 -> 0011 -> 0001
%%      131940.0 ns  Alert  ERROR               TB seq.(uvvm)       assert_shift_one_from_left() => Failed. tracked_value '0000' was not XX1X at the 3-cycle. 
%%      132020.0 ns  Log    ID_SEQUENCER        TB seq.             Testing the sequence: 1000 -> 1100 -> 0000 -> 0011 -> 0110 -> 0011 -> 0001
%%      132040.0 ns  Alert  ERROR               TB seq.(uvvm)       assert_shift_one_from_left() => Failed. tracked_value '0000' was not XX1X at the 3-cycle. 
%%      132120.0 ns  Log    ID_SEQUENCER        TB seq.             Testing the sequence: 1000 -> 1100 -> 0000 -> 0011 -> 0111 -> 0011 -> 0001
%%      132140.0 ns  Alert  ERROR               TB seq.(uvvm)       assert_shift_one_from_left() => Failed. tracked_value '0000' was not XX1X at the 3-cycle. 
%%      132220.0 ns  Log    ID_SEQUENCER        TB seq.             Testing the sequence: 1000 -> 1100 -> 0000 -> 0100 -> 0110 -> 0011 -> 0001
%%      132240.0 ns  Alert  ERROR               TB seq.(uvvm)       assert_shift_one_from_left() => Failed. tracked_value '0000' was not XX1X at the 3-cycle. 
%%      132320.0 ns  Log    ID_SEQUENCER        TB seq.             Testing the sequence: 1000 -> 1100 -> 0000 -> 0100 -> 0111 -> 0011 -> 0001
%%      132340.0 ns  Alert  ERROR               TB seq.(uvvm)       assert_shift_one_from_left() => Failed. tracked_value '0000' was not XX1X at the 3-cycle. 
%%      132420.0 ns  Log    ID_SEQUENCER        TB seq.             Testing the sequence: 1000 -> 1100 -> 0000 -> 0101 -> 0110 -> 0011 -> 0001
%%      132440.0 ns  Alert  ERROR               TB seq.(uvvm)       assert_shift_one_from_left() => Failed. tracked_value '0000' was not XX1X at the 3-cycle. 
%%      132520.0 ns  Log    ID_SEQUENCER        TB seq.             Testing the sequence: 1000 -> 1100 -> 0000 -> 0101 -> 0111 -> 0011 -> 0001
%%      132540.0 ns  Alert  ERROR               TB seq.(uvvm)       assert_shift_one_from_left() => Failed. tracked_value '0000' was not XX1X at the 3-cycle. 
%%      132620.0 ns  Log    ID_SEQUENCER        TB seq.             Testing the sequence: 1000 -> 1100 -> 0000 -> 0110 -> 0110 -> 0011 -> 0001
%%      132640.0 ns  Alert  ERROR               TB seq.(uvvm)       assert_shift_one_from_left() => Failed. tracked_value '0000' was not XX1X at the 3-cycle. 
%%      132720.0 ns  Log    ID_SEQUENCER        TB seq.             Testing the sequence: 1000 -> 1100 -> 0000 -> 0110 -> 0111 -> 0011 -> 0001
%%      132740.0 ns  Alert  ERROR               TB seq.(uvvm)       assert_shift_one_from_left() => Failed. tracked_value '0000' was not XX1X at the 3-cycle. 
%%      132820.0 ns  Log    ID_SEQUENCER        TB seq.             Testing the sequence: 1000 -> 1100 -> 0000 -> 0111 -> 0110 -> 0011 -> 0001
%%      132840.0 ns  Alert  ERROR               TB seq.(uvvm)       assert_shift_one_from_left() => Failed. tracked_value '0000' was not XX1X at the 3-cycle. 
%%      132920.0 ns  Log    ID_SEQUENCER        TB seq.             Testing the sequence: 1000 -> 1100 -> 0000 -> 0111 -> 0111 -> 0011 -> 0001
%%      132940.0 ns  Alert  ERROR               TB seq.(uvvm)       assert_shift_one_from_left() => Failed. tracked_value '0000' was not XX1X at the 3-cycle. 
%%      133020.0 ns  Log    ID_SEQUENCER        TB seq.             Testing the sequence: 1000 -> 1100 -> 0000 -> 1000 -> 0110 -> 0011 -> 0001
%%      133040.0 ns  Alert  ERROR               TB seq.(uvvm)       assert_shift_one_from_left() => Failed. tracked_value '0000' was not XX1X at the 3-cycle. 
%%      133120.0 ns  Log    ID_SEQUENCER        TB seq.             Testing the sequence: 1000 -> 1100 -> 0000 -> 1000 -> 0111 -> 0011 -> 0001
%%      133140.0 ns  Alert  ERROR               TB seq.(uvvm)       assert_shift_one_from_left() => Failed. tracked_value '0000' was not XX1X at the 3-cycle. 
%%      133220.0 ns  Log    ID_SEQUENCER        TB seq.             Testing the sequence: 1000 -> 1100 -> 0000 -> 1001 -> 0110 -> 0011 -> 0001
%%      133240.0 ns  Alert  ERROR               TB seq.(uvvm)       assert_shift_one_from_left() => Failed. tracked_value '0000' was not XX1X at the 3-cycle. 
%%      133320.0 ns  Log    ID_SEQUENCER        TB seq.             Testing the sequence: 1000 -> 1100 -> 0000 -> 1001 -> 0111 -> 0011 -> 0001
%%      133340.0 ns  Alert  ERROR               TB seq.(uvvm)       assert_shift_one_from_left() => Failed. tracked_value '0000' was not XX1X at the 3-cycle. 
%%      133420.0 ns  Log    ID_SEQUENCER        TB seq.             Testing the sequence: 1000 -> 1100 -> 0000 -> 1010 -> 0110 -> 0011 -> 0001
%%      133440.0 ns  Alert  ERROR               TB seq.(uvvm)       assert_shift_one_from_left() => Failed. tracked_value '0000' was not XX1X at the 3-cycle. 
%%      133520.0 ns  Log    ID_SEQUENCER        TB seq.             Testing the sequence: 1000 -> 1100 -> 0000 -> 1010 -> 0111 -> 0011 -> 0001
%%      133540.0 ns  Alert  ERROR               TB seq.(uvvm)       assert_shift_one_from_left() => Failed. tracked_value '0000' was not XX1X at the 3-cycle. 
%%      133620.0 ns  Log    ID_SEQUENCER        TB seq.             Testing the sequence: 1000 -> 1100 -> 0000 -> 1011 -> 0110 -> 0011 -> 0001
%%      133640.0 ns  Alert  ERROR               TB seq.(uvvm)       assert_shift_one_from_left() => Failed. tracked_value '0000' was not XX1X at the 3-cycle. 
%%      133720.0 ns  Log    ID_SEQUENCER        TB seq.             Testing the sequence: 1000 -> 1100 -> 0000 -> 1011 -> 0111 -> 0011 -> 0001
%%      133740.0 ns  Alert  ERROR               TB seq.(uvvm)       assert_shift_one_from_left() => Failed. tracked_value '0000' was not XX1X at the 3-cycle. 
%%      133820.0 ns  Log    ID_SEQUENCER        TB seq.             Testing the sequence: 1000 -> 1100 -> 0000 -> 1100 -> 0110 -> 0011 -> 0001
%%      133840.0 ns  Alert  ERROR               TB seq.(uvvm)       assert_shift_one_from_left() => Failed. tracked_value '0000' was not XX1X at the 3-cycle. 
%%      133920.0 ns  Log    ID_SEQUENCER        TB seq.             Testing the sequence: 1000 -> 1100 -> 0000 -> 1100 -> 0111 -> 0011 -> 0001
%%      133940.0 ns  Alert  ERROR               TB seq.(uvvm)       assert_shift_one_from_left() => Failed. tracked_value '0000' was not XX1X at the 3-cycle. 
%%      134020.0 ns  Log    ID_SEQUENCER        TB seq.             Testing the sequence: 1000 -> 1100 -> 0000 -> 1101 -> 0110 -> 0011 -> 0001
%%      134040.0 ns  Alert  ERROR               TB seq.(uvvm)       assert_shift_one_from_left() => Failed. tracked_value '0000' was not XX1X at the 3-cycle. 
%%      134120.0 ns  Log    ID_SEQUENCER        TB seq.             Testing the sequence: 1000 -> 1100 -> 0000 -> 1101 -> 0111 -> 0011 -> 0001
%%      134140.0 ns  Alert  ERROR               TB seq.(uvvm)       assert_shift_one_from_left() => Failed. tracked_value '0000' was not XX1X at the 3-cycle. 
%%      134220.0 ns  Log    ID_SEQUENCER        TB seq.             Testing the sequence: 1000 -> 1100 -> 0000 -> 1110 -> 0110 -> 0011 -> 0001
%%      134240.0 ns  Alert  ERROR               TB seq.(uvvm)       assert_shift_one_from_left() => Failed. tracked_value '0000' was not XX1X at the 3-cycle. 
%%      134320.0 ns  Log    ID_SEQUENCER        TB seq.             Testing the sequence: 1000 -> 1100 -> 0000 -> 1110 -> 0111 -> 0011 -> 0001
%%      134340.0 ns  Alert  ERROR               TB seq.(uvvm)       assert_shift_one_from_left() => Failed. tracked_value '0000' was not XX1X at the 3-cycle. 
%%      134420.0 ns  Log    ID_SEQUENCER        TB seq.             Testing the sequence: 1000 -> 1100 -> 0000 -> 1111 -> 0110 -> 0011 -> 0001
%%      134440.0 ns  Alert  ERROR               TB seq.(uvvm)       assert_shift_one_from_left() => Failed. tracked_value '0000' was not XX1X at the 3-cycle. 
%%      134520.0 ns  Log    ID_SEQUENCER        TB seq.             Testing the sequence: 1000 -> 1100 -> 0000 -> 1111 -> 0111 -> 0011 -> 0001
%%      134540.0 ns  Alert  ERROR               TB seq.(uvvm)       assert_shift_one_from_left() => Failed. tracked_value '0000' was not XX1X at the 3-cycle. 
%%      134620.0 ns  Log    ID_SEQUENCER        TB seq.             Testing the sequence: 1000 -> 1100 -> 0001 -> 0000 -> 0110 -> 0011 -> 0001
%%      134640.0 ns  Alert  ERROR               TB seq.(uvvm)       assert_shift_one_from_left() => Failed. tracked_value '0001' was not XX1X at the 3-cycle. 
%%      134720.0 ns  Log    ID_SEQUENCER        TB seq.             Testing the sequence: 1000 -> 1100 -> 0001 -> 0000 -> 0111 -> 0011 -> 0001
%%      134740.0 ns  Alert  ERROR               TB seq.(uvvm)       assert_shift_one_from_left() => Failed. tracked_value '0001' was not XX1X at the 3-cycle. 
%%      134820.0 ns  Log    ID_SEQUENCER        TB seq.             Testing the sequence: 1000 -> 1100 -> 0001 -> 0001 -> 0110 -> 0011 -> 0001
%%      134840.0 ns  Alert  ERROR               TB seq.(uvvm)       assert_shift_one_from_left() => Failed. tracked_value '0001' was not XX1X at the 3-cycle. 
%%      134920.0 ns  Log    ID_SEQUENCER        TB seq.             Testing the sequence: 1000 -> 1100 -> 0001 -> 0001 -> 0111 -> 0011 -> 0001
%%      134940.0 ns  Alert  ERROR               TB seq.(uvvm)       assert_shift_one_from_left() => Failed. tracked_value '0001' was not XX1X at the 3-cycle. 
%%      135020.0 ns  Log    ID_SEQUENCER        TB seq.             Testing the sequence: 1000 -> 1100 -> 0001 -> 0010 -> 0110 -> 0011 -> 0001
%%      135040.0 ns  Alert  ERROR               TB seq.(uvvm)       assert_shift_one_from_left() => Failed. tracked_value '0001' was not XX1X at the 3-cycle. 
%%      135120.0 ns  Log    ID_SEQUENCER        TB seq.             Testing the sequence: 1000 -> 1100 -> 0001 -> 0010 -> 0111 -> 0011 -> 0001
%%      135140.0 ns  Alert  ERROR               TB seq.(uvvm)       assert_shift_one_from_left() => Failed. tracked_value '0001' was not XX1X at the 3-cycle. 
%%      135220.0 ns  Log    ID_SEQUENCER        TB seq.             Testing the sequence: 1000 -> 1100 -> 0001 -> 0011 -> 0110 -> 0011 -> 0001
%%      135240.0 ns  Alert  ERROR               TB seq.(uvvm)       assert_shift_one_from_left() => Failed. tracked_value '0001' was not XX1X at the 3-cycle. 
%%      135320.0 ns  Log    ID_SEQUENCER        TB seq.             Testing the sequence: 1000 -> 1100 -> 0001 -> 0011 -> 0111 -> 0011 -> 0001
%%      135340.0 ns  Alert  ERROR               TB seq.(uvvm)       assert_shift_one_from_left() => Failed. tracked_value '0001' was not XX1X at the 3-cycle. 
%%      135420.0 ns  Log    ID_SEQUENCER        TB seq.             Testing the sequence: 1000 -> 1100 -> 0001 -> 0100 -> 0110 -> 0011 -> 0001
%%      135440.0 ns  Alert  ERROR               TB seq.(uvvm)       assert_shift_one_from_left() => Failed. tracked_value '0001' was not XX1X at the 3-cycle. 
%%      135520.0 ns  Log    ID_SEQUENCER        TB seq.             Testing the sequence: 1000 -> 1100 -> 0001 -> 0100 -> 0111 -> 0011 -> 0001
%%      135540.0 ns  Alert  ERROR               TB seq.(uvvm)       assert_shift_one_from_left() => Failed. tracked_value '0001' was not XX1X at the 3-cycle. 
%%      135620.0 ns  Log    ID_SEQUENCER        TB seq.             Testing the sequence: 1000 -> 1100 -> 0001 -> 0101 -> 0110 -> 0011 -> 0001
%%      135640.0 ns  Alert  ERROR               TB seq.(uvvm)       assert_shift_one_from_left() => Failed. tracked_value '0001' was not XX1X at the 3-cycle. 
%%      135720.0 ns  Log    ID_SEQUENCER        TB seq.             Testing the sequence: 1000 -> 1100 -> 0001 -> 0101 -> 0111 -> 0011 -> 0001
%%      135740.0 ns  Alert  ERROR               TB seq.(uvvm)       assert_shift_one_from_left() => Failed. tracked_value '0001' was not XX1X at the 3-cycle. 
%%      135820.0 ns  Log    ID_SEQUENCER        TB seq.             Testing the sequence: 1000 -> 1100 -> 0001 -> 0110 -> 0110 -> 0011 -> 0001
%%      135840.0 ns  Alert  ERROR               TB seq.(uvvm)       assert_shift_one_from_left() => Failed. tracked_value '0001' was not XX1X at the 3-cycle. 
%%      135920.0 ns  Log    ID_SEQUENCER        TB seq.             Testing the sequence: 1000 -> 1100 -> 0001 -> 0110 -> 0111 -> 0011 -> 0001
%%      135940.0 ns  Alert  ERROR               TB seq.(uvvm)       assert_shift_one_from_left() => Failed. tracked_value '0001' was not XX1X at the 3-cycle. 
%%      136020.0 ns  Log    ID_SEQUENCER        TB seq.             Testing the sequence: 1000 -> 1100 -> 0001 -> 0111 -> 0110 -> 0011 -> 0001
%%      136040.0 ns  Alert  ERROR               TB seq.(uvvm)       assert_shift_one_from_left() => Failed. tracked_value '0001' was not XX1X at the 3-cycle. 
%%      136120.0 ns  Log    ID_SEQUENCER        TB seq.             Testing the sequence: 1000 -> 1100 -> 0001 -> 0111 -> 0111 -> 0011 -> 0001
%%      136140.0 ns  Alert  ERROR               TB seq.(uvvm)       assert_shift_one_from_left() => Failed. tracked_value '0001' was not XX1X at the 3-cycle. 
%%      136220.0 ns  Log    ID_SEQUENCER        TB seq.             Testing the sequence: 1000 -> 1100 -> 0001 -> 1000 -> 0110 -> 0011 -> 0001
%%      136240.0 ns  Alert  ERROR               TB seq.(uvvm)       assert_shift_one_from_left() => Failed. tracked_value '0001' was not XX1X at the 3-cycle. 
%%      136320.0 ns  Log    ID_SEQUENCER        TB seq.             Testing the sequence: 1000 -> 1100 -> 0001 -> 1000 -> 0111 -> 0011 -> 0001
%%      136340.0 ns  Alert  ERROR               TB seq.(uvvm)       assert_shift_one_from_left() => Failed. tracked_value '0001' was not XX1X at the 3-cycle. 
%%      136420.0 ns  Log    ID_SEQUENCER        TB seq.             Testing the sequence: 1000 -> 1100 -> 0001 -> 1001 -> 0110 -> 0011 -> 0001
%%      136440.0 ns  Alert  ERROR               TB seq.(uvvm)       assert_shift_one_from_left() => Failed. tracked_value '0001' was not XX1X at the 3-cycle. 
%%      136520.0 ns  Log    ID_SEQUENCER        TB seq.             Testing the sequence: 1000 -> 1100 -> 0001 -> 1001 -> 0111 -> 0011 -> 0001
%%      136540.0 ns  Alert  ERROR               TB seq.(uvvm)       assert_shift_one_from_left() => Failed. tracked_value '0001' was not XX1X at the 3-cycle. 
%%      136620.0 ns  Log    ID_SEQUENCER        TB seq.             Testing the sequence: 1000 -> 1100 -> 0001 -> 1010 -> 0110 -> 0011 -> 0001
%%      136640.0 ns  Alert  ERROR               TB seq.(uvvm)       assert_shift_one_from_left() => Failed. tracked_value '0001' was not XX1X at the 3-cycle. 
%%      136720.0 ns  Log    ID_SEQUENCER        TB seq.             Testing the sequence: 1000 -> 1100 -> 0001 -> 1010 -> 0111 -> 0011 -> 0001
%%      136740.0 ns  Alert  ERROR               TB seq.(uvvm)       assert_shift_one_from_left() => Failed. tracked_value '0001' was not XX1X at the 3-cycle. 
%%      136820.0 ns  Log    ID_SEQUENCER        TB seq.             Testing the sequence: 1000 -> 1100 -> 0001 -> 1011 -> 0110 -> 0011 -> 0001
%%      136840.0 ns  Alert  ERROR               TB seq.(uvvm)       assert_shift_one_from_left() => Failed. tracked_value '0001' was not XX1X at the 3-cycle. 
%%      136920.0 ns  Log    ID_SEQUENCER        TB seq.             Testing the sequence: 1000 -> 1100 -> 0001 -> 1011 -> 0111 -> 0011 -> 0001
%%      136940.0 ns  Alert  ERROR               TB seq.(uvvm)       assert_shift_one_from_left() => Failed. tracked_value '0001' was not XX1X at the 3-cycle. 
%%      137020.0 ns  Log    ID_SEQUENCER        TB seq.             Testing the sequence: 1000 -> 1100 -> 0001 -> 1100 -> 0110 -> 0011 -> 0001
%%      137040.0 ns  Alert  ERROR               TB seq.(uvvm)       assert_shift_one_from_left() => Failed. tracked_value '0001' was not XX1X at the 3-cycle. 
%%      137120.0 ns  Log    ID_SEQUENCER        TB seq.             Testing the sequence: 1000 -> 1100 -> 0001 -> 1100 -> 0111 -> 0011 -> 0001
%%      137140.0 ns  Alert  ERROR               TB seq.(uvvm)       assert_shift_one_from_left() => Failed. tracked_value '0001' was not XX1X at the 3-cycle. 
%%      137220.0 ns  Log    ID_SEQUENCER        TB seq.             Testing the sequence: 1000 -> 1100 -> 0001 -> 1101 -> 0110 -> 0011 -> 0001
%%      137240.0 ns  Alert  ERROR               TB seq.(uvvm)       assert_shift_one_from_left() => Failed. tracked_value '0001' was not XX1X at the 3-cycle. 
%%      137320.0 ns  Log    ID_SEQUENCER        TB seq.             Testing the sequence: 1000 -> 1100 -> 0001 -> 1101 -> 0111 -> 0011 -> 0001
%%      137340.0 ns  Alert  ERROR               TB seq.(uvvm)       assert_shift_one_from_left() => Failed. tracked_value '0001' was not XX1X at the 3-cycle. 
%%      137420.0 ns  Log    ID_SEQUENCER        TB seq.             Testing the sequence: 1000 -> 1100 -> 0001 -> 1110 -> 0110 -> 0011 -> 0001
%%      137440.0 ns  Alert  ERROR               TB seq.(uvvm)       assert_shift_one_from_left() => Failed. tracked_value '0001' was not XX1X at the 3-cycle. 
%%      137520.0 ns  Log    ID_SEQUENCER        TB seq.             Testing the sequence: 1000 -> 1100 -> 0001 -> 1110 -> 0111 -> 0011 -> 0001
%%      137540.0 ns  Alert  ERROR               TB seq.(uvvm)       assert_shift_one_from_left() => Failed. tracked_value '0001' was not XX1X at the 3-cycle. 
%%      137620.0 ns  Log    ID_SEQUENCER        TB seq.             Testing the sequence: 1000 -> 1100 -> 0001 -> 1111 -> 0110 -> 0011 -> 0001
%%      137640.0 ns  Alert  ERROR               TB seq.(uvvm)       assert_shift_one_from_left() => Failed. tracked_value '0001' was not XX1X at the 3-cycle. 
%%      137720.0 ns  Log    ID_SEQUENCER        TB seq.             Testing the sequence: 1000 -> 1100 -> 0001 -> 1111 -> 0111 -> 0011 -> 0001
%%      137740.0 ns  Alert  ERROR               TB seq.(uvvm)       assert_shift_one_from_left() => Failed. tracked_value '0001' was not XX1X at the 3-cycle. 
%%      137820.0 ns  Log    ID_SEQUENCER        TB seq.             Testing the sequence: 1000 -> 1100 -> 0010 -> 0000 -> 0110 -> 0011 -> 0001
%%      137850.0 ns  Alert  ERROR               TB seq.(uvvm)       assert_shift_one_from_left() => Failed. tracked_value '0000' was not XXX1 at the 4-cycle. 
%%      137920.0 ns  Log    ID_SEQUENCER        TB seq.             Testing the sequence: 1000 -> 1100 -> 0010 -> 0000 -> 0111 -> 0011 -> 0001
%%      137950.0 ns  Alert  ERROR               TB seq.(uvvm)       assert_shift_one_from_left() => Failed. tracked_value '0000' was not XXX1 at the 4-cycle. 
%%      138020.0 ns  Log    ID_SEQUENCER        TB seq.             Testing the sequence: 1000 -> 1100 -> 0010 -> 0001 -> 0110 -> 0011 -> 0001
%%      138120.0 ns  Log    ID_SEQUENCER        TB seq.             Testing the sequence: 1000 -> 1100 -> 0010 -> 0001 -> 0111 -> 0011 -> 0001
%%      138220.0 ns  Log    ID_SEQUENCER        TB seq.             Testing the sequence: 1000 -> 1100 -> 0010 -> 0010 -> 0110 -> 0011 -> 0001
%%      138250.0 ns  Alert  ERROR               TB seq.(uvvm)       assert_shift_one_from_left() => Failed. tracked_value '0010' was not XXX1 at the 4-cycle. 
%%      138320.0 ns  Log    ID_SEQUENCER        TB seq.             Testing the sequence: 1000 -> 1100 -> 0010 -> 0010 -> 0111 -> 0011 -> 0001
%%      138350.0 ns  Alert  ERROR               TB seq.(uvvm)       assert_shift_one_from_left() => Failed. tracked_value '0010' was not XXX1 at the 4-cycle. 
%%      138420.0 ns  Log    ID_SEQUENCER        TB seq.             Testing the sequence: 1000 -> 1100 -> 0010 -> 0011 -> 0110 -> 0011 -> 0001
%%      138520.0 ns  Log    ID_SEQUENCER        TB seq.             Testing the sequence: 1000 -> 1100 -> 0010 -> 0011 -> 0111 -> 0011 -> 0001
%%      138620.0 ns  Log    ID_SEQUENCER        TB seq.             Testing the sequence: 1000 -> 1100 -> 0010 -> 0100 -> 0110 -> 0011 -> 0001
%%      138650.0 ns  Alert  ERROR               TB seq.(uvvm)       assert_shift_one_from_left() => Failed. tracked_value '0100' was not XXX1 at the 4-cycle. 
%%      138720.0 ns  Log    ID_SEQUENCER        TB seq.             Testing the sequence: 1000 -> 1100 -> 0010 -> 0100 -> 0111 -> 0011 -> 0001
%%      138750.0 ns  Alert  ERROR               TB seq.(uvvm)       assert_shift_one_from_left() => Failed. tracked_value '0100' was not XXX1 at the 4-cycle. 
%%      138820.0 ns  Log    ID_SEQUENCER        TB seq.             Testing the sequence: 1000 -> 1100 -> 0010 -> 0101 -> 0110 -> 0011 -> 0001
%%      138920.0 ns  Log    ID_SEQUENCER        TB seq.             Testing the sequence: 1000 -> 1100 -> 0010 -> 0101 -> 0111 -> 0011 -> 0001
%%      139020.0 ns  Log    ID_SEQUENCER        TB seq.             Testing the sequence: 1000 -> 1100 -> 0010 -> 0110 -> 0110 -> 0011 -> 0001
%%      139050.0 ns  Alert  ERROR               TB seq.(uvvm)       assert_shift_one_from_left() => Failed. tracked_value '0110' was not XXX1 at the 4-cycle. 
%%      139120.0 ns  Log    ID_SEQUENCER        TB seq.             Testing the sequence: 1000 -> 1100 -> 0010 -> 0110 -> 0111 -> 0011 -> 0001
%%      139150.0 ns  Alert  ERROR               TB seq.(uvvm)       assert_shift_one_from_left() => Failed. tracked_value '0110' was not XXX1 at the 4-cycle. 
%%      139220.0 ns  Log    ID_SEQUENCER        TB seq.             Testing the sequence: 1000 -> 1100 -> 0010 -> 0111 -> 0110 -> 0011 -> 0001
%%      139320.0 ns  Log    ID_SEQUENCER        TB seq.             Testing the sequence: 1000 -> 1100 -> 0010 -> 0111 -> 0111 -> 0011 -> 0001
%%      139420.0 ns  Log    ID_SEQUENCER        TB seq.             Testing the sequence: 1000 -> 1100 -> 0010 -> 1000 -> 0110 -> 0011 -> 0001
%%      139450.0 ns  Alert  ERROR               TB seq.(uvvm)       assert_shift_one_from_left() => Failed. tracked_value '1000' was not XXX1 at the 4-cycle. 
%%      139520.0 ns  Log    ID_SEQUENCER        TB seq.             Testing the sequence: 1000 -> 1100 -> 0010 -> 1000 -> 0111 -> 0011 -> 0001
%%      139550.0 ns  Alert  ERROR               TB seq.(uvvm)       assert_shift_one_from_left() => Failed. tracked_value '1000' was not XXX1 at the 4-cycle. 
%%      139620.0 ns  Log    ID_SEQUENCER        TB seq.             Testing the sequence: 1000 -> 1100 -> 0010 -> 1001 -> 0110 -> 0011 -> 0001
%%      139720.0 ns  Log    ID_SEQUENCER        TB seq.             Testing the sequence: 1000 -> 1100 -> 0010 -> 1001 -> 0111 -> 0011 -> 0001
%%      139820.0 ns  Log    ID_SEQUENCER        TB seq.             Testing the sequence: 1000 -> 1100 -> 0010 -> 1010 -> 0110 -> 0011 -> 0001
%%      139850.0 ns  Alert  ERROR               TB seq.(uvvm)       assert_shift_one_from_left() => Failed. tracked_value '1010' was not XXX1 at the 4-cycle. 
%%      139920.0 ns  Log    ID_SEQUENCER        TB seq.             Testing the sequence: 1000 -> 1100 -> 0010 -> 1010 -> 0111 -> 0011 -> 0001
%%      139950.0 ns  Alert  ERROR               TB seq.(uvvm)       assert_shift_one_from_left() => Failed. tracked_value '1010' was not XXX1 at the 4-cycle. 
%%      140020.0 ns  Log    ID_SEQUENCER        TB seq.             Testing the sequence: 1000 -> 1100 -> 0010 -> 1011 -> 0110 -> 0011 -> 0001
%%      140120.0 ns  Log    ID_SEQUENCER        TB seq.             Testing the sequence: 1000 -> 1100 -> 0010 -> 1011 -> 0111 -> 0011 -> 0001
%%      140220.0 ns  Log    ID_SEQUENCER        TB seq.             Testing the sequence: 1000 -> 1100 -> 0010 -> 1100 -> 0110 -> 0011 -> 0001
%%      140250.0 ns  Alert  ERROR               TB seq.(uvvm)       assert_shift_one_from_left() => Failed. tracked_value '1100' was not XXX1 at the 4-cycle. 
%%      140320.0 ns  Log    ID_SEQUENCER        TB seq.             Testing the sequence: 1000 -> 1100 -> 0010 -> 1100 -> 0111 -> 0011 -> 0001
%%      140350.0 ns  Alert  ERROR               TB seq.(uvvm)       assert_shift_one_from_left() => Failed. tracked_value '1100' was not XXX1 at the 4-cycle. 
%%      140420.0 ns  Log    ID_SEQUENCER        TB seq.             Testing the sequence: 1000 -> 1100 -> 0010 -> 1101 -> 0110 -> 0011 -> 0001
%%      140520.0 ns  Log    ID_SEQUENCER        TB seq.             Testing the sequence: 1000 -> 1100 -> 0010 -> 1101 -> 0111 -> 0011 -> 0001
%%      140620.0 ns  Log    ID_SEQUENCER        TB seq.             Testing the sequence: 1000 -> 1100 -> 0010 -> 1110 -> 0110 -> 0011 -> 0001
%%      140650.0 ns  Alert  ERROR               TB seq.(uvvm)       assert_shift_one_from_left() => Failed. tracked_value '1110' was not XXX1 at the 4-cycle. 
%%      140720.0 ns  Log    ID_SEQUENCER        TB seq.             Testing the sequence: 1000 -> 1100 -> 0010 -> 1110 -> 0111 -> 0011 -> 0001
%%      140750.0 ns  Alert  ERROR               TB seq.(uvvm)       assert_shift_one_from_left() => Failed. tracked_value '1110' was not XXX1 at the 4-cycle. 
%%      140820.0 ns  Log    ID_SEQUENCER        TB seq.             Testing the sequence: 1000 -> 1100 -> 0010 -> 1111 -> 0110 -> 0011 -> 0001
%%      140920.0 ns  Log    ID_SEQUENCER        TB seq.             Testing the sequence: 1000 -> 1100 -> 0010 -> 1111 -> 0111 -> 0011 -> 0001
%%      141020.0 ns  Log    ID_SEQUENCER        TB seq.             Testing the sequence: 1000 -> 1100 -> 0011 -> 0000 -> 0110 -> 0011 -> 0001
%%      141050.0 ns  Alert  ERROR               TB seq.(uvvm)       assert_shift_one_from_left() => Failed. tracked_value '0000' was not XXX1 at the 4-cycle. 
%%      141120.0 ns  Log    ID_SEQUENCER        TB seq.             Testing the sequence: 1000 -> 1100 -> 0011 -> 0000 -> 0111 -> 0011 -> 0001
%%      141150.0 ns  Alert  ERROR               TB seq.(uvvm)       assert_shift_one_from_left() => Failed. tracked_value '0000' was not XXX1 at the 4-cycle. 
%%      141220.0 ns  Log    ID_SEQUENCER        TB seq.             Testing the sequence: 1000 -> 1100 -> 0011 -> 0001 -> 0110 -> 0011 -> 0001
%%      141320.0 ns  Log    ID_SEQUENCER        TB seq.             Testing the sequence: 1000 -> 1100 -> 0011 -> 0001 -> 0111 -> 0011 -> 0001
%%      141420.0 ns  Log    ID_SEQUENCER        TB seq.             Testing the sequence: 1000 -> 1100 -> 0011 -> 0010 -> 0110 -> 0011 -> 0001
%%      141450.0 ns  Alert  ERROR               TB seq.(uvvm)       assert_shift_one_from_left() => Failed. tracked_value '0010' was not XXX1 at the 4-cycle. 
%%      141520.0 ns  Log    ID_SEQUENCER        TB seq.             Testing the sequence: 1000 -> 1100 -> 0011 -> 0010 -> 0111 -> 0011 -> 0001
%%      141550.0 ns  Alert  ERROR               TB seq.(uvvm)       assert_shift_one_from_left() => Failed. tracked_value '0010' was not XXX1 at the 4-cycle. 
%%      141620.0 ns  Log    ID_SEQUENCER        TB seq.             Testing the sequence: 1000 -> 1100 -> 0011 -> 0011 -> 0110 -> 0011 -> 0001
%%      141720.0 ns  Log    ID_SEQUENCER        TB seq.             Testing the sequence: 1000 -> 1100 -> 0011 -> 0011 -> 0111 -> 0011 -> 0001
%%      141820.0 ns  Log    ID_SEQUENCER        TB seq.             Testing the sequence: 1000 -> 1100 -> 0011 -> 0100 -> 0110 -> 0011 -> 0001
%%      141850.0 ns  Alert  ERROR               TB seq.(uvvm)       assert_shift_one_from_left() => Failed. tracked_value '0100' was not XXX1 at the 4-cycle. 
%%      141920.0 ns  Log    ID_SEQUENCER        TB seq.             Testing the sequence: 1000 -> 1100 -> 0011 -> 0100 -> 0111 -> 0011 -> 0001
%%      141950.0 ns  Alert  ERROR               TB seq.(uvvm)       assert_shift_one_from_left() => Failed. tracked_value '0100' was not XXX1 at the 4-cycle. 
%%      142020.0 ns  Log    ID_SEQUENCER        TB seq.             Testing the sequence: 1000 -> 1100 -> 0011 -> 0101 -> 0110 -> 0011 -> 0001
%%      142120.0 ns  Log    ID_SEQUENCER        TB seq.             Testing the sequence: 1000 -> 1100 -> 0011 -> 0101 -> 0111 -> 0011 -> 0001
%%      142220.0 ns  Log    ID_SEQUENCER        TB seq.             Testing the sequence: 1000 -> 1100 -> 0011 -> 0110 -> 0110 -> 0011 -> 0001
%%      142250.0 ns  Alert  ERROR               TB seq.(uvvm)       assert_shift_one_from_left() => Failed. tracked_value '0110' was not XXX1 at the 4-cycle. 
%%      142320.0 ns  Log    ID_SEQUENCER        TB seq.             Testing the sequence: 1000 -> 1100 -> 0011 -> 0110 -> 0111 -> 0011 -> 0001
%%      142350.0 ns  Alert  ERROR               TB seq.(uvvm)       assert_shift_one_from_left() => Failed. tracked_value '0110' was not XXX1 at the 4-cycle. 
%%      142420.0 ns  Log    ID_SEQUENCER        TB seq.             Testing the sequence: 1000 -> 1100 -> 0011 -> 0111 -> 0110 -> 0011 -> 0001
%%      142520.0 ns  Log    ID_SEQUENCER        TB seq.             Testing the sequence: 1000 -> 1100 -> 0011 -> 0111 -> 0111 -> 0011 -> 0001
%%      142620.0 ns  Log    ID_SEQUENCER        TB seq.             Testing the sequence: 1000 -> 1100 -> 0011 -> 1000 -> 0110 -> 0011 -> 0001
%%      142650.0 ns  Alert  ERROR               TB seq.(uvvm)       assert_shift_one_from_left() => Failed. tracked_value '1000' was not XXX1 at the 4-cycle. 
%%      142720.0 ns  Log    ID_SEQUENCER        TB seq.             Testing the sequence: 1000 -> 1100 -> 0011 -> 1000 -> 0111 -> 0011 -> 0001
%%      142750.0 ns  Alert  ERROR               TB seq.(uvvm)       assert_shift_one_from_left() => Failed. tracked_value '1000' was not XXX1 at the 4-cycle. 
%%      142820.0 ns  Log    ID_SEQUENCER        TB seq.             Testing the sequence: 1000 -> 1100 -> 0011 -> 1001 -> 0110 -> 0011 -> 0001
%%      142920.0 ns  Log    ID_SEQUENCER        TB seq.             Testing the sequence: 1000 -> 1100 -> 0011 -> 1001 -> 0111 -> 0011 -> 0001
%%      143020.0 ns  Log    ID_SEQUENCER        TB seq.             Testing the sequence: 1000 -> 1100 -> 0011 -> 1010 -> 0110 -> 0011 -> 0001
%%      143050.0 ns  Alert  ERROR               TB seq.(uvvm)       assert_shift_one_from_left() => Failed. tracked_value '1010' was not XXX1 at the 4-cycle. 
%%      143120.0 ns  Log    ID_SEQUENCER        TB seq.             Testing the sequence: 1000 -> 1100 -> 0011 -> 1010 -> 0111 -> 0011 -> 0001
%%      143150.0 ns  Alert  ERROR               TB seq.(uvvm)       assert_shift_one_from_left() => Failed. tracked_value '1010' was not XXX1 at the 4-cycle. 
%%      143220.0 ns  Log    ID_SEQUENCER        TB seq.             Testing the sequence: 1000 -> 1100 -> 0011 -> 1011 -> 0110 -> 0011 -> 0001
%%      143320.0 ns  Log    ID_SEQUENCER        TB seq.             Testing the sequence: 1000 -> 1100 -> 0011 -> 1011 -> 0111 -> 0011 -> 0001
%%      143420.0 ns  Log    ID_SEQUENCER        TB seq.             Testing the sequence: 1000 -> 1100 -> 0011 -> 1100 -> 0110 -> 0011 -> 0001
%%      143450.0 ns  Alert  ERROR               TB seq.(uvvm)       assert_shift_one_from_left() => Failed. tracked_value '1100' was not XXX1 at the 4-cycle. 
%%      143520.0 ns  Log    ID_SEQUENCER        TB seq.             Testing the sequence: 1000 -> 1100 -> 0011 -> 1100 -> 0111 -> 0011 -> 0001
%%      143550.0 ns  Alert  ERROR               TB seq.(uvvm)       assert_shift_one_from_left() => Failed. tracked_value '1100' was not XXX1 at the 4-cycle. 
%%      143620.0 ns  Log    ID_SEQUENCER        TB seq.             Testing the sequence: 1000 -> 1100 -> 0011 -> 1101 -> 0110 -> 0011 -> 0001
%%      143720.0 ns  Log    ID_SEQUENCER        TB seq.             Testing the sequence: 1000 -> 1100 -> 0011 -> 1101 -> 0111 -> 0011 -> 0001
%%      143820.0 ns  Log    ID_SEQUENCER        TB seq.             Testing the sequence: 1000 -> 1100 -> 0011 -> 1110 -> 0110 -> 0011 -> 0001
%%      143850.0 ns  Alert  ERROR               TB seq.(uvvm)       assert_shift_one_from_left() => Failed. tracked_value '1110' was not XXX1 at the 4-cycle. 
%%      143920.0 ns  Log    ID_SEQUENCER        TB seq.             Testing the sequence: 1000 -> 1100 -> 0011 -> 1110 -> 0111 -> 0011 -> 0001
%%      143950.0 ns  Alert  ERROR               TB seq.(uvvm)       assert_shift_one_from_left() => Failed. tracked_value '1110' was not XXX1 at the 4-cycle. 
%%      144020.0 ns  Log    ID_SEQUENCER        TB seq.             Testing the sequence: 1000 -> 1100 -> 0011 -> 1111 -> 0110 -> 0011 -> 0001
%%      144120.0 ns  Log    ID_SEQUENCER        TB seq.             Testing the sequence: 1000 -> 1100 -> 0011 -> 1111 -> 0111 -> 0011 -> 0001
%%      144220.0 ns  Log    ID_SEQUENCER        TB seq.             Testing the sequence: 1000 -> 1100 -> 0100 -> 0000 -> 0110 -> 0011 -> 0001
%%      144240.0 ns  Alert  ERROR               TB seq.(uvvm)       assert_shift_one_from_left() => Failed. tracked_value '0100' was not XX1X at the 3-cycle. 
%%      144320.0 ns  Log    ID_SEQUENCER        TB seq.             Testing the sequence: 1000 -> 1100 -> 0100 -> 0000 -> 0111 -> 0011 -> 0001
%%      144340.0 ns  Alert  ERROR               TB seq.(uvvm)       assert_shift_one_from_left() => Failed. tracked_value '0100' was not XX1X at the 3-cycle. 
%%      144420.0 ns  Log    ID_SEQUENCER        TB seq.             Testing the sequence: 1000 -> 1100 -> 0100 -> 0001 -> 0110 -> 0011 -> 0001
%%      144440.0 ns  Alert  ERROR               TB seq.(uvvm)       assert_shift_one_from_left() => Failed. tracked_value '0100' was not XX1X at the 3-cycle. 
%%      144520.0 ns  Log    ID_SEQUENCER        TB seq.             Testing the sequence: 1000 -> 1100 -> 0100 -> 0001 -> 0111 -> 0011 -> 0001
%%      144540.0 ns  Alert  ERROR               TB seq.(uvvm)       assert_shift_one_from_left() => Failed. tracked_value '0100' was not XX1X at the 3-cycle. 
%%      144620.0 ns  Log    ID_SEQUENCER        TB seq.             Testing the sequence: 1000 -> 1100 -> 0100 -> 0010 -> 0110 -> 0011 -> 0001
%%      144640.0 ns  Alert  ERROR               TB seq.(uvvm)       assert_shift_one_from_left() => Failed. tracked_value '0100' was not XX1X at the 3-cycle. 
%%      144720.0 ns  Log    ID_SEQUENCER        TB seq.             Testing the sequence: 1000 -> 1100 -> 0100 -> 0010 -> 0111 -> 0011 -> 0001
%%      144740.0 ns  Alert  ERROR               TB seq.(uvvm)       assert_shift_one_from_left() => Failed. tracked_value '0100' was not XX1X at the 3-cycle. 
%%      144820.0 ns  Log    ID_SEQUENCER        TB seq.             Testing the sequence: 1000 -> 1100 -> 0100 -> 0011 -> 0110 -> 0011 -> 0001
%%      144840.0 ns  Alert  ERROR               TB seq.(uvvm)       assert_shift_one_from_left() => Failed. tracked_value '0100' was not XX1X at the 3-cycle. 
%%      144920.0 ns  Log    ID_SEQUENCER        TB seq.             Testing the sequence: 1000 -> 1100 -> 0100 -> 0011 -> 0111 -> 0011 -> 0001
%%      144940.0 ns  Alert  ERROR               TB seq.(uvvm)       assert_shift_one_from_left() => Failed. tracked_value '0100' was not XX1X at the 3-cycle. 
%%      145020.0 ns  Log    ID_SEQUENCER        TB seq.             Testing the sequence: 1000 -> 1100 -> 0100 -> 0100 -> 0110 -> 0011 -> 0001
%%      145040.0 ns  Alert  ERROR               TB seq.(uvvm)       assert_shift_one_from_left() => Failed. tracked_value '0100' was not XX1X at the 3-cycle. 
%%      145120.0 ns  Log    ID_SEQUENCER        TB seq.             Testing the sequence: 1000 -> 1100 -> 0100 -> 0100 -> 0111 -> 0011 -> 0001
%%      145140.0 ns  Alert  ERROR               TB seq.(uvvm)       assert_shift_one_from_left() => Failed. tracked_value '0100' was not XX1X at the 3-cycle. 
%%      145220.0 ns  Log    ID_SEQUENCER        TB seq.             Testing the sequence: 1000 -> 1100 -> 0100 -> 0101 -> 0110 -> 0011 -> 0001
%%      145240.0 ns  Alert  ERROR               TB seq.(uvvm)       assert_shift_one_from_left() => Failed. tracked_value '0100' was not XX1X at the 3-cycle. 
%%      145320.0 ns  Log    ID_SEQUENCER        TB seq.             Testing the sequence: 1000 -> 1100 -> 0100 -> 0101 -> 0111 -> 0011 -> 0001
%%      145340.0 ns  Alert  ERROR               TB seq.(uvvm)       assert_shift_one_from_left() => Failed. tracked_value '0100' was not XX1X at the 3-cycle. 
%%      145420.0 ns  Log    ID_SEQUENCER        TB seq.             Testing the sequence: 1000 -> 1100 -> 0100 -> 0110 -> 0110 -> 0011 -> 0001
%%      145440.0 ns  Alert  ERROR               TB seq.(uvvm)       assert_shift_one_from_left() => Failed. tracked_value '0100' was not XX1X at the 3-cycle. 
%%      145520.0 ns  Log    ID_SEQUENCER        TB seq.             Testing the sequence: 1000 -> 1100 -> 0100 -> 0110 -> 0111 -> 0011 -> 0001
%%      145540.0 ns  Alert  ERROR               TB seq.(uvvm)       assert_shift_one_from_left() => Failed. tracked_value '0100' was not XX1X at the 3-cycle. 
%%      145620.0 ns  Log    ID_SEQUENCER        TB seq.             Testing the sequence: 1000 -> 1100 -> 0100 -> 0111 -> 0110 -> 0011 -> 0001
%%      145640.0 ns  Alert  ERROR               TB seq.(uvvm)       assert_shift_one_from_left() => Failed. tracked_value '0100' was not XX1X at the 3-cycle. 
%%      145720.0 ns  Log    ID_SEQUENCER        TB seq.             Testing the sequence: 1000 -> 1100 -> 0100 -> 0111 -> 0111 -> 0011 -> 0001
%%      145740.0 ns  Alert  ERROR               TB seq.(uvvm)       assert_shift_one_from_left() => Failed. tracked_value '0100' was not XX1X at the 3-cycle. 
%%      145820.0 ns  Log    ID_SEQUENCER        TB seq.             Testing the sequence: 1000 -> 1100 -> 0100 -> 1000 -> 0110 -> 0011 -> 0001
%%      145840.0 ns  Alert  ERROR               TB seq.(uvvm)       assert_shift_one_from_left() => Failed. tracked_value '0100' was not XX1X at the 3-cycle. 
%%      145920.0 ns  Log    ID_SEQUENCER        TB seq.             Testing the sequence: 1000 -> 1100 -> 0100 -> 1000 -> 0111 -> 0011 -> 0001
%%      145940.0 ns  Alert  ERROR               TB seq.(uvvm)       assert_shift_one_from_left() => Failed. tracked_value '0100' was not XX1X at the 3-cycle. 
%%      146020.0 ns  Log    ID_SEQUENCER        TB seq.             Testing the sequence: 1000 -> 1100 -> 0100 -> 1001 -> 0110 -> 0011 -> 0001
%%      146040.0 ns  Alert  ERROR               TB seq.(uvvm)       assert_shift_one_from_left() => Failed. tracked_value '0100' was not XX1X at the 3-cycle. 
%%      146120.0 ns  Log    ID_SEQUENCER        TB seq.             Testing the sequence: 1000 -> 1100 -> 0100 -> 1001 -> 0111 -> 0011 -> 0001
%%      146140.0 ns  Alert  ERROR               TB seq.(uvvm)       assert_shift_one_from_left() => Failed. tracked_value '0100' was not XX1X at the 3-cycle. 
%%      146220.0 ns  Log    ID_SEQUENCER        TB seq.             Testing the sequence: 1000 -> 1100 -> 0100 -> 1010 -> 0110 -> 0011 -> 0001
%%      146240.0 ns  Alert  ERROR               TB seq.(uvvm)       assert_shift_one_from_left() => Failed. tracked_value '0100' was not XX1X at the 3-cycle. 
%%      146320.0 ns  Log    ID_SEQUENCER        TB seq.             Testing the sequence: 1000 -> 1100 -> 0100 -> 1010 -> 0111 -> 0011 -> 0001
%%      146340.0 ns  Alert  ERROR               TB seq.(uvvm)       assert_shift_one_from_left() => Failed. tracked_value '0100' was not XX1X at the 3-cycle. 
%%      146420.0 ns  Log    ID_SEQUENCER        TB seq.             Testing the sequence: 1000 -> 1100 -> 0100 -> 1011 -> 0110 -> 0011 -> 0001
%%      146440.0 ns  Alert  ERROR               TB seq.(uvvm)       assert_shift_one_from_left() => Failed. tracked_value '0100' was not XX1X at the 3-cycle. 
%%      146520.0 ns  Log    ID_SEQUENCER        TB seq.             Testing the sequence: 1000 -> 1100 -> 0100 -> 1011 -> 0111 -> 0011 -> 0001
%%      146540.0 ns  Alert  ERROR               TB seq.(uvvm)       assert_shift_one_from_left() => Failed. tracked_value '0100' was not XX1X at the 3-cycle. 
%%      146620.0 ns  Log    ID_SEQUENCER        TB seq.             Testing the sequence: 1000 -> 1100 -> 0100 -> 1100 -> 0110 -> 0011 -> 0001
%%      146640.0 ns  Alert  ERROR               TB seq.(uvvm)       assert_shift_one_from_left() => Failed. tracked_value '0100' was not XX1X at the 3-cycle. 
%%      146720.0 ns  Log    ID_SEQUENCER        TB seq.             Testing the sequence: 1000 -> 1100 -> 0100 -> 1100 -> 0111 -> 0011 -> 0001
%%      146740.0 ns  Alert  ERROR               TB seq.(uvvm)       assert_shift_one_from_left() => Failed. tracked_value '0100' was not XX1X at the 3-cycle. 
%%      146820.0 ns  Log    ID_SEQUENCER        TB seq.             Testing the sequence: 1000 -> 1100 -> 0100 -> 1101 -> 0110 -> 0011 -> 0001
%%      146840.0 ns  Alert  ERROR               TB seq.(uvvm)       assert_shift_one_from_left() => Failed. tracked_value '0100' was not XX1X at the 3-cycle. 
%%      146920.0 ns  Log    ID_SEQUENCER        TB seq.             Testing the sequence: 1000 -> 1100 -> 0100 -> 1101 -> 0111 -> 0011 -> 0001
%%      146940.0 ns  Alert  ERROR               TB seq.(uvvm)       assert_shift_one_from_left() => Failed. tracked_value '0100' was not XX1X at the 3-cycle. 
%%      147020.0 ns  Log    ID_SEQUENCER        TB seq.             Testing the sequence: 1000 -> 1100 -> 0100 -> 1110 -> 0110 -> 0011 -> 0001
%%      147040.0 ns  Alert  ERROR               TB seq.(uvvm)       assert_shift_one_from_left() => Failed. tracked_value '0100' was not XX1X at the 3-cycle. 
%%      147120.0 ns  Log    ID_SEQUENCER        TB seq.             Testing the sequence: 1000 -> 1100 -> 0100 -> 1110 -> 0111 -> 0011 -> 0001
%%      147140.0 ns  Alert  ERROR               TB seq.(uvvm)       assert_shift_one_from_left() => Failed. tracked_value '0100' was not XX1X at the 3-cycle. 
%%      147220.0 ns  Log    ID_SEQUENCER        TB seq.             Testing the sequence: 1000 -> 1100 -> 0100 -> 1111 -> 0110 -> 0011 -> 0001
%%      147240.0 ns  Alert  ERROR               TB seq.(uvvm)       assert_shift_one_from_left() => Failed. tracked_value '0100' was not XX1X at the 3-cycle. 
%%      147320.0 ns  Log    ID_SEQUENCER        TB seq.             Testing the sequence: 1000 -> 1100 -> 0100 -> 1111 -> 0111 -> 0011 -> 0001
%%      147340.0 ns  Alert  ERROR               TB seq.(uvvm)       assert_shift_one_from_left() => Failed. tracked_value '0100' was not XX1X at the 3-cycle. 
%%      147420.0 ns  Log    ID_SEQUENCER        TB seq.             Testing the sequence: 1000 -> 1100 -> 0101 -> 0000 -> 0110 -> 0011 -> 0001
%%      147440.0 ns  Alert  ERROR               TB seq.(uvvm)       assert_shift_one_from_left() => Failed. tracked_value '0101' was not XX1X at the 3-cycle. 
%%      147520.0 ns  Log    ID_SEQUENCER        TB seq.             Testing the sequence: 1000 -> 1100 -> 0101 -> 0000 -> 0111 -> 0011 -> 0001
%%      147540.0 ns  Alert  ERROR               TB seq.(uvvm)       assert_shift_one_from_left() => Failed. tracked_value '0101' was not XX1X at the 3-cycle. 
%%      147620.0 ns  Log    ID_SEQUENCER        TB seq.             Testing the sequence: 1000 -> 1100 -> 0101 -> 0001 -> 0110 -> 0011 -> 0001
%%      147640.0 ns  Alert  ERROR               TB seq.(uvvm)       assert_shift_one_from_left() => Failed. tracked_value '0101' was not XX1X at the 3-cycle. 
%%      147720.0 ns  Log    ID_SEQUENCER        TB seq.             Testing the sequence: 1000 -> 1100 -> 0101 -> 0001 -> 0111 -> 0011 -> 0001
%%      147740.0 ns  Alert  ERROR               TB seq.(uvvm)       assert_shift_one_from_left() => Failed. tracked_value '0101' was not XX1X at the 3-cycle. 
%%      147820.0 ns  Log    ID_SEQUENCER        TB seq.             Testing the sequence: 1000 -> 1100 -> 0101 -> 0010 -> 0110 -> 0011 -> 0001
%%      147840.0 ns  Alert  ERROR               TB seq.(uvvm)       assert_shift_one_from_left() => Failed. tracked_value '0101' was not XX1X at the 3-cycle. 
%%      147920.0 ns  Log    ID_SEQUENCER        TB seq.             Testing the sequence: 1000 -> 1100 -> 0101 -> 0010 -> 0111 -> 0011 -> 0001
%%      147940.0 ns  Alert  ERROR               TB seq.(uvvm)       assert_shift_one_from_left() => Failed. tracked_value '0101' was not XX1X at the 3-cycle. 
%%      148020.0 ns  Log    ID_SEQUENCER        TB seq.             Testing the sequence: 1000 -> 1100 -> 0101 -> 0011 -> 0110 -> 0011 -> 0001
%%      148040.0 ns  Alert  ERROR               TB seq.(uvvm)       assert_shift_one_from_left() => Failed. tracked_value '0101' was not XX1X at the 3-cycle. 
%%      148120.0 ns  Log    ID_SEQUENCER        TB seq.             Testing the sequence: 1000 -> 1100 -> 0101 -> 0011 -> 0111 -> 0011 -> 0001
%%      148140.0 ns  Alert  ERROR               TB seq.(uvvm)       assert_shift_one_from_left() => Failed. tracked_value '0101' was not XX1X at the 3-cycle. 
%%      148220.0 ns  Log    ID_SEQUENCER        TB seq.             Testing the sequence: 1000 -> 1100 -> 0101 -> 0100 -> 0110 -> 0011 -> 0001
%%      148240.0 ns  Alert  ERROR               TB seq.(uvvm)       assert_shift_one_from_left() => Failed. tracked_value '0101' was not XX1X at the 3-cycle. 
%%      148320.0 ns  Log    ID_SEQUENCER        TB seq.             Testing the sequence: 1000 -> 1100 -> 0101 -> 0100 -> 0111 -> 0011 -> 0001
%%      148340.0 ns  Alert  ERROR               TB seq.(uvvm)       assert_shift_one_from_left() => Failed. tracked_value '0101' was not XX1X at the 3-cycle. 
%%      148420.0 ns  Log    ID_SEQUENCER        TB seq.             Testing the sequence: 1000 -> 1100 -> 0101 -> 0101 -> 0110 -> 0011 -> 0001
%%      148440.0 ns  Alert  ERROR               TB seq.(uvvm)       assert_shift_one_from_left() => Failed. tracked_value '0101' was not XX1X at the 3-cycle. 
%%      148520.0 ns  Log    ID_SEQUENCER        TB seq.             Testing the sequence: 1000 -> 1100 -> 0101 -> 0101 -> 0111 -> 0011 -> 0001
%%      148540.0 ns  Alert  ERROR               TB seq.(uvvm)       assert_shift_one_from_left() => Failed. tracked_value '0101' was not XX1X at the 3-cycle. 
%%      148620.0 ns  Log    ID_SEQUENCER        TB seq.             Testing the sequence: 1000 -> 1100 -> 0101 -> 0110 -> 0110 -> 0011 -> 0001
%%      148640.0 ns  Alert  ERROR               TB seq.(uvvm)       assert_shift_one_from_left() => Failed. tracked_value '0101' was not XX1X at the 3-cycle. 
%%      148720.0 ns  Log    ID_SEQUENCER        TB seq.             Testing the sequence: 1000 -> 1100 -> 0101 -> 0110 -> 0111 -> 0011 -> 0001
%%      148740.0 ns  Alert  ERROR               TB seq.(uvvm)       assert_shift_one_from_left() => Failed. tracked_value '0101' was not XX1X at the 3-cycle. 
%%      148820.0 ns  Log    ID_SEQUENCER        TB seq.             Testing the sequence: 1000 -> 1100 -> 0101 -> 0111 -> 0110 -> 0011 -> 0001
%%      148840.0 ns  Alert  ERROR               TB seq.(uvvm)       assert_shift_one_from_left() => Failed. tracked_value '0101' was not XX1X at the 3-cycle. 
%%      148920.0 ns  Log    ID_SEQUENCER        TB seq.             Testing the sequence: 1000 -> 1100 -> 0101 -> 0111 -> 0111 -> 0011 -> 0001
%%      148940.0 ns  Alert  ERROR               TB seq.(uvvm)       assert_shift_one_from_left() => Failed. tracked_value '0101' was not XX1X at the 3-cycle. 
%%      149020.0 ns  Log    ID_SEQUENCER        TB seq.             Testing the sequence: 1000 -> 1100 -> 0101 -> 1000 -> 0110 -> 0011 -> 0001
%%      149040.0 ns  Alert  ERROR               TB seq.(uvvm)       assert_shift_one_from_left() => Failed. tracked_value '0101' was not XX1X at the 3-cycle. 
%%      149120.0 ns  Log    ID_SEQUENCER        TB seq.             Testing the sequence: 1000 -> 1100 -> 0101 -> 1000 -> 0111 -> 0011 -> 0001
%%      149140.0 ns  Alert  ERROR               TB seq.(uvvm)       assert_shift_one_from_left() => Failed. tracked_value '0101' was not XX1X at the 3-cycle. 
%%      149220.0 ns  Log    ID_SEQUENCER        TB seq.             Testing the sequence: 1000 -> 1100 -> 0101 -> 1001 -> 0110 -> 0011 -> 0001
%%      149240.0 ns  Alert  ERROR               TB seq.(uvvm)       assert_shift_one_from_left() => Failed. tracked_value '0101' was not XX1X at the 3-cycle. 
%%      149320.0 ns  Log    ID_SEQUENCER        TB seq.             Testing the sequence: 1000 -> 1100 -> 0101 -> 1001 -> 0111 -> 0011 -> 0001
%%      149340.0 ns  Alert  ERROR               TB seq.(uvvm)       assert_shift_one_from_left() => Failed. tracked_value '0101' was not XX1X at the 3-cycle. 
%%      149420.0 ns  Log    ID_SEQUENCER        TB seq.             Testing the sequence: 1000 -> 1100 -> 0101 -> 1010 -> 0110 -> 0011 -> 0001
%%      149440.0 ns  Alert  ERROR               TB seq.(uvvm)       assert_shift_one_from_left() => Failed. tracked_value '0101' was not XX1X at the 3-cycle. 
%%      149520.0 ns  Log    ID_SEQUENCER        TB seq.             Testing the sequence: 1000 -> 1100 -> 0101 -> 1010 -> 0111 -> 0011 -> 0001
%%      149540.0 ns  Alert  ERROR               TB seq.(uvvm)       assert_shift_one_from_left() => Failed. tracked_value '0101' was not XX1X at the 3-cycle. 
%%      149620.0 ns  Log    ID_SEQUENCER        TB seq.             Testing the sequence: 1000 -> 1100 -> 0101 -> 1011 -> 0110 -> 0011 -> 0001
%%      149640.0 ns  Alert  ERROR               TB seq.(uvvm)       assert_shift_one_from_left() => Failed. tracked_value '0101' was not XX1X at the 3-cycle. 
%%      149720.0 ns  Log    ID_SEQUENCER        TB seq.             Testing the sequence: 1000 -> 1100 -> 0101 -> 1011 -> 0111 -> 0011 -> 0001
%%      149740.0 ns  Alert  ERROR               TB seq.(uvvm)       assert_shift_one_from_left() => Failed. tracked_value '0101' was not XX1X at the 3-cycle. 
%%      149820.0 ns  Log    ID_SEQUENCER        TB seq.             Testing the sequence: 1000 -> 1100 -> 0101 -> 1100 -> 0110 -> 0011 -> 0001
%%      149840.0 ns  Alert  ERROR               TB seq.(uvvm)       assert_shift_one_from_left() => Failed. tracked_value '0101' was not XX1X at the 3-cycle. 
%%      149920.0 ns  Log    ID_SEQUENCER        TB seq.             Testing the sequence: 1000 -> 1100 -> 0101 -> 1100 -> 0111 -> 0011 -> 0001
%%      149940.0 ns  Alert  ERROR               TB seq.(uvvm)       assert_shift_one_from_left() => Failed. tracked_value '0101' was not XX1X at the 3-cycle. 
%%      150020.0 ns  Log    ID_SEQUENCER        TB seq.             Testing the sequence: 1000 -> 1100 -> 0101 -> 1101 -> 0110 -> 0011 -> 0001
%%      150040.0 ns  Alert  ERROR               TB seq.(uvvm)       assert_shift_one_from_left() => Failed. tracked_value '0101' was not XX1X at the 3-cycle. 
%%      150120.0 ns  Log    ID_SEQUENCER        TB seq.             Testing the sequence: 1000 -> 1100 -> 0101 -> 1101 -> 0111 -> 0011 -> 0001
%%      150140.0 ns  Alert  ERROR               TB seq.(uvvm)       assert_shift_one_from_left() => Failed. tracked_value '0101' was not XX1X at the 3-cycle. 
%%      150220.0 ns  Log    ID_SEQUENCER        TB seq.             Testing the sequence: 1000 -> 1100 -> 0101 -> 1110 -> 0110 -> 0011 -> 0001
%%      150240.0 ns  Alert  ERROR               TB seq.(uvvm)       assert_shift_one_from_left() => Failed. tracked_value '0101' was not XX1X at the 3-cycle. 
%%      150320.0 ns  Log    ID_SEQUENCER        TB seq.             Testing the sequence: 1000 -> 1100 -> 0101 -> 1110 -> 0111 -> 0011 -> 0001
%%      150340.0 ns  Alert  ERROR               TB seq.(uvvm)       assert_shift_one_from_left() => Failed. tracked_value '0101' was not XX1X at the 3-cycle. 
%%      150420.0 ns  Log    ID_SEQUENCER        TB seq.             Testing the sequence: 1000 -> 1100 -> 0101 -> 1111 -> 0110 -> 0011 -> 0001
%%      150440.0 ns  Alert  ERROR               TB seq.(uvvm)       assert_shift_one_from_left() => Failed. tracked_value '0101' was not XX1X at the 3-cycle. 
%%      150520.0 ns  Log    ID_SEQUENCER        TB seq.             Testing the sequence: 1000 -> 1100 -> 0101 -> 1111 -> 0111 -> 0011 -> 0001
%%      150540.0 ns  Alert  ERROR               TB seq.(uvvm)       assert_shift_one_from_left() => Failed. tracked_value '0101' was not XX1X at the 3-cycle. 
%%      150620.0 ns  Log    ID_SEQUENCER        TB seq.             Testing the sequence: 1000 -> 1100 -> 0110 -> 0000 -> 0110 -> 0011 -> 0001
%%      150650.0 ns  Alert  ERROR               TB seq.(uvvm)       assert_shift_one_from_left() => Failed. tracked_value '0000' was not XXX1 at the 4-cycle. 
%%      150720.0 ns  Log    ID_SEQUENCER        TB seq.             Testing the sequence: 1000 -> 1100 -> 0110 -> 0000 -> 0111 -> 0011 -> 0001
%%      150750.0 ns  Alert  ERROR               TB seq.(uvvm)       assert_shift_one_from_left() => Failed. tracked_value '0000' was not XXX1 at the 4-cycle. 
%%      150820.0 ns  Log    ID_SEQUENCER        TB seq.             Testing the sequence: 1000 -> 1100 -> 0110 -> 0001 -> 0110 -> 0011 -> 0001
%%      150920.0 ns  Log    ID_SEQUENCER        TB seq.             Testing the sequence: 1000 -> 1100 -> 0110 -> 0001 -> 0111 -> 0011 -> 0001
%%      151020.0 ns  Log    ID_SEQUENCER        TB seq.             Testing the sequence: 1000 -> 1100 -> 0110 -> 0010 -> 0110 -> 0011 -> 0001
%%      151050.0 ns  Alert  ERROR               TB seq.(uvvm)       assert_shift_one_from_left() => Failed. tracked_value '0010' was not XXX1 at the 4-cycle. 
%%      151120.0 ns  Log    ID_SEQUENCER        TB seq.             Testing the sequence: 1000 -> 1100 -> 0110 -> 0010 -> 0111 -> 0011 -> 0001
%%      151150.0 ns  Alert  ERROR               TB seq.(uvvm)       assert_shift_one_from_left() => Failed. tracked_value '0010' was not XXX1 at the 4-cycle. 
%%      151220.0 ns  Log    ID_SEQUENCER        TB seq.             Testing the sequence: 1000 -> 1100 -> 0110 -> 0011 -> 0110 -> 0011 -> 0001
%%      151320.0 ns  Log    ID_SEQUENCER        TB seq.             Testing the sequence: 1000 -> 1100 -> 0110 -> 0011 -> 0111 -> 0011 -> 0001
%%      151420.0 ns  Log    ID_SEQUENCER        TB seq.             Testing the sequence: 1000 -> 1100 -> 0110 -> 0100 -> 0110 -> 0011 -> 0001
%%      151450.0 ns  Alert  ERROR               TB seq.(uvvm)       assert_shift_one_from_left() => Failed. tracked_value '0100' was not XXX1 at the 4-cycle. 
%%      151520.0 ns  Log    ID_SEQUENCER        TB seq.             Testing the sequence: 1000 -> 1100 -> 0110 -> 0100 -> 0111 -> 0011 -> 0001
%%      151550.0 ns  Alert  ERROR               TB seq.(uvvm)       assert_shift_one_from_left() => Failed. tracked_value '0100' was not XXX1 at the 4-cycle. 
%%      151620.0 ns  Log    ID_SEQUENCER        TB seq.             Testing the sequence: 1000 -> 1100 -> 0110 -> 0101 -> 0110 -> 0011 -> 0001
%%      151720.0 ns  Log    ID_SEQUENCER        TB seq.             Testing the sequence: 1000 -> 1100 -> 0110 -> 0101 -> 0111 -> 0011 -> 0001
%%      151820.0 ns  Log    ID_SEQUENCER        TB seq.             Testing the sequence: 1000 -> 1100 -> 0110 -> 0110 -> 0110 -> 0011 -> 0001
%%      151850.0 ns  Alert  ERROR               TB seq.(uvvm)       assert_shift_one_from_left() => Failed. tracked_value '0110' was not XXX1 at the 4-cycle. 
%%      151920.0 ns  Log    ID_SEQUENCER        TB seq.             Testing the sequence: 1000 -> 1100 -> 0110 -> 0110 -> 0111 -> 0011 -> 0001
%%      151950.0 ns  Alert  ERROR               TB seq.(uvvm)       assert_shift_one_from_left() => Failed. tracked_value '0110' was not XXX1 at the 4-cycle. 
%%      152020.0 ns  Log    ID_SEQUENCER        TB seq.             Testing the sequence: 1000 -> 1100 -> 0110 -> 0111 -> 0110 -> 0011 -> 0001
%%      152120.0 ns  Log    ID_SEQUENCER        TB seq.             Testing the sequence: 1000 -> 1100 -> 0110 -> 0111 -> 0111 -> 0011 -> 0001
%%      152220.0 ns  Log    ID_SEQUENCER        TB seq.             Testing the sequence: 1000 -> 1100 -> 0110 -> 1000 -> 0110 -> 0011 -> 0001
%%      152250.0 ns  Alert  ERROR               TB seq.(uvvm)       assert_shift_one_from_left() => Failed. tracked_value '1000' was not XXX1 at the 4-cycle. 
%%      152320.0 ns  Log    ID_SEQUENCER        TB seq.             Testing the sequence: 1000 -> 1100 -> 0110 -> 1000 -> 0111 -> 0011 -> 0001
%%      152350.0 ns  Alert  ERROR               TB seq.(uvvm)       assert_shift_one_from_left() => Failed. tracked_value '1000' was not XXX1 at the 4-cycle. 
%%      152420.0 ns  Log    ID_SEQUENCER        TB seq.             Testing the sequence: 1000 -> 1100 -> 0110 -> 1001 -> 0110 -> 0011 -> 0001
%%      152520.0 ns  Log    ID_SEQUENCER        TB seq.             Testing the sequence: 1000 -> 1100 -> 0110 -> 1001 -> 0111 -> 0011 -> 0001
%%      152620.0 ns  Log    ID_SEQUENCER        TB seq.             Testing the sequence: 1000 -> 1100 -> 0110 -> 1010 -> 0110 -> 0011 -> 0001
%%      152650.0 ns  Alert  ERROR               TB seq.(uvvm)       assert_shift_one_from_left() => Failed. tracked_value '1010' was not XXX1 at the 4-cycle. 
%%      152720.0 ns  Log    ID_SEQUENCER        TB seq.             Testing the sequence: 1000 -> 1100 -> 0110 -> 1010 -> 0111 -> 0011 -> 0001
%%      152750.0 ns  Alert  ERROR               TB seq.(uvvm)       assert_shift_one_from_left() => Failed. tracked_value '1010' was not XXX1 at the 4-cycle. 
%%      152820.0 ns  Log    ID_SEQUENCER        TB seq.             Testing the sequence: 1000 -> 1100 -> 0110 -> 1011 -> 0110 -> 0011 -> 0001
%%      152920.0 ns  Log    ID_SEQUENCER        TB seq.             Testing the sequence: 1000 -> 1100 -> 0110 -> 1011 -> 0111 -> 0011 -> 0001
%%      153020.0 ns  Log    ID_SEQUENCER        TB seq.             Testing the sequence: 1000 -> 1100 -> 0110 -> 1100 -> 0110 -> 0011 -> 0001
%%      153050.0 ns  Alert  ERROR               TB seq.(uvvm)       assert_shift_one_from_left() => Failed. tracked_value '1100' was not XXX1 at the 4-cycle. 
%%      153120.0 ns  Log    ID_SEQUENCER        TB seq.             Testing the sequence: 1000 -> 1100 -> 0110 -> 1100 -> 0111 -> 0011 -> 0001
%%      153150.0 ns  Alert  ERROR               TB seq.(uvvm)       assert_shift_one_from_left() => Failed. tracked_value '1100' was not XXX1 at the 4-cycle. 
%%      153220.0 ns  Log    ID_SEQUENCER        TB seq.             Testing the sequence: 1000 -> 1100 -> 0110 -> 1101 -> 0110 -> 0011 -> 0001
%%      153320.0 ns  Log    ID_SEQUENCER        TB seq.             Testing the sequence: 1000 -> 1100 -> 0110 -> 1101 -> 0111 -> 0011 -> 0001
%%      153420.0 ns  Log    ID_SEQUENCER        TB seq.             Testing the sequence: 1000 -> 1100 -> 0110 -> 1110 -> 0110 -> 0011 -> 0001
%%      153450.0 ns  Alert  ERROR               TB seq.(uvvm)       assert_shift_one_from_left() => Failed. tracked_value '1110' was not XXX1 at the 4-cycle. 
%%      153520.0 ns  Log    ID_SEQUENCER        TB seq.             Testing the sequence: 1000 -> 1100 -> 0110 -> 1110 -> 0111 -> 0011 -> 0001
%%      153550.0 ns  Alert  ERROR               TB seq.(uvvm)       assert_shift_one_from_left() => Failed. tracked_value '1110' was not XXX1 at the 4-cycle. 
%%      153620.0 ns  Log    ID_SEQUENCER        TB seq.             Testing the sequence: 1000 -> 1100 -> 0110 -> 1111 -> 0110 -> 0011 -> 0001
%%      153720.0 ns  Log    ID_SEQUENCER        TB seq.             Testing the sequence: 1000 -> 1100 -> 0110 -> 1111 -> 0111 -> 0011 -> 0001
%%      153820.0 ns  Log    ID_SEQUENCER        TB seq.             Testing the sequence: 1000 -> 1100 -> 0111 -> 0000 -> 0110 -> 0011 -> 0001
%%      153850.0 ns  Alert  ERROR               TB seq.(uvvm)       assert_shift_one_from_left() => Failed. tracked_value '0000' was not XXX1 at the 4-cycle. 
%%      153920.0 ns  Log    ID_SEQUENCER        TB seq.             Testing the sequence: 1000 -> 1100 -> 0111 -> 0000 -> 0111 -> 0011 -> 0001
%%      153950.0 ns  Alert  ERROR               TB seq.(uvvm)       assert_shift_one_from_left() => Failed. tracked_value '0000' was not XXX1 at the 4-cycle. 
%%      154020.0 ns  Log    ID_SEQUENCER        TB seq.             Testing the sequence: 1000 -> 1100 -> 0111 -> 0001 -> 0110 -> 0011 -> 0001
%%      154120.0 ns  Log    ID_SEQUENCER        TB seq.             Testing the sequence: 1000 -> 1100 -> 0111 -> 0001 -> 0111 -> 0011 -> 0001
%%      154220.0 ns  Log    ID_SEQUENCER        TB seq.             Testing the sequence: 1000 -> 1100 -> 0111 -> 0010 -> 0110 -> 0011 -> 0001
%%      154250.0 ns  Alert  ERROR               TB seq.(uvvm)       assert_shift_one_from_left() => Failed. tracked_value '0010' was not XXX1 at the 4-cycle. 
%%      154320.0 ns  Log    ID_SEQUENCER        TB seq.             Testing the sequence: 1000 -> 1100 -> 0111 -> 0010 -> 0111 -> 0011 -> 0001
%%      154350.0 ns  Alert  ERROR               TB seq.(uvvm)       assert_shift_one_from_left() => Failed. tracked_value '0010' was not XXX1 at the 4-cycle. 
%%      154420.0 ns  Log    ID_SEQUENCER        TB seq.             Testing the sequence: 1000 -> 1100 -> 0111 -> 0011 -> 0110 -> 0011 -> 0001
%%      154520.0 ns  Log    ID_SEQUENCER        TB seq.             Testing the sequence: 1000 -> 1100 -> 0111 -> 0011 -> 0111 -> 0011 -> 0001
%%      154620.0 ns  Log    ID_SEQUENCER        TB seq.             Testing the sequence: 1000 -> 1100 -> 0111 -> 0100 -> 0110 -> 0011 -> 0001
%%      154650.0 ns  Alert  ERROR               TB seq.(uvvm)       assert_shift_one_from_left() => Failed. tracked_value '0100' was not XXX1 at the 4-cycle. 
%%      154720.0 ns  Log    ID_SEQUENCER        TB seq.             Testing the sequence: 1000 -> 1100 -> 0111 -> 0100 -> 0111 -> 0011 -> 0001
%%      154750.0 ns  Alert  ERROR               TB seq.(uvvm)       assert_shift_one_from_left() => Failed. tracked_value '0100' was not XXX1 at the 4-cycle. 
%%      154820.0 ns  Log    ID_SEQUENCER        TB seq.             Testing the sequence: 1000 -> 1100 -> 0111 -> 0101 -> 0110 -> 0011 -> 0001
%%      154920.0 ns  Log    ID_SEQUENCER        TB seq.             Testing the sequence: 1000 -> 1100 -> 0111 -> 0101 -> 0111 -> 0011 -> 0001
%%      155020.0 ns  Log    ID_SEQUENCER        TB seq.             Testing the sequence: 1000 -> 1100 -> 0111 -> 0110 -> 0110 -> 0011 -> 0001
%%      155050.0 ns  Alert  ERROR               TB seq.(uvvm)       assert_shift_one_from_left() => Failed. tracked_value '0110' was not XXX1 at the 4-cycle. 
%%      155120.0 ns  Log    ID_SEQUENCER        TB seq.             Testing the sequence: 1000 -> 1100 -> 0111 -> 0110 -> 0111 -> 0011 -> 0001
%%      155150.0 ns  Alert  ERROR               TB seq.(uvvm)       assert_shift_one_from_left() => Failed. tracked_value '0110' was not XXX1 at the 4-cycle. 
%%      155220.0 ns  Log    ID_SEQUENCER        TB seq.             Testing the sequence: 1000 -> 1100 -> 0111 -> 0111 -> 0110 -> 0011 -> 0001
%%      155320.0 ns  Log    ID_SEQUENCER        TB seq.             Testing the sequence: 1000 -> 1100 -> 0111 -> 0111 -> 0111 -> 0011 -> 0001
%%      155420.0 ns  Log    ID_SEQUENCER        TB seq.             Testing the sequence: 1000 -> 1100 -> 0111 -> 1000 -> 0110 -> 0011 -> 0001
%%      155450.0 ns  Alert  ERROR               TB seq.(uvvm)       assert_shift_one_from_left() => Failed. tracked_value '1000' was not XXX1 at the 4-cycle. 
%%      155520.0 ns  Log    ID_SEQUENCER        TB seq.             Testing the sequence: 1000 -> 1100 -> 0111 -> 1000 -> 0111 -> 0011 -> 0001
%%      155550.0 ns  Alert  ERROR               TB seq.(uvvm)       assert_shift_one_from_left() => Failed. tracked_value '1000' was not XXX1 at the 4-cycle. 
%%      155620.0 ns  Log    ID_SEQUENCER        TB seq.             Testing the sequence: 1000 -> 1100 -> 0111 -> 1001 -> 0110 -> 0011 -> 0001
%%      155720.0 ns  Log    ID_SEQUENCER        TB seq.             Testing the sequence: 1000 -> 1100 -> 0111 -> 1001 -> 0111 -> 0011 -> 0001
%%      155820.0 ns  Log    ID_SEQUENCER        TB seq.             Testing the sequence: 1000 -> 1100 -> 0111 -> 1010 -> 0110 -> 0011 -> 0001
%%      155850.0 ns  Alert  ERROR               TB seq.(uvvm)       assert_shift_one_from_left() => Failed. tracked_value '1010' was not XXX1 at the 4-cycle. 
%%      155920.0 ns  Log    ID_SEQUENCER        TB seq.             Testing the sequence: 1000 -> 1100 -> 0111 -> 1010 -> 0111 -> 0011 -> 0001
%%      155950.0 ns  Alert  ERROR               TB seq.(uvvm)       assert_shift_one_from_left() => Failed. tracked_value '1010' was not XXX1 at the 4-cycle. 
%%      156020.0 ns  Log    ID_SEQUENCER        TB seq.             Testing the sequence: 1000 -> 1100 -> 0111 -> 1011 -> 0110 -> 0011 -> 0001
%%      156120.0 ns  Log    ID_SEQUENCER        TB seq.             Testing the sequence: 1000 -> 1100 -> 0111 -> 1011 -> 0111 -> 0011 -> 0001
%%      156220.0 ns  Log    ID_SEQUENCER        TB seq.             Testing the sequence: 1000 -> 1100 -> 0111 -> 1100 -> 0110 -> 0011 -> 0001
%%      156250.0 ns  Alert  ERROR               TB seq.(uvvm)       assert_shift_one_from_left() => Failed. tracked_value '1100' was not XXX1 at the 4-cycle. 
%%      156320.0 ns  Log    ID_SEQUENCER        TB seq.             Testing the sequence: 1000 -> 1100 -> 0111 -> 1100 -> 0111 -> 0011 -> 0001
%%      156350.0 ns  Alert  ERROR               TB seq.(uvvm)       assert_shift_one_from_left() => Failed. tracked_value '1100' was not XXX1 at the 4-cycle. 
%%      156420.0 ns  Log    ID_SEQUENCER        TB seq.             Testing the sequence: 1000 -> 1100 -> 0111 -> 1101 -> 0110 -> 0011 -> 0001
%%      156520.0 ns  Log    ID_SEQUENCER        TB seq.             Testing the sequence: 1000 -> 1100 -> 0111 -> 1101 -> 0111 -> 0011 -> 0001
%%      156620.0 ns  Log    ID_SEQUENCER        TB seq.             Testing the sequence: 1000 -> 1100 -> 0111 -> 1110 -> 0110 -> 0011 -> 0001
%%      156650.0 ns  Alert  ERROR               TB seq.(uvvm)       assert_shift_one_from_left() => Failed. tracked_value '1110' was not XXX1 at the 4-cycle. 
%%      156720.0 ns  Log    ID_SEQUENCER        TB seq.             Testing the sequence: 1000 -> 1100 -> 0111 -> 1110 -> 0111 -> 0011 -> 0001
%%      156750.0 ns  Alert  ERROR               TB seq.(uvvm)       assert_shift_one_from_left() => Failed. tracked_value '1110' was not XXX1 at the 4-cycle. 
%%      156820.0 ns  Log    ID_SEQUENCER        TB seq.             Testing the sequence: 1000 -> 1100 -> 0111 -> 1111 -> 0110 -> 0011 -> 0001
%%      156920.0 ns  Log    ID_SEQUENCER        TB seq.             Testing the sequence: 1000 -> 1100 -> 0111 -> 1111 -> 0111 -> 0011 -> 0001
%%      157020.0 ns  Log    ID_SEQUENCER        TB seq.             Testing the sequence: 1000 -> 1100 -> 1000 -> 0000 -> 0110 -> 0011 -> 0001
%%      157040.0 ns  Alert  ERROR               TB seq.(uvvm)       assert_shift_one_from_left() => Failed. tracked_value '1000' was not XX1X at the 3-cycle. 
%%      157120.0 ns  Log    ID_SEQUENCER        TB seq.             Testing the sequence: 1000 -> 1100 -> 1000 -> 0000 -> 0111 -> 0011 -> 0001
%%      157140.0 ns  Alert  ERROR               TB seq.(uvvm)       assert_shift_one_from_left() => Failed. tracked_value '1000' was not XX1X at the 3-cycle. 
%%      157220.0 ns  Log    ID_SEQUENCER        TB seq.             Testing the sequence: 1000 -> 1100 -> 1000 -> 0001 -> 0110 -> 0011 -> 0001
%%      157240.0 ns  Alert  ERROR               TB seq.(uvvm)       assert_shift_one_from_left() => Failed. tracked_value '1000' was not XX1X at the 3-cycle. 
%%      157320.0 ns  Log    ID_SEQUENCER        TB seq.             Testing the sequence: 1000 -> 1100 -> 1000 -> 0001 -> 0111 -> 0011 -> 0001
%%      157340.0 ns  Alert  ERROR               TB seq.(uvvm)       assert_shift_one_from_left() => Failed. tracked_value '1000' was not XX1X at the 3-cycle. 
%%      157420.0 ns  Log    ID_SEQUENCER        TB seq.             Testing the sequence: 1000 -> 1100 -> 1000 -> 0010 -> 0110 -> 0011 -> 0001
%%      157440.0 ns  Alert  ERROR               TB seq.(uvvm)       assert_shift_one_from_left() => Failed. tracked_value '1000' was not XX1X at the 3-cycle. 
%%      157520.0 ns  Log    ID_SEQUENCER        TB seq.             Testing the sequence: 1000 -> 1100 -> 1000 -> 0010 -> 0111 -> 0011 -> 0001
%%      157540.0 ns  Alert  ERROR               TB seq.(uvvm)       assert_shift_one_from_left() => Failed. tracked_value '1000' was not XX1X at the 3-cycle. 
%%      157620.0 ns  Log    ID_SEQUENCER        TB seq.             Testing the sequence: 1000 -> 1100 -> 1000 -> 0011 -> 0110 -> 0011 -> 0001
%%      157640.0 ns  Alert  ERROR               TB seq.(uvvm)       assert_shift_one_from_left() => Failed. tracked_value '1000' was not XX1X at the 3-cycle. 
%%      157720.0 ns  Log    ID_SEQUENCER        TB seq.             Testing the sequence: 1000 -> 1100 -> 1000 -> 0011 -> 0111 -> 0011 -> 0001
%%      157740.0 ns  Alert  ERROR               TB seq.(uvvm)       assert_shift_one_from_left() => Failed. tracked_value '1000' was not XX1X at the 3-cycle. 
%%      157820.0 ns  Log    ID_SEQUENCER        TB seq.             Testing the sequence: 1000 -> 1100 -> 1000 -> 0100 -> 0110 -> 0011 -> 0001
%%      157840.0 ns  Alert  ERROR               TB seq.(uvvm)       assert_shift_one_from_left() => Failed. tracked_value '1000' was not XX1X at the 3-cycle. 
%%      157920.0 ns  Log    ID_SEQUENCER        TB seq.             Testing the sequence: 1000 -> 1100 -> 1000 -> 0100 -> 0111 -> 0011 -> 0001
%%      157940.0 ns  Alert  ERROR               TB seq.(uvvm)       assert_shift_one_from_left() => Failed. tracked_value '1000' was not XX1X at the 3-cycle. 
%%      158020.0 ns  Log    ID_SEQUENCER        TB seq.             Testing the sequence: 1000 -> 1100 -> 1000 -> 0101 -> 0110 -> 0011 -> 0001
%%      158040.0 ns  Alert  ERROR               TB seq.(uvvm)       assert_shift_one_from_left() => Failed. tracked_value '1000' was not XX1X at the 3-cycle. 
%%      158120.0 ns  Log    ID_SEQUENCER        TB seq.             Testing the sequence: 1000 -> 1100 -> 1000 -> 0101 -> 0111 -> 0011 -> 0001
%%      158140.0 ns  Alert  ERROR               TB seq.(uvvm)       assert_shift_one_from_left() => Failed. tracked_value '1000' was not XX1X at the 3-cycle. 
%%      158220.0 ns  Log    ID_SEQUENCER        TB seq.             Testing the sequence: 1000 -> 1100 -> 1000 -> 0110 -> 0110 -> 0011 -> 0001
%%      158240.0 ns  Alert  ERROR               TB seq.(uvvm)       assert_shift_one_from_left() => Failed. tracked_value '1000' was not XX1X at the 3-cycle. 
%%      158320.0 ns  Log    ID_SEQUENCER        TB seq.             Testing the sequence: 1000 -> 1100 -> 1000 -> 0110 -> 0111 -> 0011 -> 0001
%%      158340.0 ns  Alert  ERROR               TB seq.(uvvm)       assert_shift_one_from_left() => Failed. tracked_value '1000' was not XX1X at the 3-cycle. 
%%      158420.0 ns  Log    ID_SEQUENCER        TB seq.             Testing the sequence: 1000 -> 1100 -> 1000 -> 0111 -> 0110 -> 0011 -> 0001
%%      158440.0 ns  Alert  ERROR               TB seq.(uvvm)       assert_shift_one_from_left() => Failed. tracked_value '1000' was not XX1X at the 3-cycle. 
%%      158520.0 ns  Log    ID_SEQUENCER        TB seq.             Testing the sequence: 1000 -> 1100 -> 1000 -> 0111 -> 0111 -> 0011 -> 0001
%%      158540.0 ns  Alert  ERROR               TB seq.(uvvm)       assert_shift_one_from_left() => Failed. tracked_value '1000' was not XX1X at the 3-cycle. 
%%      158620.0 ns  Log    ID_SEQUENCER        TB seq.             Testing the sequence: 1000 -> 1100 -> 1000 -> 1000 -> 0110 -> 0011 -> 0001
%%      158640.0 ns  Alert  ERROR               TB seq.(uvvm)       assert_shift_one_from_left() => Failed. tracked_value '1000' was not XX1X at the 3-cycle. 
%%      158720.0 ns  Log    ID_SEQUENCER        TB seq.             Testing the sequence: 1000 -> 1100 -> 1000 -> 1000 -> 0111 -> 0011 -> 0001
%%      158740.0 ns  Alert  ERROR               TB seq.(uvvm)       assert_shift_one_from_left() => Failed. tracked_value '1000' was not XX1X at the 3-cycle. 
%%      158820.0 ns  Log    ID_SEQUENCER        TB seq.             Testing the sequence: 1000 -> 1100 -> 1000 -> 1001 -> 0110 -> 0011 -> 0001
%%      158840.0 ns  Alert  ERROR               TB seq.(uvvm)       assert_shift_one_from_left() => Failed. tracked_value '1000' was not XX1X at the 3-cycle. 
%%      158920.0 ns  Log    ID_SEQUENCER        TB seq.             Testing the sequence: 1000 -> 1100 -> 1000 -> 1001 -> 0111 -> 0011 -> 0001
%%      158940.0 ns  Alert  ERROR               TB seq.(uvvm)       assert_shift_one_from_left() => Failed. tracked_value '1000' was not XX1X at the 3-cycle. 
%%      159020.0 ns  Log    ID_SEQUENCER        TB seq.             Testing the sequence: 1000 -> 1100 -> 1000 -> 1010 -> 0110 -> 0011 -> 0001
%%      159040.0 ns  Alert  ERROR               TB seq.(uvvm)       assert_shift_one_from_left() => Failed. tracked_value '1000' was not XX1X at the 3-cycle. 
%%      159120.0 ns  Log    ID_SEQUENCER        TB seq.             Testing the sequence: 1000 -> 1100 -> 1000 -> 1010 -> 0111 -> 0011 -> 0001
%%      159140.0 ns  Alert  ERROR               TB seq.(uvvm)       assert_shift_one_from_left() => Failed. tracked_value '1000' was not XX1X at the 3-cycle. 
%%      159220.0 ns  Log    ID_SEQUENCER        TB seq.             Testing the sequence: 1000 -> 1100 -> 1000 -> 1011 -> 0110 -> 0011 -> 0001
%%      159240.0 ns  Alert  ERROR               TB seq.(uvvm)       assert_shift_one_from_left() => Failed. tracked_value '1000' was not XX1X at the 3-cycle. 
%%      159320.0 ns  Log    ID_SEQUENCER        TB seq.             Testing the sequence: 1000 -> 1100 -> 1000 -> 1011 -> 0111 -> 0011 -> 0001
%%      159340.0 ns  Alert  ERROR               TB seq.(uvvm)       assert_shift_one_from_left() => Failed. tracked_value '1000' was not XX1X at the 3-cycle. 
%%      159420.0 ns  Log    ID_SEQUENCER        TB seq.             Testing the sequence: 1000 -> 1100 -> 1000 -> 1100 -> 0110 -> 0011 -> 0001
%%      159440.0 ns  Alert  ERROR               TB seq.(uvvm)       assert_shift_one_from_left() => Failed. tracked_value '1000' was not XX1X at the 3-cycle. 
%%      159520.0 ns  Log    ID_SEQUENCER        TB seq.             Testing the sequence: 1000 -> 1100 -> 1000 -> 1100 -> 0111 -> 0011 -> 0001
%%      159540.0 ns  Alert  ERROR               TB seq.(uvvm)       assert_shift_one_from_left() => Failed. tracked_value '1000' was not XX1X at the 3-cycle. 
%%      159620.0 ns  Log    ID_SEQUENCER        TB seq.             Testing the sequence: 1000 -> 1100 -> 1000 -> 1101 -> 0110 -> 0011 -> 0001
%%      159640.0 ns  Alert  ERROR               TB seq.(uvvm)       assert_shift_one_from_left() => Failed. tracked_value '1000' was not XX1X at the 3-cycle. 
%%      159720.0 ns  Log    ID_SEQUENCER        TB seq.             Testing the sequence: 1000 -> 1100 -> 1000 -> 1101 -> 0111 -> 0011 -> 0001
%%      159740.0 ns  Alert  ERROR               TB seq.(uvvm)       assert_shift_one_from_left() => Failed. tracked_value '1000' was not XX1X at the 3-cycle. 
%%      159820.0 ns  Log    ID_SEQUENCER        TB seq.             Testing the sequence: 1000 -> 1100 -> 1000 -> 1110 -> 0110 -> 0011 -> 0001
%%      159840.0 ns  Alert  ERROR               TB seq.(uvvm)       assert_shift_one_from_left() => Failed. tracked_value '1000' was not XX1X at the 3-cycle. 
%%      159920.0 ns  Log    ID_SEQUENCER        TB seq.             Testing the sequence: 1000 -> 1100 -> 1000 -> 1110 -> 0111 -> 0011 -> 0001
%%      159940.0 ns  Alert  ERROR               TB seq.(uvvm)       assert_shift_one_from_left() => Failed. tracked_value '1000' was not XX1X at the 3-cycle. 
%%      160020.0 ns  Log    ID_SEQUENCER        TB seq.             Testing the sequence: 1000 -> 1100 -> 1000 -> 1111 -> 0110 -> 0011 -> 0001
%%      160040.0 ns  Alert  ERROR               TB seq.(uvvm)       assert_shift_one_from_left() => Failed. tracked_value '1000' was not XX1X at the 3-cycle. 
%%      160120.0 ns  Log    ID_SEQUENCER        TB seq.             Testing the sequence: 1000 -> 1100 -> 1000 -> 1111 -> 0111 -> 0011 -> 0001
%%      160140.0 ns  Alert  ERROR               TB seq.(uvvm)       assert_shift_one_from_left() => Failed. tracked_value '1000' was not XX1X at the 3-cycle. 
%%      160220.0 ns  Log    ID_SEQUENCER        TB seq.             Testing the sequence: 1000 -> 1100 -> 1001 -> 0000 -> 0110 -> 0011 -> 0001
%%      160240.0 ns  Alert  ERROR               TB seq.(uvvm)       assert_shift_one_from_left() => Failed. tracked_value '1001' was not XX1X at the 3-cycle. 
%%      160320.0 ns  Log    ID_SEQUENCER        TB seq.             Testing the sequence: 1000 -> 1100 -> 1001 -> 0000 -> 0111 -> 0011 -> 0001
%%      160340.0 ns  Alert  ERROR               TB seq.(uvvm)       assert_shift_one_from_left() => Failed. tracked_value '1001' was not XX1X at the 3-cycle. 
%%      160420.0 ns  Log    ID_SEQUENCER        TB seq.             Testing the sequence: 1000 -> 1100 -> 1001 -> 0001 -> 0110 -> 0011 -> 0001
%%      160440.0 ns  Alert  ERROR               TB seq.(uvvm)       assert_shift_one_from_left() => Failed. tracked_value '1001' was not XX1X at the 3-cycle. 
%%      160520.0 ns  Log    ID_SEQUENCER        TB seq.             Testing the sequence: 1000 -> 1100 -> 1001 -> 0001 -> 0111 -> 0011 -> 0001
%%      160540.0 ns  Alert  ERROR               TB seq.(uvvm)       assert_shift_one_from_left() => Failed. tracked_value '1001' was not XX1X at the 3-cycle. 
%%      160620.0 ns  Log    ID_SEQUENCER        TB seq.             Testing the sequence: 1000 -> 1100 -> 1001 -> 0010 -> 0110 -> 0011 -> 0001
%%      160640.0 ns  Alert  ERROR               TB seq.(uvvm)       assert_shift_one_from_left() => Failed. tracked_value '1001' was not XX1X at the 3-cycle. 
%%      160720.0 ns  Log    ID_SEQUENCER        TB seq.             Testing the sequence: 1000 -> 1100 -> 1001 -> 0010 -> 0111 -> 0011 -> 0001
%%      160740.0 ns  Alert  ERROR               TB seq.(uvvm)       assert_shift_one_from_left() => Failed. tracked_value '1001' was not XX1X at the 3-cycle. 
%%      160820.0 ns  Log    ID_SEQUENCER        TB seq.             Testing the sequence: 1000 -> 1100 -> 1001 -> 0011 -> 0110 -> 0011 -> 0001
%%      160840.0 ns  Alert  ERROR               TB seq.(uvvm)       assert_shift_one_from_left() => Failed. tracked_value '1001' was not XX1X at the 3-cycle. 
%%      160920.0 ns  Log    ID_SEQUENCER        TB seq.             Testing the sequence: 1000 -> 1100 -> 1001 -> 0011 -> 0111 -> 0011 -> 0001
%%      160940.0 ns  Alert  ERROR               TB seq.(uvvm)       assert_shift_one_from_left() => Failed. tracked_value '1001' was not XX1X at the 3-cycle. 
%%      161020.0 ns  Log    ID_SEQUENCER        TB seq.             Testing the sequence: 1000 -> 1100 -> 1001 -> 0100 -> 0110 -> 0011 -> 0001
%%      161040.0 ns  Alert  ERROR               TB seq.(uvvm)       assert_shift_one_from_left() => Failed. tracked_value '1001' was not XX1X at the 3-cycle. 
%%      161120.0 ns  Log    ID_SEQUENCER        TB seq.             Testing the sequence: 1000 -> 1100 -> 1001 -> 0100 -> 0111 -> 0011 -> 0001
%%      161140.0 ns  Alert  ERROR               TB seq.(uvvm)       assert_shift_one_from_left() => Failed. tracked_value '1001' was not XX1X at the 3-cycle. 
%%      161220.0 ns  Log    ID_SEQUENCER        TB seq.             Testing the sequence: 1000 -> 1100 -> 1001 -> 0101 -> 0110 -> 0011 -> 0001
%%      161240.0 ns  Alert  ERROR               TB seq.(uvvm)       assert_shift_one_from_left() => Failed. tracked_value '1001' was not XX1X at the 3-cycle. 
%%      161320.0 ns  Log    ID_SEQUENCER        TB seq.             Testing the sequence: 1000 -> 1100 -> 1001 -> 0101 -> 0111 -> 0011 -> 0001
%%      161340.0 ns  Alert  ERROR               TB seq.(uvvm)       assert_shift_one_from_left() => Failed. tracked_value '1001' was not XX1X at the 3-cycle. 
%%      161420.0 ns  Log    ID_SEQUENCER        TB seq.             Testing the sequence: 1000 -> 1100 -> 1001 -> 0110 -> 0110 -> 0011 -> 0001
%%      161440.0 ns  Alert  ERROR               TB seq.(uvvm)       assert_shift_one_from_left() => Failed. tracked_value '1001' was not XX1X at the 3-cycle. 
%%      161520.0 ns  Log    ID_SEQUENCER        TB seq.             Testing the sequence: 1000 -> 1100 -> 1001 -> 0110 -> 0111 -> 0011 -> 0001
%%      161540.0 ns  Alert  ERROR               TB seq.(uvvm)       assert_shift_one_from_left() => Failed. tracked_value '1001' was not XX1X at the 3-cycle. 
%%      161620.0 ns  Log    ID_SEQUENCER        TB seq.             Testing the sequence: 1000 -> 1100 -> 1001 -> 0111 -> 0110 -> 0011 -> 0001
%%      161640.0 ns  Alert  ERROR               TB seq.(uvvm)       assert_shift_one_from_left() => Failed. tracked_value '1001' was not XX1X at the 3-cycle. 
%%      161720.0 ns  Log    ID_SEQUENCER        TB seq.             Testing the sequence: 1000 -> 1100 -> 1001 -> 0111 -> 0111 -> 0011 -> 0001
%%      161740.0 ns  Alert  ERROR               TB seq.(uvvm)       assert_shift_one_from_left() => Failed. tracked_value '1001' was not XX1X at the 3-cycle. 
%%      161820.0 ns  Log    ID_SEQUENCER        TB seq.             Testing the sequence: 1000 -> 1100 -> 1001 -> 1000 -> 0110 -> 0011 -> 0001
%%      161840.0 ns  Alert  ERROR               TB seq.(uvvm)       assert_shift_one_from_left() => Failed. tracked_value '1001' was not XX1X at the 3-cycle. 
%%      161920.0 ns  Log    ID_SEQUENCER        TB seq.             Testing the sequence: 1000 -> 1100 -> 1001 -> 1000 -> 0111 -> 0011 -> 0001
%%      161940.0 ns  Alert  ERROR               TB seq.(uvvm)       assert_shift_one_from_left() => Failed. tracked_value '1001' was not XX1X at the 3-cycle. 
%%      162020.0 ns  Log    ID_SEQUENCER        TB seq.             Testing the sequence: 1000 -> 1100 -> 1001 -> 1001 -> 0110 -> 0011 -> 0001
%%      162040.0 ns  Alert  ERROR               TB seq.(uvvm)       assert_shift_one_from_left() => Failed. tracked_value '1001' was not XX1X at the 3-cycle. 
%%      162120.0 ns  Log    ID_SEQUENCER        TB seq.             Testing the sequence: 1000 -> 1100 -> 1001 -> 1001 -> 0111 -> 0011 -> 0001
%%      162140.0 ns  Alert  ERROR               TB seq.(uvvm)       assert_shift_one_from_left() => Failed. tracked_value '1001' was not XX1X at the 3-cycle. 
%%      162220.0 ns  Log    ID_SEQUENCER        TB seq.             Testing the sequence: 1000 -> 1100 -> 1001 -> 1010 -> 0110 -> 0011 -> 0001
%%      162240.0 ns  Alert  ERROR               TB seq.(uvvm)       assert_shift_one_from_left() => Failed. tracked_value '1001' was not XX1X at the 3-cycle. 
%%      162320.0 ns  Log    ID_SEQUENCER        TB seq.             Testing the sequence: 1000 -> 1100 -> 1001 -> 1010 -> 0111 -> 0011 -> 0001
%%      162340.0 ns  Alert  ERROR               TB seq.(uvvm)       assert_shift_one_from_left() => Failed. tracked_value '1001' was not XX1X at the 3-cycle. 
%%      162420.0 ns  Log    ID_SEQUENCER        TB seq.             Testing the sequence: 1000 -> 1100 -> 1001 -> 1011 -> 0110 -> 0011 -> 0001
%%      162440.0 ns  Alert  ERROR               TB seq.(uvvm)       assert_shift_one_from_left() => Failed. tracked_value '1001' was not XX1X at the 3-cycle. 
%%      162520.0 ns  Log    ID_SEQUENCER        TB seq.             Testing the sequence: 1000 -> 1100 -> 1001 -> 1011 -> 0111 -> 0011 -> 0001
%%      162540.0 ns  Alert  ERROR               TB seq.(uvvm)       assert_shift_one_from_left() => Failed. tracked_value '1001' was not XX1X at the 3-cycle. 
%%      162620.0 ns  Log    ID_SEQUENCER        TB seq.             Testing the sequence: 1000 -> 1100 -> 1001 -> 1100 -> 0110 -> 0011 -> 0001
%%      162640.0 ns  Alert  ERROR               TB seq.(uvvm)       assert_shift_one_from_left() => Failed. tracked_value '1001' was not XX1X at the 3-cycle. 
%%      162720.0 ns  Log    ID_SEQUENCER        TB seq.             Testing the sequence: 1000 -> 1100 -> 1001 -> 1100 -> 0111 -> 0011 -> 0001
%%      162740.0 ns  Alert  ERROR               TB seq.(uvvm)       assert_shift_one_from_left() => Failed. tracked_value '1001' was not XX1X at the 3-cycle. 
%%      162820.0 ns  Log    ID_SEQUENCER        TB seq.             Testing the sequence: 1000 -> 1100 -> 1001 -> 1101 -> 0110 -> 0011 -> 0001
%%      162840.0 ns  Alert  ERROR               TB seq.(uvvm)       assert_shift_one_from_left() => Failed. tracked_value '1001' was not XX1X at the 3-cycle. 
%%      162920.0 ns  Log    ID_SEQUENCER        TB seq.             Testing the sequence: 1000 -> 1100 -> 1001 -> 1101 -> 0111 -> 0011 -> 0001
%%      162940.0 ns  Alert  ERROR               TB seq.(uvvm)       assert_shift_one_from_left() => Failed. tracked_value '1001' was not XX1X at the 3-cycle. 
%%      163020.0 ns  Log    ID_SEQUENCER        TB seq.             Testing the sequence: 1000 -> 1100 -> 1001 -> 1110 -> 0110 -> 0011 -> 0001
%%      163040.0 ns  Alert  ERROR               TB seq.(uvvm)       assert_shift_one_from_left() => Failed. tracked_value '1001' was not XX1X at the 3-cycle. 
%%      163120.0 ns  Log    ID_SEQUENCER        TB seq.             Testing the sequence: 1000 -> 1100 -> 1001 -> 1110 -> 0111 -> 0011 -> 0001
%%      163140.0 ns  Alert  ERROR               TB seq.(uvvm)       assert_shift_one_from_left() => Failed. tracked_value '1001' was not XX1X at the 3-cycle. 
%%      163220.0 ns  Log    ID_SEQUENCER        TB seq.             Testing the sequence: 1000 -> 1100 -> 1001 -> 1111 -> 0110 -> 0011 -> 0001
%%      163240.0 ns  Alert  ERROR               TB seq.(uvvm)       assert_shift_one_from_left() => Failed. tracked_value '1001' was not XX1X at the 3-cycle. 
%%      163320.0 ns  Log    ID_SEQUENCER        TB seq.             Testing the sequence: 1000 -> 1100 -> 1001 -> 1111 -> 0111 -> 0011 -> 0001
%%      163340.0 ns  Alert  ERROR               TB seq.(uvvm)       assert_shift_one_from_left() => Failed. tracked_value '1001' was not XX1X at the 3-cycle. 
%%      163420.0 ns  Log    ID_SEQUENCER        TB seq.             Testing the sequence: 1000 -> 1100 -> 1010 -> 0000 -> 0110 -> 0011 -> 0001
%%      163450.0 ns  Alert  ERROR               TB seq.(uvvm)       assert_shift_one_from_left() => Failed. tracked_value '0000' was not XXX1 at the 4-cycle. 
%%      163520.0 ns  Log    ID_SEQUENCER        TB seq.             Testing the sequence: 1000 -> 1100 -> 1010 -> 0000 -> 0111 -> 0011 -> 0001
%%      163550.0 ns  Alert  ERROR               TB seq.(uvvm)       assert_shift_one_from_left() => Failed. tracked_value '0000' was not XXX1 at the 4-cycle. 
%%      163620.0 ns  Log    ID_SEQUENCER        TB seq.             Testing the sequence: 1000 -> 1100 -> 1010 -> 0001 -> 0110 -> 0011 -> 0001
%%      163720.0 ns  Log    ID_SEQUENCER        TB seq.             Testing the sequence: 1000 -> 1100 -> 1010 -> 0001 -> 0111 -> 0011 -> 0001
%%      163820.0 ns  Log    ID_SEQUENCER        TB seq.             Testing the sequence: 1000 -> 1100 -> 1010 -> 0010 -> 0110 -> 0011 -> 0001
%%      163850.0 ns  Alert  ERROR               TB seq.(uvvm)       assert_shift_one_from_left() => Failed. tracked_value '0010' was not XXX1 at the 4-cycle. 
%%      163920.0 ns  Log    ID_SEQUENCER        TB seq.             Testing the sequence: 1000 -> 1100 -> 1010 -> 0010 -> 0111 -> 0011 -> 0001
%%      163950.0 ns  Alert  ERROR               TB seq.(uvvm)       assert_shift_one_from_left() => Failed. tracked_value '0010' was not XXX1 at the 4-cycle. 
%%      164020.0 ns  Log    ID_SEQUENCER        TB seq.             Testing the sequence: 1000 -> 1100 -> 1010 -> 0011 -> 0110 -> 0011 -> 0001
%%      164120.0 ns  Log    ID_SEQUENCER        TB seq.             Testing the sequence: 1000 -> 1100 -> 1010 -> 0011 -> 0111 -> 0011 -> 0001
%%      164220.0 ns  Log    ID_SEQUENCER        TB seq.             Testing the sequence: 1000 -> 1100 -> 1010 -> 0100 -> 0110 -> 0011 -> 0001
%%      164250.0 ns  Alert  ERROR               TB seq.(uvvm)       assert_shift_one_from_left() => Failed. tracked_value '0100' was not XXX1 at the 4-cycle. 
%%      164320.0 ns  Log    ID_SEQUENCER        TB seq.             Testing the sequence: 1000 -> 1100 -> 1010 -> 0100 -> 0111 -> 0011 -> 0001
%%      164350.0 ns  Alert  ERROR               TB seq.(uvvm)       assert_shift_one_from_left() => Failed. tracked_value '0100' was not XXX1 at the 4-cycle. 
%%      164420.0 ns  Log    ID_SEQUENCER        TB seq.             Testing the sequence: 1000 -> 1100 -> 1010 -> 0101 -> 0110 -> 0011 -> 0001
%%      164520.0 ns  Log    ID_SEQUENCER        TB seq.             Testing the sequence: 1000 -> 1100 -> 1010 -> 0101 -> 0111 -> 0011 -> 0001
%%      164620.0 ns  Log    ID_SEQUENCER        TB seq.             Testing the sequence: 1000 -> 1100 -> 1010 -> 0110 -> 0110 -> 0011 -> 0001
%%      164650.0 ns  Alert  ERROR               TB seq.(uvvm)       assert_shift_one_from_left() => Failed. tracked_value '0110' was not XXX1 at the 4-cycle. 
%%      164720.0 ns  Log    ID_SEQUENCER        TB seq.             Testing the sequence: 1000 -> 1100 -> 1010 -> 0110 -> 0111 -> 0011 -> 0001
%%      164750.0 ns  Alert  ERROR               TB seq.(uvvm)       assert_shift_one_from_left() => Failed. tracked_value '0110' was not XXX1 at the 4-cycle. 
%%      164820.0 ns  Log    ID_SEQUENCER        TB seq.             Testing the sequence: 1000 -> 1100 -> 1010 -> 0111 -> 0110 -> 0011 -> 0001
%%      164920.0 ns  Log    ID_SEQUENCER        TB seq.             Testing the sequence: 1000 -> 1100 -> 1010 -> 0111 -> 0111 -> 0011 -> 0001
%%      165020.0 ns  Log    ID_SEQUENCER        TB seq.             Testing the sequence: 1000 -> 1100 -> 1010 -> 1000 -> 0110 -> 0011 -> 0001
%%      165050.0 ns  Alert  ERROR               TB seq.(uvvm)       assert_shift_one_from_left() => Failed. tracked_value '1000' was not XXX1 at the 4-cycle. 
%%      165120.0 ns  Log    ID_SEQUENCER        TB seq.             Testing the sequence: 1000 -> 1100 -> 1010 -> 1000 -> 0111 -> 0011 -> 0001
%%      165150.0 ns  Alert  ERROR               TB seq.(uvvm)       assert_shift_one_from_left() => Failed. tracked_value '1000' was not XXX1 at the 4-cycle. 
%%      165220.0 ns  Log    ID_SEQUENCER        TB seq.             Testing the sequence: 1000 -> 1100 -> 1010 -> 1001 -> 0110 -> 0011 -> 0001
%%      165320.0 ns  Log    ID_SEQUENCER        TB seq.             Testing the sequence: 1000 -> 1100 -> 1010 -> 1001 -> 0111 -> 0011 -> 0001
%%      165420.0 ns  Log    ID_SEQUENCER        TB seq.             Testing the sequence: 1000 -> 1100 -> 1010 -> 1010 -> 0110 -> 0011 -> 0001
%%      165450.0 ns  Alert  ERROR               TB seq.(uvvm)       assert_shift_one_from_left() => Failed. tracked_value '1010' was not XXX1 at the 4-cycle. 
%%      165520.0 ns  Log    ID_SEQUENCER        TB seq.             Testing the sequence: 1000 -> 1100 -> 1010 -> 1010 -> 0111 -> 0011 -> 0001
%%      165550.0 ns  Alert  ERROR               TB seq.(uvvm)       assert_shift_one_from_left() => Failed. tracked_value '1010' was not XXX1 at the 4-cycle. 
%%      165620.0 ns  Log    ID_SEQUENCER        TB seq.             Testing the sequence: 1000 -> 1100 -> 1010 -> 1011 -> 0110 -> 0011 -> 0001
%%      165720.0 ns  Log    ID_SEQUENCER        TB seq.             Testing the sequence: 1000 -> 1100 -> 1010 -> 1011 -> 0111 -> 0011 -> 0001
%%      165820.0 ns  Log    ID_SEQUENCER        TB seq.             Testing the sequence: 1000 -> 1100 -> 1010 -> 1100 -> 0110 -> 0011 -> 0001
%%      165850.0 ns  Alert  ERROR               TB seq.(uvvm)       assert_shift_one_from_left() => Failed. tracked_value '1100' was not XXX1 at the 4-cycle. 
%%      165920.0 ns  Log    ID_SEQUENCER        TB seq.             Testing the sequence: 1000 -> 1100 -> 1010 -> 1100 -> 0111 -> 0011 -> 0001
%%      165950.0 ns  Alert  ERROR               TB seq.(uvvm)       assert_shift_one_from_left() => Failed. tracked_value '1100' was not XXX1 at the 4-cycle. 
%%      166020.0 ns  Log    ID_SEQUENCER        TB seq.             Testing the sequence: 1000 -> 1100 -> 1010 -> 1101 -> 0110 -> 0011 -> 0001
%%      166120.0 ns  Log    ID_SEQUENCER        TB seq.             Testing the sequence: 1000 -> 1100 -> 1010 -> 1101 -> 0111 -> 0011 -> 0001
%%      166220.0 ns  Log    ID_SEQUENCER        TB seq.             Testing the sequence: 1000 -> 1100 -> 1010 -> 1110 -> 0110 -> 0011 -> 0001
%%      166250.0 ns  Alert  ERROR               TB seq.(uvvm)       assert_shift_one_from_left() => Failed. tracked_value '1110' was not XXX1 at the 4-cycle. 
%%      166320.0 ns  Log    ID_SEQUENCER        TB seq.             Testing the sequence: 1000 -> 1100 -> 1010 -> 1110 -> 0111 -> 0011 -> 0001
%%      166350.0 ns  Alert  ERROR               TB seq.(uvvm)       assert_shift_one_from_left() => Failed. tracked_value '1110' was not XXX1 at the 4-cycle. 
%%      166420.0 ns  Log    ID_SEQUENCER        TB seq.             Testing the sequence: 1000 -> 1100 -> 1010 -> 1111 -> 0110 -> 0011 -> 0001
%%      166520.0 ns  Log    ID_SEQUENCER        TB seq.             Testing the sequence: 1000 -> 1100 -> 1010 -> 1111 -> 0111 -> 0011 -> 0001
%%      166620.0 ns  Log    ID_SEQUENCER        TB seq.             Testing the sequence: 1000 -> 1100 -> 1011 -> 0000 -> 0110 -> 0011 -> 0001
%%      166650.0 ns  Alert  ERROR               TB seq.(uvvm)       assert_shift_one_from_left() => Failed. tracked_value '0000' was not XXX1 at the 4-cycle. 
%%      166720.0 ns  Log    ID_SEQUENCER        TB seq.             Testing the sequence: 1000 -> 1100 -> 1011 -> 0000 -> 0111 -> 0011 -> 0001
%%      166750.0 ns  Alert  ERROR               TB seq.(uvvm)       assert_shift_one_from_left() => Failed. tracked_value '0000' was not XXX1 at the 4-cycle. 
%%      166820.0 ns  Log    ID_SEQUENCER        TB seq.             Testing the sequence: 1000 -> 1100 -> 1011 -> 0001 -> 0110 -> 0011 -> 0001
%%      166920.0 ns  Log    ID_SEQUENCER        TB seq.             Testing the sequence: 1000 -> 1100 -> 1011 -> 0001 -> 0111 -> 0011 -> 0001
%%      167020.0 ns  Log    ID_SEQUENCER        TB seq.             Testing the sequence: 1000 -> 1100 -> 1011 -> 0010 -> 0110 -> 0011 -> 0001
%%      167050.0 ns  Alert  ERROR               TB seq.(uvvm)       assert_shift_one_from_left() => Failed. tracked_value '0010' was not XXX1 at the 4-cycle. 
%%      167120.0 ns  Log    ID_SEQUENCER        TB seq.             Testing the sequence: 1000 -> 1100 -> 1011 -> 0010 -> 0111 -> 0011 -> 0001
%%      167150.0 ns  Alert  ERROR               TB seq.(uvvm)       assert_shift_one_from_left() => Failed. tracked_value '0010' was not XXX1 at the 4-cycle. 
%%      167220.0 ns  Log    ID_SEQUENCER        TB seq.             Testing the sequence: 1000 -> 1100 -> 1011 -> 0011 -> 0110 -> 0011 -> 0001
%%      167320.0 ns  Log    ID_SEQUENCER        TB seq.             Testing the sequence: 1000 -> 1100 -> 1011 -> 0011 -> 0111 -> 0011 -> 0001
%%      167420.0 ns  Log    ID_SEQUENCER        TB seq.             Testing the sequence: 1000 -> 1100 -> 1011 -> 0100 -> 0110 -> 0011 -> 0001
%%      167450.0 ns  Alert  ERROR               TB seq.(uvvm)       assert_shift_one_from_left() => Failed. tracked_value '0100' was not XXX1 at the 4-cycle. 
%%      167520.0 ns  Log    ID_SEQUENCER        TB seq.             Testing the sequence: 1000 -> 1100 -> 1011 -> 0100 -> 0111 -> 0011 -> 0001
%%      167550.0 ns  Alert  ERROR               TB seq.(uvvm)       assert_shift_one_from_left() => Failed. tracked_value '0100' was not XXX1 at the 4-cycle. 
%%      167620.0 ns  Log    ID_SEQUENCER        TB seq.             Testing the sequence: 1000 -> 1100 -> 1011 -> 0101 -> 0110 -> 0011 -> 0001
%%      167720.0 ns  Log    ID_SEQUENCER        TB seq.             Testing the sequence: 1000 -> 1100 -> 1011 -> 0101 -> 0111 -> 0011 -> 0001
%%      167820.0 ns  Log    ID_SEQUENCER        TB seq.             Testing the sequence: 1000 -> 1100 -> 1011 -> 0110 -> 0110 -> 0011 -> 0001
%%      167850.0 ns  Alert  ERROR               TB seq.(uvvm)       assert_shift_one_from_left() => Failed. tracked_value '0110' was not XXX1 at the 4-cycle. 
%%      167920.0 ns  Log    ID_SEQUENCER        TB seq.             Testing the sequence: 1000 -> 1100 -> 1011 -> 0110 -> 0111 -> 0011 -> 0001
%%      167950.0 ns  Alert  ERROR               TB seq.(uvvm)       assert_shift_one_from_left() => Failed. tracked_value '0110' was not XXX1 at the 4-cycle. 
%%      168020.0 ns  Log    ID_SEQUENCER        TB seq.             Testing the sequence: 1000 -> 1100 -> 1011 -> 0111 -> 0110 -> 0011 -> 0001
%%      168120.0 ns  Log    ID_SEQUENCER        TB seq.             Testing the sequence: 1000 -> 1100 -> 1011 -> 0111 -> 0111 -> 0011 -> 0001
%%      168220.0 ns  Log    ID_SEQUENCER        TB seq.             Testing the sequence: 1000 -> 1100 -> 1011 -> 1000 -> 0110 -> 0011 -> 0001
%%      168250.0 ns  Alert  ERROR               TB seq.(uvvm)       assert_shift_one_from_left() => Failed. tracked_value '1000' was not XXX1 at the 4-cycle. 
%%      168320.0 ns  Log    ID_SEQUENCER        TB seq.             Testing the sequence: 1000 -> 1100 -> 1011 -> 1000 -> 0111 -> 0011 -> 0001
%%      168350.0 ns  Alert  ERROR               TB seq.(uvvm)       assert_shift_one_from_left() => Failed. tracked_value '1000' was not XXX1 at the 4-cycle. 
%%      168420.0 ns  Log    ID_SEQUENCER        TB seq.             Testing the sequence: 1000 -> 1100 -> 1011 -> 1001 -> 0110 -> 0011 -> 0001
%%      168520.0 ns  Log    ID_SEQUENCER        TB seq.             Testing the sequence: 1000 -> 1100 -> 1011 -> 1001 -> 0111 -> 0011 -> 0001
%%      168620.0 ns  Log    ID_SEQUENCER        TB seq.             Testing the sequence: 1000 -> 1100 -> 1011 -> 1010 -> 0110 -> 0011 -> 0001
%%      168650.0 ns  Alert  ERROR               TB seq.(uvvm)       assert_shift_one_from_left() => Failed. tracked_value '1010' was not XXX1 at the 4-cycle. 
%%      168720.0 ns  Log    ID_SEQUENCER        TB seq.             Testing the sequence: 1000 -> 1100 -> 1011 -> 1010 -> 0111 -> 0011 -> 0001
%%      168750.0 ns  Alert  ERROR               TB seq.(uvvm)       assert_shift_one_from_left() => Failed. tracked_value '1010' was not XXX1 at the 4-cycle. 
%%      168820.0 ns  Log    ID_SEQUENCER        TB seq.             Testing the sequence: 1000 -> 1100 -> 1011 -> 1011 -> 0110 -> 0011 -> 0001
%%      168920.0 ns  Log    ID_SEQUENCER        TB seq.             Testing the sequence: 1000 -> 1100 -> 1011 -> 1011 -> 0111 -> 0011 -> 0001
%%      169020.0 ns  Log    ID_SEQUENCER        TB seq.             Testing the sequence: 1000 -> 1100 -> 1011 -> 1100 -> 0110 -> 0011 -> 0001
%%      169050.0 ns  Alert  ERROR               TB seq.(uvvm)       assert_shift_one_from_left() => Failed. tracked_value '1100' was not XXX1 at the 4-cycle. 
%%      169120.0 ns  Log    ID_SEQUENCER        TB seq.             Testing the sequence: 1000 -> 1100 -> 1011 -> 1100 -> 0111 -> 0011 -> 0001
%%      169150.0 ns  Alert  ERROR               TB seq.(uvvm)       assert_shift_one_from_left() => Failed. tracked_value '1100' was not XXX1 at the 4-cycle. 
%%      169220.0 ns  Log    ID_SEQUENCER        TB seq.             Testing the sequence: 1000 -> 1100 -> 1011 -> 1101 -> 0110 -> 0011 -> 0001
%%      169320.0 ns  Log    ID_SEQUENCER        TB seq.             Testing the sequence: 1000 -> 1100 -> 1011 -> 1101 -> 0111 -> 0011 -> 0001
%%      169420.0 ns  Log    ID_SEQUENCER        TB seq.             Testing the sequence: 1000 -> 1100 -> 1011 -> 1110 -> 0110 -> 0011 -> 0001
%%      169450.0 ns  Alert  ERROR               TB seq.(uvvm)       assert_shift_one_from_left() => Failed. tracked_value '1110' was not XXX1 at the 4-cycle. 
%%      169520.0 ns  Log    ID_SEQUENCER        TB seq.             Testing the sequence: 1000 -> 1100 -> 1011 -> 1110 -> 0111 -> 0011 -> 0001
%%      169550.0 ns  Alert  ERROR               TB seq.(uvvm)       assert_shift_one_from_left() => Failed. tracked_value '1110' was not XXX1 at the 4-cycle. 
%%      169620.0 ns  Log    ID_SEQUENCER        TB seq.             Testing the sequence: 1000 -> 1100 -> 1011 -> 1111 -> 0110 -> 0011 -> 0001
%%      169720.0 ns  Log    ID_SEQUENCER        TB seq.             Testing the sequence: 1000 -> 1100 -> 1011 -> 1111 -> 0111 -> 0011 -> 0001
%%      169820.0 ns  Log    ID_SEQUENCER        TB seq.             Testing the sequence: 1000 -> 1100 -> 1100 -> 0000 -> 0110 -> 0011 -> 0001
%%      169840.0 ns  Alert  ERROR               TB seq.(uvvm)       assert_shift_one_from_left() => Failed. tracked_value '1100' was not XX1X at the 3-cycle. 
%%      169920.0 ns  Log    ID_SEQUENCER        TB seq.             Testing the sequence: 1000 -> 1100 -> 1100 -> 0000 -> 0111 -> 0011 -> 0001
%%      169940.0 ns  Alert  ERROR               TB seq.(uvvm)       assert_shift_one_from_left() => Failed. tracked_value '1100' was not XX1X at the 3-cycle. 
%%      170020.0 ns  Log    ID_SEQUENCER        TB seq.             Testing the sequence: 1000 -> 1100 -> 1100 -> 0001 -> 0110 -> 0011 -> 0001
%%      170040.0 ns  Alert  ERROR               TB seq.(uvvm)       assert_shift_one_from_left() => Failed. tracked_value '1100' was not XX1X at the 3-cycle. 
%%      170120.0 ns  Log    ID_SEQUENCER        TB seq.             Testing the sequence: 1000 -> 1100 -> 1100 -> 0001 -> 0111 -> 0011 -> 0001
%%      170140.0 ns  Alert  ERROR               TB seq.(uvvm)       assert_shift_one_from_left() => Failed. tracked_value '1100' was not XX1X at the 3-cycle. 
%%      170220.0 ns  Log    ID_SEQUENCER        TB seq.             Testing the sequence: 1000 -> 1100 -> 1100 -> 0010 -> 0110 -> 0011 -> 0001
%%      170240.0 ns  Alert  ERROR               TB seq.(uvvm)       assert_shift_one_from_left() => Failed. tracked_value '1100' was not XX1X at the 3-cycle. 
%%      170320.0 ns  Log    ID_SEQUENCER        TB seq.             Testing the sequence: 1000 -> 1100 -> 1100 -> 0010 -> 0111 -> 0011 -> 0001
%%      170340.0 ns  Alert  ERROR               TB seq.(uvvm)       assert_shift_one_from_left() => Failed. tracked_value '1100' was not XX1X at the 3-cycle. 
%%      170420.0 ns  Log    ID_SEQUENCER        TB seq.             Testing the sequence: 1000 -> 1100 -> 1100 -> 0011 -> 0110 -> 0011 -> 0001
%%      170440.0 ns  Alert  ERROR               TB seq.(uvvm)       assert_shift_one_from_left() => Failed. tracked_value '1100' was not XX1X at the 3-cycle. 
%%      170520.0 ns  Log    ID_SEQUENCER        TB seq.             Testing the sequence: 1000 -> 1100 -> 1100 -> 0011 -> 0111 -> 0011 -> 0001
%%      170540.0 ns  Alert  ERROR               TB seq.(uvvm)       assert_shift_one_from_left() => Failed. tracked_value '1100' was not XX1X at the 3-cycle. 
%%      170620.0 ns  Log    ID_SEQUENCER        TB seq.             Testing the sequence: 1000 -> 1100 -> 1100 -> 0100 -> 0110 -> 0011 -> 0001
%%      170640.0 ns  Alert  ERROR               TB seq.(uvvm)       assert_shift_one_from_left() => Failed. tracked_value '1100' was not XX1X at the 3-cycle. 
%%      170720.0 ns  Log    ID_SEQUENCER        TB seq.             Testing the sequence: 1000 -> 1100 -> 1100 -> 0100 -> 0111 -> 0011 -> 0001
%%      170740.0 ns  Alert  ERROR               TB seq.(uvvm)       assert_shift_one_from_left() => Failed. tracked_value '1100' was not XX1X at the 3-cycle. 
%%      170820.0 ns  Log    ID_SEQUENCER        TB seq.             Testing the sequence: 1000 -> 1100 -> 1100 -> 0101 -> 0110 -> 0011 -> 0001
%%      170840.0 ns  Alert  ERROR               TB seq.(uvvm)       assert_shift_one_from_left() => Failed. tracked_value '1100' was not XX1X at the 3-cycle. 
%%      170920.0 ns  Log    ID_SEQUENCER        TB seq.             Testing the sequence: 1000 -> 1100 -> 1100 -> 0101 -> 0111 -> 0011 -> 0001
%%      170940.0 ns  Alert  ERROR               TB seq.(uvvm)       assert_shift_one_from_left() => Failed. tracked_value '1100' was not XX1X at the 3-cycle. 
%%      171020.0 ns  Log    ID_SEQUENCER        TB seq.             Testing the sequence: 1000 -> 1100 -> 1100 -> 0110 -> 0110 -> 0011 -> 0001
%%      171040.0 ns  Alert  ERROR               TB seq.(uvvm)       assert_shift_one_from_left() => Failed. tracked_value '1100' was not XX1X at the 3-cycle. 
%%      171120.0 ns  Log    ID_SEQUENCER        TB seq.             Testing the sequence: 1000 -> 1100 -> 1100 -> 0110 -> 0111 -> 0011 -> 0001
%%      171140.0 ns  Alert  ERROR               TB seq.(uvvm)       assert_shift_one_from_left() => Failed. tracked_value '1100' was not XX1X at the 3-cycle. 
%%      171220.0 ns  Log    ID_SEQUENCER        TB seq.             Testing the sequence: 1000 -> 1100 -> 1100 -> 0111 -> 0110 -> 0011 -> 0001
%%      171240.0 ns  Alert  ERROR               TB seq.(uvvm)       assert_shift_one_from_left() => Failed. tracked_value '1100' was not XX1X at the 3-cycle. 
%%      171320.0 ns  Log    ID_SEQUENCER        TB seq.             Testing the sequence: 1000 -> 1100 -> 1100 -> 0111 -> 0111 -> 0011 -> 0001
%%      171340.0 ns  Alert  ERROR               TB seq.(uvvm)       assert_shift_one_from_left() => Failed. tracked_value '1100' was not XX1X at the 3-cycle. 
%%      171420.0 ns  Log    ID_SEQUENCER        TB seq.             Testing the sequence: 1000 -> 1100 -> 1100 -> 1000 -> 0110 -> 0011 -> 0001
%%      171440.0 ns  Alert  ERROR               TB seq.(uvvm)       assert_shift_one_from_left() => Failed. tracked_value '1100' was not XX1X at the 3-cycle. 
%%      171520.0 ns  Log    ID_SEQUENCER        TB seq.             Testing the sequence: 1000 -> 1100 -> 1100 -> 1000 -> 0111 -> 0011 -> 0001
%%      171540.0 ns  Alert  ERROR               TB seq.(uvvm)       assert_shift_one_from_left() => Failed. tracked_value '1100' was not XX1X at the 3-cycle. 
%%      171620.0 ns  Log    ID_SEQUENCER        TB seq.             Testing the sequence: 1000 -> 1100 -> 1100 -> 1001 -> 0110 -> 0011 -> 0001
%%      171640.0 ns  Alert  ERROR               TB seq.(uvvm)       assert_shift_one_from_left() => Failed. tracked_value '1100' was not XX1X at the 3-cycle. 
%%      171720.0 ns  Log    ID_SEQUENCER        TB seq.             Testing the sequence: 1000 -> 1100 -> 1100 -> 1001 -> 0111 -> 0011 -> 0001
%%      171740.0 ns  Alert  ERROR               TB seq.(uvvm)       assert_shift_one_from_left() => Failed. tracked_value '1100' was not XX1X at the 3-cycle. 
%%      171820.0 ns  Log    ID_SEQUENCER        TB seq.             Testing the sequence: 1000 -> 1100 -> 1100 -> 1010 -> 0110 -> 0011 -> 0001
%%      171840.0 ns  Alert  ERROR               TB seq.(uvvm)       assert_shift_one_from_left() => Failed. tracked_value '1100' was not XX1X at the 3-cycle. 
%%      171920.0 ns  Log    ID_SEQUENCER        TB seq.             Testing the sequence: 1000 -> 1100 -> 1100 -> 1010 -> 0111 -> 0011 -> 0001
%%      171940.0 ns  Alert  ERROR               TB seq.(uvvm)       assert_shift_one_from_left() => Failed. tracked_value '1100' was not XX1X at the 3-cycle. 
%%      172020.0 ns  Log    ID_SEQUENCER        TB seq.             Testing the sequence: 1000 -> 1100 -> 1100 -> 1011 -> 0110 -> 0011 -> 0001
%%      172040.0 ns  Alert  ERROR               TB seq.(uvvm)       assert_shift_one_from_left() => Failed. tracked_value '1100' was not XX1X at the 3-cycle. 
%%      172120.0 ns  Log    ID_SEQUENCER        TB seq.             Testing the sequence: 1000 -> 1100 -> 1100 -> 1011 -> 0111 -> 0011 -> 0001
%%      172140.0 ns  Alert  ERROR               TB seq.(uvvm)       assert_shift_one_from_left() => Failed. tracked_value '1100' was not XX1X at the 3-cycle. 
%%      172220.0 ns  Log    ID_SEQUENCER        TB seq.             Testing the sequence: 1000 -> 1100 -> 1100 -> 1100 -> 0110 -> 0011 -> 0001
%%      172240.0 ns  Alert  ERROR               TB seq.(uvvm)       assert_shift_one_from_left() => Failed. tracked_value '1100' was not XX1X at the 3-cycle. 
%%      172320.0 ns  Log    ID_SEQUENCER        TB seq.             Testing the sequence: 1000 -> 1100 -> 1100 -> 1100 -> 0111 -> 0011 -> 0001
%%      172340.0 ns  Alert  ERROR               TB seq.(uvvm)       assert_shift_one_from_left() => Failed. tracked_value '1100' was not XX1X at the 3-cycle. 
%%      172420.0 ns  Log    ID_SEQUENCER        TB seq.             Testing the sequence: 1000 -> 1100 -> 1100 -> 1101 -> 0110 -> 0011 -> 0001
%%      172440.0 ns  Alert  ERROR               TB seq.(uvvm)       assert_shift_one_from_left() => Failed. tracked_value '1100' was not XX1X at the 3-cycle. 
%%      172520.0 ns  Log    ID_SEQUENCER        TB seq.             Testing the sequence: 1000 -> 1100 -> 1100 -> 1101 -> 0111 -> 0011 -> 0001
%%      172540.0 ns  Alert  ERROR               TB seq.(uvvm)       assert_shift_one_from_left() => Failed. tracked_value '1100' was not XX1X at the 3-cycle. 
%%      172620.0 ns  Log    ID_SEQUENCER        TB seq.             Testing the sequence: 1000 -> 1100 -> 1100 -> 1110 -> 0110 -> 0011 -> 0001
%%      172640.0 ns  Alert  ERROR               TB seq.(uvvm)       assert_shift_one_from_left() => Failed. tracked_value '1100' was not XX1X at the 3-cycle. 
%%      172720.0 ns  Log    ID_SEQUENCER        TB seq.             Testing the sequence: 1000 -> 1100 -> 1100 -> 1110 -> 0111 -> 0011 -> 0001
%%      172740.0 ns  Alert  ERROR               TB seq.(uvvm)       assert_shift_one_from_left() => Failed. tracked_value '1100' was not XX1X at the 3-cycle. 
%%      172820.0 ns  Log    ID_SEQUENCER        TB seq.             Testing the sequence: 1000 -> 1100 -> 1100 -> 1111 -> 0110 -> 0011 -> 0001
%%      172840.0 ns  Alert  ERROR               TB seq.(uvvm)       assert_shift_one_from_left() => Failed. tracked_value '1100' was not XX1X at the 3-cycle. 
%%      172920.0 ns  Log    ID_SEQUENCER        TB seq.             Testing the sequence: 1000 -> 1100 -> 1100 -> 1111 -> 0111 -> 0011 -> 0001
%%      172940.0 ns  Alert  ERROR               TB seq.(uvvm)       assert_shift_one_from_left() => Failed. tracked_value '1100' was not XX1X at the 3-cycle. 
%%      173020.0 ns  Log    ID_SEQUENCER        TB seq.             Testing the sequence: 1000 -> 1100 -> 1101 -> 0000 -> 0110 -> 0011 -> 0001
%%      173040.0 ns  Alert  ERROR               TB seq.(uvvm)       assert_shift_one_from_left() => Failed. tracked_value '1101' was not XX1X at the 3-cycle. 
%%      173120.0 ns  Log    ID_SEQUENCER        TB seq.             Testing the sequence: 1000 -> 1100 -> 1101 -> 0000 -> 0111 -> 0011 -> 0001
%%      173140.0 ns  Alert  ERROR               TB seq.(uvvm)       assert_shift_one_from_left() => Failed. tracked_value '1101' was not XX1X at the 3-cycle. 
%%      173220.0 ns  Log    ID_SEQUENCER        TB seq.             Testing the sequence: 1000 -> 1100 -> 1101 -> 0001 -> 0110 -> 0011 -> 0001
%%      173240.0 ns  Alert  ERROR               TB seq.(uvvm)       assert_shift_one_from_left() => Failed. tracked_value '1101' was not XX1X at the 3-cycle. 
%%      173320.0 ns  Log    ID_SEQUENCER        TB seq.             Testing the sequence: 1000 -> 1100 -> 1101 -> 0001 -> 0111 -> 0011 -> 0001
%%      173340.0 ns  Alert  ERROR               TB seq.(uvvm)       assert_shift_one_from_left() => Failed. tracked_value '1101' was not XX1X at the 3-cycle. 
%%      173420.0 ns  Log    ID_SEQUENCER        TB seq.             Testing the sequence: 1000 -> 1100 -> 1101 -> 0010 -> 0110 -> 0011 -> 0001
%%      173440.0 ns  Alert  ERROR               TB seq.(uvvm)       assert_shift_one_from_left() => Failed. tracked_value '1101' was not XX1X at the 3-cycle. 
%%      173520.0 ns  Log    ID_SEQUENCER        TB seq.             Testing the sequence: 1000 -> 1100 -> 1101 -> 0010 -> 0111 -> 0011 -> 0001
%%      173540.0 ns  Alert  ERROR               TB seq.(uvvm)       assert_shift_one_from_left() => Failed. tracked_value '1101' was not XX1X at the 3-cycle. 
%%      173620.0 ns  Log    ID_SEQUENCER        TB seq.             Testing the sequence: 1000 -> 1100 -> 1101 -> 0011 -> 0110 -> 0011 -> 0001
%%      173640.0 ns  Alert  ERROR               TB seq.(uvvm)       assert_shift_one_from_left() => Failed. tracked_value '1101' was not XX1X at the 3-cycle. 
%%      173720.0 ns  Log    ID_SEQUENCER        TB seq.             Testing the sequence: 1000 -> 1100 -> 1101 -> 0011 -> 0111 -> 0011 -> 0001
%%      173740.0 ns  Alert  ERROR               TB seq.(uvvm)       assert_shift_one_from_left() => Failed. tracked_value '1101' was not XX1X at the 3-cycle. 
%%      173820.0 ns  Log    ID_SEQUENCER        TB seq.             Testing the sequence: 1000 -> 1100 -> 1101 -> 0100 -> 0110 -> 0011 -> 0001
%%      173840.0 ns  Alert  ERROR               TB seq.(uvvm)       assert_shift_one_from_left() => Failed. tracked_value '1101' was not XX1X at the 3-cycle. 
%%      173920.0 ns  Log    ID_SEQUENCER        TB seq.             Testing the sequence: 1000 -> 1100 -> 1101 -> 0100 -> 0111 -> 0011 -> 0001
%%      173940.0 ns  Alert  ERROR               TB seq.(uvvm)       assert_shift_one_from_left() => Failed. tracked_value '1101' was not XX1X at the 3-cycle. 
%%      174020.0 ns  Log    ID_SEQUENCER        TB seq.             Testing the sequence: 1000 -> 1100 -> 1101 -> 0101 -> 0110 -> 0011 -> 0001
%%      174040.0 ns  Alert  ERROR               TB seq.(uvvm)       assert_shift_one_from_left() => Failed. tracked_value '1101' was not XX1X at the 3-cycle. 
%%      174120.0 ns  Log    ID_SEQUENCER        TB seq.             Testing the sequence: 1000 -> 1100 -> 1101 -> 0101 -> 0111 -> 0011 -> 0001
%%      174140.0 ns  Alert  ERROR               TB seq.(uvvm)       assert_shift_one_from_left() => Failed. tracked_value '1101' was not XX1X at the 3-cycle. 
%%      174220.0 ns  Log    ID_SEQUENCER        TB seq.             Testing the sequence: 1000 -> 1100 -> 1101 -> 0110 -> 0110 -> 0011 -> 0001
%%      174240.0 ns  Alert  ERROR               TB seq.(uvvm)       assert_shift_one_from_left() => Failed. tracked_value '1101' was not XX1X at the 3-cycle. 
%%      174320.0 ns  Log    ID_SEQUENCER        TB seq.             Testing the sequence: 1000 -> 1100 -> 1101 -> 0110 -> 0111 -> 0011 -> 0001
%%      174340.0 ns  Alert  ERROR               TB seq.(uvvm)       assert_shift_one_from_left() => Failed. tracked_value '1101' was not XX1X at the 3-cycle. 
%%      174420.0 ns  Log    ID_SEQUENCER        TB seq.             Testing the sequence: 1000 -> 1100 -> 1101 -> 0111 -> 0110 -> 0011 -> 0001
%%      174440.0 ns  Alert  ERROR               TB seq.(uvvm)       assert_shift_one_from_left() => Failed. tracked_value '1101' was not XX1X at the 3-cycle. 
%%      174520.0 ns  Log    ID_SEQUENCER        TB seq.             Testing the sequence: 1000 -> 1100 -> 1101 -> 0111 -> 0111 -> 0011 -> 0001
%%      174540.0 ns  Alert  ERROR               TB seq.(uvvm)       assert_shift_one_from_left() => Failed. tracked_value '1101' was not XX1X at the 3-cycle. 
%%      174620.0 ns  Log    ID_SEQUENCER        TB seq.             Testing the sequence: 1000 -> 1100 -> 1101 -> 1000 -> 0110 -> 0011 -> 0001
%%      174640.0 ns  Alert  ERROR               TB seq.(uvvm)       assert_shift_one_from_left() => Failed. tracked_value '1101' was not XX1X at the 3-cycle. 
%%      174720.0 ns  Log    ID_SEQUENCER        TB seq.             Testing the sequence: 1000 -> 1100 -> 1101 -> 1000 -> 0111 -> 0011 -> 0001
%%      174740.0 ns  Alert  ERROR               TB seq.(uvvm)       assert_shift_one_from_left() => Failed. tracked_value '1101' was not XX1X at the 3-cycle. 
%%      174820.0 ns  Log    ID_SEQUENCER        TB seq.             Testing the sequence: 1000 -> 1100 -> 1101 -> 1001 -> 0110 -> 0011 -> 0001
%%      174840.0 ns  Alert  ERROR               TB seq.(uvvm)       assert_shift_one_from_left() => Failed. tracked_value '1101' was not XX1X at the 3-cycle. 
%%      174920.0 ns  Log    ID_SEQUENCER        TB seq.             Testing the sequence: 1000 -> 1100 -> 1101 -> 1001 -> 0111 -> 0011 -> 0001
%%      174940.0 ns  Alert  ERROR               TB seq.(uvvm)       assert_shift_one_from_left() => Failed. tracked_value '1101' was not XX1X at the 3-cycle. 
%%      175020.0 ns  Log    ID_SEQUENCER        TB seq.             Testing the sequence: 1000 -> 1100 -> 1101 -> 1010 -> 0110 -> 0011 -> 0001
%%      175040.0 ns  Alert  ERROR               TB seq.(uvvm)       assert_shift_one_from_left() => Failed. tracked_value '1101' was not XX1X at the 3-cycle. 
%%      175120.0 ns  Log    ID_SEQUENCER        TB seq.             Testing the sequence: 1000 -> 1100 -> 1101 -> 1010 -> 0111 -> 0011 -> 0001
%%      175140.0 ns  Alert  ERROR               TB seq.(uvvm)       assert_shift_one_from_left() => Failed. tracked_value '1101' was not XX1X at the 3-cycle. 
%%      175220.0 ns  Log    ID_SEQUENCER        TB seq.             Testing the sequence: 1000 -> 1100 -> 1101 -> 1011 -> 0110 -> 0011 -> 0001
%%      175240.0 ns  Alert  ERROR               TB seq.(uvvm)       assert_shift_one_from_left() => Failed. tracked_value '1101' was not XX1X at the 3-cycle. 
%%      175320.0 ns  Log    ID_SEQUENCER        TB seq.             Testing the sequence: 1000 -> 1100 -> 1101 -> 1011 -> 0111 -> 0011 -> 0001
%%      175340.0 ns  Alert  ERROR               TB seq.(uvvm)       assert_shift_one_from_left() => Failed. tracked_value '1101' was not XX1X at the 3-cycle. 
%%      175420.0 ns  Log    ID_SEQUENCER        TB seq.             Testing the sequence: 1000 -> 1100 -> 1101 -> 1100 -> 0110 -> 0011 -> 0001
%%      175440.0 ns  Alert  ERROR               TB seq.(uvvm)       assert_shift_one_from_left() => Failed. tracked_value '1101' was not XX1X at the 3-cycle. 
%%      175520.0 ns  Log    ID_SEQUENCER        TB seq.             Testing the sequence: 1000 -> 1100 -> 1101 -> 1100 -> 0111 -> 0011 -> 0001
%%      175540.0 ns  Alert  ERROR               TB seq.(uvvm)       assert_shift_one_from_left() => Failed. tracked_value '1101' was not XX1X at the 3-cycle. 
%%      175620.0 ns  Log    ID_SEQUENCER        TB seq.             Testing the sequence: 1000 -> 1100 -> 1101 -> 1101 -> 0110 -> 0011 -> 0001
%%      175640.0 ns  Alert  ERROR               TB seq.(uvvm)       assert_shift_one_from_left() => Failed. tracked_value '1101' was not XX1X at the 3-cycle. 
%%      175720.0 ns  Log    ID_SEQUENCER        TB seq.             Testing the sequence: 1000 -> 1100 -> 1101 -> 1101 -> 0111 -> 0011 -> 0001
%%      175740.0 ns  Alert  ERROR               TB seq.(uvvm)       assert_shift_one_from_left() => Failed. tracked_value '1101' was not XX1X at the 3-cycle. 
%%      175820.0 ns  Log    ID_SEQUENCER        TB seq.             Testing the sequence: 1000 -> 1100 -> 1101 -> 1110 -> 0110 -> 0011 -> 0001
%%      175840.0 ns  Alert  ERROR               TB seq.(uvvm)       assert_shift_one_from_left() => Failed. tracked_value '1101' was not XX1X at the 3-cycle. 
%%      175920.0 ns  Log    ID_SEQUENCER        TB seq.             Testing the sequence: 1000 -> 1100 -> 1101 -> 1110 -> 0111 -> 0011 -> 0001
%%      175940.0 ns  Alert  ERROR               TB seq.(uvvm)       assert_shift_one_from_left() => Failed. tracked_value '1101' was not XX1X at the 3-cycle. 
%%      176020.0 ns  Log    ID_SEQUENCER        TB seq.             Testing the sequence: 1000 -> 1100 -> 1101 -> 1111 -> 0110 -> 0011 -> 0001
%%      176040.0 ns  Alert  ERROR               TB seq.(uvvm)       assert_shift_one_from_left() => Failed. tracked_value '1101' was not XX1X at the 3-cycle. 
%%      176120.0 ns  Log    ID_SEQUENCER        TB seq.             Testing the sequence: 1000 -> 1100 -> 1101 -> 1111 -> 0111 -> 0011 -> 0001
%%      176140.0 ns  Alert  ERROR               TB seq.(uvvm)       assert_shift_one_from_left() => Failed. tracked_value '1101' was not XX1X at the 3-cycle. 
%%      176220.0 ns  Log    ID_SEQUENCER        TB seq.             Testing the sequence: 1000 -> 1100 -> 1110 -> 0000 -> 0110 -> 0011 -> 0001
%%      176250.0 ns  Alert  ERROR               TB seq.(uvvm)       assert_shift_one_from_left() => Failed. tracked_value '0000' was not XXX1 at the 4-cycle. 
%%      176320.0 ns  Log    ID_SEQUENCER        TB seq.             Testing the sequence: 1000 -> 1100 -> 1110 -> 0000 -> 0111 -> 0011 -> 0001
%%      176350.0 ns  Alert  ERROR               TB seq.(uvvm)       assert_shift_one_from_left() => Failed. tracked_value '0000' was not XXX1 at the 4-cycle. 
%%      176420.0 ns  Log    ID_SEQUENCER        TB seq.             Testing the sequence: 1000 -> 1100 -> 1110 -> 0001 -> 0110 -> 0011 -> 0001
%%      176520.0 ns  Log    ID_SEQUENCER        TB seq.             Testing the sequence: 1000 -> 1100 -> 1110 -> 0001 -> 0111 -> 0011 -> 0001
%%      176620.0 ns  Log    ID_SEQUENCER        TB seq.             Testing the sequence: 1000 -> 1100 -> 1110 -> 0010 -> 0110 -> 0011 -> 0001
%%      176650.0 ns  Alert  ERROR               TB seq.(uvvm)       assert_shift_one_from_left() => Failed. tracked_value '0010' was not XXX1 at the 4-cycle. 
%%      176720.0 ns  Log    ID_SEQUENCER        TB seq.             Testing the sequence: 1000 -> 1100 -> 1110 -> 0010 -> 0111 -> 0011 -> 0001
%%      176750.0 ns  Alert  ERROR               TB seq.(uvvm)       assert_shift_one_from_left() => Failed. tracked_value '0010' was not XXX1 at the 4-cycle. 
%%      176820.0 ns  Log    ID_SEQUENCER        TB seq.             Testing the sequence: 1000 -> 1100 -> 1110 -> 0011 -> 0110 -> 0011 -> 0001
%%      176920.0 ns  Log    ID_SEQUENCER        TB seq.             Testing the sequence: 1000 -> 1100 -> 1110 -> 0011 -> 0111 -> 0011 -> 0001
%%      177020.0 ns  Log    ID_SEQUENCER        TB seq.             Testing the sequence: 1000 -> 1100 -> 1110 -> 0100 -> 0110 -> 0011 -> 0001
%%      177050.0 ns  Alert  ERROR               TB seq.(uvvm)       assert_shift_one_from_left() => Failed. tracked_value '0100' was not XXX1 at the 4-cycle. 
%%      177120.0 ns  Log    ID_SEQUENCER        TB seq.             Testing the sequence: 1000 -> 1100 -> 1110 -> 0100 -> 0111 -> 0011 -> 0001
%%      177150.0 ns  Alert  ERROR               TB seq.(uvvm)       assert_shift_one_from_left() => Failed. tracked_value '0100' was not XXX1 at the 4-cycle. 
%%      177220.0 ns  Log    ID_SEQUENCER        TB seq.             Testing the sequence: 1000 -> 1100 -> 1110 -> 0101 -> 0110 -> 0011 -> 0001
%%      177320.0 ns  Log    ID_SEQUENCER        TB seq.             Testing the sequence: 1000 -> 1100 -> 1110 -> 0101 -> 0111 -> 0011 -> 0001
%%      177420.0 ns  Log    ID_SEQUENCER        TB seq.             Testing the sequence: 1000 -> 1100 -> 1110 -> 0110 -> 0110 -> 0011 -> 0001
%%      177450.0 ns  Alert  ERROR               TB seq.(uvvm)       assert_shift_one_from_left() => Failed. tracked_value '0110' was not XXX1 at the 4-cycle. 
%%      177520.0 ns  Log    ID_SEQUENCER        TB seq.             Testing the sequence: 1000 -> 1100 -> 1110 -> 0110 -> 0111 -> 0011 -> 0001
%%      177550.0 ns  Alert  ERROR               TB seq.(uvvm)       assert_shift_one_from_left() => Failed. tracked_value '0110' was not XXX1 at the 4-cycle. 
%%      177620.0 ns  Log    ID_SEQUENCER        TB seq.             Testing the sequence: 1000 -> 1100 -> 1110 -> 0111 -> 0110 -> 0011 -> 0001
%%      177720.0 ns  Log    ID_SEQUENCER        TB seq.             Testing the sequence: 1000 -> 1100 -> 1110 -> 0111 -> 0111 -> 0011 -> 0001
%%      177820.0 ns  Log    ID_SEQUENCER        TB seq.             Testing the sequence: 1000 -> 1100 -> 1110 -> 1000 -> 0110 -> 0011 -> 0001
%%      177850.0 ns  Alert  ERROR               TB seq.(uvvm)       assert_shift_one_from_left() => Failed. tracked_value '1000' was not XXX1 at the 4-cycle. 
%%      177920.0 ns  Log    ID_SEQUENCER        TB seq.             Testing the sequence: 1000 -> 1100 -> 1110 -> 1000 -> 0111 -> 0011 -> 0001
%%      177950.0 ns  Alert  ERROR               TB seq.(uvvm)       assert_shift_one_from_left() => Failed. tracked_value '1000' was not XXX1 at the 4-cycle. 
%%      178020.0 ns  Log    ID_SEQUENCER        TB seq.             Testing the sequence: 1000 -> 1100 -> 1110 -> 1001 -> 0110 -> 0011 -> 0001
%%      178120.0 ns  Log    ID_SEQUENCER        TB seq.             Testing the sequence: 1000 -> 1100 -> 1110 -> 1001 -> 0111 -> 0011 -> 0001
%%      178220.0 ns  Log    ID_SEQUENCER        TB seq.             Testing the sequence: 1000 -> 1100 -> 1110 -> 1010 -> 0110 -> 0011 -> 0001
%%      178250.0 ns  Alert  ERROR               TB seq.(uvvm)       assert_shift_one_from_left() => Failed. tracked_value '1010' was not XXX1 at the 4-cycle. 
%%      178320.0 ns  Log    ID_SEQUENCER        TB seq.             Testing the sequence: 1000 -> 1100 -> 1110 -> 1010 -> 0111 -> 0011 -> 0001
%%      178350.0 ns  Alert  ERROR               TB seq.(uvvm)       assert_shift_one_from_left() => Failed. tracked_value '1010' was not XXX1 at the 4-cycle. 
%%      178420.0 ns  Log    ID_SEQUENCER        TB seq.             Testing the sequence: 1000 -> 1100 -> 1110 -> 1011 -> 0110 -> 0011 -> 0001
%%      178520.0 ns  Log    ID_SEQUENCER        TB seq.             Testing the sequence: 1000 -> 1100 -> 1110 -> 1011 -> 0111 -> 0011 -> 0001
%%      178620.0 ns  Log    ID_SEQUENCER        TB seq.             Testing the sequence: 1000 -> 1100 -> 1110 -> 1100 -> 0110 -> 0011 -> 0001
%%      178650.0 ns  Alert  ERROR               TB seq.(uvvm)       assert_shift_one_from_left() => Failed. tracked_value '1100' was not XXX1 at the 4-cycle. 
%%      178720.0 ns  Log    ID_SEQUENCER        TB seq.             Testing the sequence: 1000 -> 1100 -> 1110 -> 1100 -> 0111 -> 0011 -> 0001
%%      178750.0 ns  Alert  ERROR               TB seq.(uvvm)       assert_shift_one_from_left() => Failed. tracked_value '1100' was not XXX1 at the 4-cycle. 
%%      178820.0 ns  Log    ID_SEQUENCER        TB seq.             Testing the sequence: 1000 -> 1100 -> 1110 -> 1101 -> 0110 -> 0011 -> 0001
%%      178920.0 ns  Log    ID_SEQUENCER        TB seq.             Testing the sequence: 1000 -> 1100 -> 1110 -> 1101 -> 0111 -> 0011 -> 0001
%%      179020.0 ns  Log    ID_SEQUENCER        TB seq.             Testing the sequence: 1000 -> 1100 -> 1110 -> 1110 -> 0110 -> 0011 -> 0001
%%      179050.0 ns  Alert  ERROR               TB seq.(uvvm)       assert_shift_one_from_left() => Failed. tracked_value '1110' was not XXX1 at the 4-cycle. 
%%      179120.0 ns  Log    ID_SEQUENCER        TB seq.             Testing the sequence: 1000 -> 1100 -> 1110 -> 1110 -> 0111 -> 0011 -> 0001
%%      179150.0 ns  Alert  ERROR               TB seq.(uvvm)       assert_shift_one_from_left() => Failed. tracked_value '1110' was not XXX1 at the 4-cycle. 
%%      179220.0 ns  Log    ID_SEQUENCER        TB seq.             Testing the sequence: 1000 -> 1100 -> 1110 -> 1111 -> 0110 -> 0011 -> 0001
%%      179320.0 ns  Log    ID_SEQUENCER        TB seq.             Testing the sequence: 1000 -> 1100 -> 1110 -> 1111 -> 0111 -> 0011 -> 0001
%%      179420.0 ns  Log    ID_SEQUENCER        TB seq.             Testing the sequence: 1000 -> 1100 -> 1111 -> 0000 -> 0110 -> 0011 -> 0001
%%      179450.0 ns  Alert  ERROR               TB seq.(uvvm)       assert_shift_one_from_left() => Failed. tracked_value '0000' was not XXX1 at the 4-cycle. 
%%      179520.0 ns  Log    ID_SEQUENCER        TB seq.             Testing the sequence: 1000 -> 1100 -> 1111 -> 0000 -> 0111 -> 0011 -> 0001
%%      179550.0 ns  Alert  ERROR               TB seq.(uvvm)       assert_shift_one_from_left() => Failed. tracked_value '0000' was not XXX1 at the 4-cycle. 
%%      179620.0 ns  Log    ID_SEQUENCER        TB seq.             Testing the sequence: 1000 -> 1100 -> 1111 -> 0001 -> 0110 -> 0011 -> 0001
%%      179720.0 ns  Log    ID_SEQUENCER        TB seq.             Testing the sequence: 1000 -> 1100 -> 1111 -> 0001 -> 0111 -> 0011 -> 0001
%%      179820.0 ns  Log    ID_SEQUENCER        TB seq.             Testing the sequence: 1000 -> 1100 -> 1111 -> 0010 -> 0110 -> 0011 -> 0001
%%      179850.0 ns  Alert  ERROR               TB seq.(uvvm)       assert_shift_one_from_left() => Failed. tracked_value '0010' was not XXX1 at the 4-cycle. 
%%      179920.0 ns  Log    ID_SEQUENCER        TB seq.             Testing the sequence: 1000 -> 1100 -> 1111 -> 0010 -> 0111 -> 0011 -> 0001
%%      179950.0 ns  Alert  ERROR               TB seq.(uvvm)       assert_shift_one_from_left() => Failed. tracked_value '0010' was not XXX1 at the 4-cycle. 
%%      180020.0 ns  Log    ID_SEQUENCER        TB seq.             Testing the sequence: 1000 -> 1100 -> 1111 -> 0011 -> 0110 -> 0011 -> 0001
%%      180120.0 ns  Log    ID_SEQUENCER        TB seq.             Testing the sequence: 1000 -> 1100 -> 1111 -> 0011 -> 0111 -> 0011 -> 0001
%%      180220.0 ns  Log    ID_SEQUENCER        TB seq.             Testing the sequence: 1000 -> 1100 -> 1111 -> 0100 -> 0110 -> 0011 -> 0001
%%      180250.0 ns  Alert  ERROR               TB seq.(uvvm)       assert_shift_one_from_left() => Failed. tracked_value '0100' was not XXX1 at the 4-cycle. 
%%      180320.0 ns  Log    ID_SEQUENCER        TB seq.             Testing the sequence: 1000 -> 1100 -> 1111 -> 0100 -> 0111 -> 0011 -> 0001
%%      180350.0 ns  Alert  ERROR               TB seq.(uvvm)       assert_shift_one_from_left() => Failed. tracked_value '0100' was not XXX1 at the 4-cycle. 
%%      180420.0 ns  Log    ID_SEQUENCER        TB seq.             Testing the sequence: 1000 -> 1100 -> 1111 -> 0101 -> 0110 -> 0011 -> 0001
%%      180520.0 ns  Log    ID_SEQUENCER        TB seq.             Testing the sequence: 1000 -> 1100 -> 1111 -> 0101 -> 0111 -> 0011 -> 0001
%%      180620.0 ns  Log    ID_SEQUENCER        TB seq.             Testing the sequence: 1000 -> 1100 -> 1111 -> 0110 -> 0110 -> 0011 -> 0001
%%      180650.0 ns  Alert  ERROR               TB seq.(uvvm)       assert_shift_one_from_left() => Failed. tracked_value '0110' was not XXX1 at the 4-cycle. 
%%      180720.0 ns  Log    ID_SEQUENCER        TB seq.             Testing the sequence: 1000 -> 1100 -> 1111 -> 0110 -> 0111 -> 0011 -> 0001
%%      180750.0 ns  Alert  ERROR               TB seq.(uvvm)       assert_shift_one_from_left() => Failed. tracked_value '0110' was not XXX1 at the 4-cycle. 
%%      180820.0 ns  Log    ID_SEQUENCER        TB seq.             Testing the sequence: 1000 -> 1100 -> 1111 -> 0111 -> 0110 -> 0011 -> 0001
%%      180920.0 ns  Log    ID_SEQUENCER        TB seq.             Testing the sequence: 1000 -> 1100 -> 1111 -> 0111 -> 0111 -> 0011 -> 0001
%%      181020.0 ns  Log    ID_SEQUENCER        TB seq.             Testing the sequence: 1000 -> 1100 -> 1111 -> 1000 -> 0110 -> 0011 -> 0001
%%      181050.0 ns  Alert  ERROR               TB seq.(uvvm)       assert_shift_one_from_left() => Failed. tracked_value '1000' was not XXX1 at the 4-cycle. 
%%      181120.0 ns  Log    ID_SEQUENCER        TB seq.             Testing the sequence: 1000 -> 1100 -> 1111 -> 1000 -> 0111 -> 0011 -> 0001
%%      181150.0 ns  Alert  ERROR               TB seq.(uvvm)       assert_shift_one_from_left() => Failed. tracked_value '1000' was not XXX1 at the 4-cycle. 
%%      181220.0 ns  Log    ID_SEQUENCER        TB seq.             Testing the sequence: 1000 -> 1100 -> 1111 -> 1001 -> 0110 -> 0011 -> 0001
%%      181320.0 ns  Log    ID_SEQUENCER        TB seq.             Testing the sequence: 1000 -> 1100 -> 1111 -> 1001 -> 0111 -> 0011 -> 0001
%%      181420.0 ns  Log    ID_SEQUENCER        TB seq.             Testing the sequence: 1000 -> 1100 -> 1111 -> 1010 -> 0110 -> 0011 -> 0001
%%      181450.0 ns  Alert  ERROR               TB seq.(uvvm)       assert_shift_one_from_left() => Failed. tracked_value '1010' was not XXX1 at the 4-cycle. 
%%      181520.0 ns  Log    ID_SEQUENCER        TB seq.             Testing the sequence: 1000 -> 1100 -> 1111 -> 1010 -> 0111 -> 0011 -> 0001
%%      181550.0 ns  Alert  ERROR               TB seq.(uvvm)       assert_shift_one_from_left() => Failed. tracked_value '1010' was not XXX1 at the 4-cycle. 
%%      181620.0 ns  Log    ID_SEQUENCER        TB seq.             Testing the sequence: 1000 -> 1100 -> 1111 -> 1011 -> 0110 -> 0011 -> 0001
%%      181720.0 ns  Log    ID_SEQUENCER        TB seq.             Testing the sequence: 1000 -> 1100 -> 1111 -> 1011 -> 0111 -> 0011 -> 0001
%%      181820.0 ns  Log    ID_SEQUENCER        TB seq.             Testing the sequence: 1000 -> 1100 -> 1111 -> 1100 -> 0110 -> 0011 -> 0001
%%      181850.0 ns  Alert  ERROR               TB seq.(uvvm)       assert_shift_one_from_left() => Failed. tracked_value '1100' was not XXX1 at the 4-cycle. 
%%      181920.0 ns  Log    ID_SEQUENCER        TB seq.             Testing the sequence: 1000 -> 1100 -> 1111 -> 1100 -> 0111 -> 0011 -> 0001
%%      181950.0 ns  Alert  ERROR               TB seq.(uvvm)       assert_shift_one_from_left() => Failed. tracked_value '1100' was not XXX1 at the 4-cycle. 
%%      182020.0 ns  Log    ID_SEQUENCER        TB seq.             Testing the sequence: 1000 -> 1100 -> 1111 -> 1101 -> 0110 -> 0011 -> 0001
%%      182120.0 ns  Log    ID_SEQUENCER        TB seq.             Testing the sequence: 1000 -> 1100 -> 1111 -> 1101 -> 0111 -> 0011 -> 0001
%%      182220.0 ns  Log    ID_SEQUENCER        TB seq.             Testing the sequence: 1000 -> 1100 -> 1111 -> 1110 -> 0110 -> 0011 -> 0001
%%      182250.0 ns  Alert  ERROR               TB seq.(uvvm)       assert_shift_one_from_left() => Failed. tracked_value '1110' was not XXX1 at the 4-cycle. 
%%      182320.0 ns  Log    ID_SEQUENCER        TB seq.             Testing the sequence: 1000 -> 1100 -> 1111 -> 1110 -> 0111 -> 0011 -> 0001
%%      182350.0 ns  Alert  ERROR               TB seq.(uvvm)       assert_shift_one_from_left() => Failed. tracked_value '1110' was not XXX1 at the 4-cycle. 
%%      182420.0 ns  Log    ID_SEQUENCER        TB seq.             Testing the sequence: 1000 -> 1100 -> 1111 -> 1111 -> 0110 -> 0011 -> 0001
%%      182520.0 ns  Log    ID_SEQUENCER        TB seq.             Testing the sequence: 1000 -> 1100 -> 1111 -> 1111 -> 0111 -> 0011 -> 0001
%% 
%% 
%%      182670.0 ns  Log    ID_LOG_HDR          TB seq.             Testing Normal Operation with necessary_condition: LAST_BIT_ALERT_NO_PIPE
%% ----------------------------------------------------------------------------------------------------------------------------------------------------------------------------
%%      182670.0 ns  Log    ID_SEQUENCER        TB seq.             Testing single sequence: 1000 -> 0100 -> 0010 -> 0001
%%      182700.0 ns  Log    PASSED              TB seq.(uvvm)       assert_shift_one_from_left() => OK (first). tracked_value '0001' had a full ripple from left to right.
%%      182740.0 ns  Log    ID_SEQUENCER        TB seq.             Testing two consecutive sequences: 1000 -> 0100 -> 0010 -> 0001 -> 1000 -> 0100 -> 0010 -> 0001
%%      182850.0 ns  Log    ID_SEQUENCER        TB seq.             Testing pipeline 2 sequences: 1000 -> 1100 -> 0110 -> 0011 -> 0001
%%      182930.0 ns  Log    ID_SEQUENCER        TB seq.             Testing pipeline 3 sequences: 1000 -> 1100 -> 1110 -> 0111 -> 0011 -> 0001
%%      183020.0 ns  Log    ID_SEQUENCER        TB seq.             Testing pipeline 4 sequences: 1000 -> 1100 -> 1110 -> 1111-> 0111 -> 0011 -> 0001
%%      183120.0 ns  Log    ID_SEQUENCER        TB seq.             Testing pipeline 2 sequences /w 1-bit gap: 1000 -> 0100 -> 1010 -> 0101 -> 0010 -> 0001
%%      183210.0 ns  Log    ID_SEQUENCER        TB seq.             Testing pipeline 2 sequences /w 2-bit gap: 1000 -> 0100 -> 0010 -> 1001 -> 0100 -> 0010 -> 0001
%%      183310.0 ns  Log    ID_SEQUENCER        TB seq.             Testing pipeline 3 sequences /w 1-bit gap between sequence 1 and 2:
%%:                                                                 1000 -> 0100 -> 1010 -> 1101 -> 0110 -> 0011 -> 0001
%%      183410.0 ns  Log    ID_SEQUENCER        TB seq.             Testing pipeline 3 sequences /w 1-bit gap between sequence 2 and 3:
%%:                                                                 1000 -> 1100 -> 0110 -> 1011 -> 0101 -> 0010 -> 0001
%% 
%% 
%%      183510.0 ns  Log    ID_LOG_HDR          TB seq.             Testing Triggering Assertion with necessary_condition: LAST_BIT_ALERT_NO_PIPE
%% ----------------------------------------------------------------------------------------------------------------------------------------------------------------------------
%%      183510.0 ns  Log    ID_SEQUENCER        TB seq.             Triggering Assertion: Single sequence
%%:                                                                 Testing all combinations of 4-bit sequence starting with 1000
%%:                                                                 
%%      183510.0 ns  Log    ID_SEQUENCER        TB seq.             Testing the sequence: 1000 -> 1000 -> 1000 -> 1000
%%      183580.0 ns  Log    ID_SEQUENCER        TB seq.             Testing the sequence: 1000 -> 1000 -> 1000 -> 0100
%%      183650.0 ns  Log    ID_SEQUENCER        TB seq.             Testing the sequence: 1000 -> 1000 -> 1000 -> 0010
%%      183720.0 ns  Log    ID_SEQUENCER        TB seq.             Testing the sequence: 1000 -> 1000 -> 1000 -> 0001
%%      183790.0 ns  Log    ID_SEQUENCER        TB seq.             Testing the sequence: 1000 -> 1000 -> 1000 -> 0000
%%      183860.0 ns  Log    ID_SEQUENCER        TB seq.             Testing the sequence: 1000 -> 1000 -> 0100 -> 1000
%%      183930.0 ns  Log    ID_SEQUENCER        TB seq.             Testing the sequence: 1000 -> 1000 -> 0100 -> 0100
%%      184000.0 ns  Log    ID_SEQUENCER        TB seq.             Testing the sequence: 1000 -> 1000 -> 0100 -> 0010
%%      184070.0 ns  Log    ID_SEQUENCER        TB seq.             Testing the sequence: 1000 -> 1000 -> 0100 -> 0001
%%      184140.0 ns  Log    ID_SEQUENCER        TB seq.             Testing the sequence: 1000 -> 1000 -> 0100 -> 0000
%%      184210.0 ns  Log    ID_SEQUENCER        TB seq.             Testing the sequence: 1000 -> 1000 -> 0010 -> 1000
%%      184280.0 ns  Log    ID_SEQUENCER        TB seq.             Testing the sequence: 1000 -> 1000 -> 0010 -> 0100
%%      184350.0 ns  Log    ID_SEQUENCER        TB seq.             Testing the sequence: 1000 -> 1000 -> 0010 -> 0010
%%      184420.0 ns  Log    ID_SEQUENCER        TB seq.             Testing the sequence: 1000 -> 1000 -> 0010 -> 0001
%%      184490.0 ns  Log    ID_SEQUENCER        TB seq.             Testing the sequence: 1000 -> 1000 -> 0010 -> 0000
%%      184560.0 ns  Log    ID_SEQUENCER        TB seq.             Testing the sequence: 1000 -> 1000 -> 0001 -> 1000
%%      184630.0 ns  Log    ID_SEQUENCER        TB seq.             Testing the sequence: 1000 -> 1000 -> 0001 -> 0100
%%      184700.0 ns  Log    ID_SEQUENCER        TB seq.             Testing the sequence: 1000 -> 1000 -> 0001 -> 0010
%%      184770.0 ns  Log    ID_SEQUENCER        TB seq.             Testing the sequence: 1000 -> 1000 -> 0001 -> 0001
%%      184840.0 ns  Log    ID_SEQUENCER        TB seq.             Testing the sequence: 1000 -> 1000 -> 0001 -> 0000
%%      184910.0 ns  Log    ID_SEQUENCER        TB seq.             Testing the sequence: 1000 -> 1000 -> 0000 -> 1000
%%      184980.0 ns  Log    ID_SEQUENCER        TB seq.             Testing the sequence: 1000 -> 1000 -> 0000 -> 0100
%%      185050.0 ns  Log    ID_SEQUENCER        TB seq.             Testing the sequence: 1000 -> 1000 -> 0000 -> 0010
%%      185120.0 ns  Log    ID_SEQUENCER        TB seq.             Testing the sequence: 1000 -> 1000 -> 0000 -> 0001
%%      185190.0 ns  Log    ID_SEQUENCER        TB seq.             Testing the sequence: 1000 -> 1000 -> 0000 -> 0000
%%      185260.0 ns  Log    ID_SEQUENCER        TB seq.             Testing the sequence: 1000 -> 0100 -> 1000 -> 1000
%%      185330.0 ns  Log    ID_SEQUENCER        TB seq.             Testing the sequence: 1000 -> 0100 -> 1000 -> 0100
%%      185400.0 ns  Log    ID_SEQUENCER        TB seq.             Testing the sequence: 1000 -> 0100 -> 1000 -> 0010
%%      185470.0 ns  Log    ID_SEQUENCER        TB seq.             Testing the sequence: 1000 -> 0100 -> 1000 -> 0001
%%      185540.0 ns  Log    ID_SEQUENCER        TB seq.             Testing the sequence: 1000 -> 0100 -> 1000 -> 0000
%%      185610.0 ns  Log    ID_SEQUENCER        TB seq.             Testing the sequence: 1000 -> 0100 -> 0100 -> 1000
%%      185680.0 ns  Log    ID_SEQUENCER        TB seq.             Testing the sequence: 1000 -> 0100 -> 0100 -> 0100
%%      185750.0 ns  Log    ID_SEQUENCER        TB seq.             Testing the sequence: 1000 -> 0100 -> 0100 -> 0010
%%      185820.0 ns  Log    ID_SEQUENCER        TB seq.             Testing the sequence: 1000 -> 0100 -> 0100 -> 0001
%%      185890.0 ns  Log    ID_SEQUENCER        TB seq.             Testing the sequence: 1000 -> 0100 -> 0100 -> 0000
%%      185960.0 ns  Log    ID_SEQUENCER        TB seq.             Testing the sequence: 1000 -> 0100 -> 0010 -> 1000
%%      185990.0 ns  Alert  ERROR               TB seq.(uvvm)       assert_shift_one_from_left() => Failed. Last cycle bit was not '1' at the 4-cycle (last cycle). 
%%      186030.0 ns  Log    ID_SEQUENCER        TB seq.             Testing the sequence: 1000 -> 0100 -> 0010 -> 0100
%%      186060.0 ns  Alert  ERROR               TB seq.(uvvm)       assert_shift_one_from_left() => Failed. Last cycle bit was not '1' at the 4-cycle (last cycle). 
%%      186100.0 ns  Log    ID_SEQUENCER        TB seq.             Testing the sequence: 1000 -> 0100 -> 0010 -> 0010
%%      186130.0 ns  Alert  ERROR               TB seq.(uvvm)       assert_shift_one_from_left() => Failed. Last cycle bit was not '1' at the 4-cycle (last cycle). 
%%      186170.0 ns  Log    ID_SEQUENCER        TB seq.             Testing the sequence: 1000 -> 0100 -> 0010 -> 0001
%%      186240.0 ns  Log    ID_SEQUENCER        TB seq.             Testing the sequence: 1000 -> 0100 -> 0010 -> 0000
%%      186270.0 ns  Alert  ERROR               TB seq.(uvvm)       assert_shift_one_from_left() => Failed. Last cycle bit was not '1' at the 4-cycle (last cycle). 
%%      186310.0 ns  Log    ID_SEQUENCER        TB seq.             Testing the sequence: 1000 -> 0100 -> 0001 -> 1000
%%      186380.0 ns  Log    ID_SEQUENCER        TB seq.             Testing the sequence: 1000 -> 0100 -> 0001 -> 0100
%%      186450.0 ns  Log    ID_SEQUENCER        TB seq.             Testing the sequence: 1000 -> 0100 -> 0001 -> 0010
%%      186520.0 ns  Log    ID_SEQUENCER        TB seq.             Testing the sequence: 1000 -> 0100 -> 0001 -> 0001
%%      186590.0 ns  Log    ID_SEQUENCER        TB seq.             Testing the sequence: 1000 -> 0100 -> 0001 -> 0000
%%      186660.0 ns  Log    ID_SEQUENCER        TB seq.             Testing the sequence: 1000 -> 0100 -> 0000 -> 1000
%%      186730.0 ns  Log    ID_SEQUENCER        TB seq.             Testing the sequence: 1000 -> 0100 -> 0000 -> 0100
%%      186800.0 ns  Log    ID_SEQUENCER        TB seq.             Testing the sequence: 1000 -> 0100 -> 0000 -> 0010
%%      186870.0 ns  Log    ID_SEQUENCER        TB seq.             Testing the sequence: 1000 -> 0100 -> 0000 -> 0001
%%      186940.0 ns  Log    ID_SEQUENCER        TB seq.             Testing the sequence: 1000 -> 0100 -> 0000 -> 0000
%%      187010.0 ns  Log    ID_SEQUENCER        TB seq.             Testing the sequence: 1000 -> 0010 -> 1000 -> 1000
%%      187080.0 ns  Log    ID_SEQUENCER        TB seq.             Testing the sequence: 1000 -> 0010 -> 1000 -> 0100
%%      187150.0 ns  Log    ID_SEQUENCER        TB seq.             Testing the sequence: 1000 -> 0010 -> 1000 -> 0010
%%      187220.0 ns  Log    ID_SEQUENCER        TB seq.             Testing the sequence: 1000 -> 0010 -> 1000 -> 0001
%%      187290.0 ns  Log    ID_SEQUENCER        TB seq.             Testing the sequence: 1000 -> 0010 -> 1000 -> 0000
%%      187360.0 ns  Log    ID_SEQUENCER        TB seq.             Testing the sequence: 1000 -> 0010 -> 0100 -> 1000
%%      187430.0 ns  Log    ID_SEQUENCER        TB seq.             Testing the sequence: 1000 -> 0010 -> 0100 -> 0100
%%      187500.0 ns  Log    ID_SEQUENCER        TB seq.             Testing the sequence: 1000 -> 0010 -> 0100 -> 0010
%%      187570.0 ns  Log    ID_SEQUENCER        TB seq.             Testing the sequence: 1000 -> 0010 -> 0100 -> 0001
%%      187640.0 ns  Log    ID_SEQUENCER        TB seq.             Testing the sequence: 1000 -> 0010 -> 0100 -> 0000
%%      187710.0 ns  Log    ID_SEQUENCER        TB seq.             Testing the sequence: 1000 -> 0010 -> 0010 -> 1000
%%      187780.0 ns  Log    ID_SEQUENCER        TB seq.             Testing the sequence: 1000 -> 0010 -> 0010 -> 0100
%%      187850.0 ns  Log    ID_SEQUENCER        TB seq.             Testing the sequence: 1000 -> 0010 -> 0010 -> 0010
%%      187920.0 ns  Log    ID_SEQUENCER        TB seq.             Testing the sequence: 1000 -> 0010 -> 0010 -> 0001
%%      187990.0 ns  Log    ID_SEQUENCER        TB seq.             Testing the sequence: 1000 -> 0010 -> 0010 -> 0000
%%      188060.0 ns  Log    ID_SEQUENCER        TB seq.             Testing the sequence: 1000 -> 0010 -> 0001 -> 1000
%%      188130.0 ns  Log    ID_SEQUENCER        TB seq.             Testing the sequence: 1000 -> 0010 -> 0001 -> 0100
%%      188200.0 ns  Log    ID_SEQUENCER        TB seq.             Testing the sequence: 1000 -> 0010 -> 0001 -> 0010
%%      188270.0 ns  Log    ID_SEQUENCER        TB seq.             Testing the sequence: 1000 -> 0010 -> 0001 -> 0001
%%      188340.0 ns  Log    ID_SEQUENCER        TB seq.             Testing the sequence: 1000 -> 0010 -> 0001 -> 0000
%%      188410.0 ns  Log    ID_SEQUENCER        TB seq.             Testing the sequence: 1000 -> 0010 -> 0000 -> 1000
%%      188480.0 ns  Log    ID_SEQUENCER        TB seq.             Testing the sequence: 1000 -> 0010 -> 0000 -> 0100
%%      188550.0 ns  Log    ID_SEQUENCER        TB seq.             Testing the sequence: 1000 -> 0010 -> 0000 -> 0010
%%      188620.0 ns  Log    ID_SEQUENCER        TB seq.             Testing the sequence: 1000 -> 0010 -> 0000 -> 0001
%%      188690.0 ns  Log    ID_SEQUENCER        TB seq.             Testing the sequence: 1000 -> 0010 -> 0000 -> 0000
%%      188760.0 ns  Log    ID_SEQUENCER        TB seq.             Testing the sequence: 1000 -> 0001 -> 1000 -> 1000
%%      188830.0 ns  Log    ID_SEQUENCER        TB seq.             Testing the sequence: 1000 -> 0001 -> 1000 -> 0100
%%      188900.0 ns  Log    ID_SEQUENCER        TB seq.             Testing the sequence: 1000 -> 0001 -> 1000 -> 0010
%%      188970.0 ns  Log    ID_SEQUENCER        TB seq.             Testing the sequence: 1000 -> 0001 -> 1000 -> 0001
%%      189040.0 ns  Log    ID_SEQUENCER        TB seq.             Testing the sequence: 1000 -> 0001 -> 1000 -> 0000
%%      189110.0 ns  Log    ID_SEQUENCER        TB seq.             Testing the sequence: 1000 -> 0001 -> 0100 -> 1000
%%      189180.0 ns  Log    ID_SEQUENCER        TB seq.             Testing the sequence: 1000 -> 0001 -> 0100 -> 0100
%%      189250.0 ns  Log    ID_SEQUENCER        TB seq.             Testing the sequence: 1000 -> 0001 -> 0100 -> 0010
%%      189320.0 ns  Log    ID_SEQUENCER        TB seq.             Testing the sequence: 1000 -> 0001 -> 0100 -> 0001
%%      189390.0 ns  Log    ID_SEQUENCER        TB seq.             Testing the sequence: 1000 -> 0001 -> 0100 -> 0000
%%      189460.0 ns  Log    ID_SEQUENCER        TB seq.             Testing the sequence: 1000 -> 0001 -> 0010 -> 1000
%%      189530.0 ns  Log    ID_SEQUENCER        TB seq.             Testing the sequence: 1000 -> 0001 -> 0010 -> 0100
%%      189600.0 ns  Log    ID_SEQUENCER        TB seq.             Testing the sequence: 1000 -> 0001 -> 0010 -> 0010
%%      189670.0 ns  Log    ID_SEQUENCER        TB seq.             Testing the sequence: 1000 -> 0001 -> 0010 -> 0001
%%      189740.0 ns  Log    ID_SEQUENCER        TB seq.             Testing the sequence: 1000 -> 0001 -> 0010 -> 0000
%%      189810.0 ns  Log    ID_SEQUENCER        TB seq.             Testing the sequence: 1000 -> 0001 -> 0001 -> 1000
%%      189880.0 ns  Log    ID_SEQUENCER        TB seq.             Testing the sequence: 1000 -> 0001 -> 0001 -> 0100
%%      189950.0 ns  Log    ID_SEQUENCER        TB seq.             Testing the sequence: 1000 -> 0001 -> 0001 -> 0010
%%      190020.0 ns  Log    ID_SEQUENCER        TB seq.             Testing the sequence: 1000 -> 0001 -> 0001 -> 0001
%%      190090.0 ns  Log    ID_SEQUENCER        TB seq.             Testing the sequence: 1000 -> 0001 -> 0001 -> 0000
%%      190160.0 ns  Log    ID_SEQUENCER        TB seq.             Testing the sequence: 1000 -> 0001 -> 0000 -> 1000
%%      190230.0 ns  Log    ID_SEQUENCER        TB seq.             Testing the sequence: 1000 -> 0001 -> 0000 -> 0100
%%      190300.0 ns  Log    ID_SEQUENCER        TB seq.             Testing the sequence: 1000 -> 0001 -> 0000 -> 0010
%%      190370.0 ns  Log    ID_SEQUENCER        TB seq.             Testing the sequence: 1000 -> 0001 -> 0000 -> 0001
%%      190440.0 ns  Log    ID_SEQUENCER        TB seq.             Testing the sequence: 1000 -> 0001 -> 0000 -> 0000
%%      190510.0 ns  Log    ID_SEQUENCER        TB seq.             Testing the sequence: 1000 -> 0000 -> 1000 -> 1000
%%      190580.0 ns  Log    ID_SEQUENCER        TB seq.             Testing the sequence: 1000 -> 0000 -> 1000 -> 0100
%%      190650.0 ns  Log    ID_SEQUENCER        TB seq.             Testing the sequence: 1000 -> 0000 -> 1000 -> 0010
%%      190720.0 ns  Log    ID_SEQUENCER        TB seq.             Testing the sequence: 1000 -> 0000 -> 1000 -> 0001
%%      190790.0 ns  Log    ID_SEQUENCER        TB seq.             Testing the sequence: 1000 -> 0000 -> 1000 -> 0000
%%      190860.0 ns  Log    ID_SEQUENCER        TB seq.             Testing the sequence: 1000 -> 0000 -> 0100 -> 1000
%%      190930.0 ns  Log    ID_SEQUENCER        TB seq.             Testing the sequence: 1000 -> 0000 -> 0100 -> 0100
%%      191000.0 ns  Log    ID_SEQUENCER        TB seq.             Testing the sequence: 1000 -> 0000 -> 0100 -> 0010
%%      191070.0 ns  Log    ID_SEQUENCER        TB seq.             Testing the sequence: 1000 -> 0000 -> 0100 -> 0001
%%      191140.0 ns  Log    ID_SEQUENCER        TB seq.             Testing the sequence: 1000 -> 0000 -> 0100 -> 0000
%%      191210.0 ns  Log    ID_SEQUENCER        TB seq.             Testing the sequence: 1000 -> 0000 -> 0010 -> 1000
%%      191280.0 ns  Log    ID_SEQUENCER        TB seq.             Testing the sequence: 1000 -> 0000 -> 0010 -> 0100
%%      191350.0 ns  Log    ID_SEQUENCER        TB seq.             Testing the sequence: 1000 -> 0000 -> 0010 -> 0010
%%      191420.0 ns  Log    ID_SEQUENCER        TB seq.             Testing the sequence: 1000 -> 0000 -> 0010 -> 0001
%%      191490.0 ns  Log    ID_SEQUENCER        TB seq.             Testing the sequence: 1000 -> 0000 -> 0010 -> 0000
%%      191560.0 ns  Log    ID_SEQUENCER        TB seq.             Testing the sequence: 1000 -> 0000 -> 0001 -> 1000
%%      191630.0 ns  Log    ID_SEQUENCER        TB seq.             Testing the sequence: 1000 -> 0000 -> 0001 -> 0100
%%      191700.0 ns  Log    ID_SEQUENCER        TB seq.             Testing the sequence: 1000 -> 0000 -> 0001 -> 0010
%%      191770.0 ns  Log    ID_SEQUENCER        TB seq.             Testing the sequence: 1000 -> 0000 -> 0001 -> 0001
%%      191840.0 ns  Log    ID_SEQUENCER        TB seq.             Testing the sequence: 1000 -> 0000 -> 0001 -> 0000
%%      191910.0 ns  Log    ID_SEQUENCER        TB seq.             Testing the sequence: 1000 -> 0000 -> 0000 -> 1000
%%      191980.0 ns  Log    ID_SEQUENCER        TB seq.             Testing the sequence: 1000 -> 0000 -> 0000 -> 0100
%%      192050.0 ns  Log    ID_SEQUENCER        TB seq.             Testing the sequence: 1000 -> 0000 -> 0000 -> 0010
%%      192120.0 ns  Log    ID_SEQUENCER        TB seq.             Testing the sequence: 1000 -> 0000 -> 0000 -> 0001
%%      192190.0 ns  Log    ID_SEQUENCER        TB seq.             Testing the sequence: 1000 -> 0000 -> 0000 -> 0000
%%      192260.0 ns  Log    ID_SEQUENCER        TB seq.             Triggering Assertion: Pipeline
%%:                                                                 Testing 4 pipelines with all combinations in cycle 3 and 4
%%:                                                                 Two combinations (0110 and 0111) are tested in cycle 5
%%:                                                                 
%%      192260.0 ns  Log    ID_SEQUENCER        TB seq.             Testing the sequence: 1000 -> 1100 -> 0000 -> 0000 -> 0110 -> 0011 -> 0001
%%      192360.0 ns  Log    ID_SEQUENCER        TB seq.             Testing the sequence: 1000 -> 1100 -> 0000 -> 0000 -> 0111 -> 0011 -> 0001
%%      192460.0 ns  Log    ID_SEQUENCER        TB seq.             Testing the sequence: 1000 -> 1100 -> 0000 -> 0001 -> 0110 -> 0011 -> 0001
%%      192560.0 ns  Log    ID_SEQUENCER        TB seq.             Testing the sequence: 1000 -> 1100 -> 0000 -> 0001 -> 0111 -> 0011 -> 0001
%%      192660.0 ns  Log    ID_SEQUENCER        TB seq.             Testing the sequence: 1000 -> 1100 -> 0000 -> 0010 -> 0110 -> 0011 -> 0001
%%      192760.0 ns  Log    ID_SEQUENCER        TB seq.             Testing the sequence: 1000 -> 1100 -> 0000 -> 0010 -> 0111 -> 0011 -> 0001
%%      192860.0 ns  Log    ID_SEQUENCER        TB seq.             Testing the sequence: 1000 -> 1100 -> 0000 -> 0011 -> 0110 -> 0011 -> 0001
%%      192960.0 ns  Log    ID_SEQUENCER        TB seq.             Testing the sequence: 1000 -> 1100 -> 0000 -> 0011 -> 0111 -> 0011 -> 0001
%%      193060.0 ns  Log    ID_SEQUENCER        TB seq.             Testing the sequence: 1000 -> 1100 -> 0000 -> 0100 -> 0110 -> 0011 -> 0001
%%      193160.0 ns  Log    ID_SEQUENCER        TB seq.             Testing the sequence: 1000 -> 1100 -> 0000 -> 0100 -> 0111 -> 0011 -> 0001
%%      193260.0 ns  Log    ID_SEQUENCER        TB seq.             Testing the sequence: 1000 -> 1100 -> 0000 -> 0101 -> 0110 -> 0011 -> 0001
%%      193360.0 ns  Log    ID_SEQUENCER        TB seq.             Testing the sequence: 1000 -> 1100 -> 0000 -> 0101 -> 0111 -> 0011 -> 0001
%%      193460.0 ns  Log    ID_SEQUENCER        TB seq.             Testing the sequence: 1000 -> 1100 -> 0000 -> 0110 -> 0110 -> 0011 -> 0001
%%      193560.0 ns  Log    ID_SEQUENCER        TB seq.             Testing the sequence: 1000 -> 1100 -> 0000 -> 0110 -> 0111 -> 0011 -> 0001
%%      193660.0 ns  Log    ID_SEQUENCER        TB seq.             Testing the sequence: 1000 -> 1100 -> 0000 -> 0111 -> 0110 -> 0011 -> 0001
%%      193760.0 ns  Log    ID_SEQUENCER        TB seq.             Testing the sequence: 1000 -> 1100 -> 0000 -> 0111 -> 0111 -> 0011 -> 0001
%%      193860.0 ns  Log    ID_SEQUENCER        TB seq.             Testing the sequence: 1000 -> 1100 -> 0000 -> 1000 -> 0110 -> 0011 -> 0001
%%      193960.0 ns  Log    ID_SEQUENCER        TB seq.             Testing the sequence: 1000 -> 1100 -> 0000 -> 1000 -> 0111 -> 0011 -> 0001
%%      194060.0 ns  Log    ID_SEQUENCER        TB seq.             Testing the sequence: 1000 -> 1100 -> 0000 -> 1001 -> 0110 -> 0011 -> 0001
%%      194160.0 ns  Log    ID_SEQUENCER        TB seq.             Testing the sequence: 1000 -> 1100 -> 0000 -> 1001 -> 0111 -> 0011 -> 0001
%%      194260.0 ns  Log    ID_SEQUENCER        TB seq.             Testing the sequence: 1000 -> 1100 -> 0000 -> 1010 -> 0110 -> 0011 -> 0001
%%      194360.0 ns  Log    ID_SEQUENCER        TB seq.             Testing the sequence: 1000 -> 1100 -> 0000 -> 1010 -> 0111 -> 0011 -> 0001
%%      194460.0 ns  Log    ID_SEQUENCER        TB seq.             Testing the sequence: 1000 -> 1100 -> 0000 -> 1011 -> 0110 -> 0011 -> 0001
%%      194560.0 ns  Log    ID_SEQUENCER        TB seq.             Testing the sequence: 1000 -> 1100 -> 0000 -> 1011 -> 0111 -> 0011 -> 0001
%%      194660.0 ns  Log    ID_SEQUENCER        TB seq.             Testing the sequence: 1000 -> 1100 -> 0000 -> 1100 -> 0110 -> 0011 -> 0001
%%      194760.0 ns  Log    ID_SEQUENCER        TB seq.             Testing the sequence: 1000 -> 1100 -> 0000 -> 1100 -> 0111 -> 0011 -> 0001
%%      194860.0 ns  Log    ID_SEQUENCER        TB seq.             Testing the sequence: 1000 -> 1100 -> 0000 -> 1101 -> 0110 -> 0011 -> 0001
%%      194960.0 ns  Log    ID_SEQUENCER        TB seq.             Testing the sequence: 1000 -> 1100 -> 0000 -> 1101 -> 0111 -> 0011 -> 0001
%%      195060.0 ns  Log    ID_SEQUENCER        TB seq.             Testing the sequence: 1000 -> 1100 -> 0000 -> 1110 -> 0110 -> 0011 -> 0001
%%      195160.0 ns  Log    ID_SEQUENCER        TB seq.             Testing the sequence: 1000 -> 1100 -> 0000 -> 1110 -> 0111 -> 0011 -> 0001
%%      195260.0 ns  Log    ID_SEQUENCER        TB seq.             Testing the sequence: 1000 -> 1100 -> 0000 -> 1111 -> 0110 -> 0011 -> 0001
%%      195360.0 ns  Log    ID_SEQUENCER        TB seq.             Testing the sequence: 1000 -> 1100 -> 0000 -> 1111 -> 0111 -> 0011 -> 0001
%%      195460.0 ns  Log    ID_SEQUENCER        TB seq.             Testing the sequence: 1000 -> 1100 -> 0001 -> 0000 -> 0110 -> 0011 -> 0001
%%      195560.0 ns  Log    ID_SEQUENCER        TB seq.             Testing the sequence: 1000 -> 1100 -> 0001 -> 0000 -> 0111 -> 0011 -> 0001
%%      195660.0 ns  Log    ID_SEQUENCER        TB seq.             Testing the sequence: 1000 -> 1100 -> 0001 -> 0001 -> 0110 -> 0011 -> 0001
%%      195760.0 ns  Log    ID_SEQUENCER        TB seq.             Testing the sequence: 1000 -> 1100 -> 0001 -> 0001 -> 0111 -> 0011 -> 0001
%%      195860.0 ns  Log    ID_SEQUENCER        TB seq.             Testing the sequence: 1000 -> 1100 -> 0001 -> 0010 -> 0110 -> 0011 -> 0001
%%      195960.0 ns  Log    ID_SEQUENCER        TB seq.             Testing the sequence: 1000 -> 1100 -> 0001 -> 0010 -> 0111 -> 0011 -> 0001
%%      196060.0 ns  Log    ID_SEQUENCER        TB seq.             Testing the sequence: 1000 -> 1100 -> 0001 -> 0011 -> 0110 -> 0011 -> 0001
%%      196160.0 ns  Log    ID_SEQUENCER        TB seq.             Testing the sequence: 1000 -> 1100 -> 0001 -> 0011 -> 0111 -> 0011 -> 0001
%%      196260.0 ns  Log    ID_SEQUENCER        TB seq.             Testing the sequence: 1000 -> 1100 -> 0001 -> 0100 -> 0110 -> 0011 -> 0001
%%      196360.0 ns  Log    ID_SEQUENCER        TB seq.             Testing the sequence: 1000 -> 1100 -> 0001 -> 0100 -> 0111 -> 0011 -> 0001
%%      196460.0 ns  Log    ID_SEQUENCER        TB seq.             Testing the sequence: 1000 -> 1100 -> 0001 -> 0101 -> 0110 -> 0011 -> 0001
%%      196560.0 ns  Log    ID_SEQUENCER        TB seq.             Testing the sequence: 1000 -> 1100 -> 0001 -> 0101 -> 0111 -> 0011 -> 0001
%%      196660.0 ns  Log    ID_SEQUENCER        TB seq.             Testing the sequence: 1000 -> 1100 -> 0001 -> 0110 -> 0110 -> 0011 -> 0001
%%      196760.0 ns  Log    ID_SEQUENCER        TB seq.             Testing the sequence: 1000 -> 1100 -> 0001 -> 0110 -> 0111 -> 0011 -> 0001
%%      196860.0 ns  Log    ID_SEQUENCER        TB seq.             Testing the sequence: 1000 -> 1100 -> 0001 -> 0111 -> 0110 -> 0011 -> 0001
%%      196960.0 ns  Log    ID_SEQUENCER        TB seq.             Testing the sequence: 1000 -> 1100 -> 0001 -> 0111 -> 0111 -> 0011 -> 0001
%%      197060.0 ns  Log    ID_SEQUENCER        TB seq.             Testing the sequence: 1000 -> 1100 -> 0001 -> 1000 -> 0110 -> 0011 -> 0001
%%      197160.0 ns  Log    ID_SEQUENCER        TB seq.             Testing the sequence: 1000 -> 1100 -> 0001 -> 1000 -> 0111 -> 0011 -> 0001
%%      197260.0 ns  Log    ID_SEQUENCER        TB seq.             Testing the sequence: 1000 -> 1100 -> 0001 -> 1001 -> 0110 -> 0011 -> 0001
%%      197360.0 ns  Log    ID_SEQUENCER        TB seq.             Testing the sequence: 1000 -> 1100 -> 0001 -> 1001 -> 0111 -> 0011 -> 0001
%%      197460.0 ns  Log    ID_SEQUENCER        TB seq.             Testing the sequence: 1000 -> 1100 -> 0001 -> 1010 -> 0110 -> 0011 -> 0001
%%      197560.0 ns  Log    ID_SEQUENCER        TB seq.             Testing the sequence: 1000 -> 1100 -> 0001 -> 1010 -> 0111 -> 0011 -> 0001
%%      197660.0 ns  Log    ID_SEQUENCER        TB seq.             Testing the sequence: 1000 -> 1100 -> 0001 -> 1011 -> 0110 -> 0011 -> 0001
%%      197760.0 ns  Log    ID_SEQUENCER        TB seq.             Testing the sequence: 1000 -> 1100 -> 0001 -> 1011 -> 0111 -> 0011 -> 0001
%%      197860.0 ns  Log    ID_SEQUENCER        TB seq.             Testing the sequence: 1000 -> 1100 -> 0001 -> 1100 -> 0110 -> 0011 -> 0001
%%      197960.0 ns  Log    ID_SEQUENCER        TB seq.             Testing the sequence: 1000 -> 1100 -> 0001 -> 1100 -> 0111 -> 0011 -> 0001
%%      198060.0 ns  Log    ID_SEQUENCER        TB seq.             Testing the sequence: 1000 -> 1100 -> 0001 -> 1101 -> 0110 -> 0011 -> 0001
%%      198160.0 ns  Log    ID_SEQUENCER        TB seq.             Testing the sequence: 1000 -> 1100 -> 0001 -> 1101 -> 0111 -> 0011 -> 0001
%%      198260.0 ns  Log    ID_SEQUENCER        TB seq.             Testing the sequence: 1000 -> 1100 -> 0001 -> 1110 -> 0110 -> 0011 -> 0001
%%      198360.0 ns  Log    ID_SEQUENCER        TB seq.             Testing the sequence: 1000 -> 1100 -> 0001 -> 1110 -> 0111 -> 0011 -> 0001
%%      198460.0 ns  Log    ID_SEQUENCER        TB seq.             Testing the sequence: 1000 -> 1100 -> 0001 -> 1111 -> 0110 -> 0011 -> 0001
%%      198560.0 ns  Log    ID_SEQUENCER        TB seq.             Testing the sequence: 1000 -> 1100 -> 0001 -> 1111 -> 0111 -> 0011 -> 0001
%%      198660.0 ns  Log    ID_SEQUENCER        TB seq.             Testing the sequence: 1000 -> 1100 -> 0010 -> 0000 -> 0110 -> 0011 -> 0001
%%      198690.0 ns  Alert  ERROR               TB seq.(uvvm)       assert_shift_one_from_left() => Failed. Last cycle bit was not '1' at the 4-cycle (last cycle). 
%%      198760.0 ns  Log    ID_SEQUENCER        TB seq.             Testing the sequence: 1000 -> 1100 -> 0010 -> 0000 -> 0111 -> 0011 -> 0001
%%      198790.0 ns  Alert  ERROR               TB seq.(uvvm)       assert_shift_one_from_left() => Failed. Last cycle bit was not '1' at the 4-cycle (last cycle). 
%%      198860.0 ns  Log    ID_SEQUENCER        TB seq.             Testing the sequence: 1000 -> 1100 -> 0010 -> 0001 -> 0110 -> 0011 -> 0001
%%      198960.0 ns  Log    ID_SEQUENCER        TB seq.             Testing the sequence: 1000 -> 1100 -> 0010 -> 0001 -> 0111 -> 0011 -> 0001
%%      199060.0 ns  Log    ID_SEQUENCER        TB seq.             Testing the sequence: 1000 -> 1100 -> 0010 -> 0010 -> 0110 -> 0011 -> 0001
%%      199090.0 ns  Alert  ERROR               TB seq.(uvvm)       assert_shift_one_from_left() => Failed. Last cycle bit was not '1' at the 4-cycle (last cycle). 
%%      199160.0 ns  Log    ID_SEQUENCER        TB seq.             Testing the sequence: 1000 -> 1100 -> 0010 -> 0010 -> 0111 -> 0011 -> 0001
%%      199190.0 ns  Alert  ERROR               TB seq.(uvvm)       assert_shift_one_from_left() => Failed. Last cycle bit was not '1' at the 4-cycle (last cycle). 
%%      199260.0 ns  Log    ID_SEQUENCER        TB seq.             Testing the sequence: 1000 -> 1100 -> 0010 -> 0011 -> 0110 -> 0011 -> 0001
%%      199360.0 ns  Log    ID_SEQUENCER        TB seq.             Testing the sequence: 1000 -> 1100 -> 0010 -> 0011 -> 0111 -> 0011 -> 0001
%%      199460.0 ns  Log    ID_SEQUENCER        TB seq.             Testing the sequence: 1000 -> 1100 -> 0010 -> 0100 -> 0110 -> 0011 -> 0001
%%      199490.0 ns  Alert  ERROR               TB seq.(uvvm)       assert_shift_one_from_left() => Failed. Last cycle bit was not '1' at the 4-cycle (last cycle). 
%%      199560.0 ns  Log    ID_SEQUENCER        TB seq.             Testing the sequence: 1000 -> 1100 -> 0010 -> 0100 -> 0111 -> 0011 -> 0001
%%      199590.0 ns  Alert  ERROR               TB seq.(uvvm)       assert_shift_one_from_left() => Failed. Last cycle bit was not '1' at the 4-cycle (last cycle). 
%%      199660.0 ns  Log    ID_SEQUENCER        TB seq.             Testing the sequence: 1000 -> 1100 -> 0010 -> 0101 -> 0110 -> 0011 -> 0001
%%      199760.0 ns  Log    ID_SEQUENCER        TB seq.             Testing the sequence: 1000 -> 1100 -> 0010 -> 0101 -> 0111 -> 0011 -> 0001
%%      199860.0 ns  Log    ID_SEQUENCER        TB seq.             Testing the sequence: 1000 -> 1100 -> 0010 -> 0110 -> 0110 -> 0011 -> 0001
%%      199890.0 ns  Alert  ERROR               TB seq.(uvvm)       assert_shift_one_from_left() => Failed. Last cycle bit was not '1' at the 4-cycle (last cycle). 
%%      199960.0 ns  Log    ID_SEQUENCER        TB seq.             Testing the sequence: 1000 -> 1100 -> 0010 -> 0110 -> 0111 -> 0011 -> 0001
%%      199990.0 ns  Alert  ERROR               TB seq.(uvvm)       assert_shift_one_from_left() => Failed. Last cycle bit was not '1' at the 4-cycle (last cycle). 
%%      200060.0 ns  Log    ID_SEQUENCER        TB seq.             Testing the sequence: 1000 -> 1100 -> 0010 -> 0111 -> 0110 -> 0011 -> 0001
%%      200160.0 ns  Log    ID_SEQUENCER        TB seq.             Testing the sequence: 1000 -> 1100 -> 0010 -> 0111 -> 0111 -> 0011 -> 0001
%%      200260.0 ns  Log    ID_SEQUENCER        TB seq.             Testing the sequence: 1000 -> 1100 -> 0010 -> 1000 -> 0110 -> 0011 -> 0001
%%      200290.0 ns  Alert  ERROR               TB seq.(uvvm)       assert_shift_one_from_left() => Failed. Last cycle bit was not '1' at the 4-cycle (last cycle). 
%%      200360.0 ns  Log    ID_SEQUENCER        TB seq.             Testing the sequence: 1000 -> 1100 -> 0010 -> 1000 -> 0111 -> 0011 -> 0001
%%      200390.0 ns  Alert  ERROR               TB seq.(uvvm)       assert_shift_one_from_left() => Failed. Last cycle bit was not '1' at the 4-cycle (last cycle). 
%%      200460.0 ns  Log    ID_SEQUENCER        TB seq.             Testing the sequence: 1000 -> 1100 -> 0010 -> 1001 -> 0110 -> 0011 -> 0001
%%      200560.0 ns  Log    ID_SEQUENCER        TB seq.             Testing the sequence: 1000 -> 1100 -> 0010 -> 1001 -> 0111 -> 0011 -> 0001
%%      200660.0 ns  Log    ID_SEQUENCER        TB seq.             Testing the sequence: 1000 -> 1100 -> 0010 -> 1010 -> 0110 -> 0011 -> 0001
%%      200690.0 ns  Alert  ERROR               TB seq.(uvvm)       assert_shift_one_from_left() => Failed. Last cycle bit was not '1' at the 4-cycle (last cycle). 
%%      200760.0 ns  Log    ID_SEQUENCER        TB seq.             Testing the sequence: 1000 -> 1100 -> 0010 -> 1010 -> 0111 -> 0011 -> 0001
%%      200790.0 ns  Alert  ERROR               TB seq.(uvvm)       assert_shift_one_from_left() => Failed. Last cycle bit was not '1' at the 4-cycle (last cycle). 
%%      200860.0 ns  Log    ID_SEQUENCER        TB seq.             Testing the sequence: 1000 -> 1100 -> 0010 -> 1011 -> 0110 -> 0011 -> 0001
%%      200960.0 ns  Log    ID_SEQUENCER        TB seq.             Testing the sequence: 1000 -> 1100 -> 0010 -> 1011 -> 0111 -> 0011 -> 0001
%%      201060.0 ns  Log    ID_SEQUENCER        TB seq.             Testing the sequence: 1000 -> 1100 -> 0010 -> 1100 -> 0110 -> 0011 -> 0001
%%      201090.0 ns  Alert  ERROR               TB seq.(uvvm)       assert_shift_one_from_left() => Failed. Last cycle bit was not '1' at the 4-cycle (last cycle). 
%%      201160.0 ns  Log    ID_SEQUENCER        TB seq.             Testing the sequence: 1000 -> 1100 -> 0010 -> 1100 -> 0111 -> 0011 -> 0001
%%      201190.0 ns  Alert  ERROR               TB seq.(uvvm)       assert_shift_one_from_left() => Failed. Last cycle bit was not '1' at the 4-cycle (last cycle). 
%%      201260.0 ns  Log    ID_SEQUENCER        TB seq.             Testing the sequence: 1000 -> 1100 -> 0010 -> 1101 -> 0110 -> 0011 -> 0001
%%      201360.0 ns  Log    ID_SEQUENCER        TB seq.             Testing the sequence: 1000 -> 1100 -> 0010 -> 1101 -> 0111 -> 0011 -> 0001
%%      201460.0 ns  Log    ID_SEQUENCER        TB seq.             Testing the sequence: 1000 -> 1100 -> 0010 -> 1110 -> 0110 -> 0011 -> 0001
%%      201490.0 ns  Alert  ERROR               TB seq.(uvvm)       assert_shift_one_from_left() => Failed. Last cycle bit was not '1' at the 4-cycle (last cycle). 
%%      201560.0 ns  Log    ID_SEQUENCER        TB seq.             Testing the sequence: 1000 -> 1100 -> 0010 -> 1110 -> 0111 -> 0011 -> 0001
%%      201590.0 ns  Alert  ERROR               TB seq.(uvvm)       assert_shift_one_from_left() => Failed. Last cycle bit was not '1' at the 4-cycle (last cycle). 
%%      201660.0 ns  Log    ID_SEQUENCER        TB seq.             Testing the sequence: 1000 -> 1100 -> 0010 -> 1111 -> 0110 -> 0011 -> 0001
%%      201760.0 ns  Log    ID_SEQUENCER        TB seq.             Testing the sequence: 1000 -> 1100 -> 0010 -> 1111 -> 0111 -> 0011 -> 0001
%%      201860.0 ns  Log    ID_SEQUENCER        TB seq.             Testing the sequence: 1000 -> 1100 -> 0011 -> 0000 -> 0110 -> 0011 -> 0001
%%      201890.0 ns  Alert  ERROR               TB seq.(uvvm)       assert_shift_one_from_left() => Failed. Last cycle bit was not '1' at the 4-cycle (last cycle). 
%%      201960.0 ns  Log    ID_SEQUENCER        TB seq.             Testing the sequence: 1000 -> 1100 -> 0011 -> 0000 -> 0111 -> 0011 -> 0001
%%      201990.0 ns  Alert  ERROR               TB seq.(uvvm)       assert_shift_one_from_left() => Failed. Last cycle bit was not '1' at the 4-cycle (last cycle). 
%%      202060.0 ns  Log    ID_SEQUENCER        TB seq.             Testing the sequence: 1000 -> 1100 -> 0011 -> 0001 -> 0110 -> 0011 -> 0001
%%      202160.0 ns  Log    ID_SEQUENCER        TB seq.             Testing the sequence: 1000 -> 1100 -> 0011 -> 0001 -> 0111 -> 0011 -> 0001
%%      202260.0 ns  Log    ID_SEQUENCER        TB seq.             Testing the sequence: 1000 -> 1100 -> 0011 -> 0010 -> 0110 -> 0011 -> 0001
%%      202290.0 ns  Alert  ERROR               TB seq.(uvvm)       assert_shift_one_from_left() => Failed. Last cycle bit was not '1' at the 4-cycle (last cycle). 
%%      202360.0 ns  Log    ID_SEQUENCER        TB seq.             Testing the sequence: 1000 -> 1100 -> 0011 -> 0010 -> 0111 -> 0011 -> 0001
%%      202390.0 ns  Alert  ERROR               TB seq.(uvvm)       assert_shift_one_from_left() => Failed. Last cycle bit was not '1' at the 4-cycle (last cycle). 
%%      202460.0 ns  Log    ID_SEQUENCER        TB seq.             Testing the sequence: 1000 -> 1100 -> 0011 -> 0011 -> 0110 -> 0011 -> 0001
%%      202560.0 ns  Log    ID_SEQUENCER        TB seq.             Testing the sequence: 1000 -> 1100 -> 0011 -> 0011 -> 0111 -> 0011 -> 0001
%%      202660.0 ns  Log    ID_SEQUENCER        TB seq.             Testing the sequence: 1000 -> 1100 -> 0011 -> 0100 -> 0110 -> 0011 -> 0001
%%      202690.0 ns  Alert  ERROR               TB seq.(uvvm)       assert_shift_one_from_left() => Failed. Last cycle bit was not '1' at the 4-cycle (last cycle). 
%%      202760.0 ns  Log    ID_SEQUENCER        TB seq.             Testing the sequence: 1000 -> 1100 -> 0011 -> 0100 -> 0111 -> 0011 -> 0001
%%      202790.0 ns  Alert  ERROR               TB seq.(uvvm)       assert_shift_one_from_left() => Failed. Last cycle bit was not '1' at the 4-cycle (last cycle). 
%%      202860.0 ns  Log    ID_SEQUENCER        TB seq.             Testing the sequence: 1000 -> 1100 -> 0011 -> 0101 -> 0110 -> 0011 -> 0001
%%      202960.0 ns  Log    ID_SEQUENCER        TB seq.             Testing the sequence: 1000 -> 1100 -> 0011 -> 0101 -> 0111 -> 0011 -> 0001
%%      203060.0 ns  Log    ID_SEQUENCER        TB seq.             Testing the sequence: 1000 -> 1100 -> 0011 -> 0110 -> 0110 -> 0011 -> 0001
%%      203090.0 ns  Alert  ERROR               TB seq.(uvvm)       assert_shift_one_from_left() => Failed. Last cycle bit was not '1' at the 4-cycle (last cycle). 
%%      203160.0 ns  Log    ID_SEQUENCER        TB seq.             Testing the sequence: 1000 -> 1100 -> 0011 -> 0110 -> 0111 -> 0011 -> 0001
%%      203190.0 ns  Alert  ERROR               TB seq.(uvvm)       assert_shift_one_from_left() => Failed. Last cycle bit was not '1' at the 4-cycle (last cycle). 
%%      203260.0 ns  Log    ID_SEQUENCER        TB seq.             Testing the sequence: 1000 -> 1100 -> 0011 -> 0111 -> 0110 -> 0011 -> 0001
%%      203360.0 ns  Log    ID_SEQUENCER        TB seq.             Testing the sequence: 1000 -> 1100 -> 0011 -> 0111 -> 0111 -> 0011 -> 0001
%%      203460.0 ns  Log    ID_SEQUENCER        TB seq.             Testing the sequence: 1000 -> 1100 -> 0011 -> 1000 -> 0110 -> 0011 -> 0001
%%      203490.0 ns  Alert  ERROR               TB seq.(uvvm)       assert_shift_one_from_left() => Failed. Last cycle bit was not '1' at the 4-cycle (last cycle). 
%%      203560.0 ns  Log    ID_SEQUENCER        TB seq.             Testing the sequence: 1000 -> 1100 -> 0011 -> 1000 -> 0111 -> 0011 -> 0001
%%      203590.0 ns  Alert  ERROR               TB seq.(uvvm)       assert_shift_one_from_left() => Failed. Last cycle bit was not '1' at the 4-cycle (last cycle). 
%%      203660.0 ns  Log    ID_SEQUENCER        TB seq.             Testing the sequence: 1000 -> 1100 -> 0011 -> 1001 -> 0110 -> 0011 -> 0001
%%      203760.0 ns  Log    ID_SEQUENCER        TB seq.             Testing the sequence: 1000 -> 1100 -> 0011 -> 1001 -> 0111 -> 0011 -> 0001
%%      203860.0 ns  Log    ID_SEQUENCER        TB seq.             Testing the sequence: 1000 -> 1100 -> 0011 -> 1010 -> 0110 -> 0011 -> 0001
%%      203890.0 ns  Alert  ERROR               TB seq.(uvvm)       assert_shift_one_from_left() => Failed. Last cycle bit was not '1' at the 4-cycle (last cycle). 
%%      203960.0 ns  Log    ID_SEQUENCER        TB seq.             Testing the sequence: 1000 -> 1100 -> 0011 -> 1010 -> 0111 -> 0011 -> 0001
%%      203990.0 ns  Alert  ERROR               TB seq.(uvvm)       assert_shift_one_from_left() => Failed. Last cycle bit was not '1' at the 4-cycle (last cycle). 
%%      204060.0 ns  Log    ID_SEQUENCER        TB seq.             Testing the sequence: 1000 -> 1100 -> 0011 -> 1011 -> 0110 -> 0011 -> 0001
%%      204160.0 ns  Log    ID_SEQUENCER        TB seq.             Testing the sequence: 1000 -> 1100 -> 0011 -> 1011 -> 0111 -> 0011 -> 0001
%%      204260.0 ns  Log    ID_SEQUENCER        TB seq.             Testing the sequence: 1000 -> 1100 -> 0011 -> 1100 -> 0110 -> 0011 -> 0001
%%      204290.0 ns  Alert  ERROR               TB seq.(uvvm)       assert_shift_one_from_left() => Failed. Last cycle bit was not '1' at the 4-cycle (last cycle). 
%%      204360.0 ns  Log    ID_SEQUENCER        TB seq.             Testing the sequence: 1000 -> 1100 -> 0011 -> 1100 -> 0111 -> 0011 -> 0001
%%      204390.0 ns  Alert  ERROR               TB seq.(uvvm)       assert_shift_one_from_left() => Failed. Last cycle bit was not '1' at the 4-cycle (last cycle). 
%%      204460.0 ns  Log    ID_SEQUENCER        TB seq.             Testing the sequence: 1000 -> 1100 -> 0011 -> 1101 -> 0110 -> 0011 -> 0001
%%      204560.0 ns  Log    ID_SEQUENCER        TB seq.             Testing the sequence: 1000 -> 1100 -> 0011 -> 1101 -> 0111 -> 0011 -> 0001
%%      204660.0 ns  Log    ID_SEQUENCER        TB seq.             Testing the sequence: 1000 -> 1100 -> 0011 -> 1110 -> 0110 -> 0011 -> 0001
%%      204690.0 ns  Alert  ERROR               TB seq.(uvvm)       assert_shift_one_from_left() => Failed. Last cycle bit was not '1' at the 4-cycle (last cycle). 
%%      204760.0 ns  Log    ID_SEQUENCER        TB seq.             Testing the sequence: 1000 -> 1100 -> 0011 -> 1110 -> 0111 -> 0011 -> 0001
%%      204790.0 ns  Alert  ERROR               TB seq.(uvvm)       assert_shift_one_from_left() => Failed. Last cycle bit was not '1' at the 4-cycle (last cycle). 
%%      204860.0 ns  Log    ID_SEQUENCER        TB seq.             Testing the sequence: 1000 -> 1100 -> 0011 -> 1111 -> 0110 -> 0011 -> 0001
%%      204960.0 ns  Log    ID_SEQUENCER        TB seq.             Testing the sequence: 1000 -> 1100 -> 0011 -> 1111 -> 0111 -> 0011 -> 0001
%%      205060.0 ns  Log    ID_SEQUENCER        TB seq.             Testing the sequence: 1000 -> 1100 -> 0100 -> 0000 -> 0110 -> 0011 -> 0001
%%      205160.0 ns  Log    ID_SEQUENCER        TB seq.             Testing the sequence: 1000 -> 1100 -> 0100 -> 0000 -> 0111 -> 0011 -> 0001
%%      205260.0 ns  Log    ID_SEQUENCER        TB seq.             Testing the sequence: 1000 -> 1100 -> 0100 -> 0001 -> 0110 -> 0011 -> 0001
%%      205360.0 ns  Log    ID_SEQUENCER        TB seq.             Testing the sequence: 1000 -> 1100 -> 0100 -> 0001 -> 0111 -> 0011 -> 0001
%%      205460.0 ns  Log    ID_SEQUENCER        TB seq.             Testing the sequence: 1000 -> 1100 -> 0100 -> 0010 -> 0110 -> 0011 -> 0001
%%      205560.0 ns  Log    ID_SEQUENCER        TB seq.             Testing the sequence: 1000 -> 1100 -> 0100 -> 0010 -> 0111 -> 0011 -> 0001
%%      205660.0 ns  Log    ID_SEQUENCER        TB seq.             Testing the sequence: 1000 -> 1100 -> 0100 -> 0011 -> 0110 -> 0011 -> 0001
%%      205760.0 ns  Log    ID_SEQUENCER        TB seq.             Testing the sequence: 1000 -> 1100 -> 0100 -> 0011 -> 0111 -> 0011 -> 0001
%%      205860.0 ns  Log    ID_SEQUENCER        TB seq.             Testing the sequence: 1000 -> 1100 -> 0100 -> 0100 -> 0110 -> 0011 -> 0001
%%      205960.0 ns  Log    ID_SEQUENCER        TB seq.             Testing the sequence: 1000 -> 1100 -> 0100 -> 0100 -> 0111 -> 0011 -> 0001
%%      206060.0 ns  Log    ID_SEQUENCER        TB seq.             Testing the sequence: 1000 -> 1100 -> 0100 -> 0101 -> 0110 -> 0011 -> 0001
%%      206160.0 ns  Log    ID_SEQUENCER        TB seq.             Testing the sequence: 1000 -> 1100 -> 0100 -> 0101 -> 0111 -> 0011 -> 0001
%%      206260.0 ns  Log    ID_SEQUENCER        TB seq.             Testing the sequence: 1000 -> 1100 -> 0100 -> 0110 -> 0110 -> 0011 -> 0001
%%      206360.0 ns  Log    ID_SEQUENCER        TB seq.             Testing the sequence: 1000 -> 1100 -> 0100 -> 0110 -> 0111 -> 0011 -> 0001
%%      206460.0 ns  Log    ID_SEQUENCER        TB seq.             Testing the sequence: 1000 -> 1100 -> 0100 -> 0111 -> 0110 -> 0011 -> 0001
%%      206560.0 ns  Log    ID_SEQUENCER        TB seq.             Testing the sequence: 1000 -> 1100 -> 0100 -> 0111 -> 0111 -> 0011 -> 0001
%%      206660.0 ns  Log    ID_SEQUENCER        TB seq.             Testing the sequence: 1000 -> 1100 -> 0100 -> 1000 -> 0110 -> 0011 -> 0001
%%      206760.0 ns  Log    ID_SEQUENCER        TB seq.             Testing the sequence: 1000 -> 1100 -> 0100 -> 1000 -> 0111 -> 0011 -> 0001
%%      206860.0 ns  Log    ID_SEQUENCER        TB seq.             Testing the sequence: 1000 -> 1100 -> 0100 -> 1001 -> 0110 -> 0011 -> 0001
%%      206960.0 ns  Log    ID_SEQUENCER        TB seq.             Testing the sequence: 1000 -> 1100 -> 0100 -> 1001 -> 0111 -> 0011 -> 0001
%%      207060.0 ns  Log    ID_SEQUENCER        TB seq.             Testing the sequence: 1000 -> 1100 -> 0100 -> 1010 -> 0110 -> 0011 -> 0001
%%      207160.0 ns  Log    ID_SEQUENCER        TB seq.             Testing the sequence: 1000 -> 1100 -> 0100 -> 1010 -> 0111 -> 0011 -> 0001
%%      207260.0 ns  Log    ID_SEQUENCER        TB seq.             Testing the sequence: 1000 -> 1100 -> 0100 -> 1011 -> 0110 -> 0011 -> 0001
%%      207360.0 ns  Log    ID_SEQUENCER        TB seq.             Testing the sequence: 1000 -> 1100 -> 0100 -> 1011 -> 0111 -> 0011 -> 0001
%%      207460.0 ns  Log    ID_SEQUENCER        TB seq.             Testing the sequence: 1000 -> 1100 -> 0100 -> 1100 -> 0110 -> 0011 -> 0001
%%      207560.0 ns  Log    ID_SEQUENCER        TB seq.             Testing the sequence: 1000 -> 1100 -> 0100 -> 1100 -> 0111 -> 0011 -> 0001
%%      207660.0 ns  Log    ID_SEQUENCER        TB seq.             Testing the sequence: 1000 -> 1100 -> 0100 -> 1101 -> 0110 -> 0011 -> 0001
%%      207760.0 ns  Log    ID_SEQUENCER        TB seq.             Testing the sequence: 1000 -> 1100 -> 0100 -> 1101 -> 0111 -> 0011 -> 0001
%%      207860.0 ns  Log    ID_SEQUENCER        TB seq.             Testing the sequence: 1000 -> 1100 -> 0100 -> 1110 -> 0110 -> 0011 -> 0001
%%      207960.0 ns  Log    ID_SEQUENCER        TB seq.             Testing the sequence: 1000 -> 1100 -> 0100 -> 1110 -> 0111 -> 0011 -> 0001
%%      208060.0 ns  Log    ID_SEQUENCER        TB seq.             Testing the sequence: 1000 -> 1100 -> 0100 -> 1111 -> 0110 -> 0011 -> 0001
%%      208160.0 ns  Log    ID_SEQUENCER        TB seq.             Testing the sequence: 1000 -> 1100 -> 0100 -> 1111 -> 0111 -> 0011 -> 0001
%%      208260.0 ns  Log    ID_SEQUENCER        TB seq.             Testing the sequence: 1000 -> 1100 -> 0101 -> 0000 -> 0110 -> 0011 -> 0001
%%      208360.0 ns  Log    ID_SEQUENCER        TB seq.             Testing the sequence: 1000 -> 1100 -> 0101 -> 0000 -> 0111 -> 0011 -> 0001
%%      208460.0 ns  Log    ID_SEQUENCER        TB seq.             Testing the sequence: 1000 -> 1100 -> 0101 -> 0001 -> 0110 -> 0011 -> 0001
%%      208560.0 ns  Log    ID_SEQUENCER        TB seq.             Testing the sequence: 1000 -> 1100 -> 0101 -> 0001 -> 0111 -> 0011 -> 0001
%%      208660.0 ns  Log    ID_SEQUENCER        TB seq.             Testing the sequence: 1000 -> 1100 -> 0101 -> 0010 -> 0110 -> 0011 -> 0001
%%      208760.0 ns  Log    ID_SEQUENCER        TB seq.             Testing the sequence: 1000 -> 1100 -> 0101 -> 0010 -> 0111 -> 0011 -> 0001
%%      208860.0 ns  Log    ID_SEQUENCER        TB seq.             Testing the sequence: 1000 -> 1100 -> 0101 -> 0011 -> 0110 -> 0011 -> 0001
%%      208960.0 ns  Log    ID_SEQUENCER        TB seq.             Testing the sequence: 1000 -> 1100 -> 0101 -> 0011 -> 0111 -> 0011 -> 0001
%%      209060.0 ns  Log    ID_SEQUENCER        TB seq.             Testing the sequence: 1000 -> 1100 -> 0101 -> 0100 -> 0110 -> 0011 -> 0001
%%      209160.0 ns  Log    ID_SEQUENCER        TB seq.             Testing the sequence: 1000 -> 1100 -> 0101 -> 0100 -> 0111 -> 0011 -> 0001
%%      209260.0 ns  Log    ID_SEQUENCER        TB seq.             Testing the sequence: 1000 -> 1100 -> 0101 -> 0101 -> 0110 -> 0011 -> 0001
%%      209360.0 ns  Log    ID_SEQUENCER        TB seq.             Testing the sequence: 1000 -> 1100 -> 0101 -> 0101 -> 0111 -> 0011 -> 0001
%%      209460.0 ns  Log    ID_SEQUENCER        TB seq.             Testing the sequence: 1000 -> 1100 -> 0101 -> 0110 -> 0110 -> 0011 -> 0001
%%      209560.0 ns  Log    ID_SEQUENCER        TB seq.             Testing the sequence: 1000 -> 1100 -> 0101 -> 0110 -> 0111 -> 0011 -> 0001
%%      209660.0 ns  Log    ID_SEQUENCER        TB seq.             Testing the sequence: 1000 -> 1100 -> 0101 -> 0111 -> 0110 -> 0011 -> 0001
%%      209760.0 ns  Log    ID_SEQUENCER        TB seq.             Testing the sequence: 1000 -> 1100 -> 0101 -> 0111 -> 0111 -> 0011 -> 0001
%%      209860.0 ns  Log    ID_SEQUENCER        TB seq.             Testing the sequence: 1000 -> 1100 -> 0101 -> 1000 -> 0110 -> 0011 -> 0001
%%      209960.0 ns  Log    ID_SEQUENCER        TB seq.             Testing the sequence: 1000 -> 1100 -> 0101 -> 1000 -> 0111 -> 0011 -> 0001
%%      210060.0 ns  Log    ID_SEQUENCER        TB seq.             Testing the sequence: 1000 -> 1100 -> 0101 -> 1001 -> 0110 -> 0011 -> 0001
%%      210160.0 ns  Log    ID_SEQUENCER        TB seq.             Testing the sequence: 1000 -> 1100 -> 0101 -> 1001 -> 0111 -> 0011 -> 0001
%%      210260.0 ns  Log    ID_SEQUENCER        TB seq.             Testing the sequence: 1000 -> 1100 -> 0101 -> 1010 -> 0110 -> 0011 -> 0001
%%      210360.0 ns  Log    ID_SEQUENCER        TB seq.             Testing the sequence: 1000 -> 1100 -> 0101 -> 1010 -> 0111 -> 0011 -> 0001
%%      210460.0 ns  Log    ID_SEQUENCER        TB seq.             Testing the sequence: 1000 -> 1100 -> 0101 -> 1011 -> 0110 -> 0011 -> 0001
%%      210560.0 ns  Log    ID_SEQUENCER        TB seq.             Testing the sequence: 1000 -> 1100 -> 0101 -> 1011 -> 0111 -> 0011 -> 0001
%%      210660.0 ns  Log    ID_SEQUENCER        TB seq.             Testing the sequence: 1000 -> 1100 -> 0101 -> 1100 -> 0110 -> 0011 -> 0001
%%      210760.0 ns  Log    ID_SEQUENCER        TB seq.             Testing the sequence: 1000 -> 1100 -> 0101 -> 1100 -> 0111 -> 0011 -> 0001
%%      210860.0 ns  Log    ID_SEQUENCER        TB seq.             Testing the sequence: 1000 -> 1100 -> 0101 -> 1101 -> 0110 -> 0011 -> 0001
%%      210960.0 ns  Log    ID_SEQUENCER        TB seq.             Testing the sequence: 1000 -> 1100 -> 0101 -> 1101 -> 0111 -> 0011 -> 0001
%%      211060.0 ns  Log    ID_SEQUENCER        TB seq.             Testing the sequence: 1000 -> 1100 -> 0101 -> 1110 -> 0110 -> 0011 -> 0001
%%      211160.0 ns  Log    ID_SEQUENCER        TB seq.             Testing the sequence: 1000 -> 1100 -> 0101 -> 1110 -> 0111 -> 0011 -> 0001
%%      211260.0 ns  Log    ID_SEQUENCER        TB seq.             Testing the sequence: 1000 -> 1100 -> 0101 -> 1111 -> 0110 -> 0011 -> 0001
%%      211360.0 ns  Log    ID_SEQUENCER        TB seq.             Testing the sequence: 1000 -> 1100 -> 0101 -> 1111 -> 0111 -> 0011 -> 0001
%%      211460.0 ns  Log    ID_SEQUENCER        TB seq.             Testing the sequence: 1000 -> 1100 -> 0110 -> 0000 -> 0110 -> 0011 -> 0001
%%      211490.0 ns  Alert  ERROR               TB seq.(uvvm)       assert_shift_one_from_left() => Failed. Last cycle bit was not '1' at the 4-cycle (last cycle). 
%%      211560.0 ns  Log    ID_SEQUENCER        TB seq.             Testing the sequence: 1000 -> 1100 -> 0110 -> 0000 -> 0111 -> 0011 -> 0001
%%      211590.0 ns  Alert  ERROR               TB seq.(uvvm)       assert_shift_one_from_left() => Failed. Last cycle bit was not '1' at the 4-cycle (last cycle). 
%%      211660.0 ns  Log    ID_SEQUENCER        TB seq.             Testing the sequence: 1000 -> 1100 -> 0110 -> 0001 -> 0110 -> 0011 -> 0001
%%      211760.0 ns  Log    ID_SEQUENCER        TB seq.             Testing the sequence: 1000 -> 1100 -> 0110 -> 0001 -> 0111 -> 0011 -> 0001
%%      211860.0 ns  Log    ID_SEQUENCER        TB seq.             Testing the sequence: 1000 -> 1100 -> 0110 -> 0010 -> 0110 -> 0011 -> 0001
%%      211890.0 ns  Alert  ERROR               TB seq.(uvvm)       assert_shift_one_from_left() => Failed. Last cycle bit was not '1' at the 4-cycle (last cycle). 
%%      211960.0 ns  Log    ID_SEQUENCER        TB seq.             Testing the sequence: 1000 -> 1100 -> 0110 -> 0010 -> 0111 -> 0011 -> 0001
%%      211990.0 ns  Alert  ERROR               TB seq.(uvvm)       assert_shift_one_from_left() => Failed. Last cycle bit was not '1' at the 4-cycle (last cycle). 
%%      212060.0 ns  Log    ID_SEQUENCER        TB seq.             Testing the sequence: 1000 -> 1100 -> 0110 -> 0011 -> 0110 -> 0011 -> 0001
%%      212160.0 ns  Log    ID_SEQUENCER        TB seq.             Testing the sequence: 1000 -> 1100 -> 0110 -> 0011 -> 0111 -> 0011 -> 0001
%%      212260.0 ns  Log    ID_SEQUENCER        TB seq.             Testing the sequence: 1000 -> 1100 -> 0110 -> 0100 -> 0110 -> 0011 -> 0001
%%      212290.0 ns  Alert  ERROR               TB seq.(uvvm)       assert_shift_one_from_left() => Failed. Last cycle bit was not '1' at the 4-cycle (last cycle). 
%%      212360.0 ns  Log    ID_SEQUENCER        TB seq.             Testing the sequence: 1000 -> 1100 -> 0110 -> 0100 -> 0111 -> 0011 -> 0001
%%      212390.0 ns  Alert  ERROR               TB seq.(uvvm)       assert_shift_one_from_left() => Failed. Last cycle bit was not '1' at the 4-cycle (last cycle). 
%%      212460.0 ns  Log    ID_SEQUENCER        TB seq.             Testing the sequence: 1000 -> 1100 -> 0110 -> 0101 -> 0110 -> 0011 -> 0001
%%      212560.0 ns  Log    ID_SEQUENCER        TB seq.             Testing the sequence: 1000 -> 1100 -> 0110 -> 0101 -> 0111 -> 0011 -> 0001
%%      212660.0 ns  Log    ID_SEQUENCER        TB seq.             Testing the sequence: 1000 -> 1100 -> 0110 -> 0110 -> 0110 -> 0011 -> 0001
%%      212690.0 ns  Alert  ERROR               TB seq.(uvvm)       assert_shift_one_from_left() => Failed. Last cycle bit was not '1' at the 4-cycle (last cycle). 
%%      212760.0 ns  Log    ID_SEQUENCER        TB seq.             Testing the sequence: 1000 -> 1100 -> 0110 -> 0110 -> 0111 -> 0011 -> 0001
%%      212790.0 ns  Alert  ERROR               TB seq.(uvvm)       assert_shift_one_from_left() => Failed. Last cycle bit was not '1' at the 4-cycle (last cycle). 
%%      212860.0 ns  Log    ID_SEQUENCER        TB seq.             Testing the sequence: 1000 -> 1100 -> 0110 -> 0111 -> 0110 -> 0011 -> 0001
%%      212960.0 ns  Log    ID_SEQUENCER        TB seq.             Testing the sequence: 1000 -> 1100 -> 0110 -> 0111 -> 0111 -> 0011 -> 0001
%%      213060.0 ns  Log    ID_SEQUENCER        TB seq.             Testing the sequence: 1000 -> 1100 -> 0110 -> 1000 -> 0110 -> 0011 -> 0001
%%      213090.0 ns  Alert  ERROR               TB seq.(uvvm)       assert_shift_one_from_left() => Failed. Last cycle bit was not '1' at the 4-cycle (last cycle). 
%%      213160.0 ns  Log    ID_SEQUENCER        TB seq.             Testing the sequence: 1000 -> 1100 -> 0110 -> 1000 -> 0111 -> 0011 -> 0001
%%      213190.0 ns  Alert  ERROR               TB seq.(uvvm)       assert_shift_one_from_left() => Failed. Last cycle bit was not '1' at the 4-cycle (last cycle). 
%%      213260.0 ns  Log    ID_SEQUENCER        TB seq.             Testing the sequence: 1000 -> 1100 -> 0110 -> 1001 -> 0110 -> 0011 -> 0001
%%      213360.0 ns  Log    ID_SEQUENCER        TB seq.             Testing the sequence: 1000 -> 1100 -> 0110 -> 1001 -> 0111 -> 0011 -> 0001
%%      213460.0 ns  Log    ID_SEQUENCER        TB seq.             Testing the sequence: 1000 -> 1100 -> 0110 -> 1010 -> 0110 -> 0011 -> 0001
%%      213490.0 ns  Alert  ERROR               TB seq.(uvvm)       assert_shift_one_from_left() => Failed. Last cycle bit was not '1' at the 4-cycle (last cycle). 
%%      213560.0 ns  Log    ID_SEQUENCER        TB seq.             Testing the sequence: 1000 -> 1100 -> 0110 -> 1010 -> 0111 -> 0011 -> 0001
%%      213590.0 ns  Alert  ERROR               TB seq.(uvvm)       assert_shift_one_from_left() => Failed. Last cycle bit was not '1' at the 4-cycle (last cycle). 
%%      213660.0 ns  Log    ID_SEQUENCER        TB seq.             Testing the sequence: 1000 -> 1100 -> 0110 -> 1011 -> 0110 -> 0011 -> 0001
%%      213760.0 ns  Log    ID_SEQUENCER        TB seq.             Testing the sequence: 1000 -> 1100 -> 0110 -> 1011 -> 0111 -> 0011 -> 0001
%%      213860.0 ns  Log    ID_SEQUENCER        TB seq.             Testing the sequence: 1000 -> 1100 -> 0110 -> 1100 -> 0110 -> 0011 -> 0001
%%      213890.0 ns  Alert  ERROR               TB seq.(uvvm)       assert_shift_one_from_left() => Failed. Last cycle bit was not '1' at the 4-cycle (last cycle). 
%%      213960.0 ns  Log    ID_SEQUENCER        TB seq.             Testing the sequence: 1000 -> 1100 -> 0110 -> 1100 -> 0111 -> 0011 -> 0001
%%      213990.0 ns  Alert  ERROR               TB seq.(uvvm)       assert_shift_one_from_left() => Failed. Last cycle bit was not '1' at the 4-cycle (last cycle). 
%%      214060.0 ns  Log    ID_SEQUENCER        TB seq.             Testing the sequence: 1000 -> 1100 -> 0110 -> 1101 -> 0110 -> 0011 -> 0001
%%      214160.0 ns  Log    ID_SEQUENCER        TB seq.             Testing the sequence: 1000 -> 1100 -> 0110 -> 1101 -> 0111 -> 0011 -> 0001
%%      214260.0 ns  Log    ID_SEQUENCER        TB seq.             Testing the sequence: 1000 -> 1100 -> 0110 -> 1110 -> 0110 -> 0011 -> 0001
%%      214290.0 ns  Alert  ERROR               TB seq.(uvvm)       assert_shift_one_from_left() => Failed. Last cycle bit was not '1' at the 4-cycle (last cycle). 
%%      214360.0 ns  Log    ID_SEQUENCER        TB seq.             Testing the sequence: 1000 -> 1100 -> 0110 -> 1110 -> 0111 -> 0011 -> 0001
%%      214390.0 ns  Alert  ERROR               TB seq.(uvvm)       assert_shift_one_from_left() => Failed. Last cycle bit was not '1' at the 4-cycle (last cycle). 
%%      214460.0 ns  Log    ID_SEQUENCER        TB seq.             Testing the sequence: 1000 -> 1100 -> 0110 -> 1111 -> 0110 -> 0011 -> 0001
%%      214560.0 ns  Log    ID_SEQUENCER        TB seq.             Testing the sequence: 1000 -> 1100 -> 0110 -> 1111 -> 0111 -> 0011 -> 0001
%%      214660.0 ns  Log    ID_SEQUENCER        TB seq.             Testing the sequence: 1000 -> 1100 -> 0111 -> 0000 -> 0110 -> 0011 -> 0001
%%      214690.0 ns  Alert  ERROR               TB seq.(uvvm)       assert_shift_one_from_left() => Failed. Last cycle bit was not '1' at the 4-cycle (last cycle). 
%%      214760.0 ns  Log    ID_SEQUENCER        TB seq.             Testing the sequence: 1000 -> 1100 -> 0111 -> 0000 -> 0111 -> 0011 -> 0001
%%      214790.0 ns  Alert  ERROR               TB seq.(uvvm)       assert_shift_one_from_left() => Failed. Last cycle bit was not '1' at the 4-cycle (last cycle). 
%%      214860.0 ns  Log    ID_SEQUENCER        TB seq.             Testing the sequence: 1000 -> 1100 -> 0111 -> 0001 -> 0110 -> 0011 -> 0001
%%      214960.0 ns  Log    ID_SEQUENCER        TB seq.             Testing the sequence: 1000 -> 1100 -> 0111 -> 0001 -> 0111 -> 0011 -> 0001
%%      215060.0 ns  Log    ID_SEQUENCER        TB seq.             Testing the sequence: 1000 -> 1100 -> 0111 -> 0010 -> 0110 -> 0011 -> 0001
%%      215090.0 ns  Alert  ERROR               TB seq.(uvvm)       assert_shift_one_from_left() => Failed. Last cycle bit was not '1' at the 4-cycle (last cycle). 
%%      215160.0 ns  Log    ID_SEQUENCER        TB seq.             Testing the sequence: 1000 -> 1100 -> 0111 -> 0010 -> 0111 -> 0011 -> 0001
%%      215190.0 ns  Alert  ERROR               TB seq.(uvvm)       assert_shift_one_from_left() => Failed. Last cycle bit was not '1' at the 4-cycle (last cycle). 
%%      215260.0 ns  Log    ID_SEQUENCER        TB seq.             Testing the sequence: 1000 -> 1100 -> 0111 -> 0011 -> 0110 -> 0011 -> 0001
%%      215360.0 ns  Log    ID_SEQUENCER        TB seq.             Testing the sequence: 1000 -> 1100 -> 0111 -> 0011 -> 0111 -> 0011 -> 0001
%%      215460.0 ns  Log    ID_SEQUENCER        TB seq.             Testing the sequence: 1000 -> 1100 -> 0111 -> 0100 -> 0110 -> 0011 -> 0001
%%      215490.0 ns  Alert  ERROR               TB seq.(uvvm)       assert_shift_one_from_left() => Failed. Last cycle bit was not '1' at the 4-cycle (last cycle). 
%%      215560.0 ns  Log    ID_SEQUENCER        TB seq.             Testing the sequence: 1000 -> 1100 -> 0111 -> 0100 -> 0111 -> 0011 -> 0001
%%      215590.0 ns  Alert  ERROR               TB seq.(uvvm)       assert_shift_one_from_left() => Failed. Last cycle bit was not '1' at the 4-cycle (last cycle). 
%%      215660.0 ns  Log    ID_SEQUENCER        TB seq.             Testing the sequence: 1000 -> 1100 -> 0111 -> 0101 -> 0110 -> 0011 -> 0001
%%      215760.0 ns  Log    ID_SEQUENCER        TB seq.             Testing the sequence: 1000 -> 1100 -> 0111 -> 0101 -> 0111 -> 0011 -> 0001
%%      215860.0 ns  Log    ID_SEQUENCER        TB seq.             Testing the sequence: 1000 -> 1100 -> 0111 -> 0110 -> 0110 -> 0011 -> 0001
%%      215890.0 ns  Alert  ERROR               TB seq.(uvvm)       assert_shift_one_from_left() => Failed. Last cycle bit was not '1' at the 4-cycle (last cycle). 
%%      215960.0 ns  Log    ID_SEQUENCER        TB seq.             Testing the sequence: 1000 -> 1100 -> 0111 -> 0110 -> 0111 -> 0011 -> 0001
%%      215990.0 ns  Alert  ERROR               TB seq.(uvvm)       assert_shift_one_from_left() => Failed. Last cycle bit was not '1' at the 4-cycle (last cycle). 
%%      216060.0 ns  Log    ID_SEQUENCER        TB seq.             Testing the sequence: 1000 -> 1100 -> 0111 -> 0111 -> 0110 -> 0011 -> 0001
%%      216160.0 ns  Log    ID_SEQUENCER        TB seq.             Testing the sequence: 1000 -> 1100 -> 0111 -> 0111 -> 0111 -> 0011 -> 0001
%%      216260.0 ns  Log    ID_SEQUENCER        TB seq.             Testing the sequence: 1000 -> 1100 -> 0111 -> 1000 -> 0110 -> 0011 -> 0001
%%      216290.0 ns  Alert  ERROR               TB seq.(uvvm)       assert_shift_one_from_left() => Failed. Last cycle bit was not '1' at the 4-cycle (last cycle). 
%%      216360.0 ns  Log    ID_SEQUENCER        TB seq.             Testing the sequence: 1000 -> 1100 -> 0111 -> 1000 -> 0111 -> 0011 -> 0001
%%      216390.0 ns  Alert  ERROR               TB seq.(uvvm)       assert_shift_one_from_left() => Failed. Last cycle bit was not '1' at the 4-cycle (last cycle). 
%%      216460.0 ns  Log    ID_SEQUENCER        TB seq.             Testing the sequence: 1000 -> 1100 -> 0111 -> 1001 -> 0110 -> 0011 -> 0001
%%      216560.0 ns  Log    ID_SEQUENCER        TB seq.             Testing the sequence: 1000 -> 1100 -> 0111 -> 1001 -> 0111 -> 0011 -> 0001
%%      216660.0 ns  Log    ID_SEQUENCER        TB seq.             Testing the sequence: 1000 -> 1100 -> 0111 -> 1010 -> 0110 -> 0011 -> 0001
%%      216690.0 ns  Alert  ERROR               TB seq.(uvvm)       assert_shift_one_from_left() => Failed. Last cycle bit was not '1' at the 4-cycle (last cycle). 
%%      216760.0 ns  Log    ID_SEQUENCER        TB seq.             Testing the sequence: 1000 -> 1100 -> 0111 -> 1010 -> 0111 -> 0011 -> 0001
%%      216790.0 ns  Alert  ERROR               TB seq.(uvvm)       assert_shift_one_from_left() => Failed. Last cycle bit was not '1' at the 4-cycle (last cycle). 
%%      216860.0 ns  Log    ID_SEQUENCER        TB seq.             Testing the sequence: 1000 -> 1100 -> 0111 -> 1011 -> 0110 -> 0011 -> 0001
%%      216960.0 ns  Log    ID_SEQUENCER        TB seq.             Testing the sequence: 1000 -> 1100 -> 0111 -> 1011 -> 0111 -> 0011 -> 0001
%%      217060.0 ns  Log    ID_SEQUENCER        TB seq.             Testing the sequence: 1000 -> 1100 -> 0111 -> 1100 -> 0110 -> 0011 -> 0001
%%      217090.0 ns  Alert  ERROR               TB seq.(uvvm)       assert_shift_one_from_left() => Failed. Last cycle bit was not '1' at the 4-cycle (last cycle). 
%%      217160.0 ns  Log    ID_SEQUENCER        TB seq.             Testing the sequence: 1000 -> 1100 -> 0111 -> 1100 -> 0111 -> 0011 -> 0001
%%      217190.0 ns  Alert  ERROR               TB seq.(uvvm)       assert_shift_one_from_left() => Failed. Last cycle bit was not '1' at the 4-cycle (last cycle). 
%%      217260.0 ns  Log    ID_SEQUENCER        TB seq.             Testing the sequence: 1000 -> 1100 -> 0111 -> 1101 -> 0110 -> 0011 -> 0001
%%      217360.0 ns  Log    ID_SEQUENCER        TB seq.             Testing the sequence: 1000 -> 1100 -> 0111 -> 1101 -> 0111 -> 0011 -> 0001
%%      217460.0 ns  Log    ID_SEQUENCER        TB seq.             Testing the sequence: 1000 -> 1100 -> 0111 -> 1110 -> 0110 -> 0011 -> 0001
%%      217490.0 ns  Alert  ERROR               TB seq.(uvvm)       assert_shift_one_from_left() => Failed. Last cycle bit was not '1' at the 4-cycle (last cycle). 
%%      217560.0 ns  Log    ID_SEQUENCER        TB seq.             Testing the sequence: 1000 -> 1100 -> 0111 -> 1110 -> 0111 -> 0011 -> 0001
%%      217590.0 ns  Alert  ERROR               TB seq.(uvvm)       assert_shift_one_from_left() => Failed. Last cycle bit was not '1' at the 4-cycle (last cycle). 
%%      217660.0 ns  Log    ID_SEQUENCER        TB seq.             Testing the sequence: 1000 -> 1100 -> 0111 -> 1111 -> 0110 -> 0011 -> 0001
%%      217760.0 ns  Log    ID_SEQUENCER        TB seq.             Testing the sequence: 1000 -> 1100 -> 0111 -> 1111 -> 0111 -> 0011 -> 0001
%%      217860.0 ns  Log    ID_SEQUENCER        TB seq.             Testing the sequence: 1000 -> 1100 -> 1000 -> 0000 -> 0110 -> 0011 -> 0001
%%      217960.0 ns  Log    ID_SEQUENCER        TB seq.             Testing the sequence: 1000 -> 1100 -> 1000 -> 0000 -> 0111 -> 0011 -> 0001
%%      218060.0 ns  Log    ID_SEQUENCER        TB seq.             Testing the sequence: 1000 -> 1100 -> 1000 -> 0001 -> 0110 -> 0011 -> 0001
%%      218160.0 ns  Log    ID_SEQUENCER        TB seq.             Testing the sequence: 1000 -> 1100 -> 1000 -> 0001 -> 0111 -> 0011 -> 0001
%%      218260.0 ns  Log    ID_SEQUENCER        TB seq.             Testing the sequence: 1000 -> 1100 -> 1000 -> 0010 -> 0110 -> 0011 -> 0001
%%      218360.0 ns  Log    ID_SEQUENCER        TB seq.             Testing the sequence: 1000 -> 1100 -> 1000 -> 0010 -> 0111 -> 0011 -> 0001
%%      218460.0 ns  Log    ID_SEQUENCER        TB seq.             Testing the sequence: 1000 -> 1100 -> 1000 -> 0011 -> 0110 -> 0011 -> 0001
%%      218560.0 ns  Log    ID_SEQUENCER        TB seq.             Testing the sequence: 1000 -> 1100 -> 1000 -> 0011 -> 0111 -> 0011 -> 0001
%%      218660.0 ns  Log    ID_SEQUENCER        TB seq.             Testing the sequence: 1000 -> 1100 -> 1000 -> 0100 -> 0110 -> 0011 -> 0001
%%      218760.0 ns  Log    ID_SEQUENCER        TB seq.             Testing the sequence: 1000 -> 1100 -> 1000 -> 0100 -> 0111 -> 0011 -> 0001
%%      218860.0 ns  Log    ID_SEQUENCER        TB seq.             Testing the sequence: 1000 -> 1100 -> 1000 -> 0101 -> 0110 -> 0011 -> 0001
%%      218960.0 ns  Log    ID_SEQUENCER        TB seq.             Testing the sequence: 1000 -> 1100 -> 1000 -> 0101 -> 0111 -> 0011 -> 0001
%%      219060.0 ns  Log    ID_SEQUENCER        TB seq.             Testing the sequence: 1000 -> 1100 -> 1000 -> 0110 -> 0110 -> 0011 -> 0001
%%      219160.0 ns  Log    ID_SEQUENCER        TB seq.             Testing the sequence: 1000 -> 1100 -> 1000 -> 0110 -> 0111 -> 0011 -> 0001
%%      219260.0 ns  Log    ID_SEQUENCER        TB seq.             Testing the sequence: 1000 -> 1100 -> 1000 -> 0111 -> 0110 -> 0011 -> 0001
%%      219360.0 ns  Log    ID_SEQUENCER        TB seq.             Testing the sequence: 1000 -> 1100 -> 1000 -> 0111 -> 0111 -> 0011 -> 0001
%%      219460.0 ns  Log    ID_SEQUENCER        TB seq.             Testing the sequence: 1000 -> 1100 -> 1000 -> 1000 -> 0110 -> 0011 -> 0001
%%      219560.0 ns  Log    ID_SEQUENCER        TB seq.             Testing the sequence: 1000 -> 1100 -> 1000 -> 1000 -> 0111 -> 0011 -> 0001
%%      219660.0 ns  Log    ID_SEQUENCER        TB seq.             Testing the sequence: 1000 -> 1100 -> 1000 -> 1001 -> 0110 -> 0011 -> 0001
%%      219760.0 ns  Log    ID_SEQUENCER        TB seq.             Testing the sequence: 1000 -> 1100 -> 1000 -> 1001 -> 0111 -> 0011 -> 0001
%%      219860.0 ns  Log    ID_SEQUENCER        TB seq.             Testing the sequence: 1000 -> 1100 -> 1000 -> 1010 -> 0110 -> 0011 -> 0001
%%      219960.0 ns  Log    ID_SEQUENCER        TB seq.             Testing the sequence: 1000 -> 1100 -> 1000 -> 1010 -> 0111 -> 0011 -> 0001
%%      220060.0 ns  Log    ID_SEQUENCER        TB seq.             Testing the sequence: 1000 -> 1100 -> 1000 -> 1011 -> 0110 -> 0011 -> 0001
%%      220160.0 ns  Log    ID_SEQUENCER        TB seq.             Testing the sequence: 1000 -> 1100 -> 1000 -> 1011 -> 0111 -> 0011 -> 0001
%%      220260.0 ns  Log    ID_SEQUENCER        TB seq.             Testing the sequence: 1000 -> 1100 -> 1000 -> 1100 -> 0110 -> 0011 -> 0001
%%      220360.0 ns  Log    ID_SEQUENCER        TB seq.             Testing the sequence: 1000 -> 1100 -> 1000 -> 1100 -> 0111 -> 0011 -> 0001
%%      220460.0 ns  Log    ID_SEQUENCER        TB seq.             Testing the sequence: 1000 -> 1100 -> 1000 -> 1101 -> 0110 -> 0011 -> 0001
%%      220560.0 ns  Log    ID_SEQUENCER        TB seq.             Testing the sequence: 1000 -> 1100 -> 1000 -> 1101 -> 0111 -> 0011 -> 0001
%%      220660.0 ns  Log    ID_SEQUENCER        TB seq.             Testing the sequence: 1000 -> 1100 -> 1000 -> 1110 -> 0110 -> 0011 -> 0001
%%      220760.0 ns  Log    ID_SEQUENCER        TB seq.             Testing the sequence: 1000 -> 1100 -> 1000 -> 1110 -> 0111 -> 0011 -> 0001
%%      220860.0 ns  Log    ID_SEQUENCER        TB seq.             Testing the sequence: 1000 -> 1100 -> 1000 -> 1111 -> 0110 -> 0011 -> 0001
%%      220960.0 ns  Log    ID_SEQUENCER        TB seq.             Testing the sequence: 1000 -> 1100 -> 1000 -> 1111 -> 0111 -> 0011 -> 0001
%%      221060.0 ns  Log    ID_SEQUENCER        TB seq.             Testing the sequence: 1000 -> 1100 -> 1001 -> 0000 -> 0110 -> 0011 -> 0001
%%      221160.0 ns  Log    ID_SEQUENCER        TB seq.             Testing the sequence: 1000 -> 1100 -> 1001 -> 0000 -> 0111 -> 0011 -> 0001
%%      221260.0 ns  Log    ID_SEQUENCER        TB seq.             Testing the sequence: 1000 -> 1100 -> 1001 -> 0001 -> 0110 -> 0011 -> 0001
%%      221360.0 ns  Log    ID_SEQUENCER        TB seq.             Testing the sequence: 1000 -> 1100 -> 1001 -> 0001 -> 0111 -> 0011 -> 0001
%%      221460.0 ns  Log    ID_SEQUENCER        TB seq.             Testing the sequence: 1000 -> 1100 -> 1001 -> 0010 -> 0110 -> 0011 -> 0001
%%      221560.0 ns  Log    ID_SEQUENCER        TB seq.             Testing the sequence: 1000 -> 1100 -> 1001 -> 0010 -> 0111 -> 0011 -> 0001
%%      221660.0 ns  Log    ID_SEQUENCER        TB seq.             Testing the sequence: 1000 -> 1100 -> 1001 -> 0011 -> 0110 -> 0011 -> 0001
%%      221760.0 ns  Log    ID_SEQUENCER        TB seq.             Testing the sequence: 1000 -> 1100 -> 1001 -> 0011 -> 0111 -> 0011 -> 0001
%%      221860.0 ns  Log    ID_SEQUENCER        TB seq.             Testing the sequence: 1000 -> 1100 -> 1001 -> 0100 -> 0110 -> 0011 -> 0001
%%      221960.0 ns  Log    ID_SEQUENCER        TB seq.             Testing the sequence: 1000 -> 1100 -> 1001 -> 0100 -> 0111 -> 0011 -> 0001
%%      222060.0 ns  Log    ID_SEQUENCER        TB seq.             Testing the sequence: 1000 -> 1100 -> 1001 -> 0101 -> 0110 -> 0011 -> 0001
%%      222160.0 ns  Log    ID_SEQUENCER        TB seq.             Testing the sequence: 1000 -> 1100 -> 1001 -> 0101 -> 0111 -> 0011 -> 0001
%%      222260.0 ns  Log    ID_SEQUENCER        TB seq.             Testing the sequence: 1000 -> 1100 -> 1001 -> 0110 -> 0110 -> 0011 -> 0001
%%      222360.0 ns  Log    ID_SEQUENCER        TB seq.             Testing the sequence: 1000 -> 1100 -> 1001 -> 0110 -> 0111 -> 0011 -> 0001
%%      222460.0 ns  Log    ID_SEQUENCER        TB seq.             Testing the sequence: 1000 -> 1100 -> 1001 -> 0111 -> 0110 -> 0011 -> 0001
%%      222560.0 ns  Log    ID_SEQUENCER        TB seq.             Testing the sequence: 1000 -> 1100 -> 1001 -> 0111 -> 0111 -> 0011 -> 0001
%%      222660.0 ns  Log    ID_SEQUENCER        TB seq.             Testing the sequence: 1000 -> 1100 -> 1001 -> 1000 -> 0110 -> 0011 -> 0001
%%      222760.0 ns  Log    ID_SEQUENCER        TB seq.             Testing the sequence: 1000 -> 1100 -> 1001 -> 1000 -> 0111 -> 0011 -> 0001
%%      222860.0 ns  Log    ID_SEQUENCER        TB seq.             Testing the sequence: 1000 -> 1100 -> 1001 -> 1001 -> 0110 -> 0011 -> 0001
%%      222960.0 ns  Log    ID_SEQUENCER        TB seq.             Testing the sequence: 1000 -> 1100 -> 1001 -> 1001 -> 0111 -> 0011 -> 0001
%%      223060.0 ns  Log    ID_SEQUENCER        TB seq.             Testing the sequence: 1000 -> 1100 -> 1001 -> 1010 -> 0110 -> 0011 -> 0001
%%      223160.0 ns  Log    ID_SEQUENCER        TB seq.             Testing the sequence: 1000 -> 1100 -> 1001 -> 1010 -> 0111 -> 0011 -> 0001
%%      223260.0 ns  Log    ID_SEQUENCER        TB seq.             Testing the sequence: 1000 -> 1100 -> 1001 -> 1011 -> 0110 -> 0011 -> 0001
%%      223360.0 ns  Log    ID_SEQUENCER        TB seq.             Testing the sequence: 1000 -> 1100 -> 1001 -> 1011 -> 0111 -> 0011 -> 0001
%%      223460.0 ns  Log    ID_SEQUENCER        TB seq.             Testing the sequence: 1000 -> 1100 -> 1001 -> 1100 -> 0110 -> 0011 -> 0001
%%      223560.0 ns  Log    ID_SEQUENCER        TB seq.             Testing the sequence: 1000 -> 1100 -> 1001 -> 1100 -> 0111 -> 0011 -> 0001
%%      223660.0 ns  Log    ID_SEQUENCER        TB seq.             Testing the sequence: 1000 -> 1100 -> 1001 -> 1101 -> 0110 -> 0011 -> 0001
%%      223760.0 ns  Log    ID_SEQUENCER        TB seq.             Testing the sequence: 1000 -> 1100 -> 1001 -> 1101 -> 0111 -> 0011 -> 0001
%%      223860.0 ns  Log    ID_SEQUENCER        TB seq.             Testing the sequence: 1000 -> 1100 -> 1001 -> 1110 -> 0110 -> 0011 -> 0001
%%      223960.0 ns  Log    ID_SEQUENCER        TB seq.             Testing the sequence: 1000 -> 1100 -> 1001 -> 1110 -> 0111 -> 0011 -> 0001
%%      224060.0 ns  Log    ID_SEQUENCER        TB seq.             Testing the sequence: 1000 -> 1100 -> 1001 -> 1111 -> 0110 -> 0011 -> 0001
%%      224160.0 ns  Log    ID_SEQUENCER        TB seq.             Testing the sequence: 1000 -> 1100 -> 1001 -> 1111 -> 0111 -> 0011 -> 0001
%%      224260.0 ns  Log    ID_SEQUENCER        TB seq.             Testing the sequence: 1000 -> 1100 -> 1010 -> 0000 -> 0110 -> 0011 -> 0001
%%      224290.0 ns  Alert  ERROR               TB seq.(uvvm)       assert_shift_one_from_left() => Failed. Last cycle bit was not '1' at the 4-cycle (last cycle). 
%%      224360.0 ns  Log    ID_SEQUENCER        TB seq.             Testing the sequence: 1000 -> 1100 -> 1010 -> 0000 -> 0111 -> 0011 -> 0001
%%      224390.0 ns  Alert  ERROR               TB seq.(uvvm)       assert_shift_one_from_left() => Failed. Last cycle bit was not '1' at the 4-cycle (last cycle). 
%%      224460.0 ns  Log    ID_SEQUENCER        TB seq.             Testing the sequence: 1000 -> 1100 -> 1010 -> 0001 -> 0110 -> 0011 -> 0001
%%      224560.0 ns  Log    ID_SEQUENCER        TB seq.             Testing the sequence: 1000 -> 1100 -> 1010 -> 0001 -> 0111 -> 0011 -> 0001
%%      224660.0 ns  Log    ID_SEQUENCER        TB seq.             Testing the sequence: 1000 -> 1100 -> 1010 -> 0010 -> 0110 -> 0011 -> 0001
%%      224690.0 ns  Alert  ERROR               TB seq.(uvvm)       assert_shift_one_from_left() => Failed. Last cycle bit was not '1' at the 4-cycle (last cycle). 
%%      224760.0 ns  Log    ID_SEQUENCER        TB seq.             Testing the sequence: 1000 -> 1100 -> 1010 -> 0010 -> 0111 -> 0011 -> 0001
%%      224790.0 ns  Alert  ERROR               TB seq.(uvvm)       assert_shift_one_from_left() => Failed. Last cycle bit was not '1' at the 4-cycle (last cycle). 
%%      224860.0 ns  Log    ID_SEQUENCER        TB seq.             Testing the sequence: 1000 -> 1100 -> 1010 -> 0011 -> 0110 -> 0011 -> 0001
%%      224960.0 ns  Log    ID_SEQUENCER        TB seq.             Testing the sequence: 1000 -> 1100 -> 1010 -> 0011 -> 0111 -> 0011 -> 0001
%%      225060.0 ns  Log    ID_SEQUENCER        TB seq.             Testing the sequence: 1000 -> 1100 -> 1010 -> 0100 -> 0110 -> 0011 -> 0001
%%      225090.0 ns  Alert  ERROR               TB seq.(uvvm)       assert_shift_one_from_left() => Failed. Last cycle bit was not '1' at the 4-cycle (last cycle). 
%%      225160.0 ns  Log    ID_SEQUENCER        TB seq.             Testing the sequence: 1000 -> 1100 -> 1010 -> 0100 -> 0111 -> 0011 -> 0001
%%      225190.0 ns  Alert  ERROR               TB seq.(uvvm)       assert_shift_one_from_left() => Failed. Last cycle bit was not '1' at the 4-cycle (last cycle). 
%%      225260.0 ns  Log    ID_SEQUENCER        TB seq.             Testing the sequence: 1000 -> 1100 -> 1010 -> 0101 -> 0110 -> 0011 -> 0001
%%      225360.0 ns  Log    ID_SEQUENCER        TB seq.             Testing the sequence: 1000 -> 1100 -> 1010 -> 0101 -> 0111 -> 0011 -> 0001
%%      225460.0 ns  Log    ID_SEQUENCER        TB seq.             Testing the sequence: 1000 -> 1100 -> 1010 -> 0110 -> 0110 -> 0011 -> 0001
%%      225490.0 ns  Alert  ERROR               TB seq.(uvvm)       assert_shift_one_from_left() => Failed. Last cycle bit was not '1' at the 4-cycle (last cycle). 
%%      225560.0 ns  Log    ID_SEQUENCER        TB seq.             Testing the sequence: 1000 -> 1100 -> 1010 -> 0110 -> 0111 -> 0011 -> 0001
%%      225590.0 ns  Alert  ERROR               TB seq.(uvvm)       assert_shift_one_from_left() => Failed. Last cycle bit was not '1' at the 4-cycle (last cycle). 
%%      225660.0 ns  Log    ID_SEQUENCER        TB seq.             Testing the sequence: 1000 -> 1100 -> 1010 -> 0111 -> 0110 -> 0011 -> 0001
%%      225760.0 ns  Log    ID_SEQUENCER        TB seq.             Testing the sequence: 1000 -> 1100 -> 1010 -> 0111 -> 0111 -> 0011 -> 0001
%%      225860.0 ns  Log    ID_SEQUENCER        TB seq.             Testing the sequence: 1000 -> 1100 -> 1010 -> 1000 -> 0110 -> 0011 -> 0001
%%      225890.0 ns  Alert  ERROR               TB seq.(uvvm)       assert_shift_one_from_left() => Failed. Last cycle bit was not '1' at the 4-cycle (last cycle). 
%%      225960.0 ns  Log    ID_SEQUENCER        TB seq.             Testing the sequence: 1000 -> 1100 -> 1010 -> 1000 -> 0111 -> 0011 -> 0001
%%      225990.0 ns  Alert  ERROR               TB seq.(uvvm)       assert_shift_one_from_left() => Failed. Last cycle bit was not '1' at the 4-cycle (last cycle). 
%%      226060.0 ns  Log    ID_SEQUENCER        TB seq.             Testing the sequence: 1000 -> 1100 -> 1010 -> 1001 -> 0110 -> 0011 -> 0001
%%      226160.0 ns  Log    ID_SEQUENCER        TB seq.             Testing the sequence: 1000 -> 1100 -> 1010 -> 1001 -> 0111 -> 0011 -> 0001
%%      226260.0 ns  Log    ID_SEQUENCER        TB seq.             Testing the sequence: 1000 -> 1100 -> 1010 -> 1010 -> 0110 -> 0011 -> 0001
%%      226290.0 ns  Alert  ERROR               TB seq.(uvvm)       assert_shift_one_from_left() => Failed. Last cycle bit was not '1' at the 4-cycle (last cycle). 
%%      226360.0 ns  Log    ID_SEQUENCER        TB seq.             Testing the sequence: 1000 -> 1100 -> 1010 -> 1010 -> 0111 -> 0011 -> 0001
%%      226390.0 ns  Alert  ERROR               TB seq.(uvvm)       assert_shift_one_from_left() => Failed. Last cycle bit was not '1' at the 4-cycle (last cycle). 
%%      226460.0 ns  Log    ID_SEQUENCER        TB seq.             Testing the sequence: 1000 -> 1100 -> 1010 -> 1011 -> 0110 -> 0011 -> 0001
%%      226560.0 ns  Log    ID_SEQUENCER        TB seq.             Testing the sequence: 1000 -> 1100 -> 1010 -> 1011 -> 0111 -> 0011 -> 0001
%%      226660.0 ns  Log    ID_SEQUENCER        TB seq.             Testing the sequence: 1000 -> 1100 -> 1010 -> 1100 -> 0110 -> 0011 -> 0001
%%      226690.0 ns  Alert  ERROR               TB seq.(uvvm)       assert_shift_one_from_left() => Failed. Last cycle bit was not '1' at the 4-cycle (last cycle). 
%%      226760.0 ns  Log    ID_SEQUENCER        TB seq.             Testing the sequence: 1000 -> 1100 -> 1010 -> 1100 -> 0111 -> 0011 -> 0001
%%      226790.0 ns  Alert  ERROR               TB seq.(uvvm)       assert_shift_one_from_left() => Failed. Last cycle bit was not '1' at the 4-cycle (last cycle). 
%%      226860.0 ns  Log    ID_SEQUENCER        TB seq.             Testing the sequence: 1000 -> 1100 -> 1010 -> 1101 -> 0110 -> 0011 -> 0001
%%      226960.0 ns  Log    ID_SEQUENCER        TB seq.             Testing the sequence: 1000 -> 1100 -> 1010 -> 1101 -> 0111 -> 0011 -> 0001
%%      227060.0 ns  Log    ID_SEQUENCER        TB seq.             Testing the sequence: 1000 -> 1100 -> 1010 -> 1110 -> 0110 -> 0011 -> 0001
%%      227090.0 ns  Alert  ERROR               TB seq.(uvvm)       assert_shift_one_from_left() => Failed. Last cycle bit was not '1' at the 4-cycle (last cycle). 
%%      227160.0 ns  Log    ID_SEQUENCER        TB seq.             Testing the sequence: 1000 -> 1100 -> 1010 -> 1110 -> 0111 -> 0011 -> 0001
%%      227190.0 ns  Alert  ERROR               TB seq.(uvvm)       assert_shift_one_from_left() => Failed. Last cycle bit was not '1' at the 4-cycle (last cycle). 
%%      227260.0 ns  Log    ID_SEQUENCER        TB seq.             Testing the sequence: 1000 -> 1100 -> 1010 -> 1111 -> 0110 -> 0011 -> 0001
%%      227360.0 ns  Log    ID_SEQUENCER        TB seq.             Testing the sequence: 1000 -> 1100 -> 1010 -> 1111 -> 0111 -> 0011 -> 0001
%%      227460.0 ns  Log    ID_SEQUENCER        TB seq.             Testing the sequence: 1000 -> 1100 -> 1011 -> 0000 -> 0110 -> 0011 -> 0001
%%      227490.0 ns  Alert  ERROR               TB seq.(uvvm)       assert_shift_one_from_left() => Failed. Last cycle bit was not '1' at the 4-cycle (last cycle). 
%%      227560.0 ns  Log    ID_SEQUENCER        TB seq.             Testing the sequence: 1000 -> 1100 -> 1011 -> 0000 -> 0111 -> 0011 -> 0001
%%      227590.0 ns  Alert  ERROR               TB seq.(uvvm)       assert_shift_one_from_left() => Failed. Last cycle bit was not '1' at the 4-cycle (last cycle). 
%%      227660.0 ns  Log    ID_SEQUENCER        TB seq.             Testing the sequence: 1000 -> 1100 -> 1011 -> 0001 -> 0110 -> 0011 -> 0001
%%      227760.0 ns  Log    ID_SEQUENCER        TB seq.             Testing the sequence: 1000 -> 1100 -> 1011 -> 0001 -> 0111 -> 0011 -> 0001
%%      227860.0 ns  Log    ID_SEQUENCER        TB seq.             Testing the sequence: 1000 -> 1100 -> 1011 -> 0010 -> 0110 -> 0011 -> 0001
%%      227890.0 ns  Alert  ERROR               TB seq.(uvvm)       assert_shift_one_from_left() => Failed. Last cycle bit was not '1' at the 4-cycle (last cycle). 
%%      227960.0 ns  Log    ID_SEQUENCER        TB seq.             Testing the sequence: 1000 -> 1100 -> 1011 -> 0010 -> 0111 -> 0011 -> 0001
%%      227990.0 ns  Alert  ERROR               TB seq.(uvvm)       assert_shift_one_from_left() => Failed. Last cycle bit was not '1' at the 4-cycle (last cycle). 
%%      228060.0 ns  Log    ID_SEQUENCER        TB seq.             Testing the sequence: 1000 -> 1100 -> 1011 -> 0011 -> 0110 -> 0011 -> 0001
%%      228160.0 ns  Log    ID_SEQUENCER        TB seq.             Testing the sequence: 1000 -> 1100 -> 1011 -> 0011 -> 0111 -> 0011 -> 0001
%%      228260.0 ns  Log    ID_SEQUENCER        TB seq.             Testing the sequence: 1000 -> 1100 -> 1011 -> 0100 -> 0110 -> 0011 -> 0001
%%      228290.0 ns  Alert  ERROR               TB seq.(uvvm)       assert_shift_one_from_left() => Failed. Last cycle bit was not '1' at the 4-cycle (last cycle). 
%%      228360.0 ns  Log    ID_SEQUENCER        TB seq.             Testing the sequence: 1000 -> 1100 -> 1011 -> 0100 -> 0111 -> 0011 -> 0001
%%      228390.0 ns  Alert  ERROR               TB seq.(uvvm)       assert_shift_one_from_left() => Failed. Last cycle bit was not '1' at the 4-cycle (last cycle). 
%%      228460.0 ns  Log    ID_SEQUENCER        TB seq.             Testing the sequence: 1000 -> 1100 -> 1011 -> 0101 -> 0110 -> 0011 -> 0001
%%      228560.0 ns  Log    ID_SEQUENCER        TB seq.             Testing the sequence: 1000 -> 1100 -> 1011 -> 0101 -> 0111 -> 0011 -> 0001
%%      228660.0 ns  Log    ID_SEQUENCER        TB seq.             Testing the sequence: 1000 -> 1100 -> 1011 -> 0110 -> 0110 -> 0011 -> 0001
%%      228690.0 ns  Alert  ERROR               TB seq.(uvvm)       assert_shift_one_from_left() => Failed. Last cycle bit was not '1' at the 4-cycle (last cycle). 
%%      228760.0 ns  Log    ID_SEQUENCER        TB seq.             Testing the sequence: 1000 -> 1100 -> 1011 -> 0110 -> 0111 -> 0011 -> 0001
%%      228790.0 ns  Alert  ERROR               TB seq.(uvvm)       assert_shift_one_from_left() => Failed. Last cycle bit was not '1' at the 4-cycle (last cycle). 
%%      228860.0 ns  Log    ID_SEQUENCER        TB seq.             Testing the sequence: 1000 -> 1100 -> 1011 -> 0111 -> 0110 -> 0011 -> 0001
%%      228960.0 ns  Log    ID_SEQUENCER        TB seq.             Testing the sequence: 1000 -> 1100 -> 1011 -> 0111 -> 0111 -> 0011 -> 0001
%%      229060.0 ns  Log    ID_SEQUENCER        TB seq.             Testing the sequence: 1000 -> 1100 -> 1011 -> 1000 -> 0110 -> 0011 -> 0001
%%      229090.0 ns  Alert  ERROR               TB seq.(uvvm)       assert_shift_one_from_left() => Failed. Last cycle bit was not '1' at the 4-cycle (last cycle). 
%%      229160.0 ns  Log    ID_SEQUENCER        TB seq.             Testing the sequence: 1000 -> 1100 -> 1011 -> 1000 -> 0111 -> 0011 -> 0001
%%      229190.0 ns  Alert  ERROR               TB seq.(uvvm)       assert_shift_one_from_left() => Failed. Last cycle bit was not '1' at the 4-cycle (last cycle). 
%%      229260.0 ns  Log    ID_SEQUENCER        TB seq.             Testing the sequence: 1000 -> 1100 -> 1011 -> 1001 -> 0110 -> 0011 -> 0001
%%      229360.0 ns  Log    ID_SEQUENCER        TB seq.             Testing the sequence: 1000 -> 1100 -> 1011 -> 1001 -> 0111 -> 0011 -> 0001
%%      229460.0 ns  Log    ID_SEQUENCER        TB seq.             Testing the sequence: 1000 -> 1100 -> 1011 -> 1010 -> 0110 -> 0011 -> 0001
%%      229490.0 ns  Alert  ERROR               TB seq.(uvvm)       assert_shift_one_from_left() => Failed. Last cycle bit was not '1' at the 4-cycle (last cycle). 
%%      229560.0 ns  Log    ID_SEQUENCER        TB seq.             Testing the sequence: 1000 -> 1100 -> 1011 -> 1010 -> 0111 -> 0011 -> 0001
%%      229590.0 ns  Alert  ERROR               TB seq.(uvvm)       assert_shift_one_from_left() => Failed. Last cycle bit was not '1' at the 4-cycle (last cycle). 
%%      229660.0 ns  Log    ID_SEQUENCER        TB seq.             Testing the sequence: 1000 -> 1100 -> 1011 -> 1011 -> 0110 -> 0011 -> 0001
%%      229760.0 ns  Log    ID_SEQUENCER        TB seq.             Testing the sequence: 1000 -> 1100 -> 1011 -> 1011 -> 0111 -> 0011 -> 0001
%%      229860.0 ns  Log    ID_SEQUENCER        TB seq.             Testing the sequence: 1000 -> 1100 -> 1011 -> 1100 -> 0110 -> 0011 -> 0001
%%      229890.0 ns  Alert  ERROR               TB seq.(uvvm)       assert_shift_one_from_left() => Failed. Last cycle bit was not '1' at the 4-cycle (last cycle). 
%%      229960.0 ns  Log    ID_SEQUENCER        TB seq.             Testing the sequence: 1000 -> 1100 -> 1011 -> 1100 -> 0111 -> 0011 -> 0001
%%      229990.0 ns  Alert  ERROR               TB seq.(uvvm)       assert_shift_one_from_left() => Failed. Last cycle bit was not '1' at the 4-cycle (last cycle). 
%%      230060.0 ns  Log    ID_SEQUENCER        TB seq.             Testing the sequence: 1000 -> 1100 -> 1011 -> 1101 -> 0110 -> 0011 -> 0001
%%      230160.0 ns  Log    ID_SEQUENCER        TB seq.             Testing the sequence: 1000 -> 1100 -> 1011 -> 1101 -> 0111 -> 0011 -> 0001
%%      230260.0 ns  Log    ID_SEQUENCER        TB seq.             Testing the sequence: 1000 -> 1100 -> 1011 -> 1110 -> 0110 -> 0011 -> 0001
%%      230290.0 ns  Alert  ERROR               TB seq.(uvvm)       assert_shift_one_from_left() => Failed. Last cycle bit was not '1' at the 4-cycle (last cycle). 
%%      230360.0 ns  Log    ID_SEQUENCER        TB seq.             Testing the sequence: 1000 -> 1100 -> 1011 -> 1110 -> 0111 -> 0011 -> 0001
%%      230390.0 ns  Alert  ERROR               TB seq.(uvvm)       assert_shift_one_from_left() => Failed. Last cycle bit was not '1' at the 4-cycle (last cycle). 
%%      230460.0 ns  Log    ID_SEQUENCER        TB seq.             Testing the sequence: 1000 -> 1100 -> 1011 -> 1111 -> 0110 -> 0011 -> 0001
%%      230560.0 ns  Log    ID_SEQUENCER        TB seq.             Testing the sequence: 1000 -> 1100 -> 1011 -> 1111 -> 0111 -> 0011 -> 0001
%%      230660.0 ns  Log    ID_SEQUENCER        TB seq.             Testing the sequence: 1000 -> 1100 -> 1100 -> 0000 -> 0110 -> 0011 -> 0001
%%      230760.0 ns  Log    ID_SEQUENCER        TB seq.             Testing the sequence: 1000 -> 1100 -> 1100 -> 0000 -> 0111 -> 0011 -> 0001
%%      230860.0 ns  Log    ID_SEQUENCER        TB seq.             Testing the sequence: 1000 -> 1100 -> 1100 -> 0001 -> 0110 -> 0011 -> 0001
%%      230960.0 ns  Log    ID_SEQUENCER        TB seq.             Testing the sequence: 1000 -> 1100 -> 1100 -> 0001 -> 0111 -> 0011 -> 0001
%%      231060.0 ns  Log    ID_SEQUENCER        TB seq.             Testing the sequence: 1000 -> 1100 -> 1100 -> 0010 -> 0110 -> 0011 -> 0001
%%      231160.0 ns  Log    ID_SEQUENCER        TB seq.             Testing the sequence: 1000 -> 1100 -> 1100 -> 0010 -> 0111 -> 0011 -> 0001
%%      231260.0 ns  Log    ID_SEQUENCER        TB seq.             Testing the sequence: 1000 -> 1100 -> 1100 -> 0011 -> 0110 -> 0011 -> 0001
%%      231360.0 ns  Log    ID_SEQUENCER        TB seq.             Testing the sequence: 1000 -> 1100 -> 1100 -> 0011 -> 0111 -> 0011 -> 0001
%%      231460.0 ns  Log    ID_SEQUENCER        TB seq.             Testing the sequence: 1000 -> 1100 -> 1100 -> 0100 -> 0110 -> 0011 -> 0001
%%      231560.0 ns  Log    ID_SEQUENCER        TB seq.             Testing the sequence: 1000 -> 1100 -> 1100 -> 0100 -> 0111 -> 0011 -> 0001
%%      231660.0 ns  Log    ID_SEQUENCER        TB seq.             Testing the sequence: 1000 -> 1100 -> 1100 -> 0101 -> 0110 -> 0011 -> 0001
%%      231760.0 ns  Log    ID_SEQUENCER        TB seq.             Testing the sequence: 1000 -> 1100 -> 1100 -> 0101 -> 0111 -> 0011 -> 0001
%%      231860.0 ns  Log    ID_SEQUENCER        TB seq.             Testing the sequence: 1000 -> 1100 -> 1100 -> 0110 -> 0110 -> 0011 -> 0001
%%      231960.0 ns  Log    ID_SEQUENCER        TB seq.             Testing the sequence: 1000 -> 1100 -> 1100 -> 0110 -> 0111 -> 0011 -> 0001
%%      232060.0 ns  Log    ID_SEQUENCER        TB seq.             Testing the sequence: 1000 -> 1100 -> 1100 -> 0111 -> 0110 -> 0011 -> 0001
%%      232160.0 ns  Log    ID_SEQUENCER        TB seq.             Testing the sequence: 1000 -> 1100 -> 1100 -> 0111 -> 0111 -> 0011 -> 0001
%%      232260.0 ns  Log    ID_SEQUENCER        TB seq.             Testing the sequence: 1000 -> 1100 -> 1100 -> 1000 -> 0110 -> 0011 -> 0001
%%      232360.0 ns  Log    ID_SEQUENCER        TB seq.             Testing the sequence: 1000 -> 1100 -> 1100 -> 1000 -> 0111 -> 0011 -> 0001
%%      232460.0 ns  Log    ID_SEQUENCER        TB seq.             Testing the sequence: 1000 -> 1100 -> 1100 -> 1001 -> 0110 -> 0011 -> 0001
%%      232560.0 ns  Log    ID_SEQUENCER        TB seq.             Testing the sequence: 1000 -> 1100 -> 1100 -> 1001 -> 0111 -> 0011 -> 0001
%%      232660.0 ns  Log    ID_SEQUENCER        TB seq.             Testing the sequence: 1000 -> 1100 -> 1100 -> 1010 -> 0110 -> 0011 -> 0001
%%      232760.0 ns  Log    ID_SEQUENCER        TB seq.             Testing the sequence: 1000 -> 1100 -> 1100 -> 1010 -> 0111 -> 0011 -> 0001
%%      232860.0 ns  Log    ID_SEQUENCER        TB seq.             Testing the sequence: 1000 -> 1100 -> 1100 -> 1011 -> 0110 -> 0011 -> 0001
%%      232960.0 ns  Log    ID_SEQUENCER        TB seq.             Testing the sequence: 1000 -> 1100 -> 1100 -> 1011 -> 0111 -> 0011 -> 0001
%%      233060.0 ns  Log    ID_SEQUENCER        TB seq.             Testing the sequence: 1000 -> 1100 -> 1100 -> 1100 -> 0110 -> 0011 -> 0001
%%      233160.0 ns  Log    ID_SEQUENCER        TB seq.             Testing the sequence: 1000 -> 1100 -> 1100 -> 1100 -> 0111 -> 0011 -> 0001
%%      233260.0 ns  Log    ID_SEQUENCER        TB seq.             Testing the sequence: 1000 -> 1100 -> 1100 -> 1101 -> 0110 -> 0011 -> 0001
%%      233360.0 ns  Log    ID_SEQUENCER        TB seq.             Testing the sequence: 1000 -> 1100 -> 1100 -> 1101 -> 0111 -> 0011 -> 0001
%%      233460.0 ns  Log    ID_SEQUENCER        TB seq.             Testing the sequence: 1000 -> 1100 -> 1100 -> 1110 -> 0110 -> 0011 -> 0001
%%      233560.0 ns  Log    ID_SEQUENCER        TB seq.             Testing the sequence: 1000 -> 1100 -> 1100 -> 1110 -> 0111 -> 0011 -> 0001
%%      233660.0 ns  Log    ID_SEQUENCER        TB seq.             Testing the sequence: 1000 -> 1100 -> 1100 -> 1111 -> 0110 -> 0011 -> 0001
%%      233760.0 ns  Log    ID_SEQUENCER        TB seq.             Testing the sequence: 1000 -> 1100 -> 1100 -> 1111 -> 0111 -> 0011 -> 0001
%%      233860.0 ns  Log    ID_SEQUENCER        TB seq.             Testing the sequence: 1000 -> 1100 -> 1101 -> 0000 -> 0110 -> 0011 -> 0001
%%      233960.0 ns  Log    ID_SEQUENCER        TB seq.             Testing the sequence: 1000 -> 1100 -> 1101 -> 0000 -> 0111 -> 0011 -> 0001
%%      234060.0 ns  Log    ID_SEQUENCER        TB seq.             Testing the sequence: 1000 -> 1100 -> 1101 -> 0001 -> 0110 -> 0011 -> 0001
%%      234160.0 ns  Log    ID_SEQUENCER        TB seq.             Testing the sequence: 1000 -> 1100 -> 1101 -> 0001 -> 0111 -> 0011 -> 0001
%%      234260.0 ns  Log    ID_SEQUENCER        TB seq.             Testing the sequence: 1000 -> 1100 -> 1101 -> 0010 -> 0110 -> 0011 -> 0001
%%      234360.0 ns  Log    ID_SEQUENCER        TB seq.             Testing the sequence: 1000 -> 1100 -> 1101 -> 0010 -> 0111 -> 0011 -> 0001
%%      234460.0 ns  Log    ID_SEQUENCER        TB seq.             Testing the sequence: 1000 -> 1100 -> 1101 -> 0011 -> 0110 -> 0011 -> 0001
%%      234560.0 ns  Log    ID_SEQUENCER        TB seq.             Testing the sequence: 1000 -> 1100 -> 1101 -> 0011 -> 0111 -> 0011 -> 0001
%%      234660.0 ns  Log    ID_SEQUENCER        TB seq.             Testing the sequence: 1000 -> 1100 -> 1101 -> 0100 -> 0110 -> 0011 -> 0001
%%      234760.0 ns  Log    ID_SEQUENCER        TB seq.             Testing the sequence: 1000 -> 1100 -> 1101 -> 0100 -> 0111 -> 0011 -> 0001
%%      234860.0 ns  Log    ID_SEQUENCER        TB seq.             Testing the sequence: 1000 -> 1100 -> 1101 -> 0101 -> 0110 -> 0011 -> 0001
%%      234960.0 ns  Log    ID_SEQUENCER        TB seq.             Testing the sequence: 1000 -> 1100 -> 1101 -> 0101 -> 0111 -> 0011 -> 0001
%%      235060.0 ns  Log    ID_SEQUENCER        TB seq.             Testing the sequence: 1000 -> 1100 -> 1101 -> 0110 -> 0110 -> 0011 -> 0001
%%      235160.0 ns  Log    ID_SEQUENCER        TB seq.             Testing the sequence: 1000 -> 1100 -> 1101 -> 0110 -> 0111 -> 0011 -> 0001
%%      235260.0 ns  Log    ID_SEQUENCER        TB seq.             Testing the sequence: 1000 -> 1100 -> 1101 -> 0111 -> 0110 -> 0011 -> 0001
%%      235360.0 ns  Log    ID_SEQUENCER        TB seq.             Testing the sequence: 1000 -> 1100 -> 1101 -> 0111 -> 0111 -> 0011 -> 0001
%%      235460.0 ns  Log    ID_SEQUENCER        TB seq.             Testing the sequence: 1000 -> 1100 -> 1101 -> 1000 -> 0110 -> 0011 -> 0001
%%      235560.0 ns  Log    ID_SEQUENCER        TB seq.             Testing the sequence: 1000 -> 1100 -> 1101 -> 1000 -> 0111 -> 0011 -> 0001
%%      235660.0 ns  Log    ID_SEQUENCER        TB seq.             Testing the sequence: 1000 -> 1100 -> 1101 -> 1001 -> 0110 -> 0011 -> 0001
%%      235760.0 ns  Log    ID_SEQUENCER        TB seq.             Testing the sequence: 1000 -> 1100 -> 1101 -> 1001 -> 0111 -> 0011 -> 0001
%%      235860.0 ns  Log    ID_SEQUENCER        TB seq.             Testing the sequence: 1000 -> 1100 -> 1101 -> 1010 -> 0110 -> 0011 -> 0001
%%      235960.0 ns  Log    ID_SEQUENCER        TB seq.             Testing the sequence: 1000 -> 1100 -> 1101 -> 1010 -> 0111 -> 0011 -> 0001
%%      236060.0 ns  Log    ID_SEQUENCER        TB seq.             Testing the sequence: 1000 -> 1100 -> 1101 -> 1011 -> 0110 -> 0011 -> 0001
%%      236160.0 ns  Log    ID_SEQUENCER        TB seq.             Testing the sequence: 1000 -> 1100 -> 1101 -> 1011 -> 0111 -> 0011 -> 0001
%%      236260.0 ns  Log    ID_SEQUENCER        TB seq.             Testing the sequence: 1000 -> 1100 -> 1101 -> 1100 -> 0110 -> 0011 -> 0001
%%      236360.0 ns  Log    ID_SEQUENCER        TB seq.             Testing the sequence: 1000 -> 1100 -> 1101 -> 1100 -> 0111 -> 0011 -> 0001
%%      236460.0 ns  Log    ID_SEQUENCER        TB seq.             Testing the sequence: 1000 -> 1100 -> 1101 -> 1101 -> 0110 -> 0011 -> 0001
%%      236560.0 ns  Log    ID_SEQUENCER        TB seq.             Testing the sequence: 1000 -> 1100 -> 1101 -> 1101 -> 0111 -> 0011 -> 0001
%%      236660.0 ns  Log    ID_SEQUENCER        TB seq.             Testing the sequence: 1000 -> 1100 -> 1101 -> 1110 -> 0110 -> 0011 -> 0001
%%      236760.0 ns  Log    ID_SEQUENCER        TB seq.             Testing the sequence: 1000 -> 1100 -> 1101 -> 1110 -> 0111 -> 0011 -> 0001
%%      236860.0 ns  Log    ID_SEQUENCER        TB seq.             Testing the sequence: 1000 -> 1100 -> 1101 -> 1111 -> 0110 -> 0011 -> 0001
%%      236960.0 ns  Log    ID_SEQUENCER        TB seq.             Testing the sequence: 1000 -> 1100 -> 1101 -> 1111 -> 0111 -> 0011 -> 0001
%%      237060.0 ns  Log    ID_SEQUENCER        TB seq.             Testing the sequence: 1000 -> 1100 -> 1110 -> 0000 -> 0110 -> 0011 -> 0001
%%      237090.0 ns  Alert  ERROR               TB seq.(uvvm)       assert_shift_one_from_left() => Failed. Last cycle bit was not '1' at the 4-cycle (last cycle). 
%%      237160.0 ns  Log    ID_SEQUENCER        TB seq.             Testing the sequence: 1000 -> 1100 -> 1110 -> 0000 -> 0111 -> 0011 -> 0001
%%      237190.0 ns  Alert  ERROR               TB seq.(uvvm)       assert_shift_one_from_left() => Failed. Last cycle bit was not '1' at the 4-cycle (last cycle). 
%%      237260.0 ns  Log    ID_SEQUENCER        TB seq.             Testing the sequence: 1000 -> 1100 -> 1110 -> 0001 -> 0110 -> 0011 -> 0001
%%      237360.0 ns  Log    ID_SEQUENCER        TB seq.             Testing the sequence: 1000 -> 1100 -> 1110 -> 0001 -> 0111 -> 0011 -> 0001
%%      237460.0 ns  Log    ID_SEQUENCER        TB seq.             Testing the sequence: 1000 -> 1100 -> 1110 -> 0010 -> 0110 -> 0011 -> 0001
%%      237490.0 ns  Alert  ERROR               TB seq.(uvvm)       assert_shift_one_from_left() => Failed. Last cycle bit was not '1' at the 4-cycle (last cycle). 
%%      237560.0 ns  Log    ID_SEQUENCER        TB seq.             Testing the sequence: 1000 -> 1100 -> 1110 -> 0010 -> 0111 -> 0011 -> 0001
%%      237590.0 ns  Alert  ERROR               TB seq.(uvvm)       assert_shift_one_from_left() => Failed. Last cycle bit was not '1' at the 4-cycle (last cycle). 
%%      237660.0 ns  Log    ID_SEQUENCER        TB seq.             Testing the sequence: 1000 -> 1100 -> 1110 -> 0011 -> 0110 -> 0011 -> 0001
%%      237760.0 ns  Log    ID_SEQUENCER        TB seq.             Testing the sequence: 1000 -> 1100 -> 1110 -> 0011 -> 0111 -> 0011 -> 0001
%%      237860.0 ns  Log    ID_SEQUENCER        TB seq.             Testing the sequence: 1000 -> 1100 -> 1110 -> 0100 -> 0110 -> 0011 -> 0001
%%      237890.0 ns  Alert  ERROR               TB seq.(uvvm)       assert_shift_one_from_left() => Failed. Last cycle bit was not '1' at the 4-cycle (last cycle). 
%%      237960.0 ns  Log    ID_SEQUENCER        TB seq.             Testing the sequence: 1000 -> 1100 -> 1110 -> 0100 -> 0111 -> 0011 -> 0001
%%      237990.0 ns  Alert  ERROR               TB seq.(uvvm)       assert_shift_one_from_left() => Failed. Last cycle bit was not '1' at the 4-cycle (last cycle). 
%%      238060.0 ns  Log    ID_SEQUENCER        TB seq.             Testing the sequence: 1000 -> 1100 -> 1110 -> 0101 -> 0110 -> 0011 -> 0001
%%      238160.0 ns  Log    ID_SEQUENCER        TB seq.             Testing the sequence: 1000 -> 1100 -> 1110 -> 0101 -> 0111 -> 0011 -> 0001
%%      238260.0 ns  Log    ID_SEQUENCER        TB seq.             Testing the sequence: 1000 -> 1100 -> 1110 -> 0110 -> 0110 -> 0011 -> 0001
%%      238290.0 ns  Alert  ERROR               TB seq.(uvvm)       assert_shift_one_from_left() => Failed. Last cycle bit was not '1' at the 4-cycle (last cycle). 
%%      238360.0 ns  Log    ID_SEQUENCER        TB seq.             Testing the sequence: 1000 -> 1100 -> 1110 -> 0110 -> 0111 -> 0011 -> 0001
%%      238390.0 ns  Alert  ERROR               TB seq.(uvvm)       assert_shift_one_from_left() => Failed. Last cycle bit was not '1' at the 4-cycle (last cycle). 
%%      238460.0 ns  Log    ID_SEQUENCER        TB seq.             Testing the sequence: 1000 -> 1100 -> 1110 -> 0111 -> 0110 -> 0011 -> 0001
%%      238560.0 ns  Log    ID_SEQUENCER        TB seq.             Testing the sequence: 1000 -> 1100 -> 1110 -> 0111 -> 0111 -> 0011 -> 0001
%%      238660.0 ns  Log    ID_SEQUENCER        TB seq.             Testing the sequence: 1000 -> 1100 -> 1110 -> 1000 -> 0110 -> 0011 -> 0001
%%      238690.0 ns  Alert  ERROR               TB seq.(uvvm)       assert_shift_one_from_left() => Failed. Last cycle bit was not '1' at the 4-cycle (last cycle). 
%%      238760.0 ns  Log    ID_SEQUENCER        TB seq.             Testing the sequence: 1000 -> 1100 -> 1110 -> 1000 -> 0111 -> 0011 -> 0001
%%      238790.0 ns  Alert  ERROR               TB seq.(uvvm)       assert_shift_one_from_left() => Failed. Last cycle bit was not '1' at the 4-cycle (last cycle). 
%%      238860.0 ns  Log    ID_SEQUENCER        TB seq.             Testing the sequence: 1000 -> 1100 -> 1110 -> 1001 -> 0110 -> 0011 -> 0001
%%      238960.0 ns  Log    ID_SEQUENCER        TB seq.             Testing the sequence: 1000 -> 1100 -> 1110 -> 1001 -> 0111 -> 0011 -> 0001
%%      239060.0 ns  Log    ID_SEQUENCER        TB seq.             Testing the sequence: 1000 -> 1100 -> 1110 -> 1010 -> 0110 -> 0011 -> 0001
%%      239090.0 ns  Alert  ERROR               TB seq.(uvvm)       assert_shift_one_from_left() => Failed. Last cycle bit was not '1' at the 4-cycle (last cycle). 
%%      239160.0 ns  Log    ID_SEQUENCER        TB seq.             Testing the sequence: 1000 -> 1100 -> 1110 -> 1010 -> 0111 -> 0011 -> 0001
%%      239190.0 ns  Alert  ERROR               TB seq.(uvvm)       assert_shift_one_from_left() => Failed. Last cycle bit was not '1' at the 4-cycle (last cycle). 
%%      239260.0 ns  Log    ID_SEQUENCER        TB seq.             Testing the sequence: 1000 -> 1100 -> 1110 -> 1011 -> 0110 -> 0011 -> 0001
%%      239360.0 ns  Log    ID_SEQUENCER        TB seq.             Testing the sequence: 1000 -> 1100 -> 1110 -> 1011 -> 0111 -> 0011 -> 0001
%%      239460.0 ns  Log    ID_SEQUENCER        TB seq.             Testing the sequence: 1000 -> 1100 -> 1110 -> 1100 -> 0110 -> 0011 -> 0001
%%      239490.0 ns  Alert  ERROR               TB seq.(uvvm)       assert_shift_one_from_left() => Failed. Last cycle bit was not '1' at the 4-cycle (last cycle). 
%%      239560.0 ns  Log    ID_SEQUENCER        TB seq.             Testing the sequence: 1000 -> 1100 -> 1110 -> 1100 -> 0111 -> 0011 -> 0001
%%      239590.0 ns  Alert  ERROR               TB seq.(uvvm)       assert_shift_one_from_left() => Failed. Last cycle bit was not '1' at the 4-cycle (last cycle). 
%%      239660.0 ns  Log    ID_SEQUENCER        TB seq.             Testing the sequence: 1000 -> 1100 -> 1110 -> 1101 -> 0110 -> 0011 -> 0001
%%      239760.0 ns  Log    ID_SEQUENCER        TB seq.             Testing the sequence: 1000 -> 1100 -> 1110 -> 1101 -> 0111 -> 0011 -> 0001
%%      239860.0 ns  Log    ID_SEQUENCER        TB seq.             Testing the sequence: 1000 -> 1100 -> 1110 -> 1110 -> 0110 -> 0011 -> 0001
%%      239890.0 ns  Alert  ERROR               TB seq.(uvvm)       assert_shift_one_from_left() => Failed. Last cycle bit was not '1' at the 4-cycle (last cycle). 
%%      239960.0 ns  Log    ID_SEQUENCER        TB seq.             Testing the sequence: 1000 -> 1100 -> 1110 -> 1110 -> 0111 -> 0011 -> 0001
%%      239990.0 ns  Alert  ERROR               TB seq.(uvvm)       assert_shift_one_from_left() => Failed. Last cycle bit was not '1' at the 4-cycle (last cycle). 
%%      240060.0 ns  Log    ID_SEQUENCER        TB seq.             Testing the sequence: 1000 -> 1100 -> 1110 -> 1111 -> 0110 -> 0011 -> 0001
%%      240160.0 ns  Log    ID_SEQUENCER        TB seq.             Testing the sequence: 1000 -> 1100 -> 1110 -> 1111 -> 0111 -> 0011 -> 0001
%%      240260.0 ns  Log    ID_SEQUENCER        TB seq.             Testing the sequence: 1000 -> 1100 -> 1111 -> 0000 -> 0110 -> 0011 -> 0001
%%      240290.0 ns  Alert  ERROR               TB seq.(uvvm)       assert_shift_one_from_left() => Failed. Last cycle bit was not '1' at the 4-cycle (last cycle). 
%%      240360.0 ns  Log    ID_SEQUENCER        TB seq.             Testing the sequence: 1000 -> 1100 -> 1111 -> 0000 -> 0111 -> 0011 -> 0001
%%      240390.0 ns  Alert  ERROR               TB seq.(uvvm)       assert_shift_one_from_left() => Failed. Last cycle bit was not '1' at the 4-cycle (last cycle). 
%%      240460.0 ns  Log    ID_SEQUENCER        TB seq.             Testing the sequence: 1000 -> 1100 -> 1111 -> 0001 -> 0110 -> 0011 -> 0001
%%      240560.0 ns  Log    ID_SEQUENCER        TB seq.             Testing the sequence: 1000 -> 1100 -> 1111 -> 0001 -> 0111 -> 0011 -> 0001
%%      240660.0 ns  Log    ID_SEQUENCER        TB seq.             Testing the sequence: 1000 -> 1100 -> 1111 -> 0010 -> 0110 -> 0011 -> 0001
%%      240690.0 ns  Alert  ERROR               TB seq.(uvvm)       assert_shift_one_from_left() => Failed. Last cycle bit was not '1' at the 4-cycle (last cycle). 
%%      240760.0 ns  Log    ID_SEQUENCER        TB seq.             Testing the sequence: 1000 -> 1100 -> 1111 -> 0010 -> 0111 -> 0011 -> 0001
%%      240790.0 ns  Alert  ERROR               TB seq.(uvvm)       assert_shift_one_from_left() => Failed. Last cycle bit was not '1' at the 4-cycle (last cycle). 
%%      240860.0 ns  Log    ID_SEQUENCER        TB seq.             Testing the sequence: 1000 -> 1100 -> 1111 -> 0011 -> 0110 -> 0011 -> 0001
%%      240960.0 ns  Log    ID_SEQUENCER        TB seq.             Testing the sequence: 1000 -> 1100 -> 1111 -> 0011 -> 0111 -> 0011 -> 0001
%%      241060.0 ns  Log    ID_SEQUENCER        TB seq.             Testing the sequence: 1000 -> 1100 -> 1111 -> 0100 -> 0110 -> 0011 -> 0001
%%      241090.0 ns  Alert  ERROR               TB seq.(uvvm)       assert_shift_one_from_left() => Failed. Last cycle bit was not '1' at the 4-cycle (last cycle). 
%%      241160.0 ns  Log    ID_SEQUENCER        TB seq.             Testing the sequence: 1000 -> 1100 -> 1111 -> 0100 -> 0111 -> 0011 -> 0001
%%      241190.0 ns  Alert  ERROR               TB seq.(uvvm)       assert_shift_one_from_left() => Failed. Last cycle bit was not '1' at the 4-cycle (last cycle). 
%%      241260.0 ns  Log    ID_SEQUENCER        TB seq.             Testing the sequence: 1000 -> 1100 -> 1111 -> 0101 -> 0110 -> 0011 -> 0001
%%      241360.0 ns  Log    ID_SEQUENCER        TB seq.             Testing the sequence: 1000 -> 1100 -> 1111 -> 0101 -> 0111 -> 0011 -> 0001
%%      241460.0 ns  Log    ID_SEQUENCER        TB seq.             Testing the sequence: 1000 -> 1100 -> 1111 -> 0110 -> 0110 -> 0011 -> 0001
%%      241490.0 ns  Alert  ERROR               TB seq.(uvvm)       assert_shift_one_from_left() => Failed. Last cycle bit was not '1' at the 4-cycle (last cycle). 
%%      241560.0 ns  Log    ID_SEQUENCER        TB seq.             Testing the sequence: 1000 -> 1100 -> 1111 -> 0110 -> 0111 -> 0011 -> 0001
%%      241590.0 ns  Alert  ERROR               TB seq.(uvvm)       assert_shift_one_from_left() => Failed. Last cycle bit was not '1' at the 4-cycle (last cycle). 
%%      241660.0 ns  Log    ID_SEQUENCER        TB seq.             Testing the sequence: 1000 -> 1100 -> 1111 -> 0111 -> 0110 -> 0011 -> 0001
%%      241760.0 ns  Log    ID_SEQUENCER        TB seq.             Testing the sequence: 1000 -> 1100 -> 1111 -> 0111 -> 0111 -> 0011 -> 0001
%%      241860.0 ns  Log    ID_SEQUENCER        TB seq.             Testing the sequence: 1000 -> 1100 -> 1111 -> 1000 -> 0110 -> 0011 -> 0001
%%      241890.0 ns  Alert  ERROR               TB seq.(uvvm)       assert_shift_one_from_left() => Failed. Last cycle bit was not '1' at the 4-cycle (last cycle). 
%%      241960.0 ns  Log    ID_SEQUENCER        TB seq.             Testing the sequence: 1000 -> 1100 -> 1111 -> 1000 -> 0111 -> 0011 -> 0001
%%      241990.0 ns  Alert  ERROR               TB seq.(uvvm)       assert_shift_one_from_left() => Failed. Last cycle bit was not '1' at the 4-cycle (last cycle). 
%%      242060.0 ns  Log    ID_SEQUENCER        TB seq.             Testing the sequence: 1000 -> 1100 -> 1111 -> 1001 -> 0110 -> 0011 -> 0001
%%      242160.0 ns  Log    ID_SEQUENCER        TB seq.             Testing the sequence: 1000 -> 1100 -> 1111 -> 1001 -> 0111 -> 0011 -> 0001
%%      242260.0 ns  Log    ID_SEQUENCER        TB seq.             Testing the sequence: 1000 -> 1100 -> 1111 -> 1010 -> 0110 -> 0011 -> 0001
%%      242290.0 ns  Alert  ERROR               TB seq.(uvvm)       assert_shift_one_from_left() => Failed. Last cycle bit was not '1' at the 4-cycle (last cycle). 
%%      242360.0 ns  Log    ID_SEQUENCER        TB seq.             Testing the sequence: 1000 -> 1100 -> 1111 -> 1010 -> 0111 -> 0011 -> 0001
%%      242390.0 ns  Alert  ERROR               TB seq.(uvvm)       assert_shift_one_from_left() => Failed. Last cycle bit was not '1' at the 4-cycle (last cycle). 
%%      242460.0 ns  Log    ID_SEQUENCER        TB seq.             Testing the sequence: 1000 -> 1100 -> 1111 -> 1011 -> 0110 -> 0011 -> 0001
%%      242560.0 ns  Log    ID_SEQUENCER        TB seq.             Testing the sequence: 1000 -> 1100 -> 1111 -> 1011 -> 0111 -> 0011 -> 0001
%%      242660.0 ns  Log    ID_SEQUENCER        TB seq.             Testing the sequence: 1000 -> 1100 -> 1111 -> 1100 -> 0110 -> 0011 -> 0001
%%      242690.0 ns  Alert  ERROR               TB seq.(uvvm)       assert_shift_one_from_left() => Failed. Last cycle bit was not '1' at the 4-cycle (last cycle). 
%%      242760.0 ns  Log    ID_SEQUENCER        TB seq.             Testing the sequence: 1000 -> 1100 -> 1111 -> 1100 -> 0111 -> 0011 -> 0001
%%      242790.0 ns  Alert  ERROR               TB seq.(uvvm)       assert_shift_one_from_left() => Failed. Last cycle bit was not '1' at the 4-cycle (last cycle). 
%%      242860.0 ns  Log    ID_SEQUENCER        TB seq.             Testing the sequence: 1000 -> 1100 -> 1111 -> 1101 -> 0110 -> 0011 -> 0001
%%      242960.0 ns  Log    ID_SEQUENCER        TB seq.             Testing the sequence: 1000 -> 1100 -> 1111 -> 1101 -> 0111 -> 0011 -> 0001
%%      243060.0 ns  Log    ID_SEQUENCER        TB seq.             Testing the sequence: 1000 -> 1100 -> 1111 -> 1110 -> 0110 -> 0011 -> 0001
%%      243090.0 ns  Alert  ERROR               TB seq.(uvvm)       assert_shift_one_from_left() => Failed. Last cycle bit was not '1' at the 4-cycle (last cycle). 
%%      243160.0 ns  Log    ID_SEQUENCER        TB seq.             Testing the sequence: 1000 -> 1100 -> 1111 -> 1110 -> 0111 -> 0011 -> 0001
%%      243190.0 ns  Alert  ERROR               TB seq.(uvvm)       assert_shift_one_from_left() => Failed. Last cycle bit was not '1' at the 4-cycle (last cycle). 
%%      243260.0 ns  Log    ID_SEQUENCER        TB seq.             Testing the sequence: 1000 -> 1100 -> 1111 -> 1111 -> 0110 -> 0011 -> 0001
%%      243360.0 ns  Log    ID_SEQUENCER        TB seq.             Testing the sequence: 1000 -> 1100 -> 1111 -> 1111 -> 0111 -> 0011 -> 0001
%% 
%% 
%%      243460.0 ns  Log    ID_LOG_HDR          TB seq.             Testing pos_ack_kind: EVERY
%% ----------------------------------------------------------------------------------------------------------------------------------------------------------------------------
%%      243460.0 ns  Log    ID_SEQUENCER        TB seq.             Expecting a positive acknowledge on each successful cycle sequence
%%      243540.0 ns  Log    PASSED              TB seq.(uvvm)       assert_shift_one_from_left() => OK. tracked_value '1111' had a full ripple from left to right.
%%      243550.0 ns  Log    PASSED              TB seq.(uvvm)       assert_shift_one_from_left() => OK. tracked_value '0111' had a full ripple from left to right.
%%      243560.0 ns  Log    PASSED              TB seq.(uvvm)       assert_shift_one_from_left() => OK. tracked_value '0011' had a full ripple from left to right.
%%      243570.0 ns  Log    PASSED              TB seq.(uvvm)       assert_shift_one_from_left() => OK. tracked_value '0001' had a full ripple from left to right.
%% 
%% 
%%      243620.0 ns  Log    ID_LOG_HDR          TB seq.             Testing Assertion Enable
%% ----------------------------------------------------------------------------------------------------------------------------------------------------------------------------
%%      243620.0 ns  Log    ID_SEQUENCER        TB seq.             Assertion enabled as cycle sequence is started, expecting alert
%%      243630.0 ns  Alert  ERROR               TB seq.(uvvm)       assert_shift_one_from_left() => Failed (pipeline num:1). tracked_value '0000' was not X1XX at the 2-cycle. 
%%      243680.0 ns  Log    ID_SEQUENCER        TB seq.             Assertion enabled prior to cycle sequence, expecting alert
%%      243700.0 ns  Alert  ERROR               TB seq.(uvvm)       assert_shift_one_from_left() => Failed (pipeline num:1). tracked_value '0000' was not X1XX at the 2-cycle. 
%% 
%% 
%%      243750.0 ns  Log    ID_LOG_HDR          TB seq.             Testing CLK Disabled
%% ----------------------------------------------------------------------------------------------------------------------------------------------------------------------------
%%      243750.0 ns  Log    ID_SEQUENCER        TB seq.             Clock deactivated
%%      243790.0 ns  Log    ID_SEQUENCER        TB seq.             Triggering assertion while clk is disabled, expecting no behavior
%% 
%% ============================================================================================================================================================================
%%  *** INTERMEDIATE SUMMARY OF ALL ALERTS ***
%% ============================================================================================================================================================================
%%      243890.0 ns  DONE   PASSED  assert_shift_one_from_left  Passed: 8  Affirmations Checked: 2046
%%    Expected      Failures: 0  Errors: -2038  Warnings: 0  Passed: 0
%%    VHDL Asserts  Failures: 0  Errors: 0  Warnings: 0  Passed: 0
%%    Default       Failures: 0  Errors: 2038  Warnings: 0  Passed: 0
%%    OSVVM         Failures: 0  Errors: 0  Warnings: 0  Passed: 0
%% ============================================================================================================================================================================
%% 
%% 
%% 
%%      243890.0 ns  Log    ID_LOG_HDR          TB seq.(uvvm)       SIMULATION COMPLETED
%% ----------------------------------------------------------------------------------------------------------------------------------------------------------------------------
