%%      0 ns    Log    ID_CONSTRUCTOR      AXISTREAM_VVC,0     VVC instantiated.
%%      0 ns    Log    ID_CONSTRUCTOR_SUB  AXISTREAM_VVC,0     Command queue instantiated and will give a warning when reaching 1000 elements in queue.
%%      0 ns    Log    ID_CONSTRUCTOR_SUB  AXISTREAM_VVC,0     Result queue instantiated and will give a warning when reaching 1000 elements in queue.
%%      0 ns    Log    ID_CONSTRUCTOR      AXISTREAM_VVC,1     VVC instantiated.
%%      0 ns    Log    ID_CONSTRUCTOR_SUB  AXISTREAM_VVC,1     Command queue instantiated and will give a warning when reaching 1000 elements in queue.
%%      0 ns    Log    ID_CONSTRUCTOR_SUB  AXISTREAM_VVC,1     Result queue instantiated and will give a warning when reaching 1000 elements in queue.
%%      0 ns    Log    ID_CONSTRUCTOR      AXISTREAM_VVC,2     VVC instantiated.
%%      0 ns    Log    ID_CONSTRUCTOR_SUB  AXISTREAM_VVC,2     Command queue instantiated and will give a warning when reaching 1000 elements in queue.
%%      0 ns    Log    ID_CONSTRUCTOR_SUB  AXISTREAM_VVC,2     Result queue instantiated and will give a warning when reaching 1000 elements in queue.
%%      0 ns    Log    ID_CONSTRUCTOR      AXISTREAM_VVC,3     VVC instantiated.
%%      0 ns    Log    ID_CONSTRUCTOR_SUB  AXISTREAM_VVC,3     Command queue instantiated and will give a warning when reaching 1000 elements in queue.
%%      0 ns    Log    ID_CONSTRUCTOR_SUB  AXISTREAM_VVC,3     Result queue instantiated and will give a warning when reaching 1000 elements in queue.
%%      0 ns    Log    ID_CMD_INTERPRETER  AXISTREAM_VVC,0     Interpreter: Waiting for command
%%      0 ns    Log    ID_CMD_INTERPRETER  AXISTREAM_VVC,1     Interpreter: Waiting for command
%%      0 ns    Log    ID_CMD_INTERPRETER  AXISTREAM_VVC,2     Interpreter: Waiting for command
%%      0 ns    Log    ID_CMD_INTERPRETER  AXISTREAM_VVC,3     Interpreter: Waiting for command
%%      
%%      -----------------------------------------------------------------------------------------------------------------------------------------------------------------------
%%      ***  REPORT OF GLOBAL CTRL ***
%%      -----------------------------------------------------------------------------------------------------------------------------------------------------------------------
%%                                IGNORE    STOP_LIMIT
%%                NOTE         :  REGARD    integer'high
%%                TB_NOTE      :  REGARD    integer'high
%%                WARNING      :  REGARD    integer'high
%%                TB_WARNING   :  REGARD    integer'high
%%                MANUAL_CHECK :  REGARD    integer'high
%%                ERROR        :  REGARD    integer'high
%%                TB_ERROR     :  REGARD    integer'high
%%                FAILURE      :  REGARD         1
%%                TB_FAILURE   :  REGARD         1
%%      -----------------------------------------------------------------------------------------------------------------------------------------------------------------------
%%      
%%      
%%      -----------------------------------------------------------------------------------------------------------------------------------------------------------------------
%%      ***  REPORT OF MSG ID PANEL ***
%%      -----------------------------------------------------------------------------------------------------------------------------------------------------------------------
%%                ID                             Status
%%                ------------------------       ------
%%                ID_UTIL_BURIED               : DISABLED
%%                ID_BITVIS_DEBUG              : DISABLED
%%                ID_UTIL_SETUP                : ENABLED
%%                ID_LOG_MSG_CTRL              : ENABLED
%%                ID_ALERT_CTRL                : ENABLED
%%                ID_FINISH_OR_STOP            : ENABLED
%%                ID_CLOCK_GEN                 : ENABLED
%%                ID_GEN_PULSE                 : ENABLED
%%                ID_BLOCKING                  : ENABLED
%%                ID_WATCHDOG                  : ENABLED
%%                ID_RAND_GEN                  : DISABLED
%%                ID_RAND_CONF                 : DISABLED
%%                ID_FUNC_COV_BINS             : DISABLED
%%                ID_FUNC_COV_BINS_INFO        : DISABLED
%%                ID_FUNC_COV_RAND             : DISABLED
%%                ID_FUNC_COV_SAMPLE           : DISABLED
%%                ID_FUNC_COV_CONFIG           : DISABLED
%%                ID_POS_ACK                   : ENABLED
%%                ID_UVVM_ASSERTION            : ENABLED
%%                ID_LOG_HDR                   : ENABLED
%%                ID_LOG_HDR_LARGE             : ENABLED
%%                ID_LOG_HDR_XL                : ENABLED
%%                ID_SEQUENCER                 : ENABLED
%%                ID_SEQUENCER_SUB             : ENABLED
%%                ID_BFM                       : ENABLED
%%                ID_BFM_WAIT                  : ENABLED
%%                ID_BFM_POLL                  : ENABLED
%%                ID_BFM_POLL_SUMMARY          : ENABLED
%%                ID_CHANNEL_BFM               : ENABLED
%%                ID_TERMINATE_CMD             : ENABLED
%%                ID_SEGMENT_INITIATE          : ENABLED
%%                ID_SEGMENT_COMPLETE          : ENABLED
%%                ID_SEGMENT_HDR               : ENABLED
%%                ID_SEGMENT_DATA              : ENABLED
%%                ID_PACKET_INITIATE           : ENABLED
%%                ID_PACKET_PREAMBLE           : ENABLED
%%                ID_PACKET_COMPLETE           : ENABLED
%%                ID_PACKET_HDR                : ENABLED
%%                ID_PACKET_DATA               : ENABLED
%%                ID_PACKET_CHECKSUM           : ENABLED
%%                ID_PACKET_GAP                : ENABLED
%%                ID_PACKET_PAYLOAD            : ENABLED
%%                ID_FRAME_INITIATE            : ENABLED
%%                ID_FRAME_COMPLETE            : ENABLED
%%                ID_FRAME_HDR                 : ENABLED
%%                ID_FRAME_DATA                : ENABLED
%%                ID_COVERAGE_MAKEBIN          : DISABLED
%%                ID_COVERAGE_ADDBIN           : DISABLED
%%                ID_COVERAGE_ICOVER           : DISABLED
%%                ID_COVERAGE_CONFIG           : ENABLED
%%                ID_COVERAGE_SUMMARY          : ENABLED
%%                ID_COVERAGE_HOLES            : ENABLED
%%                ID_UVVM_SEND_CMD             : ENABLED
%%                ID_UVVM_CMD_ACK              : ENABLED
%%                ID_UVVM_CMD_RESULT           : ENABLED
%%                ID_CMD_INTERPRETER           : ENABLED
%%                ID_CMD_INTERPRETER_WAIT      : ENABLED
%%                ID_IMMEDIATE_CMD             : ENABLED
%%                ID_IMMEDIATE_CMD_WAIT        : ENABLED
%%                ID_CMD_EXECUTOR              : ENABLED
%%                ID_CMD_EXECUTOR_WAIT         : ENABLED
%%                ID_CHANNEL_EXECUTOR          : ENABLED
%%                ID_CHANNEL_EXECUTOR_WAIT     : ENABLED
%%                ID_NEW_HVVC_CMD_SEQ          : ENABLED
%%                ID_INSERTED_DELAY            : ENABLED
%%                ID_OLD_AWAIT_COMPLETION      : ENABLED
%%                ID_AWAIT_COMPLETION          : ENABLED
%%                ID_AWAIT_COMPLETION_LIST     : ENABLED
%%                ID_AWAIT_COMPLETION_WAIT     : ENABLED
%%                ID_AWAIT_COMPLETION_END      : ENABLED
%%                ID_AWAIT_UVVM_COMPLETION     : ENABLED
%%                ID_UVVM_DATA_QUEUE           : ENABLED
%%                ID_CONSTRUCTOR               : ENABLED
%%                ID_CONSTRUCTOR_SUB           : ENABLED
%%                ID_VVC_ACTIVITY              : ENABLED
%%                ID_MONITOR                   : ENABLED
%%                ID_MONITOR_ERROR             : ENABLED
%%                ID_DATA                      : ENABLED
%%                ID_CTRL                      : ENABLED
%%                ID_SPEC_COV_INIT             : ENABLED
%%                ID_SPEC_COV_REQS             : ENABLED
%%                ID_SPEC_COV                  : ENABLED
%%                ID_FILE_OPEN_CLOSE           : ENABLED
%%                ID_FILE_PARSER               : ENABLED
%%      -----------------------------------------------------------------------------------------------------------------------------------------------------------------------
%%      
%%      0 ns    Log    ID_LOG_MSG_CTRL     TB seq.             disable_log_msg(ALL_MESSAGES).
%%      0 ns    Log    ID_LOG_MSG_CTRL     TB seq.             enable_log_msg(ID_LOG_HDR).
%%      0 ns    Log    ID_LOG_MSG_CTRL     TB seq.             enable_log_msg(ID_SEQUENCER).
%%      0 ns    Log    ID_CMD_EXECUTOR_WA  AXISTREAM_VVC,0     Executor: Waiting for command
%%      0 ns    Log    ID_CMD_EXECUTOR_WA  AXISTREAM_VVC,1     Executor: Waiting for command
%%      0 ns    Log    ID_CMD_EXECUTOR_WA  AXISTREAM_VVC,2     Executor: Waiting for command
%%      0 ns    Log    ID_CMD_EXECUTOR_WA  AXISTREAM_VVC,3     Executor: Waiting for command
%%      0 ns    Log    ID_CMD_INTERPRETER  AXISTREAM_VVC,0     disable_log_msg(AXISTREAM_VVC,0, ALL_MESSAGES). Command received  [1]
%%      0 ns    Log    ID_LOG_MSG_CTRL     AXISTREAM_VVC,0     disable_log_msg(ALL_MESSAGES). ' [1]'
%%      0 ns    Log    ID_CMD_INTERPRETER  AXISTREAM_VVC,1     disable_log_msg(AXISTREAM_VVC,1, ALL_MESSAGES). Command received  [2]
%%      0 ns    Log    ID_LOG_MSG_CTRL     AXISTREAM_VVC,1     disable_log_msg(ALL_MESSAGES). ' [2]'
%%      0 ns    Log    ID_CMD_INTERPRETER  AXISTREAM_VVC,2     disable_log_msg(AXISTREAM_VVC,2, ID_PACKET_DATA). Command received  [3]
%%      0 ns    Log    ID_LOG_MSG_CTRL     AXISTREAM_VVC,2     disable_log_msg(ID_PACKET_DATA). ' [3]'
%%      0 ns    Log    ID_CMD_INTERPRETER  AXISTREAM_VVC,2     Interpreter: Waiting for command
%%      0 ns    Log    ID_CMD_INTERPRETER  AXISTREAM_VVC,3     disable_log_msg(AXISTREAM_VVC,3, ID_PACKET_DATA). Command received  [4]
%%      0 ns    Log    ID_LOG_MSG_CTRL     AXISTREAM_VVC,3     disable_log_msg(ID_PACKET_DATA). ' [4]'
%% 
%% 
%%      0 ns    Log    ID_LOG_HDR          TB seq.             Start Simulation of AXI-Stream
%% ----------------------------------------------------------------------------------------------------------------------------------------------------------------------------
%%      0 ns    Log    ID_CMD_INTERPRETER  AXISTREAM_VVC,3     Interpreter: Waiting for command
%% 
%% 
%%    100 ns    Log    ID_LOG_HDR          TB seq.             TC: axistream VVC Master (VVC_IDX=2) transmits short packet directly to VVC Slave (VVC_IDX=3)
%% ----------------------------------------------------------------------------------------------------------------------------------------------------------------------------
%%    100 ns    Log    ID_CMD_INTERPRETER  AXISTREAM_VVC,2     axistream_transmit(AXISTREAM_VVC,2,     1 words). Command received  [5]
%%    100 ns    Log    ID_CMD_EXECUTOR     AXISTREAM_VVC,2     axistream_transmit(AXISTREAM_VVC,2,     1 words) - Will be executed  [5]
%%    100 ns    Log    ID_CMD_INTERPRETER  AXISTREAM_VVC,2     Interpreter: Waiting for command
%%    100 ns    Log    ID_CMD_INTERPRETER  AXISTREAM_VVC,3     axistream_expect(AXISTREAM_VVC,3,     1 words). Command received  [6]
%%    100 ns    Log    ID_CMD_EXECUTOR     AXISTREAM_VVC,3     axistream_expect(AXISTREAM_VVC,3,     1 words) - Will be executed  [6]
%%    100 ns    Log    ID_CMD_INTERPRETER  AXISTREAM_VVC,3     Interpreter: Waiting for command
%%    100 ns    Log    ID_CMD_INTERPRETER  AXISTREAM_VVC,2     axistream_transmit(AXISTREAM_VVC,2,     1 words). Command received  [7]
%%    100 ns    Log    ID_CMD_INTERPRETER  AXISTREAM_VVC,2     Interpreter: Waiting for command
%%    100 ns    Log    ID_CMD_INTERPRETER  AXISTREAM_VVC,3     axistream_expect(AXISTREAM_VVC,3,     1 words). Command received  [8]
%%    100 ns    Log    ID_CMD_INTERPRETER  AXISTREAM_VVC,3     Interpreter: Waiting for command
%%    100 ns    Log    ID_CMD_INTERPRETER  AXISTREAM_VVC,2     axistream_transmit(AXISTREAM_VVC,2,     1 words). Command received  [9]
%%    100 ns    Log    ID_CMD_INTERPRETER  AXISTREAM_VVC,2     Interpreter: Waiting for command
%%    100 ns    Log    ID_CMD_INTERPRETER  AXISTREAM_VVC,3     axistream_expect(AXISTREAM_VVC,3,     1 words). Command received  [10]
%%    100 ns    Log    ID_CMD_INTERPRETER  AXISTREAM_VVC,3     Interpreter: Waiting for command
%%    100 ns    Log    ID_CMD_INTERPRETER  AXISTREAM_VVC,2     axistream_transmit(AXISTREAM_VVC,2,     1 words). Command received  [11]
%%    100 ns    Log    ID_CMD_INTERPRETER  AXISTREAM_VVC,2     Interpreter: Waiting for command
%%    100 ns    Log    ID_CMD_INTERPRETER  AXISTREAM_VVC,3     axistream_expect(AXISTREAM_VVC,3,     1 words). Command received  [12]
%% 
%% 
%%    100 ns    Log    ID_LOG_HDR          TB seq.             TC: axistream VVC Master (VVC_IDX=2) transmits short SLV packet directly to VVC Slave (VVC_IDX=3)
%% ----------------------------------------------------------------------------------------------------------------------------------------------------------------------------
%%    100 ns    Log    ID_CMD_INTERPRETER  AXISTREAM_VVC,3     Interpreter: Waiting for command
%%    100 ns    Log    ID_CMD_INTERPRETER  AXISTREAM_VVC,2     axistream_transmit(AXISTREAM_VVC,2,     1 words). Command received  [13]
%%    100 ns    Log    ID_CMD_INTERPRETER  AXISTREAM_VVC,2     Interpreter: Waiting for command
%%    100 ns    Log    ID_CMD_INTERPRETER  AXISTREAM_VVC,3     axistream_expect(AXISTREAM_VVC,3,     1 words). Command received  [14]
%%    100 ns    Log    ID_CMD_INTERPRETER  AXISTREAM_VVC,3     Interpreter: Waiting for command
%%    100 ns    Log    ID_CMD_INTERPRETER  AXISTREAM_VVC,2     axistream_transmit(AXISTREAM_VVC,2,     1 words). Command received  [15]
%%    100 ns    Log    ID_CMD_INTERPRETER  AXISTREAM_VVC,2     Interpreter: Waiting for command
%%    100 ns    Log    ID_CMD_INTERPRETER  AXISTREAM_VVC,3     axistream_expect(AXISTREAM_VVC,3,     1 words). Command received  [16]
%%    100 ns    Log    ID_CMD_INTERPRETER  AXISTREAM_VVC,3     Interpreter: Waiting for command
%%    100 ns    Log    ID_CMD_INTERPRETER  AXISTREAM_VVC,2     axistream_transmit(AXISTREAM_VVC,2,     1 words). Command received  [17]
%%    100 ns    Log    ID_CMD_INTERPRETER  AXISTREAM_VVC,2     Interpreter: Waiting for command
%%    100 ns    Log    ID_CMD_INTERPRETER  AXISTREAM_VVC,3     axistream_expect(AXISTREAM_VVC,3,     1 words). Command received  [18]
%%    100 ns    Log    ID_CMD_INTERPRETER  AXISTREAM_VVC,3     Interpreter: Waiting for command
%%    100 ns    Log    ID_CMD_INTERPRETER  AXISTREAM_VVC,2     axistream_transmit(AXISTREAM_VVC,2,     1 words). Command received  [19]
%%    100 ns    Log    ID_CMD_INTERPRETER  AXISTREAM_VVC,2     Interpreter: Waiting for command
%%    100 ns    Log    ID_CMD_INTERPRETER  AXISTREAM_VVC,3     axistream_expect(AXISTREAM_VVC,3,     1 words). Command received  [20]
%% 
%% 
%%    100 ns    Log    ID_LOG_HDR          TB seq.             TC: axistream VVC Master (VVC_IDX=2) transmits long packet directly to VVC Slave (VVC_IDX=3)
%% ----------------------------------------------------------------------------------------------------------------------------------------------------------------------------
%%    100 ns    Log    ID_CMD_INTERPRETER  AXISTREAM_VVC,3     Interpreter: Waiting for command
%%    100 ns    Log    ID_CMD_INTERPRETER  AXISTREAM_VVC,2     axistream_transmit(AXISTREAM_VVC,2,   100 words). Command received  [21]
%%    100 ns    Log    ID_CMD_INTERPRETER  AXISTREAM_VVC,2     Interpreter: Waiting for command
%%    100 ns    Log    ID_CMD_INTERPRETER  AXISTREAM_VVC,3     axistream_expect(AXISTREAM_VVC,3,   100 words). Command received  [22]
%%    100 ns    Log    ID_CMD_INTERPRETER  AXISTREAM_VVC,3     Interpreter: Waiting for command
%%    100 ns    Log    ID_CMD_INTERPRETER  AXISTREAM_VVC,2     axistream_transmit(AXISTREAM_VVC,2,   100 words). Command received  [23]
%%    100 ns    Log    ID_CMD_INTERPRETER  AXISTREAM_VVC,2     Interpreter: Waiting for command
%%    100 ns    Log    ID_CMD_INTERPRETER  AXISTREAM_VVC,3     axistream_expect(AXISTREAM_VVC,3,   100 words). Command received  [24]
%%    100 ns    Log    ID_CMD_INTERPRETER  AXISTREAM_VVC,3     Interpreter: Waiting for command
%%    100 ns    Log    ID_CMD_INTERPRETER  AXISTREAM_VVC,2     axistream_transmit(AXISTREAM_VVC,2,   100 words). Command received  [25]
%%    100 ns    Log    ID_CMD_INTERPRETER  AXISTREAM_VVC,2     Interpreter: Waiting for command
%%    100 ns    Log    ID_CMD_INTERPRETER  AXISTREAM_VVC,3     axistream_expect(AXISTREAM_VVC,3,   100 words). Command received  [26]
%%    100 ns    Log    ID_CMD_INTERPRETER  AXISTREAM_VVC,3     Interpreter: Waiting for command
%%    100 ns    Log    ID_CMD_INTERPRETER  AXISTREAM_VVC,2     axistream_transmit(AXISTREAM_VVC,2,   100 words). Command received  [27]
%%    100 ns    Log    ID_CMD_INTERPRETER  AXISTREAM_VVC,2     Interpreter: Waiting for command
%%    100 ns    Log    ID_CMD_INTERPRETER  AXISTREAM_VVC,3     axistream_expect(AXISTREAM_VVC,3,   100 words). Command received  [28]
%%    100 ns    Log    ID_CMD_INTERPRETER  AXISTREAM_VVC,3     Interpreter: Waiting for command
%%    100 ns    Log    ID_CMD_INTERPRETER  AXISTREAM_VVC,2     axistream_transmit(AXISTREAM_VVC,2,    79 words). Command received  [29]
%%    100 ns    Log    ID_CMD_INTERPRETER  AXISTREAM_VVC,2     Interpreter: Waiting for command
%%    100 ns    Log    ID_CMD_INTERPRETER  AXISTREAM_VVC,3     axistream_expect(AXISTREAM_VVC,3,    79 words). Command received  [30]
%%    100 ns    Log    ID_CMD_INTERPRETER  AXISTREAM_VVC,3     Interpreter: Waiting for command
%%    100 ns    Log    ID_CMD_INTERPRETER  AXISTREAM_VVC,2     axistream_transmit(AXISTREAM_VVC,2,    79 words). Command received  [31]
%%    100 ns    Log    ID_CMD_INTERPRETER  AXISTREAM_VVC,2     Interpreter: Waiting for command
%%    100 ns    Log    ID_CMD_INTERPRETER  AXISTREAM_VVC,3     axistream_expect(AXISTREAM_VVC,3,    79 words). Command received  [32]
%%    100 ns    Log    ID_CMD_INTERPRETER  AXISTREAM_VVC,3     Interpreter: Waiting for command
%%    100 ns    Log    ID_CMD_INTERPRETER  AXISTREAM_VVC,2     axistream_transmit(AXISTREAM_VVC,2,    79 words). Command received  [33]
%%    100 ns    Log    ID_CMD_INTERPRETER  AXISTREAM_VVC,2     Interpreter: Waiting for command
%%    100 ns    Log    ID_CMD_INTERPRETER  AXISTREAM_VVC,3     axistream_expect(AXISTREAM_VVC,3,    79 words). Command received  [34]
%%    100 ns    Log    ID_CMD_INTERPRETER  AXISTREAM_VVC,3     Interpreter: Waiting for command
%%    100 ns    Log    ID_CMD_INTERPRETER  AXISTREAM_VVC,2     axistream_transmit(AXISTREAM_VVC,2,    79 words). Command received  [35]
%%    100 ns    Log    ID_CMD_INTERPRETER  AXISTREAM_VVC,2     Interpreter: Waiting for command
%%    100 ns    Log    ID_CMD_INTERPRETER  AXISTREAM_VVC,3     axistream_expect(AXISTREAM_VVC,3,    79 words). Command received  [36]
%%    100 ns    Log    ID_CMD_INTERPRETER  AXISTREAM_VVC,3     Interpreter: Waiting for command
%%    100 ns    Log    ID_CMD_INTERPRETER  AXISTREAM_VVC,2     axistream_transmit(AXISTREAM_VVC,2,    20 words). Command received  [37]
%%    100 ns    Log    ID_CMD_INTERPRETER  AXISTREAM_VVC,2     Interpreter: Waiting for command
%%    100 ns    Log    ID_CMD_INTERPRETER  AXISTREAM_VVC,3     axistream_expect(AXISTREAM_VVC,3,    20 words). Command received  [38]
%%    100 ns    Log    ID_CMD_INTERPRETER  AXISTREAM_VVC,3     Interpreter: Waiting for command
%%    100 ns    Log    ID_CMD_INTERPRETER  AXISTREAM_VVC,2     axistream_transmit(AXISTREAM_VVC,2,    20 words). Command received  [39]
%%    100 ns    Log    ID_CMD_INTERPRETER  AXISTREAM_VVC,2     Interpreter: Waiting for command
%%    100 ns    Log    ID_CMD_INTERPRETER  AXISTREAM_VVC,3     axistream_expect(AXISTREAM_VVC,3,    20 words). Command received  [40]
%%    100 ns    Log    ID_CMD_INTERPRETER  AXISTREAM_VVC,3     Interpreter: Waiting for command
%%    100 ns    Log    ID_CMD_INTERPRETER  AXISTREAM_VVC,2     axistream_transmit(AXISTREAM_VVC,2,    20 words). Command received  [41]
%%    100 ns    Log    ID_CMD_INTERPRETER  AXISTREAM_VVC,2     Interpreter: Waiting for command
%%    100 ns    Log    ID_CMD_INTERPRETER  AXISTREAM_VVC,3     axistream_expect(AXISTREAM_VVC,3,    20 words). Command received  [42]
%%    100 ns    Log    ID_CMD_INTERPRETER  AXISTREAM_VVC,3     Interpreter: Waiting for command
%%    100 ns    Log    ID_CMD_INTERPRETER  AXISTREAM_VVC,2     axistream_transmit(AXISTREAM_VVC,2,    20 words). Command received  [43]
%%    100 ns    Log    ID_CMD_INTERPRETER  AXISTREAM_VVC,2     Interpreter: Waiting for command
%%    100 ns    Log    ID_CMD_INTERPRETER  AXISTREAM_VVC,3     axistream_expect(AXISTREAM_VVC,3,    20 words). Command received  [44]
%%    100 ns    Log    ID_CMD_INTERPRETER  AXISTREAM_VVC,3     Interpreter: Waiting for command
%%    100 ns    Log    ID_CMD_INTERPRETER  AXISTREAM_VVC,2     axistream_transmit(AXISTREAM_VVC,2,    27 words). Command received  [45]
%%    100 ns    Log    ID_CMD_INTERPRETER  AXISTREAM_VVC,2     Interpreter: Waiting for command
%%    100 ns    Log    ID_CMD_INTERPRETER  AXISTREAM_VVC,3     axistream_expect(AXISTREAM_VVC,3,    27 words). Command received  [46]
%%    100 ns    Log    ID_CMD_INTERPRETER  AXISTREAM_VVC,3     Interpreter: Waiting for command
%%    100 ns    Log    ID_CMD_INTERPRETER  AXISTREAM_VVC,2     axistream_transmit(AXISTREAM_VVC,2,    27 words). Command received  [47]
%%    100 ns    Log    ID_CMD_INTERPRETER  AXISTREAM_VVC,2     Interpreter: Waiting for command
%%    100 ns    Log    ID_CMD_INTERPRETER  AXISTREAM_VVC,3     axistream_expect(AXISTREAM_VVC,3,    27 words). Command received  [48]
%%    100 ns    Log    ID_CMD_INTERPRETER  AXISTREAM_VVC,3     Interpreter: Waiting for command
%%    100 ns    Log    ID_CMD_INTERPRETER  AXISTREAM_VVC,2     axistream_transmit(AXISTREAM_VVC,2,    27 words). Command received  [49]
%%    100 ns    Log    ID_CMD_INTERPRETER  AXISTREAM_VVC,2     Interpreter: Waiting for command
%%    100 ns    Log    ID_CMD_INTERPRETER  AXISTREAM_VVC,3     axistream_expect(AXISTREAM_VVC,3,    27 words). Command received  [50]
%%    100 ns    Log    ID_CMD_INTERPRETER  AXISTREAM_VVC,3     Interpreter: Waiting for command
%%    100 ns    Log    ID_CMD_INTERPRETER  AXISTREAM_VVC,2     axistream_transmit(AXISTREAM_VVC,2,    27 words). Command received  [51]
%%    100 ns    Log    ID_CMD_INTERPRETER  AXISTREAM_VVC,2     Interpreter: Waiting for command
%%    100 ns    Log    ID_CMD_INTERPRETER  AXISTREAM_VVC,3     axistream_expect(AXISTREAM_VVC,3,    27 words). Command received  [52]
%%    100 ns    Log    ID_CMD_INTERPRETER  AXISTREAM_VVC,3     Interpreter: Waiting for command
%%    100 ns    Log    ID_CMD_INTERPRETER  AXISTREAM_VVC,2     axistream_transmit(AXISTREAM_VVC,2,    81 words). Command received  [53]
%%    100 ns    Log    ID_CMD_INTERPRETER  AXISTREAM_VVC,2     Interpreter: Waiting for command
%%    100 ns    Log    ID_CMD_INTERPRETER  AXISTREAM_VVC,3     axistream_expect(AXISTREAM_VVC,3,    81 words). Command received  [54]
%%    100 ns    Log    ID_CMD_INTERPRETER  AXISTREAM_VVC,3     Interpreter: Waiting for command
%%    100 ns    Log    ID_CMD_INTERPRETER  AXISTREAM_VVC,2     axistream_transmit(AXISTREAM_VVC,2,    81 words). Command received  [55]
%%    100 ns    Log    ID_CMD_INTERPRETER  AXISTREAM_VVC,2     Interpreter: Waiting for command
%%    100 ns    Log    ID_CMD_INTERPRETER  AXISTREAM_VVC,3     axistream_expect(AXISTREAM_VVC,3,    81 words). Command received  [56]
%%    100 ns    Log    ID_CMD_INTERPRETER  AXISTREAM_VVC,3     Interpreter: Waiting for command
%%    100 ns    Log    ID_CMD_INTERPRETER  AXISTREAM_VVC,2     axistream_transmit(AXISTREAM_VVC,2,    81 words). Command received  [57]
%%    100 ns    Log    ID_CMD_INTERPRETER  AXISTREAM_VVC,2     Interpreter: Waiting for command
%%    100 ns    Log    ID_CMD_INTERPRETER  AXISTREAM_VVC,3     axistream_expect(AXISTREAM_VVC,3,    81 words). Command received  [58]
%%    100 ns    Log    ID_CMD_INTERPRETER  AXISTREAM_VVC,3     Interpreter: Waiting for command
%%    100 ns    Log    ID_CMD_INTERPRETER  AXISTREAM_VVC,2     axistream_transmit(AXISTREAM_VVC,2,    81 words). Command received  [59]
%%    100 ns    Log    ID_CMD_INTERPRETER  AXISTREAM_VVC,2     Interpreter: Waiting for command
%%    100 ns    Log    ID_CMD_INTERPRETER  AXISTREAM_VVC,3     axistream_expect(AXISTREAM_VVC,3,    81 words). Command received  [60]
%% 
%% 
%%    100 ns    Log    ID_LOG_HDR          TB seq.             include tuser test. VVC Master (VVC_IDX=2) transmits directly to VVC Slave (VVC_IDX=3)
%% ----------------------------------------------------------------------------------------------------------------------------------------------------------------------------
%%    100 ns    Log    ID_CMD_INTERPRETER  AXISTREAM_VVC,3     Interpreter: Waiting for command
%%    100 ns    Log    ID_CMD_INTERPRETER  AXISTREAM_VVC,2     axistream_transmit(AXISTREAM_VVC,2,    71 words). Command received  [61]
%%    100 ns    Log    ID_CMD_INTERPRETER  AXISTREAM_VVC,2     Interpreter: Waiting for command
%%    100 ns    Log    ID_CMD_INTERPRETER  AXISTREAM_VVC,3     axistream_expect(AXISTREAM_VVC,3,    71 words). Command received  [62]
%%    100 ns    Log    ID_CMD_INTERPRETER  AXISTREAM_VVC,3     Interpreter: Waiting for command
%%    100 ns    Log    ID_CMD_INTERPRETER  AXISTREAM_VVC,2     axistream_transmit(AXISTREAM_VVC,2,    71 words). Command received  [63]
%%    100 ns    Log    ID_CMD_INTERPRETER  AXISTREAM_VVC,2     Interpreter: Waiting for command
%%    100 ns    Log    ID_CMD_INTERPRETER  AXISTREAM_VVC,3     axistream_expect(AXISTREAM_VVC,3,    71 words). Command received  [64]
%%    100 ns    Log    ID_CMD_INTERPRETER  AXISTREAM_VVC,3     Interpreter: Waiting for command
%%    100 ns    Log    ID_CMD_INTERPRETER  AXISTREAM_VVC,2     axistream_transmit(AXISTREAM_VVC,2,    71 words). Command received  [65]
%%    100 ns    Log    ID_CMD_INTERPRETER  AXISTREAM_VVC,2     Interpreter: Waiting for command
%%    100 ns    Log    ID_CMD_INTERPRETER  AXISTREAM_VVC,3     axistream_receive(). Command received  [66]
%%    100 ns    Log    ID_CMD_INTERPRETER  AXISTREAM_VVC,3     Interpreter: Waiting for command
%%    105 ns    Log    ID_PACKET_INITIATE  AXISTREAM_VVC,2     axistream_transmit(1 words[8b])=> ' '1 byte transmit VVC2VVC. Default tuser etc, i=0'  [5]'
%%    105 ns    Log    ID_PACKET_INITIATE  AXISTREAM_VVC,3     axistream_expect(1 words[8b]) while executing axistream_receive=> Receive packet. ' '1 byte expect  VVC2VVC. Default tuser etc, i=0'  [6]'
%%  122.5 ns    Log    ID_PACKET_COMPLETE  AXISTREAM_VVC,2     axistream_transmit(1 words[8b])=> Tx DONE. ' '1 byte transmit VVC2VVC. Default tuser etc, i=0'  [5]'
%%  122.5 ns    Log    ID_PACKET_PAYLOAD   AXISTREAM_VVC,3     axistream_expect(1 words[8b]) while executing axistream_receive=> Rx Frame (1 bytes) (AA). ' '1 byte expect  VVC2VVC. Default tuser etc, i=0'  [6]'
%%  122.5 ns    Log    ID_PACKET_COMPLETE  AXISTREAM_VVC,3     axistream_expect(1 words[8b])=> OK, received 1 words[8b]). ' '1 byte expect  VVC2VVC. Default tuser etc, i=0'  [6]'
%%  122.5 ns    Log    ID_CMD_EXECUTOR     AXISTREAM_VVC,3     axistream_expect(AXISTREAM_VVC,3,     1 words) - Will be executed  [8]
%%  122.5 ns    Log    ID_CMD_EXECUTOR     AXISTREAM_VVC,2     axistream_transmit(AXISTREAM_VVC,2,     1 words) - Will be executed  [7]
%%    125 ns    Log    ID_PACKET_INITIATE  AXISTREAM_VVC,3     axistream_expect(2 words[8b]) while executing axistream_receive=> Receive packet. ' '2 byte expect  VVC2VVC. Default tuser etc, i=0'  [8]'
%%    125 ns    Log    ID_PACKET_INITIATE  AXISTREAM_VVC,2     axistream_transmit(2 words[8b])=> ' '2 byte transmit VVC2VVC. Default tuser etc, i=0'  [7]'
%%  142.5 ns    Log    ID_PACKET_COMPLETE  AXISTREAM_VVC,2     axistream_transmit(2 words[8b])=> Tx DONE. ' '2 byte transmit VVC2VVC. Default tuser etc, i=0'  [7]'
%%  142.5 ns    Log    ID_PACKET_PAYLOAD   AXISTREAM_VVC,3     axistream_expect(2 words[8b]) while executing axistream_receive=> Rx Frame (2 bytes) (BB, AA). ' '2 byte expect  VVC2VVC. Default tuser etc, i=0'  [8]'
%%  142.5 ns    Log    ID_PACKET_COMPLETE  AXISTREAM_VVC,3     axistream_expect(2 words[8b])=> OK, received 2 words[8b]). ' '2 byte expect  VVC2VVC. Default tuser etc, i=0'  [8]'
%%  142.5 ns    Log    ID_CMD_EXECUTOR     AXISTREAM_VVC,3     axistream_expect(AXISTREAM_VVC,3,     1 words) - Will be executed  [10]
%%  142.5 ns    Log    ID_CMD_EXECUTOR     AXISTREAM_VVC,2     axistream_transmit(AXISTREAM_VVC,2,     1 words) - Will be executed  [9]
%%    145 ns    Log    ID_PACKET_INITIATE  AXISTREAM_VVC,3     axistream_expect(3 words[8b]) while executing axistream_receive=> Receive packet. ' '3 byte expect  VVC2VVC. Default tuser etc, i=0'  [10]'
%%    145 ns    Log    ID_PACKET_INITIATE  AXISTREAM_VVC,2     axistream_transmit(3 words[8b])=> ' '3 byte transmit VVC2VVC. Default tuser etc, i=0'  [9]'
%%  162.5 ns    Log    ID_PACKET_COMPLETE  AXISTREAM_VVC,2     axistream_transmit(3 words[8b])=> Tx DONE. ' '3 byte transmit VVC2VVC. Default tuser etc, i=0'  [9]'
%%  162.5 ns    Log    ID_PACKET_PAYLOAD   AXISTREAM_VVC,3     axistream_expect(3 words[8b]) while executing axistream_receive=> Rx Frame (3 bytes) (CC, BB, AA). ' '3 byte expect  VVC2VVC. Default tuser etc, i=0'  [10]'
%%  162.5 ns    Log    ID_PACKET_COMPLETE  AXISTREAM_VVC,3     axistream_expect(3 words[8b])=> OK, received 3 words[8b]). ' '3 byte expect  VVC2VVC. Default tuser etc, i=0'  [10]'
%%  162.5 ns    Log    ID_CMD_EXECUTOR     AXISTREAM_VVC,3     axistream_expect(AXISTREAM_VVC,3,     1 words) - Will be executed  [12]
%%  162.5 ns    Log    ID_CMD_EXECUTOR     AXISTREAM_VVC,2     axistream_transmit(AXISTREAM_VVC,2,     1 words) - Will be executed  [11]
%%    165 ns    Log    ID_PACKET_INITIATE  AXISTREAM_VVC,3     axistream_expect(4 words[8b]) while executing axistream_receive=> Receive packet. ' '4 byte expect  VVC2VVC. Default tuser etc, i=0'  [12]'
%%    165 ns    Log    ID_PACKET_INITIATE  AXISTREAM_VVC,2     axistream_transmit(4 words[8b])=> ' '4 byte transmit VVC2VVC. Default tuser etc, i=0'  [11]'
%%  182.5 ns    Log    ID_PACKET_COMPLETE  AXISTREAM_VVC,2     axistream_transmit(4 words[8b])=> Tx DONE. ' '4 byte transmit VVC2VVC. Default tuser etc, i=0'  [11]'
%%  182.5 ns    Log    ID_PACKET_PAYLOAD   AXISTREAM_VVC,3     axistream_expect(4 words[8b]) while executing axistream_receive=> Rx Frame (4 bytes) (DD, CC, BB, AA). ' '4 byte expect  VVC2VVC. Default tuser etc, i=0'  [12]'
%%  182.5 ns    Log    ID_PACKET_COMPLETE  AXISTREAM_VVC,3     axistream_expect(4 words[8b])=> OK, received 4 words[8b]). ' '4 byte expect  VVC2VVC. Default tuser etc, i=0'  [12]'
%%  182.5 ns    Log    ID_CMD_EXECUTOR     AXISTREAM_VVC,3     axistream_expect(AXISTREAM_VVC,3,     1 words) - Will be executed  [14]
%%  182.5 ns    Log    ID_CMD_EXECUTOR     AXISTREAM_VVC,2     axistream_transmit(AXISTREAM_VVC,2,     1 words) - Will be executed  [13]
%%    185 ns    Log    ID_PACKET_INITIATE  AXISTREAM_VVC,3     axistream_expect(1 words[8b]) while executing axistream_receive=> Receive packet. ' '1 byte expect  VVC2VVC. Default tuser etc, i=0'  [14]'
%%    185 ns    Log    ID_PACKET_INITIATE  AXISTREAM_VVC,2     axistream_transmit(1 words[8b])=> ' '1 byte transmit VVC2VVC. Default tuser etc, i=0'  [13]'
%%  202.5 ns    Log    ID_PACKET_COMPLETE  AXISTREAM_VVC,2     axistream_transmit(1 words[8b])=> Tx DONE. ' '1 byte transmit VVC2VVC. Default tuser etc, i=0'  [13]'
%%  202.5 ns    Log    ID_PACKET_PAYLOAD   AXISTREAM_VVC,3     axistream_expect(1 words[8b]) while executing axistream_receive=> Rx Frame (1 bytes) (AA). ' '1 byte expect  VVC2VVC. Default tuser etc, i=0'  [14]'
%%  202.5 ns    Log    ID_PACKET_COMPLETE  AXISTREAM_VVC,3     axistream_expect(1 words[8b])=> OK, received 1 words[8b]). ' '1 byte expect  VVC2VVC. Default tuser etc, i=0'  [14]'
%%  202.5 ns    Log    ID_CMD_EXECUTOR     AXISTREAM_VVC,3     axistream_expect(AXISTREAM_VVC,3,     1 words) - Will be executed  [16]
%%  202.5 ns    Log    ID_CMD_EXECUTOR     AXISTREAM_VVC,2     axistream_transmit(AXISTREAM_VVC,2,     1 words) - Will be executed  [15]
%%    205 ns    Log    ID_PACKET_INITIATE  AXISTREAM_VVC,3     axistream_expect(2 words[8b]) while executing axistream_receive=> Receive packet. ' '1 byte expect  VVC2VVC. Default tuser etc, i=0'  [16]'
%%    205 ns    Log    ID_PACKET_INITIATE  AXISTREAM_VVC,2     axistream_transmit(2 words[8b])=> ' '1 byte transmit VVC2VVC. Default tuser etc, i=0'  [15]'
%%  222.5 ns    Log    ID_PACKET_COMPLETE  AXISTREAM_VVC,2     axistream_transmit(2 words[8b])=> Tx DONE. ' '1 byte transmit VVC2VVC. Default tuser etc, i=0'  [15]'
%%  222.5 ns    Log    ID_PACKET_PAYLOAD   AXISTREAM_VVC,3     axistream_expect(2 words[8b]) while executing axistream_receive=> Rx Frame (2 bytes) (BB, AA). ' '1 byte expect  VVC2VVC. Default tuser etc, i=0'  [16]'
%%  222.5 ns    Log    ID_PACKET_COMPLETE  AXISTREAM_VVC,3     axistream_expect(2 words[8b])=> OK, received 2 words[8b]). ' '1 byte expect  VVC2VVC. Default tuser etc, i=0'  [16]'
%%  222.5 ns    Log    ID_CMD_EXECUTOR     AXISTREAM_VVC,3     axistream_expect(AXISTREAM_VVC,3,     1 words) - Will be executed  [18]
%%  222.5 ns    Log    ID_CMD_EXECUTOR     AXISTREAM_VVC,2     axistream_transmit(AXISTREAM_VVC,2,     1 words) - Will be executed  [17]
%%    225 ns    Log    ID_PACKET_INITIATE  AXISTREAM_VVC,3     axistream_expect(3 words[8b]) while executing axistream_receive=> Receive packet. ' '1 byte expect  VVC2VVC. Default tuser etc, i=0'  [18]'
%%    225 ns    Log    ID_PACKET_INITIATE  AXISTREAM_VVC,2     axistream_transmit(3 words[8b])=> ' '1 byte transmit VVC2VVC. Default tuser etc, i=0'  [17]'
%%  242.5 ns    Log    ID_PACKET_COMPLETE  AXISTREAM_VVC,2     axistream_transmit(3 words[8b])=> Tx DONE. ' '1 byte transmit VVC2VVC. Default tuser etc, i=0'  [17]'
%%  242.5 ns    Log    ID_PACKET_PAYLOAD   AXISTREAM_VVC,3     axistream_expect(3 words[8b]) while executing axistream_receive=> Rx Frame (3 bytes) (CC, BB, AA). ' '1 byte expect  VVC2VVC. Default tuser etc, i=0'  [18]'
%%  242.5 ns    Log    ID_PACKET_COMPLETE  AXISTREAM_VVC,3     axistream_expect(3 words[8b])=> OK, received 3 words[8b]). ' '1 byte expect  VVC2VVC. Default tuser etc, i=0'  [18]'
%%  242.5 ns    Log    ID_CMD_EXECUTOR     AXISTREAM_VVC,3     axistream_expect(AXISTREAM_VVC,3,     1 words) - Will be executed  [20]
%%  242.5 ns    Log    ID_CMD_EXECUTOR     AXISTREAM_VVC,2     axistream_transmit(AXISTREAM_VVC,2,     1 words) - Will be executed  [19]
%%    245 ns    Log    ID_PACKET_INITIATE  AXISTREAM_VVC,3     axistream_expect(4 words[8b]) while executing axistream_receive=> Receive packet. ' '1 byte expect  VVC2VVC. Default tuser etc, i=0'  [20]'
%%    245 ns    Log    ID_PACKET_INITIATE  AXISTREAM_VVC,2     axistream_transmit(4 words[8b])=> ' '1 byte transmit VVC2VVC. Default tuser etc, i=0'  [19]'
%%  262.5 ns    Log    ID_PACKET_COMPLETE  AXISTREAM_VVC,2     axistream_transmit(4 words[8b])=> Tx DONE. ' '1 byte transmit VVC2VVC. Default tuser etc, i=0'  [19]'
%%  262.5 ns    Log    ID_PACKET_PAYLOAD   AXISTREAM_VVC,3     axistream_expect(4 words[8b]) while executing axistream_receive=> Rx Frame (4 bytes) (DD, CC, BB, AA). ' '1 byte expect  VVC2VVC. Default tuser etc, i=0'  [20]'
%%  262.5 ns    Log    ID_PACKET_COMPLETE  AXISTREAM_VVC,3     axistream_expect(4 words[8b])=> OK, received 4 words[8b]). ' '1 byte expect  VVC2VVC. Default tuser etc, i=0'  [20]'
%%  262.5 ns    Log    ID_CMD_EXECUTOR     AXISTREAM_VVC,3     axistream_expect(AXISTREAM_VVC,3,   100 words) - Will be executed  [22]
%%  262.5 ns    Log    ID_CMD_EXECUTOR     AXISTREAM_VVC,2     axistream_transmit(AXISTREAM_VVC,2,   100 words) - Will be executed  [21]
%%    265 ns    Log    ID_PACKET_INITIATE  AXISTREAM_VVC,3     axistream_expect(100 words[8b]) while executing axistream_receive=> Receive packet. ' 'expect  VVC2VVC. Default tuser etc, i=1'  [22]'
%%    265 ns    Log    ID_PACKET_INITIATE  AXISTREAM_VVC,2     axistream_transmit(100 words[8b])=> ' 'transmit VVC2VVC. Default tuser etc, i=1'  [21]'
%%  522.5 ns    Log    ID_PACKET_COMPLETE  AXISTREAM_VVC,2     axistream_transmit(100 words[8b])=> Tx DONE. ' 'transmit VVC2VVC. Default tuser etc, i=1'  [21]'
%%  522.5 ns    Log    ID_PACKET_PAYLOAD   AXISTREAM_VVC,3     axistream_expect(100 words[8b]) while executing axistream_receive=> Rx Frame (100 bytes) (23, 08, 3D, 8E, 77, 7B, D3, 81, 20, B2, 91, AC, F9, 01, FE, 1F, BB, F4, F1, 26, FF, 81, B0, 0F, 38, C7, CC, 92, BF, B1, 03, B6, 4C, 1E, 7D, 27, C7, 7D, E3, 46, 81, F1, 53, E2, 56, 75, C3, 1C, 6C, 90, E0, D2, BE, AF, 83, 40, 67, D9, 2B, DF, 5E, 70, 62, CB, DB, 7C, 31, D7, B4, 9F, 0D, 66, 65, AC, 77, 82, EE, 53, 97, 6C, 6B, AC, 75, D7, 90, 02, 4D, 64, 39, 01, 4F, E3, FE, 46, BC, 5C, 7B, E9, A1, FF). ' 'expect  VVC2VVC. Default tuser etc, i=1'  [22]'
%%  522.5 ns    Log    ID_PACKET_COMPLETE  AXISTREAM_VVC,3     axistream_expect(100 words[8b])=> OK, received 100 words[8b]). ' 'expect  VVC2VVC. Default tuser etc, i=1'  [22]'
%%  522.5 ns    Log    ID_CMD_EXECUTOR     AXISTREAM_VVC,3     axistream_expect(AXISTREAM_VVC,3,   100 words) - Will be executed  [24]
%%  522.5 ns    Log    ID_CMD_EXECUTOR     AXISTREAM_VVC,2     axistream_transmit(AXISTREAM_VVC,2,   100 words) - Will be executed  [23]
%%    525 ns    Log    ID_PACKET_INITIATE  AXISTREAM_VVC,3     axistream_expect(200 words[8b]) while executing axistream_receive=> Receive packet. ' 'expect  VVC2VVC. Default tuser etc, i=1'  [24]'
%%    525 ns    Log    ID_PACKET_INITIATE  AXISTREAM_VVC,2     axistream_transmit(200 words[8b])=> ' 'transmit VVC2VVC. Default tuser etc, i=1'  [23]'
%% 1032.5 ns    Log    ID_PACKET_COMPLETE  AXISTREAM_VVC,2     axistream_transmit(200 words[8b])=> Tx DONE. ' 'transmit VVC2VVC. Default tuser etc, i=1'  [23]'
%% 1032.5 ns    Log    ID_PACKET_PAYLOAD   AXISTREAM_VVC,3     axistream_expect(200 words[8b]) while executing axistream_receive=> Rx Frame (200 bytes) (8A, 9D, 16, 4E, B0, C5, 0F, 89, A8, FF, 1D, 80, 8F, 71, 12, C9, E9, 60, 62, 25, 0B, 2E, F3, 42, 48, 17, 4C, 06, 37, 97, A0, A8, 8A, B2, 02, 10, AC, 19, BE, 66, 74, FD, 87, 92, F5, 7B, 02, 74, 6E, 13, 6C, 5C, 77, DB, F5, AF, 66, 0B, 55, 0D, BF, 6C, F5, 1B, E4, CA, AD, 86, 4C, 42, D9, C6, BD, 37, 07, 48, 2F, C1, 7E, C6, 45, EB, 23, CE, AD, 76, F1, 12, 54, CD, 4A, 5B, C8, 92, DF, DA, 4A, AF, 07, 6C, 4E, 3A, 44, D4, 2E, C5, 8D, 25, 0B, B6, 6A, 57, 15, 83, 64, D2, D3, C5, CE, C4, 51, 87, CF, F8, E1, FB, 98, AC, D2, 3E, BA, 81, A4, D2, 2D, 4B, 14, 7B, AD, 02, 80, 99, 0B, 11, 2D, D7, 5E, 4A, A8, 16, 44, 29, 29, 4F, 8F, 81, B9, 90, EB, 9A, 76, 61, CA, D1, 11, 8D, A4, 9F, CC, E1, F0, E5, F4, FF, D1, 9E, 28, 17, F1, 51, 60, 81, E1, 87, 75, AB, 59, 71, 6B, F2, D9, EC, 6A, BC, CD, 31, CB, DA, 60, 61). ' 'expect  VVC2VVC. Default tuser etc, i=1'  [24]'
%% 1032.5 ns    Log    ID_PACKET_COMPLETE  AXISTREAM_VVC,3     axistream_expect(200 words[8b])=> OK, received 200 words[8b]). ' 'expect  VVC2VVC. Default tuser etc, i=1'  [24]'
%% 1032.5 ns    Log    ID_CMD_EXECUTOR     AXISTREAM_VVC,3     axistream_expect(AXISTREAM_VVC,3,   100 words) - Will be executed  [26]
%% 1032.5 ns    Log    ID_CMD_EXECUTOR     AXISTREAM_VVC,2     axistream_transmit(AXISTREAM_VVC,2,   100 words) - Will be executed  [25]
%%   1035 ns    Log    ID_PACKET_INITIATE  AXISTREAM_VVC,3     axistream_expect(300 words[8b]) while executing axistream_receive=> Receive packet. ' 'expect  VVC2VVC. Default tuser etc, i=1'  [26]'
%%   1035 ns    Log    ID_PACKET_INITIATE  AXISTREAM_VVC,2     axistream_transmit(300 words[8b])=> ' 'transmit VVC2VVC. Default tuser etc, i=1'  [25]'
%% 1792.5 ns    Log    ID_PACKET_COMPLETE  AXISTREAM_VVC,2     axistream_transmit(300 words[8b])=> Tx DONE. ' 'transmit VVC2VVC. Default tuser etc, i=1'  [25]'
%% 1792.5 ns    Log    ID_PACKET_PAYLOAD   AXISTREAM_VVC,3     axistream_expect(300 words[8b]) while executing axistream_receive=> Rx Frame (300 bytes) (92, 49, 91, C0, 65, B2, 62, 44, 83, 58, DB, C5, DB, A8, 17, F6, E0, 1D, 6C, 02, 62, F0, 94, 51, 3C, 45, B9, CD, E2, 9A, 66, 5D, 70, 57, 2B, C0, 48, 49, E1, 61, C4, 50, EC, E4, A6, ED, B6, E5, 65, 56, ED, 5F, C6, 8D, BA, C4, DD, 96, 6C, 0D, 12, 94, 3D, E2, ED, EC, B7, 7A, 03, 01, 93, AA, 02, EE, 59, 8C, 8F, 53, E1, A1, 6F, AF, F0, 36, 66, 3C, 66, 3F, 49, 23, 5A, 67, D2, AA, 2B, D8, 25, 2C, A8, C3, E6, 51, BB, 1E, 7A, 8D, B7, F4, D6, A0, 45, C6, CD, 38, 75, EA, 48, 97, 36, 6F, 00, 41, 10, 17, AC, C7, 4B, 40, 57, AE, 9C, 8C, 77, 3F, 82, ED, 9C, 21, 8C, B9, AA, 37, 07, 0F, 6A, 30, FA, 82, 7E, 38, 93, A5, B4, AC, 61, 43, A0, 3C, E1, A2, D1, 19, A7, 37, 32, 04, B7, 47, 2F, F9, B9, 2E, C3, 4A, 33, 80, D5, E6, BB, 82, AD, D3, 7D, D4, 81, B4, A2, C5, 60, B2, 86, 44, FE, 0D, CA, C7, 27, 0A, 2F, 2B, 73, 85, E3, 38, D7, 86, 58, 53, 56, E4, 8E, 75, 46, AD, DC, AA, DE, 01, 79, E0, 1A, 9A, BE, 49, 2E, 01, 64, 56, 8A, F4, 87, 86, 73, CB, 5E, CE, AD, CF, 65, D1, A7, 69, 2E, D7, EF, 08, 74, FF, 21, 7D, C5, 6B, 84, 2B, 6C, 51, 7A, 63, F2, 92, 3D, AF, 46, 4D, 99, FD, B3, 8E, FA, DE, 55, 1E, 1C, 56, 72, C5, 3D, C5, 46, FE, 7C, 03, DC, 55, 86, 39, 4F, 3A, 60, 46, 3B, D1, 92, 8C, A9, EE, 6F, 3D, 5C, DC). ' 'expect  VVC2VVC. Default tuser etc, i=1'  [26]'
%% 1792.5 ns    Log    ID_PACKET_COMPLETE  AXISTREAM_VVC,3     axistream_expect(300 words[8b])=> OK, received 300 words[8b]). ' 'expect  VVC2VVC. Default tuser etc, i=1'  [26]'
%% 1792.5 ns    Log    ID_CMD_EXECUTOR     AXISTREAM_VVC,3     axistream_expect(AXISTREAM_VVC,3,   100 words) - Will be executed  [28]
%% 1792.5 ns    Log    ID_CMD_EXECUTOR     AXISTREAM_VVC,2     axistream_transmit(AXISTREAM_VVC,2,   100 words) - Will be executed  [27]
%%   1795 ns    Log    ID_PACKET_INITIATE  AXISTREAM_VVC,3     axistream_expect(400 words[8b]) while executing axistream_receive=> Receive packet. ' 'expect  VVC2VVC. Default tuser etc, i=1'  [28]'
%%   1795 ns    Log    ID_PACKET_INITIATE  AXISTREAM_VVC,2     axistream_transmit(400 words[8b])=> ' 'transmit VVC2VVC. Default tuser etc, i=1'  [27]'
%% 2802.5 ns    Log    ID_PACKET_COMPLETE  AXISTREAM_VVC,2     axistream_transmit(400 words[8b])=> Tx DONE. ' 'transmit VVC2VVC. Default tuser etc, i=1'  [27]'
%% 2802.5 ns    Log    ID_PACKET_PAYLOAD   AXISTREAM_VVC,3     axistream_expect(400 words[8b]) while executing axistream_receive=> Rx Frame (400 bytes) (71, B8, CC, 95, A7, 10, 49, B0, 2E, AB, B2, 35, 5D, C7, 38, 51, 56, 88, 84, CC, A0, 6A, 6E, 73, F5, 31, 16, 68, F0, 26, EA, 80, 9F, A8, DA, B1, DE, A0, 33, 71, 1B, E3, ED, A4, D6, 4B, C4, 8E, 5D, 55, 89, 64, 52, E9, 27, AD, D3, 81, 20, 6B, 6B, 6A, CC, D7, 07, 64, A0, 90, 81, F6, 2A, 13, 2D, B6, B4, 8E, 26, E0, 51, AA, E8, 59, FA, ED, 04, 33, 4E, 9C, EE, C8, CC, 74, AC, D4, 5F, 25, 93, 7C, 88, 75, 24, 83, DE, 1B, D6, 65, FA, 38, 54, 43, 07, 78, 37, 59, 2D, F5, 26, 62, 8D, EF, 60, 6D, 97, 5C, 48, FA, 2C, 1F, A8, CF, DA, E7, 10, DE, D9, FF, 7E, DA, 30, 34, 6C, 2B, 05, 5E, F6, 75, 85, 71, B5, 50, 36, 3D, 2D, B1, 78, 04, 0F, 45, 8F, 46, C1, 0E, 5F, 6F, CB, FE, 6B, 56, 56, 62, 6C, D4, 5E, 3D, FA, E6, C0, 37, CD, 02, 99, 8E, 10, 92, EC, 0D, 57, 50, 99, E1, 14, 94, 40, BD, 34, C5, 54, 5C, DF, B1, 9D, 4A, 85, 53, 45, 96, 90, 75, 26, 0C, A4, D0, C7, 98, 27, 00, F1, C6, 3A, DA, 9C, 77, 92, 59, 63, 75, 59, F0, 81, B8, B2, 09, 1B, B5, B3, 22, 61, 90, BE, 3F, 14, C7, 1A, 1F, 9C, CF, 8E, CF, 9F, 57, 33, 3A, CA, D5, 51, 77, 7B, C5, 38, 8E, 19, 6D, 27, 1E, AC, 92, 38, 1B, 71, 9B, D9, F1, 9F, 74, 47, 48, 1B, AA, 31, 4F, 5E, F7, 55, FF, E8, 2D, A2, EA, 2F, 28, C5, BA, 1E, 5E, A3, 4D, 08, 99, 8E, A3, C7, 33, 25, C9, 47, C6, 78, B0, DD, 7B, 6C, 09, 7E, 30, FC, B4, BA, 8B, 1E, 9C, 37, 9F, E6, DC, C6, AB, A0, 9A, 34, 12, 0D, 51, 7C, 82, 52, BC, 3F, 9F, 9C, FD, AA, F8, C0, B5, 7B, DC, 75, 94, A4, 52, C9, 28, AF, D6, 5A, DC, 5E, D2, 89, E6, CE, B4, F0, A6, 29, FD, AA, 04, C7, 6C, C7, 95, 46, DC, 22, BF, 29, 35, 52, E5, 34, 48, EB, 2B, 09, FF, B2, 9C, 2F, 37, 56, 5D, F8, 20, 43, 4D, CB, 41, A5, D3). ' 'expect  VVC2VVC. Default tuser etc, i=1'  [28]'
%% 2802.5 ns    Log    ID_PACKET_COMPLETE  AXISTREAM_VVC,3     axistream_expect(400 words[8b])=> OK, received 400 words[8b]). ' 'expect  VVC2VVC. Default tuser etc, i=1'  [28]'
%% 2802.5 ns    Log    ID_CMD_EXECUTOR     AXISTREAM_VVC,3     axistream_expect(AXISTREAM_VVC,3,    79 words) - Will be executed  [30]
%% 2802.5 ns    Log    ID_CMD_EXECUTOR     AXISTREAM_VVC,2     axistream_transmit(AXISTREAM_VVC,2,    79 words) - Will be executed  [29]
%%   2805 ns    Log    ID_PACKET_INITIATE  AXISTREAM_VVC,3     axistream_expect(79 words[8b]) while executing axistream_receive=> Receive packet. ' 'expect  VVC2VVC. Default tuser etc, i=2'  [30]'
%%   2805 ns    Log    ID_PACKET_INITIATE  AXISTREAM_VVC,2     axistream_transmit(79 words[8b])=> ' 'transmit VVC2VVC. Default tuser etc, i=2'  [29]'
%% 3012.5 ns    Log    ID_PACKET_COMPLETE  AXISTREAM_VVC,2     axistream_transmit(79 words[8b])=> Tx DONE. ' 'transmit VVC2VVC. Default tuser etc, i=2'  [29]'
%% 3012.5 ns    Log    ID_PACKET_PAYLOAD   AXISTREAM_VVC,3     axistream_expect(79 words[8b]) while executing axistream_receive=> Rx Frame (79 bytes) (0F, 12, 34, C9, 89, 84, 85, 2C, 07, 90, F9, 75, 46, 1D, AA, 4B, 24, A4, BA, 98, A6, 74, 58, FE, 2D, AA, EF, 3F, 58, DC, ED, 49, 18, 86, C3, E2, 67, C7, 66, 6D, 8C, 6C, D6, 94, BF, 33, CA, FC, 94, 79, 7A, 32, 76, 7D, 46, A9, 73, F7, 03, 12, FE, E7, A4, 6F, 2A, 55, 92, 9B, FB, 79, B8, 90, 79, 8D, 64, 49, 25, E1, 85). ' 'expect  VVC2VVC. Default tuser etc, i=2'  [30]'
%% 3012.5 ns    Log    ID_PACKET_COMPLETE  AXISTREAM_VVC,3     axistream_expect(79 words[8b])=> OK, received 79 words[8b]). ' 'expect  VVC2VVC. Default tuser etc, i=2'  [30]'
%% 3012.5 ns    Log    ID_CMD_EXECUTOR     AXISTREAM_VVC,3     axistream_expect(AXISTREAM_VVC,3,    79 words) - Will be executed  [32]
%% 3012.5 ns    Log    ID_CMD_EXECUTOR     AXISTREAM_VVC,2     axistream_transmit(AXISTREAM_VVC,2,    79 words) - Will be executed  [31]
%%   3015 ns    Log    ID_PACKET_INITIATE  AXISTREAM_VVC,3     axistream_expect(158 words[8b]) while executing axistream_receive=> Receive packet. ' 'expect  VVC2VVC. Default tuser etc, i=2'  [32]'
%%   3015 ns    Log    ID_PACKET_INITIATE  AXISTREAM_VVC,2     axistream_transmit(158 words[8b])=> ' 'transmit VVC2VVC. Default tuser etc, i=2'  [31]'
%% 3422.5 ns    Log    ID_PACKET_COMPLETE  AXISTREAM_VVC,2     axistream_transmit(158 words[8b])=> Tx DONE. ' 'transmit VVC2VVC. Default tuser etc, i=2'  [31]'
%% 3422.5 ns    Log    ID_PACKET_PAYLOAD   AXISTREAM_VVC,3     axistream_expect(158 words[8b]) while executing axistream_receive=> Rx Frame (158 bytes) (1A, E1, 84, FB, 4E, AD, 9F, 40, 5E, 5C, 57, 86, CF, B4, 76, 12, F9, 43, AF, BE, 6A, 3A, 4F, FB, 24, 86, C5, C2, 4A, 24, DF, DA, EF, B3, 49, 51, 58, 18, 17, 54, CB, D1, 43, 70, B2, A5, FB, 1D, AD, 55, 80, F7, AE, FF, 9E, 30, 56, F1, 1E, 8B, E0, F2, B8, 3E, 46, 58, 81, C3, D8, 20, 6D, DC, 1A, C1, E8, 8B, F7, 8D, 8F, 5C, 89, BA, 1F, 1E, 0D, DA, D5, 2A, C0, A5, 5C, 60, A5, 48, EE, 1D, 06, 69, F8, D2, DF, 16, 87, B3, C5, 65, F3, 28, 72, 59, B4, 08, 80, AF, AF, CF, 43, 4B, F8, 79, 60, 0A, 49, CA, 67, 8A, B2, BE, 7F, 44, D8, 52, F4, 8F, E5, C8, 06, D6, CF, 6E, 31, 72, A5, E3, E7, A3, 5E, 3B, F7, 34, E4, 9B, 3C, 00, 62, 3F, 11, D9). ' 'expect  VVC2VVC. Default tuser etc, i=2'  [32]'
%% 3422.5 ns    Log    ID_PACKET_COMPLETE  AXISTREAM_VVC,3     axistream_expect(158 words[8b])=> OK, received 158 words[8b]). ' 'expect  VVC2VVC. Default tuser etc, i=2'  [32]'
%% 3422.5 ns    Log    ID_CMD_EXECUTOR     AXISTREAM_VVC,3     axistream_expect(AXISTREAM_VVC,3,    79 words) - Will be executed  [34]
%% 3422.5 ns    Log    ID_CMD_EXECUTOR     AXISTREAM_VVC,2     axistream_transmit(AXISTREAM_VVC,2,    79 words) - Will be executed  [33]
%%   3425 ns    Log    ID_PACKET_INITIATE  AXISTREAM_VVC,3     axistream_expect(237 words[8b]) while executing axistream_receive=> Receive packet. ' 'expect  VVC2VVC. Default tuser etc, i=2'  [34]'
%%   3425 ns    Log    ID_PACKET_INITIATE  AXISTREAM_VVC,2     axistream_transmit(237 words[8b])=> ' 'transmit VVC2VVC. Default tuser etc, i=2'  [33]'
%% 4032.5 ns    Log    ID_PACKET_COMPLETE  AXISTREAM_VVC,2     axistream_transmit(237 words[8b])=> Tx DONE. ' 'transmit VVC2VVC. Default tuser etc, i=2'  [33]'
%% 4032.5 ns    Log    ID_PACKET_PAYLOAD   AXISTREAM_VVC,3     axistream_expect(237 words[8b]) while executing axistream_receive=> Rx Frame (237 bytes) (1B, F8, C5, EB, 66, F3, 1E, 05, C1, C0, 1A, 2A, 59, F3, C5, 0E, 9A, A4, 58, 0B, D4, 3B, AB, 08, 0C, 44, 81, C1, 14, 2B, E4, 84, 00, B5, 51, 4F, 68, CC, B5, 7A, 85, F2, FE, AC, 5E, E0, E7, FB, 0F, 81, DC, 65, FA, D9, 24, D2, F8, C1, 9B, EE, 74, 1F, DE, 28, C0, DA, 2C, 26, 5C, F7, D7, FC, 30, 71, EC, 43, 2D, 42, E3, 57, 91, FA, 45, AA, 5C, 4A, 76, 08, 69, A1, CE, 12, E4, 8B, 1F, BC, 29, F3, E8, 03, BA, 97, A0, 55, EC, 56, 41, E2, 41, 61, 8A, B9, D5, 87, BF, 2E, 3B, 8F, 6D, 1A, 66, 1B, 27, 18, 14, 15, 2E, 1A, 80, 7C, 2E, 2D, 13, 4A, 94, F6, C8, 5A, A1, 51, AB, BA, 42, 8B, 81, B9, FA, 65, 26, 96, 35, F8, BB, 28, 13, 5B, E1, 3F, 73, 03, 61, 86, BB, 71, 33, 87, 31, DA, 39, AD, C1, 65, 01, 54, 9F, 05, C7, 28, 37, 53, F0, EC, D6, 69, 4C, 7A, 92, DB, E9, 3B, EA, 61, D2, 91, 20, B8, EC, 05, F9, 12, 78, 46, 71, B7, 17, EF, CD, 53, CF, 6C, D2, F0, 2B, 14, A5, 86, 48, 68, 7A, 31, ED, F1, EC, 5C, FB, 5E, 88, 6B, 06, 7F, C8, 4A, D2, F0, 1F, 10, 9E). ' 'expect  VVC2VVC. Default tuser etc, i=2'  [34]'
%% 4032.5 ns    Log    ID_PACKET_COMPLETE  AXISTREAM_VVC,3     axistream_expect(237 words[8b])=> OK, received 237 words[8b]). ' 'expect  VVC2VVC. Default tuser etc, i=2'  [34]'
%% 4032.5 ns    Log    ID_CMD_EXECUTOR     AXISTREAM_VVC,3     axistream_expect(AXISTREAM_VVC,3,    79 words) - Will be executed  [36]
%% 4032.5 ns    Log    ID_CMD_EXECUTOR     AXISTREAM_VVC,2     axistream_transmit(AXISTREAM_VVC,2,    79 words) - Will be executed  [35]
%%   4035 ns    Log    ID_PACKET_INITIATE  AXISTREAM_VVC,3     axistream_expect(316 words[8b]) while executing axistream_receive=> Receive packet. ' 'expect  VVC2VVC. Default tuser etc, i=2'  [36]'
%%   4035 ns    Log    ID_PACKET_INITIATE  AXISTREAM_VVC,2     axistream_transmit(316 words[8b])=> ' 'transmit VVC2VVC. Default tuser etc, i=2'  [35]'
%% 4832.5 ns    Log    ID_PACKET_COMPLETE  AXISTREAM_VVC,2     axistream_transmit(316 words[8b])=> Tx DONE. ' 'transmit VVC2VVC. Default tuser etc, i=2'  [35]'
%% 4832.5 ns    Log    ID_PACKET_PAYLOAD   AXISTREAM_VVC,3     axistream_expect(316 words[8b]) while executing axistream_receive=> Rx Frame (316 bytes) (B1, AF, E3, CB, 8C, 60, A8, 67, 9B, 64, 15, 48, 6E, 66, 12, D2, 72, 52, CC, 36, 58, 42, 22, 06, 61, 81, 3B, 95, FF, 0F, D4, 9B, BD, 4C, F3, C9, BD, C9, 1F, 30, 5E, 8E, A8, D1, 5E, C9, 88, D2, FE, 0E, 8D, 04, 8C, 94, 29, 3F, 7A, 29, 57, 1D, 5B, 2A, F7, 86, 44, 85, C4, 42, CD, 75, 42, 65, 0C, 9A, 0E, D2, E9, 7E, 03, 05, 36, E8, 2A, 3E, F7, 11, 54, DE, 7C, 50, 3A, BD, A0, 92, E9, 1E, 96, 41, 52, 27, 42, 4A, A1, 83, 96, 31, B0, 1E, E7, 98, 6A, AB, 39, E9, 4F, 8B, 21, 25, DA, 2F, DB, 65, A3, 08, 18, A7, 25, BC, 6D, 2F, E4, 9F, 28, C8, 56, 75, 24, 56, 1F, C8, 0F, 11, 8A, 83, 63, 73, 1E, 8A, 6C, BB, EE, A1, 8D, DD, 45, C6, CE, 92, 74, F5, A5, 6B, 14, A2, BC, C8, 48, FE, 91, DF, BF, 99, 30, 54, A7, 88, 86, 81, C3, 8F, 88, BF, E9, CA, C1, 18, 63, 76, C5, 3B, B7, 81, 89, 80, A0, 0D, F9, 4F, F0, 66, B5, 16, F4, 4D, C9, 28, A2, 5F, 27, F8, 53, 64, DF, 6D, 6A, 21, 77, 83, DB, EA, 4C, 8A, 4B, DF, 7B, DB, 3F, CB, CE, B7, 65, 59, C9, 3A, 35, C2, E6, E0, 89, 98, 97, 1F, 3A, B1, 69, 48, 83, 75, BC, 9A, 29, DC, C4, 0A, A4, 09, 17, 07, CE, 80, 70, D8, 40, D0, F3, CC, 42, FF, 9C, 5F, C3, 5D, 81, C7, E9, 12, B2, 60, E3, 63, 2A, E9, AA, FF, FA, 4B, CA, 8D, 11, 87, A5, 04, BF, 71, 84, E2, 78, C5, 63, 62, C6, D6, B4, 1C, 53, 1A, 37, 00, 5B, 9A, 32, AE, 3A, 5B, 82, 61). ' 'expect  VVC2VVC. Default tuser etc, i=2'  [36]'
%% 4832.5 ns    Log    ID_PACKET_COMPLETE  AXISTREAM_VVC,3     axistream_expect(316 words[8b])=> OK, received 316 words[8b]). ' 'expect  VVC2VVC. Default tuser etc, i=2'  [36]'
%% 4832.5 ns    Log    ID_CMD_EXECUTOR     AXISTREAM_VVC,3     axistream_expect(AXISTREAM_VVC,3,    20 words) - Will be executed  [38]
%% 4832.5 ns    Log    ID_CMD_EXECUTOR     AXISTREAM_VVC,2     axistream_transmit(AXISTREAM_VVC,2,    20 words) - Will be executed  [37]
%%   4835 ns    Log    ID_PACKET_INITIATE  AXISTREAM_VVC,3     axistream_expect(20 words[8b]) while executing axistream_receive=> Receive packet. ' 'expect  VVC2VVC. Default tuser etc, i=3'  [38]'
%%   4835 ns    Log    ID_PACKET_INITIATE  AXISTREAM_VVC,2     axistream_transmit(20 words[8b])=> ' 'transmit VVC2VVC. Default tuser etc, i=3'  [37]'
%% 4892.5 ns    Log    ID_PACKET_COMPLETE  AXISTREAM_VVC,2     axistream_transmit(20 words[8b])=> Tx DONE. ' 'transmit VVC2VVC. Default tuser etc, i=3'  [37]'
%% 4892.5 ns    Log    ID_PACKET_PAYLOAD   AXISTREAM_VVC,3     axistream_expect(20 words[8b]) while executing axistream_receive=> Rx Frame (20 bytes) (6A, 89, 79, CA, D5, EE, 13, 8F, DF, 14, 6C, CC, 75, F1, 22, B7, E3, 56, B8, 76). ' 'expect  VVC2VVC. Default tuser etc, i=3'  [38]'
%% 4892.5 ns    Log    ID_PACKET_COMPLETE  AXISTREAM_VVC,3     axistream_expect(20 words[8b])=> OK, received 20 words[8b]). ' 'expect  VVC2VVC. Default tuser etc, i=3'  [38]'
%% 4892.5 ns    Log    ID_CMD_EXECUTOR     AXISTREAM_VVC,3     axistream_expect(AXISTREAM_VVC,3,    20 words) - Will be executed  [40]
%% 4892.5 ns    Log    ID_CMD_EXECUTOR     AXISTREAM_VVC,2     axistream_transmit(AXISTREAM_VVC,2,    20 words) - Will be executed  [39]
%%   4895 ns    Log    ID_PACKET_INITIATE  AXISTREAM_VVC,3     axistream_expect(40 words[8b]) while executing axistream_receive=> Receive packet. ' 'expect  VVC2VVC. Default tuser etc, i=3'  [40]'
%%   4895 ns    Log    ID_PACKET_INITIATE  AXISTREAM_VVC,2     axistream_transmit(40 words[8b])=> ' 'transmit VVC2VVC. Default tuser etc, i=3'  [39]'
%% 5002.5 ns    Log    ID_PACKET_COMPLETE  AXISTREAM_VVC,2     axistream_transmit(40 words[8b])=> Tx DONE. ' 'transmit VVC2VVC. Default tuser etc, i=3'  [39]'
%% 5002.5 ns    Log    ID_PACKET_PAYLOAD   AXISTREAM_VVC,3     axistream_expect(40 words[8b]) while executing axistream_receive=> Rx Frame (40 bytes) (74, 6A, 36, 42, 9E, B3, AE, 8C, D8, 7E, 8B, C8, 2D, A3, EB, 37, BF, 4B, 17, B2, FF, 6C, 20, A8, FB, 11, D0, 95, 84, EC, 81, F8, 55, 15, D0, B9, D9, 28, ED, 8C). ' 'expect  VVC2VVC. Default tuser etc, i=3'  [40]'
%% 5002.5 ns    Log    ID_PACKET_COMPLETE  AXISTREAM_VVC,3     axistream_expect(40 words[8b])=> OK, received 40 words[8b]). ' 'expect  VVC2VVC. Default tuser etc, i=3'  [40]'
%% 5002.5 ns    Log    ID_CMD_EXECUTOR     AXISTREAM_VVC,3     axistream_expect(AXISTREAM_VVC,3,    20 words) - Will be executed  [42]
%% 5002.5 ns    Log    ID_CMD_EXECUTOR     AXISTREAM_VVC,2     axistream_transmit(AXISTREAM_VVC,2,    20 words) - Will be executed  [41]
%%   5005 ns    Log    ID_PACKET_INITIATE  AXISTREAM_VVC,3     axistream_expect(60 words[8b]) while executing axistream_receive=> Receive packet. ' 'expect  VVC2VVC. Default tuser etc, i=3'  [42]'
%%   5005 ns    Log    ID_PACKET_INITIATE  AXISTREAM_VVC,2     axistream_transmit(60 words[8b])=> ' 'transmit VVC2VVC. Default tuser etc, i=3'  [41]'
%% 5162.5 ns    Log    ID_PACKET_COMPLETE  AXISTREAM_VVC,2     axistream_transmit(60 words[8b])=> Tx DONE. ' 'transmit VVC2VVC. Default tuser etc, i=3'  [41]'
%% 5162.5 ns    Log    ID_PACKET_PAYLOAD   AXISTREAM_VVC,3     axistream_expect(60 words[8b]) while executing axistream_receive=> Rx Frame (60 bytes) (BE, 9E, 20, D1, 80, 59, 85, 47, BE, 5E, 1F, BC, 03, 94, 1C, 9A, 57, 0D, 69, 3D, 71, 95, BE, 44, 60, 83, 5D, 95, 4F, A7, 00, 46, 60, 9C, 0A, 24, C9, 32, 3E, 21, 9F, 20, 3A, 7C, F7, 52, F1, D3, 10, BF, 0E, 83, 79, C4, 1E, 9C, 88, FA, 10, FD). ' 'expect  VVC2VVC. Default tuser etc, i=3'  [42]'
%% 5162.5 ns    Log    ID_PACKET_COMPLETE  AXISTREAM_VVC,3     axistream_expect(60 words[8b])=> OK, received 60 words[8b]). ' 'expect  VVC2VVC. Default tuser etc, i=3'  [42]'
%% 5162.5 ns    Log    ID_CMD_EXECUTOR     AXISTREAM_VVC,3     axistream_expect(AXISTREAM_VVC,3,    20 words) - Will be executed  [44]
%% 5162.5 ns    Log    ID_CMD_EXECUTOR     AXISTREAM_VVC,2     axistream_transmit(AXISTREAM_VVC,2,    20 words) - Will be executed  [43]
%%   5165 ns    Log    ID_PACKET_INITIATE  AXISTREAM_VVC,3     axistream_expect(80 words[8b]) while executing axistream_receive=> Receive packet. ' 'expect  VVC2VVC. Default tuser etc, i=3'  [44]'
%%   5165 ns    Log    ID_PACKET_INITIATE  AXISTREAM_VVC,2     axistream_transmit(80 words[8b])=> ' 'transmit VVC2VVC. Default tuser etc, i=3'  [43]'
%% 5372.5 ns    Log    ID_PACKET_COMPLETE  AXISTREAM_VVC,2     axistream_transmit(80 words[8b])=> Tx DONE. ' 'transmit VVC2VVC. Default tuser etc, i=3'  [43]'
%% 5372.5 ns    Log    ID_PACKET_PAYLOAD   AXISTREAM_VVC,3     axistream_expect(80 words[8b]) while executing axistream_receive=> Rx Frame (80 bytes) (96, 6A, C4, 64, B8, 37, 1E, AB, 37, 16, 28, 92, 6D, CC, EC, 28, AB, 30, F0, FF, 36, 6D, D9, BD, 63, 13, CF, E1, BE, 4A, 9E, 0B, 3D, C9, E0, 4F, EF, 41, BA, 60, BC, B1, C0, 60, 60, E5, A9, DC, 38, BF, 60, FB, 23, 64, 3A, 17, 59, CB, E4, 84, CC, 0D, 4D, EB, 74, 10, ED, BC, 8D, 4B, 72, 8C, C7, EB, 03, D7, 72, 2F, CA, A3). ' 'expect  VVC2VVC. Default tuser etc, i=3'  [44]'
%% 5372.5 ns    Log    ID_PACKET_COMPLETE  AXISTREAM_VVC,3     axistream_expect(80 words[8b])=> OK, received 80 words[8b]). ' 'expect  VVC2VVC. Default tuser etc, i=3'  [44]'
%% 5372.5 ns    Log    ID_CMD_EXECUTOR     AXISTREAM_VVC,3     axistream_expect(AXISTREAM_VVC,3,    27 words) - Will be executed  [46]
%% 5372.5 ns    Log    ID_CMD_EXECUTOR     AXISTREAM_VVC,2     axistream_transmit(AXISTREAM_VVC,2,    27 words) - Will be executed  [45]
%%   5375 ns    Log    ID_PACKET_INITIATE  AXISTREAM_VVC,3     axistream_expect(27 words[8b]) while executing axistream_receive=> Receive packet. ' 'expect  VVC2VVC. Default tuser etc, i=4'  [46]'
%%   5375 ns    Log    ID_PACKET_INITIATE  AXISTREAM_VVC,2     axistream_transmit(27 words[8b])=> ' 'transmit VVC2VVC. Default tuser etc, i=4'  [45]'
%% 5452.5 ns    Log    ID_PACKET_COMPLETE  AXISTREAM_VVC,2     axistream_transmit(27 words[8b])=> Tx DONE. ' 'transmit VVC2VVC. Default tuser etc, i=4'  [45]'
%% 5452.5 ns    Log    ID_PACKET_PAYLOAD   AXISTREAM_VVC,3     axistream_expect(27 words[8b]) while executing axistream_receive=> Rx Frame (27 bytes) (9E, D1, BF, AA, AE, 95, D9, 29, E7, C4, DF, B6, 86, 9E, BC, B6, 80, BB, 48, 93, CD, F3, 7B, B9, 86, 6A, C6). ' 'expect  VVC2VVC. Default tuser etc, i=4'  [46]'
%% 5452.5 ns    Log    ID_PACKET_COMPLETE  AXISTREAM_VVC,3     axistream_expect(27 words[8b])=> OK, received 27 words[8b]). ' 'expect  VVC2VVC. Default tuser etc, i=4'  [46]'
%% 5452.5 ns    Log    ID_CMD_EXECUTOR     AXISTREAM_VVC,3     axistream_expect(AXISTREAM_VVC,3,    27 words) - Will be executed  [48]
%% 5452.5 ns    Log    ID_CMD_EXECUTOR     AXISTREAM_VVC,2     axistream_transmit(AXISTREAM_VVC,2,    27 words) - Will be executed  [47]
%%   5455 ns    Log    ID_PACKET_INITIATE  AXISTREAM_VVC,3     axistream_expect(54 words[8b]) while executing axistream_receive=> Receive packet. ' 'expect  VVC2VVC. Default tuser etc, i=4'  [48]'
%%   5455 ns    Log    ID_PACKET_INITIATE  AXISTREAM_VVC,2     axistream_transmit(54 words[8b])=> ' 'transmit VVC2VVC. Default tuser etc, i=4'  [47]'
%% 5602.5 ns    Log    ID_PACKET_COMPLETE  AXISTREAM_VVC,2     axistream_transmit(54 words[8b])=> Tx DONE. ' 'transmit VVC2VVC. Default tuser etc, i=4'  [47]'
%% 5602.5 ns    Log    ID_PACKET_PAYLOAD   AXISTREAM_VVC,3     axistream_expect(54 words[8b]) while executing axistream_receive=> Rx Frame (54 bytes) (37, E3, C4, E3, 48, 2E, 29, 9D, 68, 51, 8C, B3, 3E, BA, 62, 9D, 1B, 49, 47, A6, 3F, 51, CD, FB, 90, C3, 70, A6, CE, 75, C2, 1C, 5F, A5, 7E, F5, 77, AA, F0, 78, 38, 37, 70, A6, D3, 22, D6, D5, 2E, 69, 28, BF, 66, D3). ' 'expect  VVC2VVC. Default tuser etc, i=4'  [48]'
%% 5602.5 ns    Log    ID_PACKET_COMPLETE  AXISTREAM_VVC,3     axistream_expect(54 words[8b])=> OK, received 54 words[8b]). ' 'expect  VVC2VVC. Default tuser etc, i=4'  [48]'
%% 5602.5 ns    Log    ID_CMD_EXECUTOR     AXISTREAM_VVC,3     axistream_expect(AXISTREAM_VVC,3,    27 words) - Will be executed  [50]
%% 5602.5 ns    Log    ID_CMD_EXECUTOR     AXISTREAM_VVC,2     axistream_transmit(AXISTREAM_VVC,2,    27 words) - Will be executed  [49]
%%   5605 ns    Log    ID_PACKET_INITIATE  AXISTREAM_VVC,3     axistream_expect(81 words[8b]) while executing axistream_receive=> Receive packet. ' 'expect  VVC2VVC. Default tuser etc, i=4'  [50]'
%%   5605 ns    Log    ID_PACKET_INITIATE  AXISTREAM_VVC,2     axistream_transmit(81 words[8b])=> ' 'transmit VVC2VVC. Default tuser etc, i=4'  [49]'
%% 5822.5 ns    Log    ID_PACKET_COMPLETE  AXISTREAM_VVC,2     axistream_transmit(81 words[8b])=> Tx DONE. ' 'transmit VVC2VVC. Default tuser etc, i=4'  [49]'
%% 5822.5 ns    Log    ID_PACKET_PAYLOAD   AXISTREAM_VVC,3     axistream_expect(81 words[8b]) while executing axistream_receive=> Rx Frame (81 bytes) (59, 89, C7, 5F, 96, AB, F2, 2B, 41, 96, 1E, DB, B9, 79, 0C, 02, 64, 10, DA, A6, A5, 4B, A3, 50, 9E, 79, CC, B0, 6D, 9C, 2E, C2, A3, 46, 68, 01, B3, C9, DC, 01, 9C, A8, D4, CC, C2, BF, A9, 21, D1, E0, 92, 28, 3D, C4, 22, 8A, 74, EA, A0, 34, 01, 49, 7D, 13, D3, E6, C1, D7, EB, 7C, A2, 01, 81, E9, 29, D8, D9, 99, F8, B2, 65). ' 'expect  VVC2VVC. Default tuser etc, i=4'  [50]'
%% 5822.5 ns    Log    ID_PACKET_COMPLETE  AXISTREAM_VVC,3     axistream_expect(81 words[8b])=> OK, received 81 words[8b]). ' 'expect  VVC2VVC. Default tuser etc, i=4'  [50]'
%% 5822.5 ns    Log    ID_CMD_EXECUTOR     AXISTREAM_VVC,3     axistream_expect(AXISTREAM_VVC,3,    27 words) - Will be executed  [52]
%% 5822.5 ns    Log    ID_CMD_EXECUTOR     AXISTREAM_VVC,2     axistream_transmit(AXISTREAM_VVC,2,    27 words) - Will be executed  [51]
%%   5825 ns    Log    ID_PACKET_INITIATE  AXISTREAM_VVC,3     axistream_expect(108 words[8b]) while executing axistream_receive=> Receive packet. ' 'expect  VVC2VVC. Default tuser etc, i=4'  [52]'
%%   5825 ns    Log    ID_PACKET_INITIATE  AXISTREAM_VVC,2     axistream_transmit(108 words[8b])=> ' 'transmit VVC2VVC. Default tuser etc, i=4'  [51]'
%% 6102.5 ns    Log    ID_PACKET_COMPLETE  AXISTREAM_VVC,2     axistream_transmit(108 words[8b])=> Tx DONE. ' 'transmit VVC2VVC. Default tuser etc, i=4'  [51]'
%% 6102.5 ns    Log    ID_PACKET_PAYLOAD   AXISTREAM_VVC,3     axistream_expect(108 words[8b]) while executing axistream_receive=> Rx Frame (108 bytes) (EB, 72, 23, 15, 7D, AA, DA, 15, 8D, 72, D6, CC, E3, CC, D6, C8, 5F, 75, C7, 73, 8C, 1A, AD, B7, B4, 4A, 99, 27, 8F, BE, 73, DA, 26, 50, 98, C6, 45, 91, B8, 56, 0E, 13, 30, B9, FE, 90, 2A, AF, FA, A3, 4F, 38, DF, 6E, 32, 81, 5A, 83, DE, 23, 62, 51, 8E, 6E, E8, 5B, A3, D8, 01, 84, 0B, FF, 3D, 71, 0A, CA, 22, CB, 54, F1, A4, FF, 83, 43, 19, 28, 5B, 34, B0, 8A, 63, 2B, 93, 64, CE, 4A, 99, 50, 80, 8B, 9D, D2, BA, D9, 24, A2, 59, 01). ' 'expect  VVC2VVC. Default tuser etc, i=4'  [52]'
%% 6102.5 ns    Log    ID_PACKET_COMPLETE  AXISTREAM_VVC,3     axistream_expect(108 words[8b])=> OK, received 108 words[8b]). ' 'expect  VVC2VVC. Default tuser etc, i=4'  [52]'
%% 6102.5 ns    Log    ID_CMD_EXECUTOR     AXISTREAM_VVC,3     axistream_expect(AXISTREAM_VVC,3,    81 words) - Will be executed  [54]
%% 6102.5 ns    Log    ID_CMD_EXECUTOR     AXISTREAM_VVC,2     axistream_transmit(AXISTREAM_VVC,2,    81 words) - Will be executed  [53]
%%   6105 ns    Log    ID_PACKET_INITIATE  AXISTREAM_VVC,3     axistream_expect(81 words[8b]) while executing axistream_receive=> Receive packet. ' 'expect  VVC2VVC. Default tuser etc, i=5'  [54]'
%%   6105 ns    Log    ID_PACKET_INITIATE  AXISTREAM_VVC,2     axistream_transmit(81 words[8b])=> ' 'transmit VVC2VVC. Default tuser etc, i=5'  [53]'
%% 6322.5 ns    Log    ID_PACKET_COMPLETE  AXISTREAM_VVC,2     axistream_transmit(81 words[8b])=> Tx DONE. ' 'transmit VVC2VVC. Default tuser etc, i=5'  [53]'
%% 6322.5 ns    Log    ID_PACKET_PAYLOAD   AXISTREAM_VVC,3     axistream_expect(81 words[8b]) while executing axistream_receive=> Rx Frame (81 bytes) (E0, D7, 3C, F3, B6, 88, 07, DC, 77, A6, 68, 75, AC, 10, FC, 44, FA, 8E, D1, 60, 10, 2B, 7D, D0, 1A, 9B, BA, BC, 6F, AE, 5E, 00, 73, C4, A3, A3, D1, 3F, 5D, 86, 38, 0B, AC, 84, 36, D9, 1B, 73, A1, 73, 83, AA, 0C, FF, 7F, 7E, 4F, 57, AD, AF, B1, 60, B1, 12, 67, 78, D9, 2A, B2, A6, E8, F6, 3E, 40, 81, F8, 32, 52, EE, 5C, C6). ' 'expect  VVC2VVC. Default tuser etc, i=5'  [54]'
%% 6322.5 ns    Log    ID_PACKET_COMPLETE  AXISTREAM_VVC,3     axistream_expect(81 words[8b])=> OK, received 81 words[8b]). ' 'expect  VVC2VVC. Default tuser etc, i=5'  [54]'
%% 6322.5 ns    Log    ID_CMD_EXECUTOR     AXISTREAM_VVC,3     axistream_expect(AXISTREAM_VVC,3,    81 words) - Will be executed  [56]
%% 6322.5 ns    Log    ID_CMD_EXECUTOR     AXISTREAM_VVC,2     axistream_transmit(AXISTREAM_VVC,2,    81 words) - Will be executed  [55]
%%   6325 ns    Log    ID_PACKET_INITIATE  AXISTREAM_VVC,3     axistream_expect(162 words[8b]) while executing axistream_receive=> Receive packet. ' 'expect  VVC2VVC. Default tuser etc, i=5'  [56]'
%%   6325 ns    Log    ID_PACKET_INITIATE  AXISTREAM_VVC,2     axistream_transmit(162 words[8b])=> ' 'transmit VVC2VVC. Default tuser etc, i=5'  [55]'
%% 6742.5 ns    Log    ID_PACKET_COMPLETE  AXISTREAM_VVC,2     axistream_transmit(162 words[8b])=> Tx DONE. ' 'transmit VVC2VVC. Default tuser etc, i=5'  [55]'
%% 6742.5 ns    Log    ID_PACKET_PAYLOAD   AXISTREAM_VVC,3     axistream_expect(162 words[8b]) while executing axistream_receive=> Rx Frame (162 bytes) (42, 09, 42, 8B, 48, 4C, F1, 58, 31, 4F, 40, 02, 47, 1C, 67, DC, 37, F4, B3, 25, 9D, 52, C7, D7, 51, DE, E6, 2E, F8, 83, C9, 80, 4F, DA, 13, FB, C9, 98, 5C, 2B, 62, 8F, 81, 76, 6A, 09, B4, A0, 4D, 0B, A0, 97, 82, 0B, 26, 10, 70, EC, 3E, 89, 70, DE, 73, F6, 12, 3C, FC, 2A, DF, CA, 1E, 02, FD, F9, 6D, 49, 87, F2, 89, 00, 8C, F5, 41, 4E, F7, C6, 07, 69, C2, 36, 5E, 1A, A1, EB, E7, 38, BC, 35, 03, 69, E5, CF, 9F, 15, 11, 31, 89, 6D, 6B, D0, 1A, 00, 34, CA, 6B, 28, 90, A5, EC, 3F, 37, C7, 89, 3E, 3D, 49, D5, C5, 81, 86, 04, FC, E0, 04, C5, AA, 47, 04, EA, EF, A6, 3D, AA, F1, 4B, C1, 18, 63, CD, 24, 3B, 2F, 21, A0, 42, 1D, 24, 1F, 59, FE, CE, 60). ' 'expect  VVC2VVC. Default tuser etc, i=5'  [56]'
%% 6742.5 ns    Log    ID_PACKET_COMPLETE  AXISTREAM_VVC,3     axistream_expect(162 words[8b])=> OK, received 162 words[8b]). ' 'expect  VVC2VVC. Default tuser etc, i=5'  [56]'
%% 6742.5 ns    Log    ID_CMD_EXECUTOR     AXISTREAM_VVC,3     axistream_expect(AXISTREAM_VVC,3,    81 words) - Will be executed  [58]
%% 6742.5 ns    Log    ID_CMD_EXECUTOR     AXISTREAM_VVC,2     axistream_transmit(AXISTREAM_VVC,2,    81 words) - Will be executed  [57]
%%   6745 ns    Log    ID_PACKET_INITIATE  AXISTREAM_VVC,3     axistream_expect(243 words[8b]) while executing axistream_receive=> Receive packet. ' 'expect  VVC2VVC. Default tuser etc, i=5'  [58]'
%%   6745 ns    Log    ID_PACKET_INITIATE  AXISTREAM_VVC,2     axistream_transmit(243 words[8b])=> ' 'transmit VVC2VVC. Default tuser etc, i=5'  [57]'
%% 7362.5 ns    Log    ID_PACKET_COMPLETE  AXISTREAM_VVC,2     axistream_transmit(243 words[8b])=> Tx DONE. ' 'transmit VVC2VVC. Default tuser etc, i=5'  [57]'
%% 7362.5 ns    Log    ID_PACKET_PAYLOAD   AXISTREAM_VVC,3     axistream_expect(243 words[8b]) while executing axistream_receive=> Rx Frame (243 bytes) (65, 4B, 5B, 8C, 46, 2D, C8, 7F, FA, 28, A9, 14, 13, 7D, 7B, 96, 2C, B6, 23, AF, 0F, 36, AA, F1, 29, 67, 6D, B2, 58, 26, 6F, 13, FD, EC, AC, FD, B3, F4, EA, 5D, 88, DE, EF, 4A, ED, E6, 22, 8D, 91, 6E, 6E, 50, BD, 0C, 0F, 3A, 9F, CE, 87, 62, F4, 76, A0, 5A, EB, 9B, 1D, 3A, FB, E9, 1D, 58, 9C, C5, A1, 08, 50, 4F, F6, 06, F9, 8A, 1F, E4, 47, 11, 5B, E2, 50, 62, 0A, 3A, A0, C6, 49, 9D, 37, 4A, 5D, E2, BE, 78, C6, 7E, 6B, 7D, C8, 12, D7, 8B, B7, F3, 48, 4C, CC, 6D, 84, D9, 05, 81, 89, 70, 94, 36, 7F, 12, 34, DD, 2D, 38, 7A, B9, 1B, BA, FE, 56, A1, 4D, B2, E1, AE, E0, 1C, A0, 2C, 96, 61, 5E, 19, 52, 4B, 2A, F3, EE, B0, 4D, 0A, 7F, C9, 8A, 49, 2F, 77, 5D, 3C, E8, 48, 31, 5B, FE, D4, 4D, C1, 73, 45, 4E, 18, 04, 87, CB, 98, 2D, 0F, 4A, 2B, 20, 59, 77, 5E, 09, 8B, 1E, 83, 1C, E9, 5D, E9, FC, EF, 6C, C7, F9, 7C, CF, 31, B7, 30, 11, 6C, 77, DF, E0, 57, AA, 8E, F8, 0F, 29, 4B, 69, 21, F6, 97, 12, 4D, 7E, 0E, 25, 6A, 7A, 49, D0, 83, 55, 46, 67, D6, 48, 01, 12, 25, 67, 4A). ' 'expect  VVC2VVC. Default tuser etc, i=5'  [58]'
%% 7362.5 ns    Log    ID_PACKET_COMPLETE  AXISTREAM_VVC,3     axistream_expect(243 words[8b])=> OK, received 243 words[8b]). ' 'expect  VVC2VVC. Default tuser etc, i=5'  [58]'
%% 7362.5 ns    Log    ID_CMD_EXECUTOR     AXISTREAM_VVC,3     axistream_expect(AXISTREAM_VVC,3,    81 words) - Will be executed  [60]
%% 7362.5 ns    Log    ID_CMD_EXECUTOR     AXISTREAM_VVC,2     axistream_transmit(AXISTREAM_VVC,2,    81 words) - Will be executed  [59]
%%   7365 ns    Log    ID_PACKET_INITIATE  AXISTREAM_VVC,3     axistream_expect(324 words[8b]) while executing axistream_receive=> Receive packet. ' 'expect  VVC2VVC. Default tuser etc, i=5'  [60]'
%%   7365 ns    Log    ID_PACKET_INITIATE  AXISTREAM_VVC,2     axistream_transmit(324 words[8b])=> ' 'transmit VVC2VVC. Default tuser etc, i=5'  [59]'
%% 8182.5 ns    Log    ID_PACKET_COMPLETE  AXISTREAM_VVC,2     axistream_transmit(324 words[8b])=> Tx DONE. ' 'transmit VVC2VVC. Default tuser etc, i=5'  [59]'
%% 8182.5 ns    Log    ID_PACKET_PAYLOAD   AXISTREAM_VVC,3     axistream_expect(324 words[8b]) while executing axistream_receive=> Rx Frame (324 bytes) (F5, 52, 86, 22, 98, 47, 57, 8D, 08, 44, 00, 97, A3, B3, AB, 9A, 32, E5, 1E, E5, 93, 7E, FF, 42, B5, 5C, 29, 96, FB, 58, 1E, 92, BC, 10, C8, B2, 40, C2, 0A, C0, 6D, ED, 32, 3B, 43, BB, C5, 05, 9A, DF, 7F, 60, B4, C0, 28, E2, 82, 9B, A7, A1, 3E, 8A, D6, A8, 7A, 27, 7E, 4E, A8, B3, 31, 91, 99, BB, 2B, 97, 8F, AF, 21, 6B, FB, CE, A3, 8E, 28, 6D, 3B, 26, B5, 28, FF, 95, D7, AD, 2F, AE, 66, 9A, 1C, 7E, 9E, 63, BA, 3A, 0A, F4, 74, 19, 20, 7F, 5F, 3D, 93, 00, 82, BD, 49, 23, EB, E1, 83, 7C, 27, AD, 07, 2B, 79, E7, 35, 10, 3A, E2, B5, 27, 5F, 01, 34, F0, A1, 0D, 93, 46, 8A, 90, 52, B7, FB, 00, 28, 91, C8, 24, 16, 41, 5E, 1F, 20, 99, 51, DC, B2, 96, ED, 40, C0, B5, 20, C2, 98, 07, E0, D5, 06, 52, 03, E6, 54, 14, BE, 0D, A8, D9, 81, E4, 48, 73, 26, 86, 47, 32, D3, E9, 7D, 95, B6, 09, 7F, D3, 14, EF, 24, A4, D3, 48, 10, E3, A4, 93, F7, 50, 47, 90, C1, 8F, 5B, 75, A0, 7E, 3D, 6A, A1, 23, 65, 1D, CE, 40, B6, 52, AF, 0A, A6, 25, 3F, 4B, A9, E0, 3C, 14, 74, DA, CE, 73, B0, 86, 55, C2, 8F, 0C, 3A, 2F, 06, 0A, 10, 66, 52, 75, A3, 95, A7, 16, DF, 9F, AA, 9B, 3A, 88, A2, B7, C3, 59, 9A, 92, EC, 3B, F5, 9D, D3, 0D, A9, 14, 63, 20, A3, B6, 72, 9A, FA, 98, CD, C0, AB, C7, BE, BC, 7C, 08, 65, 35, 56, 18, 4D, 8A, F1, D7, AE, 16, E3, 2D, 0D, E2, 24, 95, DF, B3, B7, 79, 4F, 73, 61, BA, 18, 75, 83, 9F). ' 'expect  VVC2VVC. Default tuser etc, i=5'  [60]'
%% 8182.5 ns    Log    ID_PACKET_COMPLETE  AXISTREAM_VVC,3     axistream_expect(324 words[8b])=> OK, received 324 words[8b]). ' 'expect  VVC2VVC. Default tuser etc, i=5'  [60]'
%% 8182.5 ns    Log    ID_CMD_EXECUTOR     AXISTREAM_VVC,3     axistream_expect(AXISTREAM_VVC,3,    71 words) - Will be executed  [62]
%% 8182.5 ns    Log    ID_CMD_EXECUTOR     AXISTREAM_VVC,2     axistream_transmit(AXISTREAM_VVC,2,    71 words) - Will be executed  [61]
%%   8185 ns    Log    ID_PACKET_INITIATE  AXISTREAM_VVC,3     axistream_expect(71 words[8b]) while executing axistream_receive=> Receive packet. ' 'expect VVC2VVC, tuser set, but default tstrb etc'  [62]'
%%   8185 ns    Log    ID_PACKET_INITIATE  AXISTREAM_VVC,2     axistream_transmit(71 words[8b])=> ' 'transmit VVC2VVC, tuser set, but default tstrb etc'  [61]'
%% 8372.5 ns    Log    ID_PACKET_COMPLETE  AXISTREAM_VVC,2     axistream_transmit(71 words[8b])=> Tx DONE. ' 'transmit VVC2VVC, tuser set, but default tstrb etc'  [61]'
%% 8372.5 ns    Log    ID_PACKET_PAYLOAD   AXISTREAM_VVC,3     axistream_expect(71 words[8b]) while executing axistream_receive=> Rx Frame (71 bytes) (8B, C1, B9, 07, C5, AF, 52, 99, 9D, DD, D8, 1B, 36, FF, F0, 61, EC, B7, 85, 0C, 90, 0A, 9B, 6A, 43, CE, 8B, 11, 2F, 15, 50, 73, 57, AE, 09, 9B, FA, B2, 5B, 2D, F3, E5, 1A, DF, DB, 40, DC, 39, 21, 96, C3, 1A, 52, FD, E7, FE, 84, E8, 8C, 91, 4C, 3B, 4C, 23, 5D, 87, 74, F4, 2D, 58, 5B). ' 'expect VVC2VVC, tuser set, but default tstrb etc'  [62]'
%% 8372.5 ns    Log    ID_PACKET_COMPLETE  AXISTREAM_VVC,3     axistream_expect(71 words[8b])=> OK, received 71 words[8b]). ' 'expect VVC2VVC, tuser set, but default tstrb etc'  [62]'
%% 8372.5 ns    Log    ID_CMD_EXECUTOR     AXISTREAM_VVC,3     axistream_expect(AXISTREAM_VVC,3,    71 words) - Will be executed  [64]
%% 8372.5 ns    Log    ID_CMD_EXECUTOR     AXISTREAM_VVC,2     axistream_transmit(AXISTREAM_VVC,2,    71 words) - Will be executed  [63]
%%   8375 ns    Log    ID_PACKET_INITIATE  AXISTREAM_VVC,3     axistream_expect(71 words[8b]) while executing axistream_receive=> Receive packet. ' 'expect VVC2VVC, tuser tstrb etc are set'  [64]'
%%   8375 ns    Log    ID_PACKET_INITIATE  AXISTREAM_VVC,2     axistream_transmit(71 words[8b])=> ' 'transmit VVC2VVC, tuser tstrb etc are set'  [63]'
%% 8562.5 ns    Log    ID_PACKET_COMPLETE  AXISTREAM_VVC,2     axistream_transmit(71 words[8b])=> Tx DONE. ' 'transmit VVC2VVC, tuser tstrb etc are set'  [63]'
%% 8562.5 ns    Log    ID_PACKET_PAYLOAD   AXISTREAM_VVC,3     axistream_expect(71 words[8b]) while executing axistream_receive=> Rx Frame (71 bytes) (5A, 08, 09, D0, DB, ED, F3, 9C, 56, AE, 8A, 71, 57, 9C, D2, A8, B0, 2E, A8, 78, 27, EE, 1C, AA, 50, 96, D1, 5A, 33, 9E, 0D, C3, DC, 80, C5, 87, 64, 94, D5, CE, 69, 34, 54, DD, 72, D8, B2, D2, E4, F0, 94, CC, ED, 73, B7, B4, 14, F4, 86, 5C, C5, AF, 7A, E9, A9, F0, 7B, 45, 69, 6C, 13). ' 'expect VVC2VVC, tuser tstrb etc are set'  [64]'
%% 8562.5 ns    Log    ID_PACKET_COMPLETE  AXISTREAM_VVC,3     axistream_expect(71 words[8b])=> OK, received 71 words[8b]). ' 'expect VVC2VVC, tuser tstrb etc are set'  [64]'
%% 8562.5 ns    Log    ID_CMD_EXECUTOR     AXISTREAM_VVC,3     axistream_receive() - Will be executed  [66]
%% 8562.5 ns    Log    ID_CMD_EXECUTOR     AXISTREAM_VVC,2     axistream_transmit(AXISTREAM_VVC,2,    71 words) - Will be executed  [65]
%%   8565 ns    Log    ID_PACKET_INITIATE  AXISTREAM_VVC,3     axistream_receive()=> Receive packet. ' 'test axistream_receive / fetch_result (with tuser) '  [66]'
%%   8565 ns    Log    ID_PACKET_INITIATE  AXISTREAM_VVC,2     axistream_transmit(71 words[8b])=> ' 'transmit before receive, Check that tuser is fetched correctly'  [65]'
%% 8752.5 ns    Log    ID_PACKET_COMPLETE  AXISTREAM_VVC,2     axistream_transmit(71 words[8b])=> Tx DONE. ' 'transmit before receive, Check that tuser is fetched correctly'  [65]'
%% 8752.5 ns    Log    ID_PACKET_PAYLOAD   AXISTREAM_VVC,3     axistream_receive()=> Rx Frame (71 bytes) (A8, 72, 06, 33, 01, 0A, 2B, C8, 38, CC, 3C, 7B, D2, D4, 3E, CE, 0C, 47, FD, D7, CF, D2, 5E, D6, 41, E6, 12, 29, 38, 5F, 3A, 44, 13, CB, 5F, 39, 8C, 30, E7, AD, B6, 3B, 69, BB, 41, F0, E1, E9, 7D, 8A, 11, 87, 85, 8D, 5C, 74, C6, 63, CE, FC, 38, EE, FC, 00, D6, 5C, EE, EE, 14, EC, FA). ' 'test axistream_receive / fetch_result (with tuser) '  [66]'
%% 8752.5 ns    Log    ID_PACKET_COMPLETE  AXISTREAM_VVC,3     axistream_receive()=> Rx DONE (71 words[8b]). ' 'test axistream_receive / fetch_result (with tuser) '  [66]'
%% 8752.5 ns    Log    ID_CMD_EXECUTOR_WA  AXISTREAM_VVC,2     Executor: Waiting for command
%% 8752.5 ns    Log    ID_CMD_EXECUTOR_WA  AXISTREAM_VVC,3     Executor: Waiting for command
%% 8752.5 ns    Log    ID_CMD_INTERPRETER  AXISTREAM_VVC,3     fetch_result(AXISTREAM_VVC,3, 66). Command received  [69]
%% 8752.5 ns    Log    ID_IMMEDIATE_CMD    AXISTREAM_VVC,3     fetch_result(AXISTREAM_VVC,3, 66) Requested result is found. Fetch result using the simple fetch_result overload  [69]
%% 8752.5 ns    Log    ID_CMD_INTERPRETER  AXISTREAM_VVC,3     Interpreter: Waiting for command
%% 8752.5 ns    Log    ID_CMD_INTERPRETER  AXISTREAM_VVC,2     axistream_transmit(AXISTREAM_VVC,2,    71 words). Command received  [70]
%% 8752.5 ns    Log    ID_CMD_EXECUTOR     AXISTREAM_VVC,2     axistream_transmit(AXISTREAM_VVC,2,    71 words) - Will be executed  [70]
%% 8752.5 ns    Log    ID_CMD_INTERPRETER  AXISTREAM_VVC,2     Interpreter: Waiting for command
%% 8752.5 ns    Log    ID_CMD_INTERPRETER  AXISTREAM_VVC,3     axistream_expect(AXISTREAM_VVC,3,    71 words). Command received  [71]
%% 8752.5 ns    Log    ID_CMD_EXECUTOR     AXISTREAM_VVC,3     axistream_expect(AXISTREAM_VVC,3,    71 words) - Will be executed  [71]
%% 8752.5 ns    Log    ID_CMD_INTERPRETER  AXISTREAM_VVC,3     Interpreter: Waiting for command
%% 8752.5 ns    Log    ID_CMD_INTERPRETER  AXISTREAM_VVC,2     axistream_transmit(AXISTREAM_VVC,2,    71 words). Command received  [72]
%% 8752.5 ns    Log    ID_CMD_INTERPRETER  AXISTREAM_VVC,2     Interpreter: Waiting for command
%% 8752.5 ns    Log    ID_CMD_INTERPRETER  AXISTREAM_VVC,3     axistream_expect(AXISTREAM_VVC,3,    71 words). Command received  [73]
%% 8752.5 ns    Log    ID_CMD_INTERPRETER  AXISTREAM_VVC,3     Interpreter: Waiting for command
%% 8752.5 ns    Log    ID_CMD_INTERPRETER  AXISTREAM_VVC,2     axistream_transmit(AXISTREAM_VVC,2,    71 words). Command received  [74]
%% 8752.5 ns    Log    ID_CMD_INTERPRETER  AXISTREAM_VVC,2     Interpreter: Waiting for command
%% 8752.5 ns    Log    ID_CMD_INTERPRETER  AXISTREAM_VVC,3     axistream_expect(AXISTREAM_VVC,3,    71 words). Command received  [75]
%% 8752.5 ns    Log    ID_CMD_INTERPRETER  AXISTREAM_VVC,3     Interpreter: Waiting for command
%% 8752.5 ns    Log    ID_CMD_INTERPRETER  AXISTREAM_VVC,2     axistream_transmit(AXISTREAM_VVC,2,    71 words). Command received  [76]
%% 8752.5 ns    Log    ID_CMD_INTERPRETER  AXISTREAM_VVC,2     Interpreter: Waiting for command
%% 8752.5 ns    Log    ID_CMD_INTERPRETER  AXISTREAM_VVC,3     axistream_expect(AXISTREAM_VVC,3,    71 words). Command received  [77]
%% 8752.5 ns    Log    ID_CMD_INTERPRETER  AXISTREAM_VVC,3     Interpreter: Waiting for command
%% 8752.5 ns    Log    ID_CMD_INTERPRETER  AXISTREAM_VVC,2     axistream_transmit(AXISTREAM_VVC,2,    71 words). Command received  [78]
%% 8752.5 ns    Log    ID_CMD_INTERPRETER  AXISTREAM_VVC,2     Interpreter: Waiting for command
%% 8752.5 ns    Log    ID_CMD_INTERPRETER  AXISTREAM_VVC,3     axistream_expect(AXISTREAM_VVC,3,    71 words). Command received  [79]
%% 8752.5 ns    Log    ID_CMD_INTERPRETER  AXISTREAM_VVC,3     Interpreter: Waiting for command
%%   8755 ns    Log    ID_PACKET_INITIATE  AXISTREAM_VVC,2     axistream_transmit(71 words[8b])=> ' 'transmit, data wrong. bytes in word=1'  [70]'
%%   8755 ns    Log    ID_PACKET_INITIATE  AXISTREAM_VVC,3     axistream_expect(71 words[8b]) while executing axistream_receive=> Receive packet. ' 'expect, data wrong. bytes in word=1'  [71]'
%% 8942.5 ns    Log    ID_PACKET_COMPLETE  AXISTREAM_VVC,2     axistream_transmit(71 words[8b])=> Tx DONE. ' 'transmit, data wrong. bytes in word=1'  [70]'
%% 8942.5 ns    Log    ID_PACKET_PAYLOAD   AXISTREAM_VVC,3     axistream_expect(71 words[8b]) while executing axistream_receive=> Rx Frame (71 bytes) (AC, 12, 27, CA, 20, 97, 42, E9, 37, 98, 74, F6, 1F, CE, 79, B2, 4F, E0, 85, A4, 5E, 70, 33, F1, D3, C1, 6E, AE, B5, 8D, 04, 16, 3B, E7, 2F, 61, 65, 1B, AB, 5A, 94, E6, 52, 60, 5B, 2E, 6C, 65, 56, 2D, C4, CA, FD, 70, 27, 01, 59, 6C, 61, 0A, E1, EE, 47, 3A, D9, 09, 97, 32, F1, 89, F2). ' 'expect, data wrong. bytes in word=1'  [71]'
%% 8942.5 ns    Alert  WARNING             AXISTREAM_VVC,3     
axistream_expect(71 words[8b])=> Failed in 8 data bits. First mismatch in word# 67. Was x"97". Expected x"68". ' 'expect, data wrong. bytes in word=1'  [71]'
Was:
(AC, 12, 27, CA, 20, 97, 42, E9, 37, 98, 74, F6, 1F, CE, 79, B2, 4F, E0, 85, A4, 5E, 70, 33, F1, D3, C1, 6E, AE, B5, 8D, 04, 16, 3B, E7, 2F, 61, 65, 1B, AB, 5A, 94, E6, 52, 60, 5B, 2E, 6C, 65, 56, 2D, C4, CA, FD, 70, 27, 01, 59, 6C, 61, 0A, E1, EE, 47, 3A, D9, 09, 97, 32, F1, 89, F2)
Expected:
(AC, 12, 27, CA, 20, 97, 42, E9, 37, 98, 74, F6, 1F, CE, 79, B2, 4F, E0, 85, A4, 5E, 70, 33, F1, D3, C1, 6E, AE, B5, 8D, 04, 16, 3B, E7, 2F, 61, 65, 1B, AB, 5A, 94, E6, 52, 60, 5B, 2E, 6C, 65, 56, 2D, C4, CA, FD, 70, 27, 01, 59, 6C, 61, 0A, E1, EE, 47, 3A, D9, 09, 68, 32, F1, 89, F2)

Summary of errors in expected transaction. Failed in: 
8 data bits.
0 tuser bits.
0 tstrb bits.
0 tid bits.
0 tdest bits.

%% 8942.5 ns    Log    ID_CMD_EXECUTOR     AXISTREAM_VVC,3     axistream_expect(AXISTREAM_VVC,3,    71 words) - Will be executed  [73]
%% 8942.5 ns    Log    ID_CMD_EXECUTOR     AXISTREAM_VVC,2     axistream_transmit(AXISTREAM_VVC,2,    71 words) - Will be executed  [72]
%%   8945 ns    Log    ID_PACKET_INITIATE  AXISTREAM_VVC,3     axistream_expect(71 words[8b]) while executing axistream_receive=> Receive packet. ' 'expect, tuser wrong.'  [73]'
%%   8945 ns    Log    ID_PACKET_INITIATE  AXISTREAM_VVC,2     axistream_transmit(71 words[8b])=> ' 'transmit, tuser wrong.'  [72]'
%% 9132.5 ns    Log    ID_PACKET_COMPLETE  AXISTREAM_VVC,2     axistream_transmit(71 words[8b])=> Tx DONE. ' 'transmit, tuser wrong.'  [72]'
%% 9132.5 ns    Log    ID_PACKET_PAYLOAD   AXISTREAM_VVC,3     axistream_expect(71 words[8b]) while executing axistream_receive=> Rx Frame (71 bytes) (5B, A2, 9B, 5D, AC, 04, E7, 9E, F0, 70, C9, B1, 65, 66, 68, 9E, E7, 8E, 93, 16, 04, 63, 10, D3, FE, 64, 59, 78, A0, 1A, AF, F5, 64, 15, 12, 96, F6, E8, 2D, B3, C6, 85, B0, 1E, 5F, F0, 6D, 42, D8, 57, D2, DE, 94, 2D, B1, 00, 4A, 75, F9, 58, EC, CD, E5, 9E, 83, DC, 21, A0, 42, B8, EF). ' 'expect, tuser wrong.'  [73]'
%% 9132.5 ns    Alert  WARNING             AXISTREAM_VVC,3     
axistream_expect(71 words[8b])=> Failed in 1 tuser bits. First mismatch in word# 16. Was x"1". Expected x"0". ' 'expect, tuser wrong.'  [73]'
Was:
(1, 0, 0, 0, 1, 1, 1, 0, 1, 0, 1, 1, 1, 0, 0, 1, 1, 1)
Expected:
(1, 0, 0, 0, 1, 1, 1, 0, 1, 0, 1, 1, 1, 0, 0, 0, 1, 1)

Summary of errors in expected transaction. Failed in: 
0 data bits.
1 tuser bits.
0 tstrb bits.
0 tid bits.
0 tdest bits.

%% 9132.5 ns    Log    ID_CMD_EXECUTOR     AXISTREAM_VVC,3     axistream_expect(AXISTREAM_VVC,3,    71 words) - Will be executed  [75]
%% 9132.5 ns    Log    ID_CMD_EXECUTOR     AXISTREAM_VVC,2     axistream_transmit(AXISTREAM_VVC,2,    71 words) - Will be executed  [74]
%%   9135 ns    Log    ID_PACKET_INITIATE  AXISTREAM_VVC,3     axistream_expect(71 words[8b]) while executing axistream_receive=> Receive packet. ' 'expect, tstrb wrong.'  [75]'
%%   9135 ns    Log    ID_PACKET_INITIATE  AXISTREAM_VVC,2     axistream_transmit(71 words[8b])=> ' 'transmit, tstrb wrong.'  [74]'
%% 9322.5 ns    Log    ID_PACKET_COMPLETE  AXISTREAM_VVC,2     axistream_transmit(71 words[8b])=> Tx DONE. ' 'transmit, tstrb wrong.'  [74]'
%% 9322.5 ns    Log    ID_PACKET_PAYLOAD   AXISTREAM_VVC,3     axistream_expect(71 words[8b]) while executing axistream_receive=> Rx Frame (71 bytes) (03, 75, BD, BF, 27, 3D, 76, 06, D5, 75, CB, 94, DF, 27, DC, 70, 8E, 73, 4B, 79, 22, B9, E5, 7A, 9A, 75, 3B, 9C, 3A, C5, 35, 8E, E9, C4, 99, 31, 20, 12, 46, 3A, 9B, EB, FC, 0F, D3, D3, 43, 4A, 71, 55, D6, AB, 0F, AE, 5D, 9D, 4B, F1, 68, A3, D3, 2D, 98, FF, 09, AD, 19, 2F, E6, BF, C0). ' 'expect, tstrb wrong.'  [75]'
%% 9322.5 ns    Alert  WARNING             AXISTREAM_VVC,3     
axistream_expect(71 words[8b])=> Failed in 4 tstrb bits. First mismatch in word# 1. Was x"4". Expected x"B". ' 'expect, tstrb wrong.'  [75]'
Was:
(4, E, C, 1, D, 6, 8, 9, C, C, B, 2, 1, A, 7, 4, E, 4)
Expected:
(B, E, C, 1, D, 6, 8, 9, C, C, B, 2, 1, A, 7, 4, E, 4)

Summary of errors in expected transaction. Failed in: 
0 data bits.
0 tuser bits.
4 tstrb bits.
0 tid bits.
0 tdest bits.

%% 9322.5 ns    Log    ID_CMD_EXECUTOR     AXISTREAM_VVC,3     axistream_expect(AXISTREAM_VVC,3,    71 words) - Will be executed  [77]
%% 9322.5 ns    Log    ID_CMD_EXECUTOR     AXISTREAM_VVC,2     axistream_transmit(AXISTREAM_VVC,2,    71 words) - Will be executed  [76]
%%   9325 ns    Log    ID_PACKET_INITIATE  AXISTREAM_VVC,3     axistream_expect(71 words[8b]) while executing axistream_receive=> Receive packet. ' 'expect, tid wrong.'  [77]'
%%   9325 ns    Log    ID_PACKET_INITIATE  AXISTREAM_VVC,2     axistream_transmit(71 words[8b])=> ' 'transmit, tid wrong.'  [76]'
%% 9512.5 ns    Log    ID_PACKET_COMPLETE  AXISTREAM_VVC,2     axistream_transmit(71 words[8b])=> Tx DONE. ' 'transmit, tid wrong.'  [76]'
%% 9512.5 ns    Log    ID_PACKET_PAYLOAD   AXISTREAM_VVC,3     axistream_expect(71 words[8b]) while executing axistream_receive=> Rx Frame (71 bytes) (1D, 9B, 38, 32, 65, 46, 28, 66, 48, DC, 7E, 20, F7, DC, 28, A6, DB, 9F, 94, F2, 0D, 7B, 09, 3F, 29, 8C, 18, 5C, B0, E2, 8A, 51, AC, 7D, CC, 7E, 7E, F5, 4F, 5D, 69, F6, 4A, 70, F8, 68, 6A, 58, 9F, 1A, E7, AF, B7, B3, C7, 5B, 89, AC, 30, B4, 22, 42, E4, 1C, C6, 5B, 5B, F0, A8, 71, 73). ' 'expect, tid wrong.'  [77]'
%% 9512.5 ns    Alert  WARNING             AXISTREAM_VVC,3     
axistream_expect(71 words[8b])=> Failed in 1 tid bits. First mismatch in word# 7. Was x"0". Expected x"1". ' 'expect, tid wrong.'  [77]'
Was:
(0, 0, 0, 0, 1, 0, 0, 0, 1, 1, 1, 1, 0, 1, 0, 1, 0, 0)
Expected:
(0, 0, 0, 0, 1, 0, 1, 0, 1, 1, 1, 1, 0, 1, 0, 1, 0, 0)

Summary of errors in expected transaction. Failed in: 
0 data bits.
0 tuser bits.
0 tstrb bits.
1 tid bits.
0 tdest bits.

%% 9512.5 ns    Log    ID_CMD_EXECUTOR     AXISTREAM_VVC,3     axistream_expect(AXISTREAM_VVC,3,    71 words) - Will be executed  [79]
%% 9512.5 ns    Log    ID_CMD_EXECUTOR     AXISTREAM_VVC,2     axistream_transmit(AXISTREAM_VVC,2,    71 words) - Will be executed  [78]
%%   9515 ns    Log    ID_PACKET_INITIATE  AXISTREAM_VVC,3     axistream_expect(71 words[8b]) while executing axistream_receive=> Receive packet. ' 'expect, tdest wrong.'  [79]'
%%   9515 ns    Log    ID_PACKET_INITIATE  AXISTREAM_VVC,2     axistream_transmit(71 words[8b])=> ' 'transmit, tdest wrong.'  [78]'
%% 9702.5 ns    Log    ID_PACKET_COMPLETE  AXISTREAM_VVC,2     axistream_transmit(71 words[8b])=> Tx DONE. ' 'transmit, tdest wrong.'  [78]'
%% 9702.5 ns    Log    ID_PACKET_PAYLOAD   AXISTREAM_VVC,3     axistream_expect(71 words[8b]) while executing axistream_receive=> Rx Frame (71 bytes) (CC, 4F, C5, 43, 30, 54, 45, 04, 7C, 81, C8, DE, 11, 8C, C0, FF, 41, DF, D1, 92, BD, 55, DB, FD, 55, B6, 78, E9, 09, 36, 1A, 5F, 62, 23, 92, 85, E7, AF, 8C, 6D, 8A, 3C, 45, 4E, 45, A4, 05, 46, A2, B2, CF, 54, C4, 5B, 80, B4, 68, 2E, C2, 22, 12, 45, 86, 34, 2E, F1, A2, 15, FF, 96, B6). ' 'expect, tdest wrong.'  [79]'
%% 9702.5 ns    Alert  WARNING             AXISTREAM_VVC,3     
axistream_expect(71 words[8b])=> Failed in 1 tdest bits. First mismatch in word# 5. Was x"1". Expected x"0". ' 'expect, tdest wrong.'  [79]'
Was:
(0, 0, 1, 0, 1, 0, 1, 0, 1, 1, 1, 1, 0, 0, 1, 0, 0, 1)
Expected:
(0, 0, 1, 0, 0, 0, 1, 0, 1, 1, 1, 1, 0, 0, 1, 0, 0, 1)

Summary of errors in expected transaction. Failed in: 
0 data bits.
0 tuser bits.
0 tstrb bits.
0 tid bits.
1 tdest bits.

%% 9702.5 ns    Log    ID_CMD_EXECUTOR_WA  AXISTREAM_VVC,2     Executor: Waiting for command
%% 9702.5 ns    Log    ID_CMD_EXECUTOR_WA  AXISTREAM_VVC,3     Executor: Waiting for command
%% 9702.5 ns    Log    ID_CMD_INTERPRETER  AXISTREAM_VVC,2     axistream_transmit(AXISTREAM_VVC,2,     7 words). Command received  [81]
%% 9702.5 ns    Log    ID_CMD_EXECUTOR     AXISTREAM_VVC,2     axistream_transmit(AXISTREAM_VVC,2,     7 words) - Will be executed  [81]
%% 9702.5 ns    Log    ID_CMD_INTERPRETER  AXISTREAM_VVC,2     Interpreter: Waiting for command
%% 9702.5 ns    Log    ID_CMD_INTERPRETER  AXISTREAM_VVC,3     axistream_expect(AXISTREAM_VVC,3,     7 words). Command received  [82]
%% 9702.5 ns    Log    ID_CMD_EXECUTOR     AXISTREAM_VVC,3     axistream_expect(AXISTREAM_VVC,3,     7 words) - Will be executed  [82]
%% 9702.5 ns    Log    ID_CMD_INTERPRETER  AXISTREAM_VVC,3     Interpreter: Waiting for command
%% 9702.5 ns    Log    ID_CMD_INTERPRETER  AXISTREAM_VVC,2     axistream_transmit(AXISTREAM_VVC,2,     7 words). Command received  [83]
%% 9702.5 ns    Log    ID_CMD_INTERPRETER  AXISTREAM_VVC,2     Interpreter: Waiting for command
%% 9702.5 ns    Log    ID_CMD_INTERPRETER  AXISTREAM_VVC,3     axistream_expect(AXISTREAM_VVC,3,     7 words). Command received  [84]
%% 9702.5 ns    Log    ID_CMD_INTERPRETER  AXISTREAM_VVC,3     Interpreter: Waiting for command
%% 9702.5 ns    Log    ID_CMD_INTERPRETER  AXISTREAM_VVC,2     axistream_transmit(AXISTREAM_VVC,2,     7 words). Command received  [85]
%% 9702.5 ns    Log    ID_CMD_INTERPRETER  AXISTREAM_VVC,2     Interpreter: Waiting for command
%% 9702.5 ns    Log    ID_CMD_INTERPRETER  AXISTREAM_VVC,3     axistream_receive(). Command received  [86]
%% 9702.5 ns    Log    ID_CMD_INTERPRETER  AXISTREAM_VVC,3     Interpreter: Waiting for command
%%   9705 ns    Log    ID_PACKET_INITIATE  AXISTREAM_VVC,2     axistream_transmit(14 words[8b])=> ' 'transmit VVC2VVC, tuser set, but default tstrb etc'  [81]'
%%   9705 ns    Log    ID_PACKET_INITIATE  AXISTREAM_VVC,3     axistream_expect(14 words[8b]) while executing axistream_receive=> Receive packet. ' 'expect VVC2VVC, tuser set, but default tstrb etc'  [82]'
%% 9752.5 ns    Log    ID_PACKET_COMPLETE  AXISTREAM_VVC,2     axistream_transmit(14 words[8b])=> Tx DONE. ' 'transmit VVC2VVC, tuser set, but default tstrb etc'  [81]'
%% 9752.5 ns    Log    ID_PACKET_PAYLOAD   AXISTREAM_VVC,3     axistream_expect(14 words[8b]) while executing axistream_receive=> Rx Frame (14 bytes) (4C, 95, FA, 0A, 04, 9C, 0E, B5, C3, DC, CB, AF, 52, 39). ' 'expect VVC2VVC, tuser set, but default tstrb etc'  [82]'
%% 9752.5 ns    Log    ID_PACKET_COMPLETE  AXISTREAM_VVC,3     axistream_expect(14 words[8b])=> OK, received 14 words[8b]). ' 'expect VVC2VVC, tuser set, but default tstrb etc'  [82]'
%% 9752.5 ns    Log    ID_CMD_EXECUTOR     AXISTREAM_VVC,3     axistream_expect(AXISTREAM_VVC,3,     7 words) - Will be executed  [84]
%% 9752.5 ns    Log    ID_CMD_EXECUTOR     AXISTREAM_VVC,2     axistream_transmit(AXISTREAM_VVC,2,     7 words) - Will be executed  [83]
%%   9755 ns    Log    ID_PACKET_INITIATE  AXISTREAM_VVC,3     axistream_expect(14 words[8b]) while executing axistream_receive=> Receive packet. ' 'expect VVC2VVC, tuser tstrb etc are set'  [84]'
%%   9755 ns    Log    ID_PACKET_INITIATE  AXISTREAM_VVC,2     axistream_transmit(14 words[8b])=> ' 'transmit VVC2VVC, tuser tstrb etc are set'  [83]'
%% 9802.5 ns    Log    ID_PACKET_COMPLETE  AXISTREAM_VVC,2     axistream_transmit(14 words[8b])=> Tx DONE. ' 'transmit VVC2VVC, tuser tstrb etc are set'  [83]'
%% 9802.5 ns    Log    ID_PACKET_PAYLOAD   AXISTREAM_VVC,3     axistream_expect(14 words[8b]) while executing axistream_receive=> Rx Frame (14 bytes) (02, 84, E7, A0, B6, 85, 50, 82, 50, 3D, 66, E5, 14, 8A). ' 'expect VVC2VVC, tuser tstrb etc are set'  [84]'
%% 9802.5 ns    Log    ID_PACKET_COMPLETE  AXISTREAM_VVC,3     axistream_expect(14 words[8b])=> OK, received 14 words[8b]). ' 'expect VVC2VVC, tuser tstrb etc are set'  [84]'
%% 9802.5 ns    Log    ID_CMD_EXECUTOR     AXISTREAM_VVC,3     axistream_receive() - Will be executed  [86]
%% 9802.5 ns    Log    ID_CMD_EXECUTOR     AXISTREAM_VVC,2     axistream_transmit(AXISTREAM_VVC,2,     7 words) - Will be executed  [85]
%%   9805 ns    Log    ID_PACKET_INITIATE  AXISTREAM_VVC,3     axistream_receive()=> Receive packet. ' 'test axistream_receive / fetch_result (with tuser) '  [86]'
%%   9805 ns    Log    ID_PACKET_INITIATE  AXISTREAM_VVC,2     axistream_transmit(14 words[8b])=> ' 'transmit before receive, Check that tuser is fetched correctly'  [85]'
%% 9852.5 ns    Log    ID_PACKET_COMPLETE  AXISTREAM_VVC,2     axistream_transmit(14 words[8b])=> Tx DONE. ' 'transmit before receive, Check that tuser is fetched correctly'  [85]'
%% 9852.5 ns    Log    ID_PACKET_PAYLOAD   AXISTREAM_VVC,3     axistream_receive()=> Rx Frame (14 bytes) (07, 29, 93, A3, FD, 88, 82, 23, CA, AE, 46, 57, BA, 4B). ' 'test axistream_receive / fetch_result (with tuser) '  [86]'
%% 9852.5 ns    Log    ID_PACKET_COMPLETE  AXISTREAM_VVC,3     axistream_receive()=> Rx DONE (14 words[8b]). ' 'test axistream_receive / fetch_result (with tuser) '  [86]'
%% 9852.5 ns    Log    ID_CMD_EXECUTOR_WA  AXISTREAM_VVC,2     Executor: Waiting for command
%% 9852.5 ns    Log    ID_CMD_EXECUTOR_WA  AXISTREAM_VVC,3     Executor: Waiting for command
%% 9852.5 ns    Log    ID_CMD_INTERPRETER  AXISTREAM_VVC,3     fetch_result(AXISTREAM_VVC,3, 86). Command received  [89]
%% 9852.5 ns    Log    ID_IMMEDIATE_CMD    AXISTREAM_VVC,3     fetch_result(AXISTREAM_VVC,3, 86) Requested result is found. Fetch result using the simple fetch_result overload  [89]
%% 9852.5 ns    Log    ID_CMD_INTERPRETER  AXISTREAM_VVC,3     Interpreter: Waiting for command
%% 9852.5 ns    Log    ID_CMD_INTERPRETER  AXISTREAM_VVC,2     axistream_transmit(AXISTREAM_VVC,2,     7 words). Command received  [90]
%% 9852.5 ns    Log    ID_CMD_EXECUTOR     AXISTREAM_VVC,2     axistream_transmit(AXISTREAM_VVC,2,     7 words) - Will be executed  [90]
%% 9852.5 ns    Log    ID_CMD_INTERPRETER  AXISTREAM_VVC,2     Interpreter: Waiting for command
%% 9852.5 ns    Log    ID_CMD_INTERPRETER  AXISTREAM_VVC,3     axistream_expect(AXISTREAM_VVC,3,     7 words). Command received  [91]
%% 9852.5 ns    Log    ID_CMD_EXECUTOR     AXISTREAM_VVC,3     axistream_expect(AXISTREAM_VVC,3,     7 words) - Will be executed  [91]
%% 9852.5 ns    Log    ID_CMD_INTERPRETER  AXISTREAM_VVC,3     Interpreter: Waiting for command
%% 9852.5 ns    Log    ID_CMD_INTERPRETER  AXISTREAM_VVC,2     axistream_transmit(AXISTREAM_VVC,2,     7 words). Command received  [92]
%% 9852.5 ns    Log    ID_CMD_INTERPRETER  AXISTREAM_VVC,2     Interpreter: Waiting for command
%% 9852.5 ns    Log    ID_CMD_INTERPRETER  AXISTREAM_VVC,3     axistream_expect(AXISTREAM_VVC,3,     7 words). Command received  [93]
%% 9852.5 ns    Log    ID_CMD_INTERPRETER  AXISTREAM_VVC,3     Interpreter: Waiting for command
%% 9852.5 ns    Log    ID_CMD_INTERPRETER  AXISTREAM_VVC,2     axistream_transmit(AXISTREAM_VVC,2,     7 words). Command received  [94]
%% 9852.5 ns    Log    ID_CMD_INTERPRETER  AXISTREAM_VVC,2     Interpreter: Waiting for command
%% 9852.5 ns    Log    ID_CMD_INTERPRETER  AXISTREAM_VVC,3     axistream_expect(AXISTREAM_VVC,3,     7 words). Command received  [95]
%% 9852.5 ns    Log    ID_CMD_INTERPRETER  AXISTREAM_VVC,3     Interpreter: Waiting for command
%% 9852.5 ns    Log    ID_CMD_INTERPRETER  AXISTREAM_VVC,2     axistream_transmit(AXISTREAM_VVC,2,     7 words). Command received  [96]
%% 9852.5 ns    Log    ID_CMD_INTERPRETER  AXISTREAM_VVC,2     Interpreter: Waiting for command
%% 9852.5 ns    Log    ID_CMD_INTERPRETER  AXISTREAM_VVC,3     axistream_expect(AXISTREAM_VVC,3,     7 words). Command received  [97]
%% 9852.5 ns    Log    ID_CMD_INTERPRETER  AXISTREAM_VVC,3     Interpreter: Waiting for command
%% 9852.5 ns    Log    ID_CMD_INTERPRETER  AXISTREAM_VVC,2     axistream_transmit(AXISTREAM_VVC,2,     7 words). Command received  [98]
%% 9852.5 ns    Log    ID_CMD_INTERPRETER  AXISTREAM_VVC,2     Interpreter: Waiting for command
%% 9852.5 ns    Log    ID_CMD_INTERPRETER  AXISTREAM_VVC,3     axistream_expect(AXISTREAM_VVC,3,     7 words). Command received  [99]
%% 9852.5 ns    Log    ID_CMD_INTERPRETER  AXISTREAM_VVC,3     Interpreter: Waiting for command
%%   9855 ns    Log    ID_PACKET_INITIATE  AXISTREAM_VVC,2     axistream_transmit(14 words[8b])=> ' 'transmit, data wrong. bytes in word=2'  [90]'
%%   9855 ns    Log    ID_PACKET_INITIATE  AXISTREAM_VVC,3     axistream_expect(14 words[8b]) while executing axistream_receive=> Receive packet. ' 'expect, data wrong. bytes in word=2'  [91]'
%% 9902.5 ns    Log    ID_PACKET_COMPLETE  AXISTREAM_VVC,2     axistream_transmit(14 words[8b])=> Tx DONE. ' 'transmit, data wrong. bytes in word=2'  [90]'
%% 9902.5 ns    Log    ID_PACKET_PAYLOAD   AXISTREAM_VVC,3     axistream_expect(14 words[8b]) while executing axistream_receive=> Rx Frame (14 bytes) (E2, E1, AB, 55, 57, DB, 9D, AC, F0, 11, D5, B2, 3D, 84). ' 'expect, data wrong. bytes in word=2'  [91]'
%% 9902.5 ns    Alert  WARNING             AXISTREAM_VVC,3     
axistream_expect(14 words[8b])=> Failed in 8 data bits. First mismatch in word# 7. Was x"9D". Expected x"62". ' 'expect, data wrong. bytes in word=2'  [91]'
Was:
(E2, E1, AB, 55, 57, DB, 9D, AC, F0, 11, D5, B2, 3D, 84)
Expected:
(E2, E1, AB, 55, 57, DB, 62, AC, F0, 11, D5, B2, 3D, 84)

Summary of errors in expected transaction. Failed in: 
8 data bits.
0 tuser bits.
0 tstrb bits.
0 tid bits.
0 tdest bits.

%% 9902.5 ns    Log    ID_CMD_EXECUTOR     AXISTREAM_VVC,3     axistream_expect(AXISTREAM_VVC,3,     7 words) - Will be executed  [93]
%% 9902.5 ns    Log    ID_CMD_EXECUTOR     AXISTREAM_VVC,2     axistream_transmit(AXISTREAM_VVC,2,     7 words) - Will be executed  [92]
%%   9905 ns    Log    ID_PACKET_INITIATE  AXISTREAM_VVC,3     axistream_expect(14 words[8b]) while executing axistream_receive=> Receive packet. ' 'expect, tuser wrong.'  [93]'
%%   9905 ns    Log    ID_PACKET_INITIATE  AXISTREAM_VVC,2     axistream_transmit(14 words[8b])=> ' 'transmit, tuser wrong.'  [92]'
%% 9952.5 ns    Log    ID_PACKET_COMPLETE  AXISTREAM_VVC,2     axistream_transmit(14 words[8b])=> Tx DONE. ' 'transmit, tuser wrong.'  [92]'
%% 9952.5 ns    Log    ID_PACKET_PAYLOAD   AXISTREAM_VVC,3     axistream_expect(14 words[8b]) while executing axistream_receive=> Rx Frame (14 bytes) (DD, 99, 23, 2E, 5A, 5A, 40, E1, 73, 26, 60, 5C, D5, 1F). ' 'expect, tuser wrong.'  [93]'
%% 9952.5 ns    Alert  WARNING             AXISTREAM_VVC,3     
axistream_expect(14 words[8b])=> Failed in 1 tuser bits. First mismatch in word# 4. Was x"1". Expected x"0". ' 'expect, tuser wrong.'  [93]'
Was:
(0, 0, 1, 1)
Expected:
(0, 0, 1, 0)

Summary of errors in expected transaction. Failed in: 
0 data bits.
1 tuser bits.
0 tstrb bits.
0 tid bits.
0 tdest bits.

%% 9952.5 ns    Log    ID_CMD_EXECUTOR     AXISTREAM_VVC,3     axistream_expect(AXISTREAM_VVC,3,     7 words) - Will be executed  [95]
%% 9952.5 ns    Log    ID_CMD_EXECUTOR     AXISTREAM_VVC,2     axistream_transmit(AXISTREAM_VVC,2,     7 words) - Will be executed  [94]
%%   9955 ns    Log    ID_PACKET_INITIATE  AXISTREAM_VVC,3     axistream_expect(14 words[8b]) while executing axistream_receive=> Receive packet. ' 'expect, tstrb wrong.'  [95]'
%%   9955 ns    Log    ID_PACKET_INITIATE  AXISTREAM_VVC,2     axistream_transmit(14 words[8b])=> ' 'transmit, tstrb wrong.'  [94]'
%% 10002.5 ns    Log    ID_PACKET_COMPLETE  AXISTREAM_VVC,2     axistream_transmit(14 words[8b])=> Tx DONE. ' 'transmit, tstrb wrong.'  [94]'
%% 10002.5 ns    Log    ID_PACKET_PAYLOAD   AXISTREAM_VVC,3     axistream_expect(14 words[8b]) while executing axistream_receive=> Rx Frame (14 bytes) (C5, 54, BE, E3, 2D, E3, 77, 49, 8A, 27, FA, 4D, 29, E7). ' 'expect, tstrb wrong.'  [95]'
%% 10002.5 ns    Alert  WARNING             AXISTREAM_VVC,3     
axistream_expect(14 words[8b])=> Failed in 4 tstrb bits. First mismatch in word# 4. Was x"5". Expected x"A". ' 'expect, tstrb wrong.'  [95]'
Was:
(F, 0, 3, 5)
Expected:
(F, 0, 3, A)

Summary of errors in expected transaction. Failed in: 
0 data bits.
0 tuser bits.
4 tstrb bits.
0 tid bits.
0 tdest bits.

%% 10002.5 ns    Log    ID_CMD_EXECUTOR     AXISTREAM_VVC,3     axistream_expect(AXISTREAM_VVC,3,     7 words) - Will be executed  [97]
%% 10002.5 ns    Log    ID_CMD_EXECUTOR     AXISTREAM_VVC,2     axistream_transmit(AXISTREAM_VVC,2,     7 words) - Will be executed  [96]
%%  10005 ns    Log    ID_PACKET_INITIATE  AXISTREAM_VVC,3     axistream_expect(14 words[8b]) while executing axistream_receive=> Receive packet. ' 'expect, tid wrong.'  [97]'
%%  10005 ns    Log    ID_PACKET_INITIATE  AXISTREAM_VVC,2     axistream_transmit(14 words[8b])=> ' 'transmit, tid wrong.'  [96]'
%% 10052.5 ns    Log    ID_PACKET_COMPLETE  AXISTREAM_VVC,2     axistream_transmit(14 words[8b])=> Tx DONE. ' 'transmit, tid wrong.'  [96]'
%% 10052.5 ns    Log    ID_PACKET_PAYLOAD   AXISTREAM_VVC,3     axistream_expect(14 words[8b]) while executing axistream_receive=> Rx Frame (14 bytes) (C3, 1C, 2F, BB, B5, B6, B5, 25, E4, 83, 32, 0F, 46, 49). ' 'expect, tid wrong.'  [97]'
%% 10052.5 ns    Alert  WARNING             AXISTREAM_VVC,3     
axistream_expect(14 words[8b])=> Failed in 1 tid bits. First mismatch in word# 4. Was x"0". Expected x"1". ' 'expect, tid wrong.'  [97]'
Was:
(0, 1, 1, 0)
Expected:
(0, 1, 1, 1)

Summary of errors in expected transaction. Failed in: 
0 data bits.
0 tuser bits.
0 tstrb bits.
1 tid bits.
0 tdest bits.

%% 10052.5 ns    Log    ID_CMD_EXECUTOR     AXISTREAM_VVC,3     axistream_expect(AXISTREAM_VVC,3,     7 words) - Will be executed  [99]
%% 10052.5 ns    Log    ID_CMD_EXECUTOR     AXISTREAM_VVC,2     axistream_transmit(AXISTREAM_VVC,2,     7 words) - Will be executed  [98]
%%  10055 ns    Log    ID_PACKET_INITIATE  AXISTREAM_VVC,3     axistream_expect(14 words[8b]) while executing axistream_receive=> Receive packet. ' 'expect, tdest wrong.'  [99]'
%%  10055 ns    Log    ID_PACKET_INITIATE  AXISTREAM_VVC,2     axistream_transmit(14 words[8b])=> ' 'transmit, tdest wrong.'  [98]'
%% 10102.5 ns    Log    ID_PACKET_COMPLETE  AXISTREAM_VVC,2     axistream_transmit(14 words[8b])=> Tx DONE. ' 'transmit, tdest wrong.'  [98]'
%% 10102.5 ns    Log    ID_PACKET_PAYLOAD   AXISTREAM_VVC,3     axistream_expect(14 words[8b]) while executing axistream_receive=> Rx Frame (14 bytes) (71, 13, B5, D8, 3A, A9, 83, 1D, E0, 9F, D9, 9C, 7A, 98). ' 'expect, tdest wrong.'  [99]'
%% 10102.5 ns    Alert  WARNING             AXISTREAM_VVC,3     
axistream_expect(14 words[8b])=> Failed in 1 tdest bits. First mismatch in word# 3. Was x"1". Expected x"0". ' 'expect, tdest wrong.'  [99]'
Was:
(0, 0, 1, 0)
Expected:
(0, 0, 0, 0)

Summary of errors in expected transaction. Failed in: 
0 data bits.
0 tuser bits.
0 tstrb bits.
0 tid bits.
1 tdest bits.

%% 10102.5 ns    Log    ID_CMD_EXECUTOR_WA  AXISTREAM_VVC,2     Executor: Waiting for command
%% 10102.5 ns    Log    ID_CMD_EXECUTOR_WA  AXISTREAM_VVC,3     Executor: Waiting for command
%% 10102.5 ns    Log    ID_CMD_INTERPRETER  AXISTREAM_VVC,2     axistream_transmit(AXISTREAM_VVC,2,    28 words). Command received  [101]
%% 10102.5 ns    Log    ID_CMD_EXECUTOR     AXISTREAM_VVC,2     axistream_transmit(AXISTREAM_VVC,2,    28 words) - Will be executed  [101]
%% 10102.5 ns    Log    ID_CMD_INTERPRETER  AXISTREAM_VVC,2     Interpreter: Waiting for command
%% 10102.5 ns    Log    ID_CMD_INTERPRETER  AXISTREAM_VVC,3     axistream_expect(AXISTREAM_VVC,3,    28 words). Command received  [102]
%% 10102.5 ns    Log    ID_CMD_EXECUTOR     AXISTREAM_VVC,3     axistream_expect(AXISTREAM_VVC,3,    28 words) - Will be executed  [102]
%% 10102.5 ns    Log    ID_CMD_INTERPRETER  AXISTREAM_VVC,3     Interpreter: Waiting for command
%% 10102.5 ns    Log    ID_CMD_INTERPRETER  AXISTREAM_VVC,2     axistream_transmit(AXISTREAM_VVC,2,    28 words). Command received  [103]
%% 10102.5 ns    Log    ID_CMD_INTERPRETER  AXISTREAM_VVC,2     Interpreter: Waiting for command
%% 10102.5 ns    Log    ID_CMD_INTERPRETER  AXISTREAM_VVC,3     axistream_expect(AXISTREAM_VVC,3,    28 words). Command received  [104]
%% 10102.5 ns    Log    ID_CMD_INTERPRETER  AXISTREAM_VVC,3     Interpreter: Waiting for command
%% 10102.5 ns    Log    ID_CMD_INTERPRETER  AXISTREAM_VVC,2     axistream_transmit(AXISTREAM_VVC,2,    28 words). Command received  [105]
%% 10102.5 ns    Log    ID_CMD_INTERPRETER  AXISTREAM_VVC,2     Interpreter: Waiting for command
%% 10102.5 ns    Log    ID_CMD_INTERPRETER  AXISTREAM_VVC,3     axistream_receive(). Command received  [106]
%% 10102.5 ns    Log    ID_CMD_INTERPRETER  AXISTREAM_VVC,3     Interpreter: Waiting for command
%%  10105 ns    Log    ID_PACKET_INITIATE  AXISTREAM_VVC,2     axistream_transmit(84 words[8b])=> ' 'transmit VVC2VVC, tuser set, but default tstrb etc'  [101]'
%%  10105 ns    Log    ID_PACKET_INITIATE  AXISTREAM_VVC,3     axistream_expect(84 words[8b]) while executing axistream_receive=> Receive packet. ' 'expect VVC2VVC, tuser set, but default tstrb etc'  [102]'
%% 10322.5 ns    Log    ID_PACKET_COMPLETE  AXISTREAM_VVC,2     axistream_transmit(84 words[8b])=> Tx DONE. ' 'transmit VVC2VVC, tuser set, but default tstrb etc'  [101]'
%% 10322.5 ns    Log    ID_PACKET_PAYLOAD   AXISTREAM_VVC,3     axistream_expect(84 words[8b]) while executing axistream_receive=> Rx Frame (84 bytes) (E7, 41, D8, C1, 25, 54, 67, 51, 14, 76, EB, 1D, E5, 1F, 0C, C9, D5, 58, C3, 24, BA, 1E, DC, 88, 96, 03, AF, 89, 3E, 50, AA, 4D, 0B, FA, DF, B8, 9A, 50, 5D, DA, 3A, 04, 96, 48, EA, F9, 53, 52, 0A, 5D, 00, AC, 69, 2E, 87, 64, ED, 92, 37, A8, 89, 10, F6, 07, F9, B9, 67, 86, 9D, F2, 37, 14, DB, BA, 70, 82, F0, DB, 73, E8, 76, CC, 9F, F9). ' 'expect VVC2VVC, tuser set, but default tstrb etc'  [102]'
%% 10322.5 ns    Log    ID_PACKET_COMPLETE  AXISTREAM_VVC,3     axistream_expect(84 words[8b])=> OK, received 84 words[8b]). ' 'expect VVC2VVC, tuser set, but default tstrb etc'  [102]'
%% 10322.5 ns    Log    ID_CMD_EXECUTOR     AXISTREAM_VVC,3     axistream_expect(AXISTREAM_VVC,3,    28 words) - Will be executed  [104]
%% 10322.5 ns    Log    ID_CMD_EXECUTOR     AXISTREAM_VVC,2     axistream_transmit(AXISTREAM_VVC,2,    28 words) - Will be executed  [103]
%%  10325 ns    Log    ID_PACKET_INITIATE  AXISTREAM_VVC,3     axistream_expect(84 words[8b]) while executing axistream_receive=> Receive packet. ' 'expect VVC2VVC, tuser tstrb etc are set'  [104]'
%%  10325 ns    Log    ID_PACKET_INITIATE  AXISTREAM_VVC,2     axistream_transmit(84 words[8b])=> ' 'transmit VVC2VVC, tuser tstrb etc are set'  [103]'
%% 10542.5 ns    Log    ID_PACKET_COMPLETE  AXISTREAM_VVC,2     axistream_transmit(84 words[8b])=> Tx DONE. ' 'transmit VVC2VVC, tuser tstrb etc are set'  [103]'
%% 10542.5 ns    Log    ID_PACKET_PAYLOAD   AXISTREAM_VVC,3     axistream_expect(84 words[8b]) while executing axistream_receive=> Rx Frame (84 bytes) (21, 8E, A1, F5, 93, 84, AD, 3B, 70, 9F, 5A, 29, 65, D5, 40, F4, A0, 24, B8, 7B, 23, FB, 49, 5F, E5, 80, C5, C6, 95, 23, B9, 17, 9D, AC, 61, 95, 17, C5, 35, 4C, 08, 07, C8, 24, 95, 54, 88, 13, 76, 98, C4, 27, 3B, 91, 0D, 71, 6D, AA, CC, 1B, D6, 02, FF, 1E, 9E, 7A, C2, F7, 06, D3, 1B, C6, C6, EA, E8, C3, 80, B8, 40, AC, EB, B0, 8C, 98). ' 'expect VVC2VVC, tuser tstrb etc are set'  [104]'
%% 10542.5 ns    Log    ID_PACKET_COMPLETE  AXISTREAM_VVC,3     axistream_expect(84 words[8b])=> OK, received 84 words[8b]). ' 'expect VVC2VVC, tuser tstrb etc are set'  [104]'
%% 10542.5 ns    Log    ID_CMD_EXECUTOR     AXISTREAM_VVC,3     axistream_receive() - Will be executed  [106]
%% 10542.5 ns    Log    ID_CMD_EXECUTOR     AXISTREAM_VVC,2     axistream_transmit(AXISTREAM_VVC,2,    28 words) - Will be executed  [105]
%%  10545 ns    Log    ID_PACKET_INITIATE  AXISTREAM_VVC,3     axistream_receive()=> Receive packet. ' 'test axistream_receive / fetch_result (with tuser) '  [106]'
%%  10545 ns    Log    ID_PACKET_INITIATE  AXISTREAM_VVC,2     axistream_transmit(84 words[8b])=> ' 'transmit before receive, Check that tuser is fetched correctly'  [105]'
%% 10762.5 ns    Log    ID_PACKET_COMPLETE  AXISTREAM_VVC,2     axistream_transmit(84 words[8b])=> Tx DONE. ' 'transmit before receive, Check that tuser is fetched correctly'  [105]'
%% 10762.5 ns    Log    ID_PACKET_PAYLOAD   AXISTREAM_VVC,3     axistream_receive()=> Rx Frame (84 bytes) (6B, 8F, 72, F8, 5B, AF, 40, 6F, 1D, 23, 76, C2, 36, CA, 4B, 64, 8E, 26, 05, 98, 9C, 5D, BF, AB, 01, 69, FF, 59, 84, 20, 3E, 65, 86, 23, 70, 57, AE, 5D, 50, A4, 72, 5F, 40, B7, AC, 01, E0, E8, DE, 37, A3, 9B, 27, 28, BE, 80, B3, 30, 82, B9, 8A, 1D, E3, 27, D5, 11, 96, DB, 60, 85, 68, C5, EA, AF, BB, 85, 61, FC, EE, 3D, 71, CA, 3C, D0). ' 'test axistream_receive / fetch_result (with tuser) '  [106]'
%% 10762.5 ns    Log    ID_PACKET_COMPLETE  AXISTREAM_VVC,3     axistream_receive()=> Rx DONE (84 words[8b]). ' 'test axistream_receive / fetch_result (with tuser) '  [106]'
%% 10762.5 ns    Log    ID_CMD_EXECUTOR_WA  AXISTREAM_VVC,2     Executor: Waiting for command
%% 10762.5 ns    Log    ID_CMD_EXECUTOR_WA  AXISTREAM_VVC,3     Executor: Waiting for command
%% 10762.5 ns    Log    ID_CMD_INTERPRETER  AXISTREAM_VVC,3     fetch_result(AXISTREAM_VVC,3, 106). Command received  [109]
%% 10762.5 ns    Log    ID_IMMEDIATE_CMD    AXISTREAM_VVC,3     fetch_result(AXISTREAM_VVC,3, 106) Requested result is found. Fetch result using the simple fetch_result overload  [109]
%% 10762.5 ns    Log    ID_CMD_INTERPRETER  AXISTREAM_VVC,3     Interpreter: Waiting for command
%% 10762.5 ns    Log    ID_CMD_INTERPRETER  AXISTREAM_VVC,2     axistream_transmit(AXISTREAM_VVC,2,    28 words). Command received  [110]
%% 10762.5 ns    Log    ID_CMD_EXECUTOR     AXISTREAM_VVC,2     axistream_transmit(AXISTREAM_VVC,2,    28 words) - Will be executed  [110]
%% 10762.5 ns    Log    ID_CMD_INTERPRETER  AXISTREAM_VVC,2     Interpreter: Waiting for command
%% 10762.5 ns    Log    ID_CMD_INTERPRETER  AXISTREAM_VVC,3     axistream_expect(AXISTREAM_VVC,3,    28 words). Command received  [111]
%% 10762.5 ns    Log    ID_CMD_EXECUTOR     AXISTREAM_VVC,3     axistream_expect(AXISTREAM_VVC,3,    28 words) - Will be executed  [111]
%% 10762.5 ns    Log    ID_CMD_INTERPRETER  AXISTREAM_VVC,3     Interpreter: Waiting for command
%% 10762.5 ns    Log    ID_CMD_INTERPRETER  AXISTREAM_VVC,2     axistream_transmit(AXISTREAM_VVC,2,    28 words). Command received  [112]
%% 10762.5 ns    Log    ID_CMD_INTERPRETER  AXISTREAM_VVC,2     Interpreter: Waiting for command
%% 10762.5 ns    Log    ID_CMD_INTERPRETER  AXISTREAM_VVC,3     axistream_expect(AXISTREAM_VVC,3,    28 words). Command received  [113]
%% 10762.5 ns    Log    ID_CMD_INTERPRETER  AXISTREAM_VVC,3     Interpreter: Waiting for command
%% 10762.5 ns    Log    ID_CMD_INTERPRETER  AXISTREAM_VVC,2     axistream_transmit(AXISTREAM_VVC,2,    28 words). Command received  [114]
%% 10762.5 ns    Log    ID_CMD_INTERPRETER  AXISTREAM_VVC,2     Interpreter: Waiting for command
%% 10762.5 ns    Log    ID_CMD_INTERPRETER  AXISTREAM_VVC,3     axistream_expect(AXISTREAM_VVC,3,    28 words). Command received  [115]
%% 10762.5 ns    Log    ID_CMD_INTERPRETER  AXISTREAM_VVC,3     Interpreter: Waiting for command
%% 10762.5 ns    Log    ID_CMD_INTERPRETER  AXISTREAM_VVC,2     axistream_transmit(AXISTREAM_VVC,2,    28 words). Command received  [116]
%% 10762.5 ns    Log    ID_CMD_INTERPRETER  AXISTREAM_VVC,2     Interpreter: Waiting for command
%% 10762.5 ns    Log    ID_CMD_INTERPRETER  AXISTREAM_VVC,3     axistream_expect(AXISTREAM_VVC,3,    28 words). Command received  [117]
%% 10762.5 ns    Log    ID_CMD_INTERPRETER  AXISTREAM_VVC,3     Interpreter: Waiting for command
%% 10762.5 ns    Log    ID_CMD_INTERPRETER  AXISTREAM_VVC,2     axistream_transmit(AXISTREAM_VVC,2,    28 words). Command received  [118]
%% 10762.5 ns    Log    ID_CMD_INTERPRETER  AXISTREAM_VVC,2     Interpreter: Waiting for command
%% 10762.5 ns    Log    ID_CMD_INTERPRETER  AXISTREAM_VVC,3     axistream_expect(AXISTREAM_VVC,3,    28 words). Command received  [119]
%% 10762.5 ns    Log    ID_CMD_INTERPRETER  AXISTREAM_VVC,3     Interpreter: Waiting for command
%%  10765 ns    Log    ID_PACKET_INITIATE  AXISTREAM_VVC,2     axistream_transmit(84 words[8b])=> ' 'transmit, data wrong. bytes in word=3'  [110]'
%%  10765 ns    Log    ID_PACKET_INITIATE  AXISTREAM_VVC,3     axistream_expect(84 words[8b]) while executing axistream_receive=> Receive packet. ' 'expect, data wrong. bytes in word=3'  [111]'
%% 10982.5 ns    Log    ID_PACKET_COMPLETE  AXISTREAM_VVC,2     axistream_transmit(84 words[8b])=> Tx DONE. ' 'transmit, data wrong. bytes in word=3'  [110]'
%% 10982.5 ns    Log    ID_PACKET_PAYLOAD   AXISTREAM_VVC,3     axistream_expect(84 words[8b]) while executing axistream_receive=> Rx Frame (84 bytes) (EF, 30, 4D, A4, 80, 57, 28, 64, 1E, 36, 18, B4, FB, D1, D0, 7B, A5, 6E, F7, 77, A9, FD, 25, 9C, F0, EA, C6, BB, 2C, 67, CA, 21, 55, CD, 5B, 93, 86, BB, 2E, C2, 65, 6A, DB, CA, 59, DD, 8E, C6, E4, 8A, 22, 38, 9B, 8A, B6, 60, DE, F3, E4, 7A, C3, 8A, A7, 1E, E0, 02, 96, E5, BC, B5, 50, 53, EC, EE, AF, 55, 7A, 30, E5, 33, 5F, DD, 29, C3). ' 'expect, data wrong. bytes in word=3'  [111]'
%% 10982.5 ns    Alert  WARNING             AXISTREAM_VVC,3     
axistream_expect(84 words[8b])=> Failed in 8 data bits. First mismatch in word# 29. Was x"2C". Expected x"D3". ' 'expect, data wrong. bytes in word=3'  [111]'
Was:
(EF, 30, 4D, A4, 80, 57, 28, 64, 1E, 36, 18, B4, FB, D1, D0, 7B, A5, 6E, F7, 77, A9, FD, 25, 9C, F0, EA, C6, BB, 2C, 67, CA, 21, 55, CD, 5B, 93, 86, BB, 2E, C2, 65, 6A, DB, CA, 59, DD, 8E, C6, E4, 8A, 22, 38, 9B, 8A, B6, 60, DE, F3, E4, 7A, C3, 8A, A7, 1E, E0, 02, 96, E5, BC, B5, 50, 53, EC, EE, AF, 55, 7A, 30, E5, 33, 5F, DD, 29, C3)
Expected:
(EF, 30, 4D, A4, 80, 57, 28, 64, 1E, 36, 18, B4, FB, D1, D0, 7B, A5, 6E, F7, 77, A9, FD, 25, 9C, F0, EA, C6, BB, D3, 67, CA, 21, 55, CD, 5B, 93, 86, BB, 2E, C2, 65, 6A, DB, CA, 59, DD, 8E, C6, E4, 8A, 22, 38, 9B, 8A, B6, 60, DE, F3, E4, 7A, C3, 8A, A7, 1E, E0, 02, 96, E5, BC, B5, 50, 53, EC, EE, AF, 55, 7A, 30, E5, 33, 5F, DD, 29, C3)

Summary of errors in expected transaction. Failed in: 
8 data bits.
0 tuser bits.
0 tstrb bits.
0 tid bits.
0 tdest bits.

%% 10982.5 ns    Log    ID_CMD_EXECUTOR     AXISTREAM_VVC,3     axistream_expect(AXISTREAM_VVC,3,    28 words) - Will be executed  [113]
%% 10982.5 ns    Log    ID_CMD_EXECUTOR     AXISTREAM_VVC,2     axistream_transmit(AXISTREAM_VVC,2,    28 words) - Will be executed  [112]
%%  10985 ns    Log    ID_PACKET_INITIATE  AXISTREAM_VVC,3     axistream_expect(84 words[8b]) while executing axistream_receive=> Receive packet. ' 'expect, tuser wrong.'  [113]'
%%  10985 ns    Log    ID_PACKET_INITIATE  AXISTREAM_VVC,2     axistream_transmit(84 words[8b])=> ' 'transmit, tuser wrong.'  [112]'
%% 11202.5 ns    Log    ID_PACKET_COMPLETE  AXISTREAM_VVC,2     axistream_transmit(84 words[8b])=> Tx DONE. ' 'transmit, tuser wrong.'  [112]'
%% 11202.5 ns    Log    ID_PACKET_PAYLOAD   AXISTREAM_VVC,3     axistream_expect(84 words[8b]) while executing axistream_receive=> Rx Frame (84 bytes) (7C, FA, E8, F3, 7D, 2C, 6B, 43, DA, 42, AA, A1, D3, EE, F2, F7, 47, 67, A2, 15, 0D, E9, C4, 5B, B3, 4B, 50, 9C, 32, EF, 94, 33, 6B, 18, F2, E6, C8, 59, E6, 99, 3D, 2B, 28, D2, 7F, 2B, 72, 55, 19, 57, EB, 0E, EE, 29, EB, 23, E3, C6, 61, 38, 7B, 6D, A5, B2, 86, FF, 70, C2, 4B, 2B, 0A, F6, E1, 09, B3, F0, CF, E8, 30, 79, 9C, 23, BD, 51). ' 'expect, tuser wrong.'  [113]'
%% 11202.5 ns    Alert  WARNING             AXISTREAM_VVC,3     
axistream_expect(84 words[8b])=> Failed in 1 tuser bits. First mismatch in word# 6. Was x"0". Expected x"1". ' 'expect, tuser wrong.'  [113]'
Was:
(0, 1, 0, 1, 1, 0, 1, 1, 0, 0, 0, 0, 0, 0, 1, 1, 1, 1, 1, 0, 0)
Expected:
(0, 1, 0, 1, 1, 1, 1, 1, 0, 0, 0, 0, 0, 0, 1, 1, 1, 1, 1, 0, 0)

Summary of errors in expected transaction. Failed in: 
0 data bits.
1 tuser bits.
0 tstrb bits.
0 tid bits.
0 tdest bits.

%% 11202.5 ns    Log    ID_CMD_EXECUTOR     AXISTREAM_VVC,3     axistream_expect(AXISTREAM_VVC,3,    28 words) - Will be executed  [115]
%% 11202.5 ns    Log    ID_CMD_EXECUTOR     AXISTREAM_VVC,2     axistream_transmit(AXISTREAM_VVC,2,    28 words) - Will be executed  [114]
%%  11205 ns    Log    ID_PACKET_INITIATE  AXISTREAM_VVC,3     axistream_expect(84 words[8b]) while executing axistream_receive=> Receive packet. ' 'expect, tstrb wrong.'  [115]'
%%  11205 ns    Log    ID_PACKET_INITIATE  AXISTREAM_VVC,2     axistream_transmit(84 words[8b])=> ' 'transmit, tstrb wrong.'  [114]'
%% 11422.5 ns    Log    ID_PACKET_COMPLETE  AXISTREAM_VVC,2     axistream_transmit(84 words[8b])=> Tx DONE. ' 'transmit, tstrb wrong.'  [114]'
%% 11422.5 ns    Log    ID_PACKET_PAYLOAD   AXISTREAM_VVC,3     axistream_expect(84 words[8b]) while executing axistream_receive=> Rx Frame (84 bytes) (88, 60, 14, 18, 02, 31, 07, 57, 8B, 3A, 5F, 26, B4, 07, 04, 3E, 23, AD, 63, CF, 25, C3, DC, DB, AE, CD, 3A, F5, 12, 0A, 2F, E2, 51, 98, EC, 4F, 52, 90, 22, 5F, BC, 5E, C4, 92, AD, 27, 3A, 10, 2B, 58, 41, 4A, BC, 54, A4, AC, 59, 41, B3, 57, 21, 82, D6, 28, 6E, F0, 14, 04, 10, 57, 71, FF, 71, 7B, DD, 0D, 6F, D7, EE, 98, 3A, 2C, 56, 72). ' 'expect, tstrb wrong.'  [115]'
%% 11422.5 ns    Alert  WARNING             AXISTREAM_VVC,3     
axistream_expect(84 words[8b])=> Failed in 4 tstrb bits. First mismatch in word# 6. Was x"7". Expected x"8". ' 'expect, tstrb wrong.'  [115]'
Was:
(6, 1, 1, E, 0, 7, 0, 9, A, 9, C, 6, E, 8, 4, A, 0, 7, D, 1, 0)
Expected:
(6, 1, 1, E, 0, 8, 0, 9, A, 9, C, 6, E, 8, 4, A, 0, 7, D, 1, 0)

Summary of errors in expected transaction. Failed in: 
0 data bits.
0 tuser bits.
4 tstrb bits.
0 tid bits.
0 tdest bits.

%% 11422.5 ns    Log    ID_CMD_EXECUTOR     AXISTREAM_VVC,3     axistream_expect(AXISTREAM_VVC,3,    28 words) - Will be executed  [117]
%% 11422.5 ns    Log    ID_CMD_EXECUTOR     AXISTREAM_VVC,2     axistream_transmit(AXISTREAM_VVC,2,    28 words) - Will be executed  [116]
%%  11425 ns    Log    ID_PACKET_INITIATE  AXISTREAM_VVC,3     axistream_expect(84 words[8b]) while executing axistream_receive=> Receive packet. ' 'expect, tid wrong.'  [117]'
%%  11425 ns    Log    ID_PACKET_INITIATE  AXISTREAM_VVC,2     axistream_transmit(84 words[8b])=> ' 'transmit, tid wrong.'  [116]'
%% 11642.5 ns    Log    ID_PACKET_COMPLETE  AXISTREAM_VVC,2     axistream_transmit(84 words[8b])=> Tx DONE. ' 'transmit, tid wrong.'  [116]'
%% 11642.5 ns    Log    ID_PACKET_PAYLOAD   AXISTREAM_VVC,3     axistream_expect(84 words[8b]) while executing axistream_receive=> Rx Frame (84 bytes) (EF, F2, 9B, A5, E8, 24, 1C, FE, 98, 63, 56, 04, BB, C1, 11, AF, F0, 2C, 4E, 90, 9F, 66, 09, 62, 3A, 21, 69, CC, D7, AD, 87, 1F, 46, 7A, EB, 9A, A7, F2, C6, A7, DE, 50, CD, 3B, AA, 56, D8, A0, F6, 2F, A1, 12, C0, 50, DC, 51, 7F, D0, 2B, 6D, B7, E0, 37, 8A, 7B, 4C, BB, 02, F6, DE, 6E, 7B, 3D, B7, 10, F1, B6, 0C, 06, 71, 72, 98, DC, 70). ' 'expect, tid wrong.'  [117]'
%% 11642.5 ns    Alert  WARNING             AXISTREAM_VVC,3     
axistream_expect(84 words[8b])=> Failed in 1 tid bits. First mismatch in word# 21. Was x"1". Expected x"0". ' 'expect, tid wrong.'  [117]'
Was:
(0, 1, 0, 0, 1, 0, 1, 0, 0, 1, 1, 1, 1, 0, 0, 0, 0, 1, 1, 0, 1)
Expected:
(0, 1, 0, 0, 1, 0, 1, 0, 0, 1, 1, 1, 1, 0, 0, 0, 0, 1, 1, 0, 0)

Summary of errors in expected transaction. Failed in: 
0 data bits.
0 tuser bits.
0 tstrb bits.
1 tid bits.
0 tdest bits.

%% 11642.5 ns    Log    ID_CMD_EXECUTOR     AXISTREAM_VVC,3     axistream_expect(AXISTREAM_VVC,3,    28 words) - Will be executed  [119]
%% 11642.5 ns    Log    ID_CMD_EXECUTOR     AXISTREAM_VVC,2     axistream_transmit(AXISTREAM_VVC,2,    28 words) - Will be executed  [118]
%%  11645 ns    Log    ID_PACKET_INITIATE  AXISTREAM_VVC,3     axistream_expect(84 words[8b]) while executing axistream_receive=> Receive packet. ' 'expect, tdest wrong.'  [119]'
%%  11645 ns    Log    ID_PACKET_INITIATE  AXISTREAM_VVC,2     axistream_transmit(84 words[8b])=> ' 'transmit, tdest wrong.'  [118]'
%% 11862.5 ns    Log    ID_PACKET_COMPLETE  AXISTREAM_VVC,2     axistream_transmit(84 words[8b])=> Tx DONE. ' 'transmit, tdest wrong.'  [118]'
%% 11862.5 ns    Log    ID_PACKET_PAYLOAD   AXISTREAM_VVC,3     axistream_expect(84 words[8b]) while executing axistream_receive=> Rx Frame (84 bytes) (C4, E0, E9, 2E, 68, D9, A1, 1E, FD, 96, 26, 3C, 61, B8, 11, 92, 8A, 65, D8, 91, 47, 49, 6B, FC, 0E, D7, F4, 07, 85, 93, A5, EF, 5C, E4, BD, FE, A8, EB, A7, D1, 97, 30, 4B, 5E, 55, 5E, 05, 6F, 70, 24, A7, 96, B2, BB, A3, A3, 94, A7, C2, E6, C6, 47, 78, 33, 6C, 66, 46, C0, D0, 68, 48, 9F, F0, B6, AC, 47, B0, 78, 6E, E3, 64, 73, D6, 25). ' 'expect, tdest wrong.'  [119]'
%% 11862.5 ns    Alert  WARNING             AXISTREAM_VVC,3     
axistream_expect(84 words[8b])=> Failed in 1 tdest bits. First mismatch in word# 17. Was x"1". Expected x"0". ' 'expect, tdest wrong.'  [119]'
Was:
(0, 0, 1, 1, 0, 1, 1, 1, 1, 1, 0, 1, 1, 0, 1, 1, 1, 0, 1, 0, 0)
Expected:
(0, 0, 1, 1, 0, 1, 1, 1, 1, 1, 0, 1, 1, 0, 1, 1, 0, 0, 1, 0, 0)

Summary of errors in expected transaction. Failed in: 
0 data bits.
0 tuser bits.
0 tstrb bits.
0 tid bits.
1 tdest bits.

%% 11862.5 ns    Log    ID_CMD_EXECUTOR_WA  AXISTREAM_VVC,2     Executor: Waiting for command
%% 11862.5 ns    Log    ID_CMD_EXECUTOR_WA  AXISTREAM_VVC,3     Executor: Waiting for command
%% 11862.5 ns    Log    ID_CMD_INTERPRETER  AXISTREAM_VVC,2     axistream_transmit(AXISTREAM_VVC,2,    16 words). Command received  [121]
%% 11862.5 ns    Log    ID_CMD_EXECUTOR     AXISTREAM_VVC,2     axistream_transmit(AXISTREAM_VVC,2,    16 words) - Will be executed  [121]
%% 11862.5 ns    Log    ID_CMD_INTERPRETER  AXISTREAM_VVC,2     Interpreter: Waiting for command
%% 11862.5 ns    Log    ID_CMD_INTERPRETER  AXISTREAM_VVC,3     axistream_expect(AXISTREAM_VVC,3,    16 words). Command received  [122]
%% 11862.5 ns    Log    ID_CMD_EXECUTOR     AXISTREAM_VVC,3     axistream_expect(AXISTREAM_VVC,3,    16 words) - Will be executed  [122]
%% 11862.5 ns    Log    ID_CMD_INTERPRETER  AXISTREAM_VVC,3     Interpreter: Waiting for command
%% 11862.5 ns    Log    ID_CMD_INTERPRETER  AXISTREAM_VVC,2     axistream_transmit(AXISTREAM_VVC,2,    16 words). Command received  [123]
%% 11862.5 ns    Log    ID_CMD_INTERPRETER  AXISTREAM_VVC,2     Interpreter: Waiting for command
%% 11862.5 ns    Log    ID_CMD_INTERPRETER  AXISTREAM_VVC,3     axistream_expect(AXISTREAM_VVC,3,    16 words). Command received  [124]
%% 11862.5 ns    Log    ID_CMD_INTERPRETER  AXISTREAM_VVC,3     Interpreter: Waiting for command
%% 11862.5 ns    Log    ID_CMD_INTERPRETER  AXISTREAM_VVC,2     axistream_transmit(AXISTREAM_VVC,2,    16 words). Command received  [125]
%% 11862.5 ns    Log    ID_CMD_INTERPRETER  AXISTREAM_VVC,2     Interpreter: Waiting for command
%% 11862.5 ns    Log    ID_CMD_INTERPRETER  AXISTREAM_VVC,3     axistream_receive(). Command received  [126]
%% 11862.5 ns    Log    ID_CMD_INTERPRETER  AXISTREAM_VVC,3     Interpreter: Waiting for command
%%  11865 ns    Log    ID_PACKET_INITIATE  AXISTREAM_VVC,2     axistream_transmit(64 words[8b])=> ' 'transmit VVC2VVC, tuser set, but default tstrb etc'  [121]'
%%  11865 ns    Log    ID_PACKET_INITIATE  AXISTREAM_VVC,3     axistream_expect(64 words[8b]) while executing axistream_receive=> Receive packet. ' 'expect VVC2VVC, tuser set, but default tstrb etc'  [122]'
%% 12032.5 ns    Log    ID_PACKET_COMPLETE  AXISTREAM_VVC,2     axistream_transmit(64 words[8b])=> Tx DONE. ' 'transmit VVC2VVC, tuser set, but default tstrb etc'  [121]'
%% 12032.5 ns    Log    ID_PACKET_PAYLOAD   AXISTREAM_VVC,3     axistream_expect(64 words[8b]) while executing axistream_receive=> Rx Frame (64 bytes) (7A, 90, 7E, 56, 81, 74, 32, 82, 2B, 86, EA, ED, D4, 40, E8, 67, 14, 0B, 1B, AF, AD, 0F, 85, D8, 3D, 86, 88, FE, 84, 91, A7, 9A, 82, FC, 73, 6B, FC, E1, 1B, 03, 57, EF, A9, E6, B1, D6, 20, F3, 93, D4, 77, 09, 15, 0B, 6F, 05, B3, 88, 43, D2, 2D, 93, 47, 6E). ' 'expect VVC2VVC, tuser set, but default tstrb etc'  [122]'
%% 12032.5 ns    Log    ID_PACKET_COMPLETE  AXISTREAM_VVC,3     axistream_expect(64 words[8b])=> OK, received 64 words[8b]). ' 'expect VVC2VVC, tuser set, but default tstrb etc'  [122]'
%% 12032.5 ns    Log    ID_CMD_EXECUTOR     AXISTREAM_VVC,3     axistream_expect(AXISTREAM_VVC,3,    16 words) - Will be executed  [124]
%% 12032.5 ns    Log    ID_CMD_EXECUTOR     AXISTREAM_VVC,2     axistream_transmit(AXISTREAM_VVC,2,    16 words) - Will be executed  [123]
%%  12035 ns    Log    ID_PACKET_INITIATE  AXISTREAM_VVC,3     axistream_expect(64 words[8b]) while executing axistream_receive=> Receive packet. ' 'expect VVC2VVC, tuser tstrb etc are set'  [124]'
%%  12035 ns    Log    ID_PACKET_INITIATE  AXISTREAM_VVC,2     axistream_transmit(64 words[8b])=> ' 'transmit VVC2VVC, tuser tstrb etc are set'  [123]'
%% 12202.5 ns    Log    ID_PACKET_COMPLETE  AXISTREAM_VVC,2     axistream_transmit(64 words[8b])=> Tx DONE. ' 'transmit VVC2VVC, tuser tstrb etc are set'  [123]'
%% 12202.5 ns    Log    ID_PACKET_PAYLOAD   AXISTREAM_VVC,3     axistream_expect(64 words[8b]) while executing axistream_receive=> Rx Frame (64 bytes) (B1, B6, 25, A5, 5C, 14, 61, 8A, 96, D3, 9B, F3, 46, A2, C9, 58, DD, D6, C6, B2, 09, 51, E4, DB, A0, 74, 1F, 2E, 04, A8, 00, 00, B3, 88, 4E, 2E, C9, 92, FA, 20, 7D, 49, 50, C3, 8C, 46, 01, 30, 49, D2, E1, 09, E2, 17, 93, 96, 30, 7D, B1, 81, 7F, A4, A1, BF). ' 'expect VVC2VVC, tuser tstrb etc are set'  [124]'
%% 12202.5 ns    Log    ID_PACKET_COMPLETE  AXISTREAM_VVC,3     axistream_expect(64 words[8b])=> OK, received 64 words[8b]). ' 'expect VVC2VVC, tuser tstrb etc are set'  [124]'
%% 12202.5 ns    Log    ID_CMD_EXECUTOR     AXISTREAM_VVC,3     axistream_receive() - Will be executed  [126]
%% 12202.5 ns    Log    ID_CMD_EXECUTOR     AXISTREAM_VVC,2     axistream_transmit(AXISTREAM_VVC,2,    16 words) - Will be executed  [125]
%%  12205 ns    Log    ID_PACKET_INITIATE  AXISTREAM_VVC,3     axistream_receive()=> Receive packet. ' 'test axistream_receive / fetch_result (with tuser) '  [126]'
%%  12205 ns    Log    ID_PACKET_INITIATE  AXISTREAM_VVC,2     axistream_transmit(64 words[8b])=> ' 'transmit before receive, Check that tuser is fetched correctly'  [125]'
%% 12372.5 ns    Log    ID_PACKET_COMPLETE  AXISTREAM_VVC,2     axistream_transmit(64 words[8b])=> Tx DONE. ' 'transmit before receive, Check that tuser is fetched correctly'  [125]'
%% 12372.5 ns    Log    ID_PACKET_PAYLOAD   AXISTREAM_VVC,3     axistream_receive()=> Rx Frame (64 bytes) (5F, 40, 29, 1E, B4, 65, 91, 7C, 43, AC, EF, 9C, D8, 28, DB, 3A, BD, 3B, C6, 69, F2, C0, 06, 32, 92, E2, 80, E2, C8, 45, 16, E7, 41, 7A, C6, BB, 27, 22, C4, 68, 0E, DC, 99, F9, 33, 63, 6F, 9E, 1C, 1C, 92, F3, BB, 82, 6D, B4, 16, B8, 96, A6, BF, 6E, 31, E2). ' 'test axistream_receive / fetch_result (with tuser) '  [126]'
%% 12372.5 ns    Log    ID_PACKET_COMPLETE  AXISTREAM_VVC,3     axistream_receive()=> Rx DONE (64 words[8b]). ' 'test axistream_receive / fetch_result (with tuser) '  [126]'
%% 12372.5 ns    Log    ID_CMD_EXECUTOR_WA  AXISTREAM_VVC,2     Executor: Waiting for command
%% 12372.5 ns    Log    ID_CMD_EXECUTOR_WA  AXISTREAM_VVC,3     Executor: Waiting for command
%% 12372.5 ns    Log    ID_CMD_INTERPRETER  AXISTREAM_VVC,3     fetch_result(AXISTREAM_VVC,3, 126). Command received  [129]
%% 12372.5 ns    Log    ID_IMMEDIATE_CMD    AXISTREAM_VVC,3     fetch_result(AXISTREAM_VVC,3, 126) Requested result is found. Fetch result using the simple fetch_result overload  [129]
%% 12372.5 ns    Log    ID_CMD_INTERPRETER  AXISTREAM_VVC,3     Interpreter: Waiting for command
%% 12372.5 ns    Log    ID_CMD_INTERPRETER  AXISTREAM_VVC,2     axistream_transmit(AXISTREAM_VVC,2,    16 words). Command received  [130]
%% 12372.5 ns    Log    ID_CMD_EXECUTOR     AXISTREAM_VVC,2     axistream_transmit(AXISTREAM_VVC,2,    16 words) - Will be executed  [130]
%% 12372.5 ns    Log    ID_CMD_INTERPRETER  AXISTREAM_VVC,2     Interpreter: Waiting for command
%% 12372.5 ns    Log    ID_CMD_INTERPRETER  AXISTREAM_VVC,3     axistream_expect(AXISTREAM_VVC,3,    16 words). Command received  [131]
%% 12372.5 ns    Log    ID_CMD_EXECUTOR     AXISTREAM_VVC,3     axistream_expect(AXISTREAM_VVC,3,    16 words) - Will be executed  [131]
%% 12372.5 ns    Log    ID_CMD_INTERPRETER  AXISTREAM_VVC,3     Interpreter: Waiting for command
%% 12372.5 ns    Log    ID_CMD_INTERPRETER  AXISTREAM_VVC,2     axistream_transmit(AXISTREAM_VVC,2,    16 words). Command received  [132]
%% 12372.5 ns    Log    ID_CMD_INTERPRETER  AXISTREAM_VVC,2     Interpreter: Waiting for command
%% 12372.5 ns    Log    ID_CMD_INTERPRETER  AXISTREAM_VVC,3     axistream_expect(AXISTREAM_VVC,3,    16 words). Command received  [133]
%% 12372.5 ns    Log    ID_CMD_INTERPRETER  AXISTREAM_VVC,3     Interpreter: Waiting for command
%% 12372.5 ns    Log    ID_CMD_INTERPRETER  AXISTREAM_VVC,2     axistream_transmit(AXISTREAM_VVC,2,    16 words). Command received  [134]
%% 12372.5 ns    Log    ID_CMD_INTERPRETER  AXISTREAM_VVC,2     Interpreter: Waiting for command
%% 12372.5 ns    Log    ID_CMD_INTERPRETER  AXISTREAM_VVC,3     axistream_expect(AXISTREAM_VVC,3,    16 words). Command received  [135]
%% 12372.5 ns    Log    ID_CMD_INTERPRETER  AXISTREAM_VVC,3     Interpreter: Waiting for command
%% 12372.5 ns    Log    ID_CMD_INTERPRETER  AXISTREAM_VVC,2     axistream_transmit(AXISTREAM_VVC,2,    16 words). Command received  [136]
%% 12372.5 ns    Log    ID_CMD_INTERPRETER  AXISTREAM_VVC,2     Interpreter: Waiting for command
%% 12372.5 ns    Log    ID_CMD_INTERPRETER  AXISTREAM_VVC,3     axistream_expect(AXISTREAM_VVC,3,    16 words). Command received  [137]
%% 12372.5 ns    Log    ID_CMD_INTERPRETER  AXISTREAM_VVC,3     Interpreter: Waiting for command
%% 12372.5 ns    Log    ID_CMD_INTERPRETER  AXISTREAM_VVC,2     axistream_transmit(AXISTREAM_VVC,2,    16 words). Command received  [138]
%% 12372.5 ns    Log    ID_CMD_INTERPRETER  AXISTREAM_VVC,2     Interpreter: Waiting for command
%% 12372.5 ns    Log    ID_CMD_INTERPRETER  AXISTREAM_VVC,3     axistream_expect(AXISTREAM_VVC,3,    16 words). Command received  [139]
%% 12372.5 ns    Log    ID_CMD_INTERPRETER  AXISTREAM_VVC,3     Interpreter: Waiting for command
%%  12375 ns    Log    ID_PACKET_INITIATE  AXISTREAM_VVC,2     axistream_transmit(64 words[8b])=> ' 'transmit, data wrong. bytes in word=4'  [130]'
%%  12375 ns    Log    ID_PACKET_INITIATE  AXISTREAM_VVC,3     axistream_expect(64 words[8b]) while executing axistream_receive=> Receive packet. ' 'expect, data wrong. bytes in word=4'  [131]'
%% 12542.5 ns    Log    ID_PACKET_COMPLETE  AXISTREAM_VVC,2     axistream_transmit(64 words[8b])=> Tx DONE. ' 'transmit, data wrong. bytes in word=4'  [130]'
%% 12542.5 ns    Log    ID_PACKET_PAYLOAD   AXISTREAM_VVC,3     axistream_expect(64 words[8b]) while executing axistream_receive=> Rx Frame (64 bytes) (37, 27, 6D, 77, B5, B1, 8F, BE, CD, 54, 4A, CE, D5, 27, 69, 99, 10, 9A, 6C, DC, 1D, 84, 59, 65, 88, 35, 1E, 28, 88, 6D, 86, 8D, 96, 27, 30, FB, 0E, CD, 08, AA, B5, 0D, 8B, DE, 98, 05, E4, 0B, EB, 7E, B4, 9D, D2, 0E, B8, B1, 51, 45, DB, DF, DA, 7D, 06, 59). ' 'expect, data wrong. bytes in word=4'  [131]'
%% 12542.5 ns    Alert  WARNING             AXISTREAM_VVC,3     
axistream_expect(64 words[8b])=> Failed in 8 data bits. First mismatch in word# 64. Was x"59". Expected x"A6". ' 'expect, data wrong. bytes in word=4'  [131]'
Was:
(37, 27, 6D, 77, B5, B1, 8F, BE, CD, 54, 4A, CE, D5, 27, 69, 99, 10, 9A, 6C, DC, 1D, 84, 59, 65, 88, 35, 1E, 28, 88, 6D, 86, 8D, 96, 27, 30, FB, 0E, CD, 08, AA, B5, 0D, 8B, DE, 98, 05, E4, 0B, EB, 7E, B4, 9D, D2, 0E, B8, B1, 51, 45, DB, DF, DA, 7D, 06, 59)
Expected:
(37, 27, 6D, 77, B5, B1, 8F, BE, CD, 54, 4A, CE, D5, 27, 69, 99, 10, 9A, 6C, DC, 1D, 84, 59, 65, 88, 35, 1E, 28, 88, 6D, 86, 8D, 96, 27, 30, FB, 0E, CD, 08, AA, B5, 0D, 8B, DE, 98, 05, E4, 0B, EB, 7E, B4, 9D, D2, 0E, B8, B1, 51, 45, DB, DF, DA, 7D, 06, A6)

Summary of errors in expected transaction. Failed in: 
8 data bits.
0 tuser bits.
0 tstrb bits.
0 tid bits.
0 tdest bits.

%% 12542.5 ns    Log    ID_CMD_EXECUTOR     AXISTREAM_VVC,3     axistream_expect(AXISTREAM_VVC,3,    16 words) - Will be executed  [133]
%% 12542.5 ns    Log    ID_CMD_EXECUTOR     AXISTREAM_VVC,2     axistream_transmit(AXISTREAM_VVC,2,    16 words) - Will be executed  [132]
%%  12545 ns    Log    ID_PACKET_INITIATE  AXISTREAM_VVC,3     axistream_expect(64 words[8b]) while executing axistream_receive=> Receive packet. ' 'expect, tuser wrong.'  [133]'
%%  12545 ns    Log    ID_PACKET_INITIATE  AXISTREAM_VVC,2     axistream_transmit(64 words[8b])=> ' 'transmit, tuser wrong.'  [132]'
%% 12712.5 ns    Log    ID_PACKET_COMPLETE  AXISTREAM_VVC,2     axistream_transmit(64 words[8b])=> Tx DONE. ' 'transmit, tuser wrong.'  [132]'
%% 12712.5 ns    Log    ID_PACKET_PAYLOAD   AXISTREAM_VVC,3     axistream_expect(64 words[8b]) while executing axistream_receive=> Rx Frame (64 bytes) (80, 4F, 18, 3A, 72, C0, 8B, 4F, 6E, 85, 62, 32, 51, 40, 0D, EC, AB, 41, 9E, 59, CE, FC, DE, B5, 26, BC, EA, 11, 31, 57, 2B, C0, DA, 59, 81, 40, C9, 4E, CC, 33, 9E, 8C, 98, 29, 2D, 91, F4, FB, C8, 61, 2B, F5, AB, F9, 62, 48, F2, A3, 48, 93, B8, C9, 6C, DD). ' 'expect, tuser wrong.'  [133]'
%% 12712.5 ns    Alert  WARNING             AXISTREAM_VVC,3     
axistream_expect(64 words[8b])=> Failed in 1 tuser bits. First mismatch in word# 9. Was x"0". Expected x"1". ' 'expect, tuser wrong.'  [133]'
Was:
(1, 0, 1, 0, 0, 0, 0, 1, 0, 1, 1, 0, 0, 1, 0, 1)
Expected:
(1, 0, 1, 0, 0, 0, 0, 1, 1, 1, 1, 0, 0, 1, 0, 1)

Summary of errors in expected transaction. Failed in: 
0 data bits.
1 tuser bits.
0 tstrb bits.
0 tid bits.
0 tdest bits.

%% 12712.5 ns    Log    ID_CMD_EXECUTOR     AXISTREAM_VVC,3     axistream_expect(AXISTREAM_VVC,3,    16 words) - Will be executed  [135]
%% 12712.5 ns    Log    ID_CMD_EXECUTOR     AXISTREAM_VVC,2     axistream_transmit(AXISTREAM_VVC,2,    16 words) - Will be executed  [134]
%%  12715 ns    Log    ID_PACKET_INITIATE  AXISTREAM_VVC,3     axistream_expect(64 words[8b]) while executing axistream_receive=> Receive packet. ' 'expect, tstrb wrong.'  [135]'
%%  12715 ns    Log    ID_PACKET_INITIATE  AXISTREAM_VVC,2     axistream_transmit(64 words[8b])=> ' 'transmit, tstrb wrong.'  [134]'
%% 12882.5 ns    Log    ID_PACKET_COMPLETE  AXISTREAM_VVC,2     axistream_transmit(64 words[8b])=> Tx DONE. ' 'transmit, tstrb wrong.'  [134]'
%% 12882.5 ns    Log    ID_PACKET_PAYLOAD   AXISTREAM_VVC,3     axistream_expect(64 words[8b]) while executing axistream_receive=> Rx Frame (64 bytes) (9A, F3, B7, 7F, E1, 49, AA, 75, A2, A4, 76, 6D, 00, E9, BA, 7E, EF, 26, 7F, 64, C0, 35, CE, CA, 6A, 29, 72, 3D, 1F, 2B, 89, 71, 85, 81, 3C, E8, 98, DD, 76, 8B, 1D, 14, 28, CB, 83, A2, 74, D3, 22, A9, 07, C1, 78, 49, 43, D0, 26, 8C, 80, F3, A0, 04, 31, E8). ' 'expect, tstrb wrong.'  [135]'
%% 12882.5 ns    Alert  WARNING             AXISTREAM_VVC,3     
axistream_expect(64 words[8b])=> Failed in 4 tstrb bits. First mismatch in word# 4. Was x"3". Expected x"C". ' 'expect, tstrb wrong.'  [135]'
Was:
(3, E, 0, 3, 5, C, 3, 6, 9, 3, 6, 5, 0, 6, E, 8)
Expected:
(3, E, 0, C, 5, C, 3, 6, 9, 3, 6, 5, 0, 6, E, 8)

Summary of errors in expected transaction. Failed in: 
0 data bits.
0 tuser bits.
4 tstrb bits.
0 tid bits.
0 tdest bits.

%% 12882.5 ns    Log    ID_CMD_EXECUTOR     AXISTREAM_VVC,3     axistream_expect(AXISTREAM_VVC,3,    16 words) - Will be executed  [137]
%% 12882.5 ns    Log    ID_CMD_EXECUTOR     AXISTREAM_VVC,2     axistream_transmit(AXISTREAM_VVC,2,    16 words) - Will be executed  [136]
%%  12885 ns    Log    ID_PACKET_INITIATE  AXISTREAM_VVC,3     axistream_expect(64 words[8b]) while executing axistream_receive=> Receive packet. ' 'expect, tid wrong.'  [137]'
%%  12885 ns    Log    ID_PACKET_INITIATE  AXISTREAM_VVC,2     axistream_transmit(64 words[8b])=> ' 'transmit, tid wrong.'  [136]'
%% 13052.5 ns    Log    ID_PACKET_COMPLETE  AXISTREAM_VVC,2     axistream_transmit(64 words[8b])=> Tx DONE. ' 'transmit, tid wrong.'  [136]'
%% 13052.5 ns    Log    ID_PACKET_PAYLOAD   AXISTREAM_VVC,3     axistream_expect(64 words[8b]) while executing axistream_receive=> Rx Frame (64 bytes) (E3, A1, C0, 48, 18, 5D, 1A, 40, A1, 2A, C2, D5, 3C, 44, 56, E5, 7E, 1B, C4, 17, 7B, 78, 38, F6, 2C, 8B, 7C, E8, F9, 41, C4, E1, 7B, 04, DE, 3B, 58, 6A, BD, C1, 53, BC, 7A, 9A, 62, EA, 52, 6C, 43, 64, D5, B4, 41, E4, B7, C5, A7, 3D, 59, AC, D1, B9, 66, 31). ' 'expect, tid wrong.'  [137]'
%% 13052.5 ns    Alert  WARNING             AXISTREAM_VVC,3     
axistream_expect(64 words[8b])=> Failed in 1 tid bits. First mismatch in word# 9. Was x"0". Expected x"1". ' 'expect, tid wrong.'  [137]'
Was:
(1, 1, 1, 0, 1, 1, 0, 0, 0, 1, 1, 1, 0, 0, 1, 1)
Expected:
(1, 1, 1, 0, 1, 1, 0, 0, 1, 1, 1, 1, 0, 0, 1, 1)

Summary of errors in expected transaction. Failed in: 
0 data bits.
0 tuser bits.
0 tstrb bits.
1 tid bits.
0 tdest bits.

%% 13052.5 ns    Log    ID_CMD_EXECUTOR     AXISTREAM_VVC,3     axistream_expect(AXISTREAM_VVC,3,    16 words) - Will be executed  [139]
%% 13052.5 ns    Log    ID_CMD_EXECUTOR     AXISTREAM_VVC,2     axistream_transmit(AXISTREAM_VVC,2,    16 words) - Will be executed  [138]
%%  13055 ns    Log    ID_PACKET_INITIATE  AXISTREAM_VVC,3     axistream_expect(64 words[8b]) while executing axistream_receive=> Receive packet. ' 'expect, tdest wrong.'  [139]'
%%  13055 ns    Log    ID_PACKET_INITIATE  AXISTREAM_VVC,2     axistream_transmit(64 words[8b])=> ' 'transmit, tdest wrong.'  [138]'
%% 13222.5 ns    Log    ID_PACKET_COMPLETE  AXISTREAM_VVC,2     axistream_transmit(64 words[8b])=> Tx DONE. ' 'transmit, tdest wrong.'  [138]'
%% 13222.5 ns    Log    ID_PACKET_PAYLOAD   AXISTREAM_VVC,3     axistream_expect(64 words[8b]) while executing axistream_receive=> Rx Frame (64 bytes) (D1, 12, 0A, C0, D9, 85, 4C, 8D, 89, FC, 84, 4E, 3F, E3, 2B, 8C, A6, 4E, E4, 8A, BC, F9, A9, 94, 41, 40, 17, FC, BF, 79, F7, 7E, 6D, 95, 94, 08, 01, 71, B7, 3B, 4B, C0, A7, 8C, 21, F8, BC, 4F, 55, 72, 7B, C7, 63, 86, 30, BD, D5, B2, E5, 3C, 49, DE, C2, AF). ' 'expect, tdest wrong.'  [139]'
%% 13222.5 ns    Alert  WARNING             AXISTREAM_VVC,3     
axistream_expect(64 words[8b])=> Failed in 1 tdest bits. First mismatch in word# 12. Was x"1". Expected x"0". ' 'expect, tdest wrong.'  [139]'
Was:
(0, 1, 0, 0, 0, 1, 0, 1, 1, 0, 0, 1, 1, 0, 1, 1)
Expected:
(0, 1, 0, 0, 0, 1, 0, 1, 1, 0, 0, 0, 1, 0, 1, 1)

Summary of errors in expected transaction. Failed in: 
0 data bits.
0 tuser bits.
0 tstrb bits.
0 tid bits.
1 tdest bits.

%% 
%% 
%% 13222.5 ns    Log    ID_LOG_HDR          TB seq.             TC: axistream_receive and fetch_result 
%% ----------------------------------------------------------------------------------------------------------------------------------------------------------------------------
%% 13222.5 ns    Log    ID_CMD_EXECUTOR_WA  AXISTREAM_VVC,2     Executor: Waiting for command
%% 13222.5 ns    Log    ID_CMD_EXECUTOR_WA  AXISTREAM_VVC,3     Executor: Waiting for command
%% 13402.5 ns    Log    PASSED              TB seq.             check_value(int, 61) => OK. Value was 61. 'Verifying that fetched data_length is as expected'
%% 13612.5 ns    Log    PASSED              TB seq.             check_value(int, 74) => OK. Value was 74. 'Verifying that fetched data_length is as expected'
%% 13872.5 ns    Log    PASSED              TB seq.             check_value(int, 96) => OK. Value was 96. 'Verifying that fetched data_length is as expected'
%% 13902.5 ns    Log    PASSED              TB seq.             check_value(int, 4) => OK. Value was 4. 'Verifying that fetched data_length is as expected'
%% 
%% 
%% 13902.5 ns    Log    ID_LOG_HDR          TB seq.             TC: axistream transmit when tready=0 from DUT at start of transfer  
%% ----------------------------------------------------------------------------------------------------------------------------------------------------------------------------
%% 
%% 
%% 14142.5 ns    Log    ID_LOG_HDR          TB seq.             TC: axistream transmits: 
%% ----------------------------------------------------------------------------------------------------------------------------------------------------------------------------
%% 14902.5 ns    Alert  WARNING             AXISTREAM_VVC,1     
axistream_expect(70 words[8b])=> Failed in 8 data bits. First mismatch in word# 69. Was x"89". Expected x"76". ' 'expect, data wrong ,i=1'  [178]'
Was:
(88, 4D, 8B, A2, D5, EC, 49, FC, EE, 51, 99, DB, FF, 1E, 5C, 0C, 82, 69, FF, 6E, 4D, 39, FC, 89, 2B, 45, C3, 2E, 2A, 74, 55, EB, 6A, 37, 01, AE, CB, 22, 82, 8A, CA, D5, 50, 92, 68, 5C, E6, 8F, A0, 6E, ED, 85, 30, 44, 78, B0, 13, B7, BB, D2, 52, F2, 11, 4F, 47, 59, C3, 4D, 89, A2)
Expected:
(88, 4D, 8B, A2, D5, EC, 49, FC, EE, 51, 99, DB, FF, 1E, 5C, 0C, 82, 69, FF, 6E, 4D, 39, FC, 89, 2B, 45, C3, 2E, 2A, 74, 55, EB, 6A, 37, 01, AE, CB, 22, 82, 8A, CA, D5, 50, 92, 68, 5C, E6, 8F, A0, 6E, ED, 85, 30, 44, 78, B0, 13, B7, BB, D2, 52, F2, 11, 4F, 47, 59, C3, 4D, 76, A2)

Summary of errors in expected transaction. Failed in: 
8 data bits.
0 tuser bits.
0 tstrb bits.
0 tid bits.
0 tdest bits.

%% 15082.5 ns    Alert  WARNING             AXISTREAM_VVC,1     
axistream_expect(70 words[8b])=> Failed in 1 tuser bits. First mismatch in word# 9. Was x"1". Expected x"0". ' 'expect, tuser wrong ,i=1'  [180]'
Was:
(1, 0, 1, 0, 1, 0, 1, 0, 1, 0, 1, 0, 1, 0, 1, 0, 1, 0)
Expected:
(1, 0, 1, 0, 1, 0, 1, 0, 0, 0, 1, 0, 1, 0, 1, 0, 1, 0)

Summary of errors in expected transaction. Failed in: 
0 data bits.
1 tuser bits.
0 tstrb bits.
0 tid bits.
0 tdest bits.

%% 16022.5 ns    Alert  WARNING             AXISTREAM_VVC,1     
axistream_expect(89 words[8b])=> Failed in 8 data bits. First mismatch in word# 88. Was x"75". Expected x"8A". ' 'expect, data wrong ,i=2'  [191]'
Was:
(92, 5B, 38, 70, 99, E1, D4, B3, 8A, 22, 7C, 85, C3, B0, 08, F4, E2, 84, 27, 29, CE, 98, 9E, FC, C0, 27, 1F, 65, F9, EE, 3A, 11, 13, 55, 6C, AA, 98, C2, 64, E3, 00, 69, 60, 80, DD, 61, 6B, CB, 40, 45, C3, D4, E2, 33, D1, 49, 18, CB, 7A, 12, 36, FE, 3F, C3, EF, 60, AB, F1, ED, 57, 6D, 55, A2, 3E, A5, 65, 5A, 8C, D0, DC, E6, A3, 95, 15, 37, 02, F1, 75, 88)
Expected:
(92, 5B, 38, 70, 99, E1, D4, B3, 8A, 22, 7C, 85, C3, B0, 08, F4, E2, 84, 27, 29, CE, 98, 9E, FC, C0, 27, 1F, 65, F9, EE, 3A, 11, 13, 55, 6C, AA, 98, C2, 64, E3, 00, 69, 60, 80, DD, 61, 6B, CB, 40, 45, C3, D4, E2, 33, D1, 49, 18, CB, 7A, 12, 36, FE, 3F, C3, EF, 60, AB, F1, ED, 57, 6D, 55, A2, 3E, A5, 65, 5A, 8C, D0, DC, E6, A3, 95, 15, 37, 02, F1, 8A, 88)

Summary of errors in expected transaction. Failed in: 
8 data bits.
0 tuser bits.
0 tstrb bits.
0 tid bits.
0 tdest bits.

%% 16252.5 ns    Alert  WARNING             AXISTREAM_VVC,1     
axistream_expect(89 words[8b])=> Failed in 1 tuser bits. First mismatch in word# 8. Was x"1". Expected x"0". ' 'expect, tuser wrong ,i=2'  [193]'
Was:
(0, 1, 0, 1, 0, 1, 0, 1, 0, 1, 0, 1, 0, 1, 0, 1, 0, 1, 0, 1, 0, 1, 0)
Expected:
(0, 1, 0, 1, 0, 1, 0, 0, 0, 1, 0, 1, 0, 1, 0, 1, 0, 1, 0, 1, 0, 1, 0)

Summary of errors in expected transaction. Failed in: 
0 data bits.
1 tuser bits.
0 tstrb bits.
0 tid bits.
0 tdest bits.

%% 16992.5 ns    Alert  WARNING             AXISTREAM_VVC,1     
axistream_expect(70 words[8b])=> Failed in 8 data bits. First mismatch in word# 56. Was x"9A". Expected x"65". ' 'expect, data wrong ,i=3'  [204]'
Was:
(DD, BC, C9, CB, 9A, FF, C5, 33, 5F, 2C, 46, 2E, 89, 5A, 10, DD, DB, 5F, C6, 8F, 9C, AD, 8A, 7E, 5E, A7, 40, B0, C2, 15, 17, 95, 2C, 99, 0B, 89, 1B, 28, 4F, 01, 0D, A8, 78, 1E, 87, 0C, FA, CE, 25, 17, 26, 5C, 51, 28, 12, 9A, 98, 96, C8, 4C, 01, 68, EA, 1C, 28, EA, AE, 57, 12, FA)
Expected:
(DD, BC, C9, CB, 9A, FF, C5, 33, 5F, 2C, 46, 2E, 89, 5A, 10, DD, DB, 5F, C6, 8F, 9C, AD, 8A, 7E, 5E, A7, 40, B0, C2, 15, 17, 95, 2C, 99, 0B, 89, 1B, 28, 4F, 01, 0D, A8, 78, 1E, 87, 0C, FA, CE, 25, 17, 26, 5C, 51, 28, 12, 65, 98, 96, C8, 4C, 01, 68, EA, 1C, 28, EA, AE, 57, 12, FA)

Summary of errors in expected transaction. Failed in: 
8 data bits.
0 tuser bits.
0 tstrb bits.
0 tid bits.
0 tdest bits.

%% 17172.5 ns    Alert  WARNING             AXISTREAM_VVC,1     
axistream_expect(70 words[8b])=> Failed in 1 tuser bits. First mismatch in word# 11. Was x"1". Expected x"0". ' 'expect, tuser wrong ,i=3'  [206]'
Was:
(1, 0, 1, 0, 1, 0, 1, 0, 1, 0, 1, 0, 1, 0, 1, 0, 1, 0)
Expected:
(1, 0, 1, 0, 1, 0, 1, 0, 1, 0, 0, 0, 1, 0, 1, 0, 1, 0)

Summary of errors in expected transaction. Failed in: 
0 data bits.
1 tuser bits.
0 tstrb bits.
0 tid bits.
0 tdest bits.

%% 17432.5 ns    Alert  WARNING             AXISTREAM_VVC,1     
axistream_expect(24 words[8b])=> Failed in 8 data bits. First mismatch in word# 20. Was x"CD". Expected x"32". ' 'expect, data wrong ,i=4'  [217]'
Was:
(C3, BC, C2, FE, 03, 4D, CD, B9, CC, A2, AB, FE, 4C, BC, 32, 5F, 5F, 9E, 81, CD, 90, 20, AB, AF)
Expected:
(C3, BC, C2, FE, 03, 4D, CD, B9, CC, A2, AB, FE, 4C, BC, 32, 5F, 5F, 9E, 81, 32, 90, 20, AB, AF)

Summary of errors in expected transaction. Failed in: 
8 data bits.
0 tuser bits.
0 tstrb bits.
0 tid bits.
0 tdest bits.

%% 17492.5 ns    Alert  WARNING             AXISTREAM_VVC,1     
axistream_expect(24 words[8b])=> Failed in 1 tuser bits. First mismatch in word# 4. Was x"1". Expected x"0". ' 'expect, tuser wrong ,i=4'  [219]'
Was:
(0, 1, 0, 1, 0, 1)
Expected:
(0, 1, 0, 0, 0, 1)

Summary of errors in expected transaction. Failed in: 
0 data bits.
1 tuser bits.
0 tstrb bits.
0 tid bits.
0 tdest bits.

%% 18312.5 ns    Alert  WARNING             AXISTREAM_VVC,1     
axistream_expect(79 words[8b])=> Failed in 8 data bits. First mismatch in word# 79. Was x"6C". Expected x"93". ' 'expect, data wrong ,i=5'  [230]'
Was:
(64, 59, EB, 1C, CE, 7B, AD, C4, 86, EB, 9A, 12, BC, 37, 06, 7C, BB, 08, EC, 52, 52, 91, 9E, A3, 6D, 3C, 18, 70, 33, 96, E7, F1, 0F, 95, 0A, A2, F1, C9, CF, 22, 16, 8A, F6, 9B, A0, 62, 8D, 6C, 75, 82, 07, 40, 1C, 94, 82, 04, 91, F0, 90, 5B, 0C, 08, 83, A4, FD, 7F, 92, 1F, D2, 8E, 25, FC, A1, 70, 50, C0, E7, F2, 6C)
Expected:
(64, 59, EB, 1C, CE, 7B, AD, C4, 86, EB, 9A, 12, BC, 37, 06, 7C, BB, 08, EC, 52, 52, 91, 9E, A3, 6D, 3C, 18, 70, 33, 96, E7, F1, 0F, 95, 0A, A2, F1, C9, CF, 22, 16, 8A, F6, 9B, A0, 62, 8D, 6C, 75, 82, 07, 40, 1C, 94, 82, 04, 91, F0, 90, 5B, 0C, 08, 83, A4, FD, 7F, 92, 1F, D2, 8E, 25, FC, A1, 70, 50, C0, E7, F2, 93)

Summary of errors in expected transaction. Failed in: 
8 data bits.
0 tuser bits.
0 tstrb bits.
0 tid bits.
0 tdest bits.

%% 18512.5 ns    Alert  WARNING             AXISTREAM_VVC,1     
axistream_expect(79 words[8b])=> Failed in 1 tuser bits. First mismatch in word# 5. Was x"1". Expected x"0". ' 'expect, tuser wrong ,i=5'  [232]'
Was:
(1, 0, 1, 0, 1, 0, 1, 0, 1, 0, 1, 0, 1, 0, 1, 0, 1, 0, 1, 0)
Expected:
(1, 0, 1, 0, 0, 0, 1, 0, 1, 0, 1, 0, 1, 0, 1, 0, 1, 0, 1, 0)

Summary of errors in expected transaction. Failed in: 
0 data bits.
1 tuser bits.
0 tstrb bits.
0 tid bits.
0 tdest bits.

%% 19052.5 ns    Alert  WARNING             AXISTREAM_VVC,1     
axistream_expect(49 words[8b])=> Failed in 8 data bits. First mismatch in word# 11. Was x"B1". Expected x"4E". ' 'expect, data wrong ,i=6'  [243]'
Was:
(07, D7, B1, 51, 5D, 69, 61, C3, 39, 3D, B1, 92, 1B, D8, EA, 72, 22, 17, 5D, EB, 69, F5, 61, 67, AD, 43, 32, 09, 19, E9, 2E, E1, 39, 51, 3B, 9F, D2, BE, 6A, AA, 67, 43, A7, F4, 02, 83, 51, D9, EA)
Expected:
(07, D7, B1, 51, 5D, 69, 61, C3, 39, 3D, 4E, 92, 1B, D8, EA, 72, 22, 17, 5D, EB, 69, F5, 61, 67, AD, 43, 32, 09, 19, E9, 2E, E1, 39, 51, 3B, 9F, D2, BE, 6A, AA, 67, 43, A7, F4, 02, 83, 51, D9, EA)

Summary of errors in expected transaction. Failed in: 
8 data bits.
0 tuser bits.
0 tstrb bits.
0 tid bits.
0 tdest bits.

%% 19182.5 ns    Alert  WARNING             AXISTREAM_VVC,1     
axistream_expect(49 words[8b])=> Failed in 1 tuser bits. First mismatch in word# 6. Was x"1". Expected x"0". ' 'expect, tuser wrong ,i=6'  [245]'
Was:
(0, 1, 0, 1, 0, 1, 0, 1, 0, 1, 0, 1, 0)
Expected:
(0, 1, 0, 1, 0, 0, 0, 1, 0, 1, 0, 1, 0)

Summary of errors in expected transaction. Failed in: 
0 data bits.
1 tuser bits.
0 tstrb bits.
0 tid bits.
0 tdest bits.

%% 20202.5 ns    Alert  WARNING             AXISTREAM_VVC,1     
axistream_expect(97 words[8b])=> Failed in 8 data bits. First mismatch in word# 94. Was x"FB". Expected x"04". ' 'expect, data wrong ,i=7'  [256]'
Was:
(AE, 1F, 57, F8, BE, D8, 32, B1, E9, 30, BA, 7A, 6E, 06, 1B, 5C, 22, 8A, 8E, C4, D8, 04, 4C, 8E, 63, 18, EA, 61, 86, 87, 8D, A0, 15, 9C, 13, BA, 9F, 2A, 2F, 92, 72, 06, 86, 47, 28, C8, 31, FA, 99, B9, 01, 9D, C0, C8, B5, 3B, F1, 59, 7E, D9, 9C, 33, 11, A1, 4B, E8, 96, F0, 74, 4F, 95, CB, E8, 18, 60, 7D, 52, EB, FF, BD, 85, 54, 2D, 76, 53, F1, 55, 90, F0, B9, 07, C7, 49, FB, 08, 82, BC)
Expected:
(AE, 1F, 57, F8, BE, D8, 32, B1, E9, 30, BA, 7A, 6E, 06, 1B, 5C, 22, 8A, 8E, C4, D8, 04, 4C, 8E, 63, 18, EA, 61, 86, 87, 8D, A0, 15, 9C, 13, BA, 9F, 2A, 2F, 92, 72, 06, 86, 47, 28, C8, 31, FA, 99, B9, 01, 9D, C0, C8, B5, 3B, F1, 59, 7E, D9, 9C, 33, 11, A1, 4B, E8, 96, F0, 74, 4F, 95, CB, E8, 18, 60, 7D, 52, EB, FF, BD, 85, 54, 2D, 76, 53, F1, 55, 90, F0, B9, 07, C7, 49, 04, 08, 82, BC)

Summary of errors in expected transaction. Failed in: 
8 data bits.
0 tuser bits.
0 tstrb bits.
0 tid bits.
0 tdest bits.

%% 20452.5 ns    Alert  WARNING             AXISTREAM_VVC,1     
axistream_expect(97 words[8b])=> Failed in 1 tuser bits. First mismatch in word# 1. Was x"1". Expected x"0". ' 'expect, tuser wrong ,i=7'  [258]'
Was:
(1, 0, 1, 0, 1, 0, 1, 0, 1, 0, 1, 0, 1, 0, 1, 0, 1, 0, 1, 0, 1, 0, 1, 0, 1)
Expected:
(0, 0, 1, 0, 1, 0, 1, 0, 1, 0, 1, 0, 1, 0, 1, 0, 1, 0, 1, 0, 1, 0, 1, 0, 1)

Summary of errors in expected transaction. Failed in: 
0 data bits.
1 tuser bits.
0 tstrb bits.
0 tid bits.
0 tdest bits.

%% 21272.5 ns    Alert  WARNING             AXISTREAM_VVC,1     
axistream_expect(80 words[8b])=> Failed in 8 data bits. First mismatch in word# 74. Was x"DE". Expected x"21". ' 'expect, data wrong ,i=8'  [269]'
Was:
(0A, B4, D1, A2, 06, 99, B1, 0D, B5, E5, 76, 55, 6F, 8D, EE, 04, B9, 3C, 9E, 0D, D9, 45, 03, 35, 5A, D2, 09, 65, 84, 97, 24, E3, 06, D3, E0, CE, BE, AE, 9C, 4F, D1, D5, F9, 65, 77, CC, FD, 72, 3A, 4E, 03, 64, 24, CD, C0, DB, 4B, 62, E9, 73, D2, F6, AC, AE, D1, 9F, C1, 56, CB, 8B, F7, 33, A8, DE, E9, 95, E8, 3A, 62, FD)
Expected:
(0A, B4, D1, A2, 06, 99, B1, 0D, B5, E5, 76, 55, 6F, 8D, EE, 04, B9, 3C, 9E, 0D, D9, 45, 03, 35, 5A, D2, 09, 65, 84, 97, 24, E3, 06, D3, E0, CE, BE, AE, 9C, 4F, D1, D5, F9, 65, 77, CC, FD, 72, 3A, 4E, 03, 64, 24, CD, C0, DB, 4B, 62, E9, 73, D2, F6, AC, AE, D1, 9F, C1, 56, CB, 8B, F7, 33, A8, 21, E9, 95, E8, 3A, 62, FD)

Summary of errors in expected transaction. Failed in: 
8 data bits.
0 tuser bits.
0 tstrb bits.
0 tid bits.
0 tdest bits.

%% 21472.5 ns    Alert  WARNING             AXISTREAM_VVC,1     
axistream_expect(80 words[8b])=> Failed in 1 tuser bits. First mismatch in word# 2. Was x"1". Expected x"0". ' 'expect, tuser wrong ,i=8'  [271]'
Was:
(0, 1, 0, 1, 0, 1, 0, 1, 0, 1, 0, 1, 0, 1, 0, 1, 0, 1, 0, 1)
Expected:
(0, 0, 0, 1, 0, 1, 0, 1, 0, 1, 0, 1, 0, 1, 0, 1, 0, 1, 0, 1)

Summary of errors in expected transaction. Failed in: 
0 data bits.
1 tuser bits.
0 tstrb bits.
0 tid bits.
0 tdest bits.

%% 22012.5 ns    Alert  WARNING             AXISTREAM_VVC,1     
axistream_expect(51 words[8b])=> Failed in 8 data bits. First mismatch in word# 41. Was x"08". Expected x"F7". ' 'expect, data wrong ,i=9'  [282]'
Was:
(64, D4, D3, AB, 3B, 75, 6A, 98, 3D, BE, 52, E4, 21, 7C, B7, 80, BC, 66, FF, 63, DB, B8, 81, 25, CD, 25, DE, 32, 33, 7C, 51, 2F, 46, F3, A8, 16, F9, 18, EE, 94, 08, 90, 03, 0A, A1, 1B, 58, 2E, 32, 85, F0)
Expected:
(64, D4, D3, AB, 3B, 75, 6A, 98, 3D, BE, 52, E4, 21, 7C, B7, 80, BC, 66, FF, 63, DB, B8, 81, 25, CD, 25, DE, 32, 33, 7C, 51, 2F, 46, F3, A8, 16, F9, 18, EE, 94, F7, 90, 03, 0A, A1, 1B, 58, 2E, 32, 85, F0)

Summary of errors in expected transaction. Failed in: 
8 data bits.
0 tuser bits.
0 tstrb bits.
0 tid bits.
0 tdest bits.

%% 22142.5 ns    Alert  WARNING             AXISTREAM_VVC,1     
axistream_expect(51 words[8b])=> Failed in 1 tuser bits. First mismatch in word# 5. Was x"1". Expected x"0". ' 'expect, tuser wrong ,i=9'  [284]'
Was:
(1, 0, 1, 0, 1, 0, 1, 0, 1, 0, 1, 0, 1)
Expected:
(1, 0, 1, 0, 0, 0, 1, 0, 1, 0, 1, 0, 1)

Summary of errors in expected transaction. Failed in: 
0 data bits.
1 tuser bits.
0 tstrb bits.
0 tid bits.
0 tdest bits.

%% 22322.5 ns    Alert  WARNING             AXISTREAM_VVC,1     
axistream_expect(13 words[8b])=> Failed in 8 data bits. First mismatch in word# 12. Was x"28". Expected x"D7". ' 'expect, data wrong ,i=10'  [295]'
Was:
(DB, 2C, A8, 4A, 6A, 07, C4, 43, A3, 72, 9D, 28, 4B)
Expected:
(DB, 2C, A8, 4A, 6A, 07, C4, 43, A3, 72, 9D, D7, 4B)

Summary of errors in expected transaction. Failed in: 
8 data bits.
0 tuser bits.
0 tstrb bits.
0 tid bits.
0 tdest bits.

%% 22362.5 ns    Alert  WARNING             AXISTREAM_VVC,1     
axistream_expect(13 words[8b])=> Failed in 1 tuser bits. First mismatch in word# 4. Was x"1". Expected x"0". ' 'expect, tuser wrong ,i=10'  [297]'
Was:
(0, 1, 0, 1)
Expected:
(0, 1, 0, 0)

Summary of errors in expected transaction. Failed in: 
0 data bits.
1 tuser bits.
0 tstrb bits.
0 tid bits.
0 tdest bits.

%% 22942.5 ns    Alert  WARNING             AXISTREAM_VVC,1     
axistream_expect(55 words[8b])=> Failed in 8 data bits. First mismatch in word# 47. Was x"AF". Expected x"50". ' 'expect, data wrong ,i=11'  [308]'
Was:
(00, 21, 11, 97, FF, 1A, 1B, C7, 97, 00, 4F, 67, ED, 39, 78, 91, B4, D7, 1A, 08, 86, 79, A7, B2, 4F, 70, 7E, 4D, 95, 69, F0, AE, 7A, 5F, 49, 71, 6C, 2B, 3C, C9, BF, 78, 03, 9E, 28, DD, AF, 3E, 9E, 31, 56, AC, 70, 19, 2B)
Expected:
(00, 21, 11, 97, FF, 1A, 1B, C7, 97, 00, 4F, 67, ED, 39, 78, 91, B4, D7, 1A, 08, 86, 79, A7, B2, 4F, 70, 7E, 4D, 95, 69, F0, AE, 7A, 5F, 49, 71, 6C, 2B, 3C, C9, BF, 78, 03, 9E, 28, DD, 50, 3E, 9E, 31, 56, AC, 70, 19, 2B)

Summary of errors in expected transaction. Failed in: 
8 data bits.
0 tuser bits.
0 tstrb bits.
0 tid bits.
0 tdest bits.

%% 23082.5 ns    Alert  WARNING             AXISTREAM_VVC,1     
axistream_expect(55 words[8b])=> Failed in 1 tuser bits. First mismatch in word# 10. Was x"0". Expected x"1". ' 'expect, tuser wrong ,i=11'  [310]'
Was:
(1, 0, 1, 0, 1, 0, 1, 0, 1, 0, 1, 0, 1, 0)
Expected:
(1, 0, 1, 0, 1, 0, 1, 0, 1, 1, 1, 0, 1, 0)

Summary of errors in expected transaction. Failed in: 
0 data bits.
1 tuser bits.
0 tstrb bits.
0 tid bits.
0 tdest bits.

%% 23302.5 ns    Alert  WARNING             AXISTREAM_VVC,1     
axistream_expect(17 words[8b])=> Failed in 8 data bits. First mismatch in word# 16. Was x"04". Expected x"FB". ' 'expect, data wrong ,i=12'  [321]'
Was:
(10, F7, 6F, 18, 19, DE, 70, 1F, 12, 7A, 55, E3, D5, AA, 9A, 04, 10)
Expected:
(10, F7, 6F, 18, 19, DE, 70, 1F, 12, 7A, 55, E3, D5, AA, 9A, FB, 10)

Summary of errors in expected transaction. Failed in: 
8 data bits.
0 tuser bits.
0 tstrb bits.
0 tid bits.
0 tdest bits.

%% 23352.5 ns    Alert  WARNING             AXISTREAM_VVC,1     
axistream_expect(17 words[8b])=> Failed in 1 tuser bits. First mismatch in word# 3. Was x"0". Expected x"1". ' 'expect, tuser wrong ,i=12'  [323]'
Was:
(0, 1, 0, 1, 0)
Expected:
(0, 1, 1, 1, 0)

Summary of errors in expected transaction. Failed in: 
0 data bits.
1 tuser bits.
0 tstrb bits.
0 tid bits.
0 tdest bits.

%% 23772.5 ns    Alert  WARNING             AXISTREAM_VVC,1     
axistream_expect(38 words[8b])=> Failed in 8 data bits. First mismatch in word# 7. Was x"C1". Expected x"3E". ' 'expect, data wrong ,i=13'  [334]'
Was:
(ED, 20, FF, F1, E7, 1B, C1, 4B, CD, A1, 48, BC, B6, A4, 1F, E0, 91, CE, E0, 93, 7D, 7C, C3, F7, 37, 95, 08, B8, 6D, EE, A8, C4, 0C, 39, C9, FF, E9, 31)
Expected:
(ED, 20, FF, F1, E7, 1B, 3E, 4B, CD, A1, 48, BC, B6, A4, 1F, E0, 91, CE, E0, 93, 7D, 7C, C3, F7, 37, 95, 08, B8, 6D, EE, A8, C4, 0C, 39, C9, FF, E9, 31)

Summary of errors in expected transaction. Failed in: 
8 data bits.
0 tuser bits.
0 tstrb bits.
0 tid bits.
0 tdest bits.

%% 23872.5 ns    Alert  WARNING             AXISTREAM_VVC,1     
axistream_expect(38 words[8b])=> Failed in 1 tuser bits. First mismatch in word# 10. Was x"0". Expected x"1". ' 'expect, tuser wrong ,i=13'  [336]'
Was:
(1, 0, 1, 0, 1, 0, 1, 0, 1, 0)
Expected:
(1, 0, 1, 0, 1, 0, 1, 0, 1, 1)

Summary of errors in expected transaction. Failed in: 
0 data bits.
1 tuser bits.
0 tstrb bits.
0 tid bits.
0 tdest bits.

%% 24612.5 ns    Alert  WARNING             AXISTREAM_VVC,1     
axistream_expect(70 words[8b])=> Failed in 8 data bits. First mismatch in word# 1. Was x"8A". Expected x"75". ' 'expect, data wrong ,i=14'  [347]'
Was:
(8A, 14, F0, 08, C2, 94, 3D, 2E, E4, D9, F2, 5B, 16, 0F, 01, 23, 94, 5B, C1, 13, 1B, 89, B0, EC, E6, 45, 97, 35, 78, 6A, AD, B9, 83, AD, 8F, 34, 90, D3, 9C, 61, 14, 4E, 68, F8, 51, F4, 59, 15, 7C, EE, 57, 68, CD, 5C, 0D, 13, 43, 6E, 7C, 7E, 7C, 3A, 4B, F9, B4, 54, 35, 5B, BE, 36)
Expected:
(75, 14, F0, 08, C2, 94, 3D, 2E, E4, D9, F2, 5B, 16, 0F, 01, 23, 94, 5B, C1, 13, 1B, 89, B0, EC, E6, 45, 97, 35, 78, 6A, AD, B9, 83, AD, 8F, 34, 90, D3, 9C, 61, 14, 4E, 68, F8, 51, F4, 59, 15, 7C, EE, 57, 68, CD, 5C, 0D, 13, 43, 6E, 7C, 7E, 7C, 3A, 4B, F9, B4, 54, 35, 5B, BE, 36)

Summary of errors in expected transaction. Failed in: 
8 data bits.
0 tuser bits.
0 tstrb bits.
0 tid bits.
0 tdest bits.

%% 24792.5 ns    Alert  WARNING             AXISTREAM_VVC,1     
axistream_expect(70 words[8b])=> Failed in 1 tuser bits. First mismatch in word# 3. Was x"0". Expected x"1". ' 'expect, tuser wrong ,i=14'  [349]'
Was:
(0, 1, 0, 1, 0, 1, 0, 1, 0, 1, 0, 1, 0, 1, 0, 1, 0, 1)
Expected:
(0, 1, 1, 1, 0, 1, 0, 1, 0, 1, 0, 1, 0, 1, 0, 1, 0, 1)

Summary of errors in expected transaction. Failed in: 
0 data bits.
1 tuser bits.
0 tstrb bits.
0 tid bits.
0 tdest bits.

%% 24932.5 ns    Alert  WARNING             AXISTREAM_VVC,1     
axistream_expect(10 words[8b])=> Failed in 8 data bits. First mismatch in word# 8. Was x"C0". Expected x"3F". ' 'expect, data wrong ,i=15'  [360]'
Was:
(2D, 3C, 3B, 5D, 98, E0, 37, C0, 2E, 93)
Expected:
(2D, 3C, 3B, 5D, 98, E0, 37, 3F, 2E, 93)

Summary of errors in expected transaction. Failed in: 
8 data bits.
0 tuser bits.
0 tstrb bits.
0 tid bits.
0 tdest bits.

%% 24962.5 ns    Alert  WARNING             AXISTREAM_VVC,1     
axistream_expect(10 words[8b])=> Failed in 1 tuser bits. First mismatch in word# 2. Was x"0". Expected x"1". ' 'expect, tuser wrong ,i=15'  [362]'
Was:
(1, 0, 1)
Expected:
(1, 1, 1)

Summary of errors in expected transaction. Failed in: 
0 data bits.
1 tuser bits.
0 tstrb bits.
0 tid bits.
0 tdest bits.

%% 25662.5 ns    Alert  WARNING             AXISTREAM_VVC,1     
axistream_expect(66 words[8b])=> Failed in 8 data bits. First mismatch in word# 15. Was x"DA". Expected x"25". ' 'expect, data wrong ,i=16'  [373]'
Was:
(4F, A9, 56, AB, 7D, 86, 40, 33, BF, F6, 55, 3A, B5, B9, DA, B1, F8, 44, DA, EF, 2C, 84, 82, 26, C9, B1, BB, 1E, 8E, AC, D4, AA, 2F, 54, 87, DB, 8F, AD, A0, 33, 93, FC, C4, 53, E8, DB, A5, C7, AB, 58, 54, B4, C2, CB, 03, C8, FC, 2C, A9, 22, 69, CC, 5F, 22, 6E, F1)
Expected:
(4F, A9, 56, AB, 7D, 86, 40, 33, BF, F6, 55, 3A, B5, B9, 25, B1, F8, 44, DA, EF, 2C, 84, 82, 26, C9, B1, BB, 1E, 8E, AC, D4, AA, 2F, 54, 87, DB, 8F, AD, A0, 33, 93, FC, C4, 53, E8, DB, A5, C7, AB, 58, 54, B4, C2, CB, 03, C8, FC, 2C, A9, 22, 69, CC, 5F, 22, 6E, F1)

Summary of errors in expected transaction. Failed in: 
8 data bits.
0 tuser bits.
0 tstrb bits.
0 tid bits.
0 tdest bits.

%% 25832.5 ns    Alert  WARNING             AXISTREAM_VVC,1     
axistream_expect(66 words[8b])=> Failed in 1 tuser bits. First mismatch in word# 13. Was x"0". Expected x"1". ' 'expect, tuser wrong ,i=16'  [375]'
Was:
(0, 1, 0, 1, 0, 1, 0, 1, 0, 1, 0, 1, 0, 1, 0, 1, 0)
Expected:
(0, 1, 0, 1, 0, 1, 0, 1, 0, 1, 0, 1, 1, 1, 0, 1, 0)

Summary of errors in expected transaction. Failed in: 
0 data bits.
1 tuser bits.
0 tstrb bits.
0 tid bits.
0 tdest bits.

%% 26052.5 ns    Alert  WARNING             AXISTREAM_VVC,1     
axistream_expect(20 words[8b])=> Failed in 8 data bits. First mismatch in word# 5. Was x"8F". Expected x"70". ' 'expect, data wrong ,i=17'  [386]'
Was:
(43, F3, 41, 77, 8F, BA, C2, EA, 39, 1E, 7F, 03, 1E, 9C, E3, F0, AA, AA, 0D, 02)
Expected:
(43, F3, 41, 77, 70, BA, C2, EA, 39, 1E, 7F, 03, 1E, 9C, E3, F0, AA, AA, 0D, 02)

Summary of errors in expected transaction. Failed in: 
8 data bits.
0 tuser bits.
0 tstrb bits.
0 tid bits.
0 tdest bits.

%% 26102.5 ns    Alert  WARNING             AXISTREAM_VVC,1     
axistream_expect(20 words[8b])=> Failed in 1 tuser bits. First mismatch in word# 2. Was x"0". Expected x"1". ' 'expect, tuser wrong ,i=17'  [388]'
Was:
(1, 0, 1, 0, 1)
Expected:
(1, 1, 1, 0, 1)

Summary of errors in expected transaction. Failed in: 
0 data bits.
1 tuser bits.
0 tstrb bits.
0 tid bits.
0 tdest bits.

%% 27042.5 ns    Alert  WARNING             AXISTREAM_VVC,1     
axistream_expect(92 words[8b])=> Failed in 8 data bits. First mismatch in word# 20. Was x"8B". Expected x"74". ' 'expect, data wrong ,i=18'  [399]'
Was:
(54, 6B, 0D, DB, 7D, E9, CC, E9, A6, F6, 3B, 91, F0, 06, 1C, 5E, E1, 4C, 83, 8B, F2, 8E, 6B, 87, 72, A8, 8A, AC, 05, 51, 6C, 80, C6, 33, A6, 64, 50, 7F, 63, 0F, 4B, 05, 6B, 74, 2A, 7C, 8E, 90, 24, 4F, C3, F2, 88, 35, 43, 0D, CD, A3, 45, DF, CB, 72, 50, 2B, E6, E1, 04, FD, AE, 89, 35, 6B, 8C, 3B, 60, 72, 79, 8F, B0, 40, A6, C6, D8, F1, 34, B8, FD, 82, AC, F6, 70, 2D)
Expected:
(54, 6B, 0D, DB, 7D, E9, CC, E9, A6, F6, 3B, 91, F0, 06, 1C, 5E, E1, 4C, 83, 74, F2, 8E, 6B, 87, 72, A8, 8A, AC, 05, 51, 6C, 80, C6, 33, A6, 64, 50, 7F, 63, 0F, 4B, 05, 6B, 74, 2A, 7C, 8E, 90, 24, 4F, C3, F2, 88, 35, 43, 0D, CD, A3, 45, DF, CB, 72, 50, 2B, E6, E1, 04, FD, AE, 89, 35, 6B, 8C, 3B, 60, 72, 79, 8F, B0, 40, A6, C6, D8, F1, 34, B8, FD, 82, AC, F6, 70, 2D)

Summary of errors in expected transaction. Failed in: 
8 data bits.
0 tuser bits.
0 tstrb bits.
0 tid bits.
0 tdest bits.

%% 27272.5 ns    Alert  WARNING             AXISTREAM_VVC,1     
axistream_expect(92 words[8b])=> Failed in 1 tuser bits. First mismatch in word# 9. Was x"0". Expected x"1". ' 'expect, tuser wrong ,i=18'  [401]'
Was:
(0, 1, 0, 1, 0, 1, 0, 1, 0, 1, 0, 1, 0, 1, 0, 1, 0, 1, 0, 1, 0, 1, 0)
Expected:
(0, 1, 0, 1, 0, 1, 0, 1, 1, 1, 0, 1, 0, 1, 0, 1, 0, 1, 0, 1, 0, 1, 0)

Summary of errors in expected transaction. Failed in: 
0 data bits.
1 tuser bits.
0 tstrb bits.
0 tid bits.
0 tdest bits.

%% 27892.5 ns    Alert  WARNING             AXISTREAM_VVC,1     
axistream_expect(59 words[8b])=> Failed in 8 data bits. First mismatch in word# 34. Was x"F7". Expected x"08". ' 'expect, data wrong ,i=19'  [412]'
Was:
(4B, E3, A0, 7E, 49, 45, 02, D3, CA, 7F, BB, 2D, 89, 3E, 53, AA, 25, A7, 92, 43, 96, 12, DA, D3, EE, BB, EC, 09, 88, 38, 33, 40, 6F, F7, 96, CB, DB, 55, 37, 26, DA, E0, 45, C3, 79, EB, 9E, 35, B9, E2, 8B, B5, C2, 60, 6D, F9, CC, 9D, BD)
Expected:
(4B, E3, A0, 7E, 49, 45, 02, D3, CA, 7F, BB, 2D, 89, 3E, 53, AA, 25, A7, 92, 43, 96, 12, DA, D3, EE, BB, EC, 09, 88, 38, 33, 40, 6F, 08, 96, CB, DB, 55, 37, 26, DA, E0, 45, C3, 79, EB, 9E, 35, B9, E2, 8B, B5, C2, 60, 6D, F9, CC, 9D, BD)

Summary of errors in expected transaction. Failed in: 
8 data bits.
0 tuser bits.
0 tstrb bits.
0 tid bits.
0 tdest bits.

%% 28042.5 ns    Alert  WARNING             AXISTREAM_VVC,1     
axistream_expect(59 words[8b])=> Failed in 1 tuser bits. First mismatch in word# 9. Was x"1". Expected x"0". ' 'expect, tuser wrong ,i=19'  [414]'
Was:
(1, 0, 1, 0, 1, 0, 1, 0, 1, 0, 1, 0, 1, 0, 1)
Expected:
(1, 0, 1, 0, 1, 0, 1, 0, 0, 0, 1, 0, 1, 0, 1)

Summary of errors in expected transaction. Failed in: 
0 data bits.
1 tuser bits.
0 tstrb bits.
0 tid bits.
0 tdest bits.

%% 28462.5 ns    Alert  WARNING             AXISTREAM_VVC,1     
axistream_expect(38 words[8b])=> Failed in 8 data bits. First mismatch in word# 9. Was x"F7". Expected x"08". ' 'expect, data wrong ,i=20'  [425]'
Was:
(63, 95, 11, 43, 73, 09, F8, 4F, F7, B3, 33, 5D, 08, CD, A9, E0, C3, FA, 97, 89, E8, 31, 6C, 16, CD, C4, 55, 62, 31, 4F, 88, 12, 87, 22, FC, 00, 59, 22)
Expected:
(63, 95, 11, 43, 73, 09, F8, 4F, 08, B3, 33, 5D, 08, CD, A9, E0, C3, FA, 97, 89, E8, 31, 6C, 16, CD, C4, 55, 62, 31, 4F, 88, 12, 87, 22, FC, 00, 59, 22)

Summary of errors in expected transaction. Failed in: 
8 data bits.
0 tuser bits.
0 tstrb bits.
0 tid bits.
0 tdest bits.

%% 28562.5 ns    Alert  WARNING             AXISTREAM_VVC,1     
axistream_expect(38 words[8b])=> Failed in 1 tuser bits. First mismatch in word# 1. Was x"0". Expected x"1". ' 'expect, tuser wrong ,i=20'  [427]'
Was:
(0, 1, 0, 1, 0, 1, 0, 1, 0, 1)
Expected:
(1, 1, 0, 1, 0, 1, 0, 1, 0, 1)

Summary of errors in expected transaction. Failed in: 
0 data bits.
1 tuser bits.
0 tstrb bits.
0 tid bits.
0 tdest bits.

%% 
%% ============================================================================================================================================================================
%%  *** INTERMEDIATE SUMMARY OF ALL ALERTS ***
%% ============================================================================================================================================================================
%% 28562.5 ns    DONE   PASSED   axistream_vvc_slv_array_tb  Passed: 4  Affirmations Checked: 304
%%    Expected      Failures: 0  Errors: 0  Warnings: -60  Passed: 0
%%    VHDL Asserts  Failures: 0  Errors: 0  Warnings: 0  Passed: 0
%%    Default       Failures: 0  Errors: 0  Warnings: 60  Passed: 0
%%    OSVVM         Failures: 0  Errors: 0  Warnings: 0  Passed: 0
%% ============================================================================================================================================================================
%% 
%%  28590 ns    Alert  WARNING             AXISTREAM_VVC,1     check_value(sl, 1) => Failed. Value was 0. Expected 1. 'Check tlast at expected last byte = 3. ' 'expect, tlast wrong ,i=1'  [432]''
%% 29362.5 ns    Alert  WARNING             AXISTREAM_VVC,1     
axistream_expect(70 words[8b])=> Failed in 8 data bits. First mismatch in word# 61. Was x"44". Expected x"BB". ' 'expect, data wrong ,i=1'  [445]'
Was:
(1F, A1, 63, A0, 06, 34, 5B, DA, 33, 16, 5C, C8, CA, E7, 04, F8, 18, 60, 4F, 68, 1A, E7, 02, 42, CB, 35, A7, 32, 2D, 8C, 30, F9, 1F, 1E, 28, 92, A1, 00, 7A, E5, 2E, 76, DF, 7A, 9F, 29, E3, F9, 29, B3, A4, 37, EB, E0, B1, D0, 4F, 08, E7, 32, 44, D4, BD, 83, AF, 02, 7A, 70, 3F, B9)
Expected:
(1F, A1, 63, A0, 06, 34, 5B, DA, 33, 16, 5C, C8, CA, E7, 04, F8, 18, 60, 4F, 68, 1A, E7, 02, 42, CB, 35, A7, 32, 2D, 8C, 30, F9, 1F, 1E, 28, 92, A1, 00, 7A, E5, 2E, 76, DF, 7A, 9F, 29, E3, F9, 29, B3, A4, 37, EB, E0, B1, D0, 4F, 08, E7, 32, BB, D4, BD, 83, AF, 02, 7A, 70, 3F, B9)

Summary of errors in expected transaction. Failed in: 
8 data bits.
0 tuser bits.
0 tstrb bits.
0 tid bits.
0 tdest bits.

%% 29542.5 ns    Alert  WARNING             AXISTREAM_VVC,1     
axistream_expect(70 words[8b])=> Failed in 1 tuser bits. First mismatch in word# 12. Was x"0". Expected x"1". ' 'expect, tuser wrong ,i=1'  [447]'
Was:
(1, 0, 1, 0, 1, 0, 1, 0, 1, 0, 1, 0, 1, 0, 1, 0, 1, 0)
Expected:
(1, 0, 1, 0, 1, 0, 1, 0, 1, 0, 1, 1, 1, 0, 1, 0, 1, 0)

Summary of errors in expected transaction. Failed in: 
0 data bits.
1 tuser bits.
0 tstrb bits.
0 tid bits.
0 tdest bits.

%% 30362.5 ns    Alert  WARNING             AXISTREAM_VVC,1     
axistream_expect(80 words[8b])=> Failed in 8 data bits. First mismatch in word# 77. Was x"20". Expected x"DF". ' 'expect, data wrong ,i=2'  [458]'
Was:
(20, 1A, 74, 24, B3, 83, CE, F3, 60, FE, 82, B8, F9, BF, FA, 9B, 88, 8A, 39, 34, EE, D5, D7, 85, 00, 79, EE, 2B, 8C, 76, 19, 0B, F5, B9, DA, 88, EE, 89, 3C, 72, A3, 38, DD, C4, AA, 30, E4, 17, 77, 1D, 61, 34, 93, 83, 0E, 7F, 12, DB, 5D, 50, 8B, 6B, BA, E0, 9C, 46, E0, 2F, 5F, 20, 22, F9, 68, 51, 10, D0, 20, ED, C9, 7B)
Expected:
(20, 1A, 74, 24, B3, 83, CE, F3, 60, FE, 82, B8, F9, BF, FA, 9B, 88, 8A, 39, 34, EE, D5, D7, 85, 00, 79, EE, 2B, 8C, 76, 19, 0B, F5, B9, DA, 88, EE, 89, 3C, 72, A3, 38, DD, C4, AA, 30, E4, 17, 77, 1D, 61, 34, 93, 83, 0E, 7F, 12, DB, 5D, 50, 8B, 6B, BA, E0, 9C, 46, E0, 2F, 5F, 20, 22, F9, 68, 51, 10, D0, DF, ED, C9, 7B)

Summary of errors in expected transaction. Failed in: 
8 data bits.
0 tuser bits.
0 tstrb bits.
0 tid bits.
0 tdest bits.

%% 30562.5 ns    Alert  WARNING             AXISTREAM_VVC,1     
axistream_expect(80 words[8b])=> Failed in 1 tuser bits. First mismatch in word# 7. Was x"0". Expected x"1". ' 'expect, tuser wrong ,i=2'  [460]'
Was:
(0, 1, 0, 1, 0, 1, 0, 1, 0, 1, 0, 1, 0, 1, 0, 1, 0, 1, 0, 1)
Expected:
(0, 1, 0, 1, 0, 1, 1, 1, 0, 1, 0, 1, 0, 1, 0, 1, 0, 1, 0, 1)

Summary of errors in expected transaction. Failed in: 
0 data bits.
1 tuser bits.
0 tstrb bits.
0 tid bits.
0 tdest bits.

%% 30822.5 ns    Alert  WARNING             AXISTREAM_VVC,1     
axistream_expect(24 words[8b])=> Failed in 8 data bits. First mismatch in word# 2. Was x"94". Expected x"6B". ' 'expect, data wrong ,i=3'  [471]'
Was:
(EA, 94, BE, 8E, DF, 50, FA, 45, E8, 44, 29, EA, 81, 80, 29, 68, 02, 8F, EE, 16, 92, EC, C8, 98)
Expected:
(EA, 6B, BE, 8E, DF, 50, FA, 45, E8, 44, 29, EA, 81, 80, 29, 68, 02, 8F, EE, 16, 92, EC, C8, 98)

Summary of errors in expected transaction. Failed in: 
8 data bits.
0 tuser bits.
0 tstrb bits.
0 tid bits.
0 tdest bits.

%% 30882.5 ns    Alert  WARNING             AXISTREAM_VVC,1     
axistream_expect(24 words[8b])=> Failed in 1 tuser bits. First mismatch in word# 5. Was x"1". Expected x"0". ' 'expect, tuser wrong ,i=3'  [473]'
Was:
(1, 0, 1, 0, 1, 0)
Expected:
(1, 0, 1, 0, 0, 0)

Summary of errors in expected transaction. Failed in: 
0 data bits.
1 tuser bits.
0 tstrb bits.
0 tid bits.
0 tdest bits.

%% 31662.5 ns    Alert  WARNING             AXISTREAM_VVC,1     
axistream_expect(76 words[8b])=> Failed in 8 data bits. First mismatch in word# 27. Was x"03". Expected x"FC". ' 'expect, data wrong ,i=4'  [484]'
Was:
(1B, 15, 6D, 40, 16, 91, 01, AE, C0, 30, 72, EF, 03, 60, 4D, 71, 9A, 55, AF, 73, D2, 30, A4, D6, 97, 6E, 03, 77, 54, 57, 28, FB, 5A, 89, C5, DE, E8, 11, 3A, 42, 6A, B0, FE, 24, A4, D1, 00, 0B, 77, B4, 74, E3, A8, 55, F9, D6, 4F, 66, FA, 65, C1, DD, FA, C2, 79, A2, CA, 9B, ED, 71, 89, BB, 1A, 84, 1C, 4B)
Expected:
(1B, 15, 6D, 40, 16, 91, 01, AE, C0, 30, 72, EF, 03, 60, 4D, 71, 9A, 55, AF, 73, D2, 30, A4, D6, 97, 6E, FC, 77, 54, 57, 28, FB, 5A, 89, C5, DE, E8, 11, 3A, 42, 6A, B0, FE, 24, A4, D1, 00, 0B, 77, B4, 74, E3, A8, 55, F9, D6, 4F, 66, FA, 65, C1, DD, FA, C2, 79, A2, CA, 9B, ED, 71, 89, BB, 1A, 84, 1C, 4B)

Summary of errors in expected transaction. Failed in: 
8 data bits.
0 tuser bits.
0 tstrb bits.
0 tid bits.
0 tdest bits.

%% 31852.5 ns    Alert  WARNING             AXISTREAM_VVC,1     
axistream_expect(76 words[8b])=> Failed in 1 tuser bits. First mismatch in word# 4. Was x"1". Expected x"0". ' 'expect, tuser wrong ,i=4'  [486]'
Was:
(0, 1, 0, 1, 0, 1, 0, 1, 0, 1, 0, 1, 0, 1, 0, 1, 0, 1, 0)
Expected:
(0, 1, 0, 0, 0, 1, 0, 1, 0, 1, 0, 1, 0, 1, 0, 1, 0, 1, 0)

Summary of errors in expected transaction. Failed in: 
0 data bits.
1 tuser bits.
0 tstrb bits.
0 tid bits.
0 tdest bits.

%% 31992.5 ns    Alert  WARNING             AXISTREAM_VVC,1     
axistream_expect(10 words[8b])=> Failed in 8 data bits. First mismatch in word# 5. Was x"B0". Expected x"4F". ' 'expect, data wrong ,i=5'  [497]'
Was:
(98, 26, 6A, BE, B0, 8C, B2, D5, AB, 94)
Expected:
(98, 26, 6A, BE, 4F, 8C, B2, D5, AB, 94)

Summary of errors in expected transaction. Failed in: 
8 data bits.
0 tuser bits.
0 tstrb bits.
0 tid bits.
0 tdest bits.

%% 32022.5 ns    Alert  WARNING             AXISTREAM_VVC,1     
axistream_expect(10 words[8b])=> Failed in 1 tuser bits. First mismatch in word# 2. Was x"0". Expected x"1". ' 'expect, tuser wrong ,i=5'  [499]'
Was:
(1, 0, 1)
Expected:
(1, 1, 1)

Summary of errors in expected transaction. Failed in: 
0 data bits.
1 tuser bits.
0 tstrb bits.
0 tid bits.
0 tdest bits.

%% 32122.5 ns    Alert  WARNING             AXISTREAM_VVC,1     
axistream_expect(6 words[8b])=> Failed in 8 data bits. First mismatch in word# 6. Was x"D7". Expected x"28". ' 'expect, data wrong ,i=6'  [510]'
Was:
(EA, A2, FB, D1, 31, D7)
Expected:
(EA, A2, FB, D1, 31, 28)

Summary of errors in expected transaction. Failed in: 
8 data bits.
0 tuser bits.
0 tstrb bits.
0 tid bits.
0 tdest bits.

%% 32142.5 ns    Alert  WARNING             AXISTREAM_VVC,1     
axistream_expect(6 words[8b])=> Failed in 1 tuser bits. First mismatch in word# 2. Was x"1". Expected x"0". ' 'expect, tuser wrong ,i=6'  [512]'
Was:
(0, 1)
Expected:
(0, 0)

Summary of errors in expected transaction. Failed in: 
0 data bits.
1 tuser bits.
0 tstrb bits.
0 tid bits.
0 tdest bits.

%% 32762.5 ns    Alert  WARNING             AXISTREAM_VVC,1     
axistream_expect(58 words[8b])=> Failed in 8 data bits. First mismatch in word# 46. Was x"77". Expected x"88". ' 'expect, data wrong ,i=7'  [523]'
Was:
(E1, C6, BE, 00, A4, 9D, 68, DE, D9, 0B, 44, A7, AF, 38, 4D, 89, EB, 51, F4, 5F, 3C, 7A, 2E, AA, A0, 3B, 5C, E8, A5, 5B, 9E, 5B, 97, AB, 4B, 5E, 26, B2, 0A, 2B, 1F, 77, 02, 97, D2, 77, E3, EB, B1, 85, AC, 5B, 96, 5B, FC, 1D, EF, 53)
Expected:
(E1, C6, BE, 00, A4, 9D, 68, DE, D9, 0B, 44, A7, AF, 38, 4D, 89, EB, 51, F4, 5F, 3C, 7A, 2E, AA, A0, 3B, 5C, E8, A5, 5B, 9E, 5B, 97, AB, 4B, 5E, 26, B2, 0A, 2B, 1F, 77, 02, 97, D2, 88, E3, EB, B1, 85, AC, 5B, 96, 5B, FC, 1D, EF, 53)

Summary of errors in expected transaction. Failed in: 
8 data bits.
0 tuser bits.
0 tstrb bits.
0 tid bits.
0 tdest bits.

%% 32912.5 ns    Alert  WARNING             AXISTREAM_VVC,1     
axistream_expect(58 words[8b])=> Failed in 1 tuser bits. First mismatch in word# 9. Was x"1". Expected x"0". ' 'expect, tuser wrong ,i=7'  [525]'
Was:
(1, 0, 1, 0, 1, 0, 1, 0, 1, 0, 1, 0, 1, 0, 1)
Expected:
(1, 0, 1, 0, 1, 0, 1, 0, 0, 0, 1, 0, 1, 0, 1)

Summary of errors in expected transaction. Failed in: 
0 data bits.
1 tuser bits.
0 tstrb bits.
0 tid bits.
0 tdest bits.

%% 33612.5 ns    Alert  WARNING             AXISTREAM_VVC,1     
axistream_expect(66 words[8b])=> Failed in 8 data bits. First mismatch in word# 49. Was x"B3". Expected x"4C". ' 'expect, data wrong ,i=8'  [536]'
Was:
(5E, AF, E5, E8, 1E, 29, 75, F9, 69, DC, 04, CF, A2, 46, 3A, 28, 8D, 94, CB, ED, F5, 0A, 49, A1, E3, D9, 4E, 8B, 68, 0E, 2C, BC, 03, DA, CA, D1, A7, 89, 40, 39, CA, 6B, 88, 8B, 2E, 7D, A3, 8E, B3, B6, EC, 05, 64, 15, 57, 74, 9B, 4A, 7A, 62, 06, 5C, 59, B5, C2, 94)
Expected:
(5E, AF, E5, E8, 1E, 29, 75, F9, 69, DC, 04, CF, A2, 46, 3A, 28, 8D, 94, CB, ED, F5, 0A, 49, A1, E3, D9, 4E, 8B, 68, 0E, 2C, BC, 03, DA, CA, D1, A7, 89, 40, 39, CA, 6B, 88, 8B, 2E, 7D, A3, 8E, 4C, B6, EC, 05, 64, 15, 57, 74, 9B, 4A, 7A, 62, 06, 5C, 59, B5, C2, 94)

Summary of errors in expected transaction. Failed in: 
8 data bits.
0 tuser bits.
0 tstrb bits.
0 tid bits.
0 tdest bits.

%% 33782.5 ns    Alert  WARNING             AXISTREAM_VVC,1     
axistream_expect(66 words[8b])=> Failed in 1 tuser bits. First mismatch in word# 5. Was x"0". Expected x"1". ' 'expect, tuser wrong ,i=8'  [538]'
Was:
(0, 1, 0, 1, 0, 1, 0, 1, 0, 1, 0, 1, 0, 1, 0, 1, 0)
Expected:
(0, 1, 0, 1, 1, 1, 0, 1, 0, 1, 0, 1, 0, 1, 0, 1, 0)

Summary of errors in expected transaction. Failed in: 
0 data bits.
1 tuser bits.
0 tstrb bits.
0 tid bits.
0 tdest bits.

%% 34042.5 ns    Alert  WARNING             AXISTREAM_VVC,1     
axistream_expect(22 words[8b])=> Failed in 8 data bits. First mismatch in word# 6. Was x"2D". Expected x"D2". ' 'expect, data wrong ,i=9'  [549]'
Was:
(98, 9E, 4B, EE, C1, 2D, 2B, EC, 3E, 2A, 5F, 7E, 15, 73, EB, DD, 09, 66, 20, 54, 85, 40)
Expected:
(98, 9E, 4B, EE, C1, D2, 2B, EC, 3E, 2A, 5F, 7E, 15, 73, EB, DD, 09, 66, 20, 54, 85, 40)

Summary of errors in expected transaction. Failed in: 
8 data bits.
0 tuser bits.
0 tstrb bits.
0 tid bits.
0 tdest bits.

%% 34102.5 ns    Alert  WARNING             AXISTREAM_VVC,1     
axistream_expect(22 words[8b])=> Failed in 1 tuser bits. First mismatch in word# 4. Was x"0". Expected x"1". ' 'expect, tuser wrong ,i=9'  [551]'
Was:
(1, 0, 1, 0, 1, 0)
Expected:
(1, 0, 1, 1, 1, 0)

Summary of errors in expected transaction. Failed in: 
0 data bits.
1 tuser bits.
0 tstrb bits.
0 tid bits.
0 tdest bits.

%% 34282.5 ns    Alert  WARNING             AXISTREAM_VVC,1     
axistream_expect(14 words[8b])=> Failed in 8 data bits. First mismatch in word# 4. Was x"5A". Expected x"A5". ' 'expect, data wrong ,i=10'  [562]'
Was:
(B6, AB, 08, 5A, CE, AA, 5A, 89, D1, BF, 20, 8C, E7, AA)
Expected:
(B6, AB, 08, A5, CE, AA, 5A, 89, D1, BF, 20, 8C, E7, AA)

Summary of errors in expected transaction. Failed in: 
8 data bits.
0 tuser bits.
0 tstrb bits.
0 tid bits.
0 tdest bits.

%% 34322.5 ns    Alert  WARNING             AXISTREAM_VVC,1     
axistream_expect(14 words[8b])=> Failed in 1 tuser bits. First mismatch in word# 1. Was x"0". Expected x"1". ' 'expect, tuser wrong ,i=10'  [564]'
Was:
(0, 1, 0, 1)
Expected:
(1, 1, 0, 1)

Summary of errors in expected transaction. Failed in: 
0 data bits.
1 tuser bits.
0 tstrb bits.
0 tid bits.
0 tdest bits.

%% 34982.5 ns    Alert  WARNING             AXISTREAM_VVC,1     
axistream_expect(64 words[8b])=> Failed in 8 data bits. First mismatch in word# 34. Was x"0E". Expected x"F1". ' 'expect, data wrong ,i=11'  [575]'
Was:
(FE, BE, 35, D0, 9F, 8D, 1D, 4F, C3, 1E, BA, D5, 50, D6, 0F, 8E, 34, A3, D7, 47, 44, 97, DE, AC, CE, 5F, 9F, 5F, 16, 58, AF, 1E, B2, 0E, B2, 11, 41, 39, 07, 1A, 86, 8C, AA, EA, FB, EB, C9, B2, C7, 13, 9B, D0, 29, 54, 7F, 35, 87, A1, 9E, 77, 1E, 09, 64, 26)
Expected:
(FE, BE, 35, D0, 9F, 8D, 1D, 4F, C3, 1E, BA, D5, 50, D6, 0F, 8E, 34, A3, D7, 47, 44, 97, DE, AC, CE, 5F, 9F, 5F, 16, 58, AF, 1E, B2, F1, B2, 11, 41, 39, 07, 1A, 86, 8C, AA, EA, FB, EB, C9, B2, C7, 13, 9B, D0, 29, 54, 7F, 35, 87, A1, 9E, 77, 1E, 09, 64, 26)

Summary of errors in expected transaction. Failed in: 
8 data bits.
0 tuser bits.
0 tstrb bits.
0 tid bits.
0 tdest bits.

%% 35142.5 ns    Alert  WARNING             AXISTREAM_VVC,1     
axistream_expect(64 words[8b])=> Failed in 1 tuser bits. First mismatch in word# 15. Was x"1". Expected x"0". ' 'expect, tuser wrong ,i=11'  [577]'
Was:
(1, 0, 1, 0, 1, 0, 1, 0, 1, 0, 1, 0, 1, 0, 1, 0)
Expected:
(1, 0, 1, 0, 1, 0, 1, 0, 1, 0, 1, 0, 1, 0, 0, 0)

Summary of errors in expected transaction. Failed in: 
0 data bits.
1 tuser bits.
0 tstrb bits.
0 tid bits.
0 tdest bits.

%% 35522.5 ns    Alert  WARNING             AXISTREAM_VVC,1     
axistream_expect(36 words[8b])=> Failed in 8 data bits. First mismatch in word# 12. Was x"C3". Expected x"3C". ' 'expect, data wrong ,i=12'  [588]'
Was:
(55, 88, 7B, 5F, 8C, 36, B8, 54, 09, 25, D0, C3, AE, 6E, BB, 06, 05, 84, 56, 37, 41, 8E, 98, C1, B1, 12, 39, 10, 81, 5C, AC, A5, 58, B7, 01, 65)
Expected:
(55, 88, 7B, 5F, 8C, 36, B8, 54, 09, 25, D0, 3C, AE, 6E, BB, 06, 05, 84, 56, 37, 41, 8E, 98, C1, B1, 12, 39, 10, 81, 5C, AC, A5, 58, B7, 01, 65)

Summary of errors in expected transaction. Failed in: 
8 data bits.
0 tuser bits.
0 tstrb bits.
0 tid bits.
0 tdest bits.

%% 35612.5 ns    Alert  WARNING             AXISTREAM_VVC,1     
axistream_expect(36 words[8b])=> Failed in 1 tuser bits. First mismatch in word# 8. Was x"1". Expected x"0". ' 'expect, tuser wrong ,i=12'  [590]'
Was:
(0, 1, 0, 1, 0, 1, 0, 1, 0)
Expected:
(0, 1, 0, 1, 0, 1, 0, 0, 0)

Summary of errors in expected transaction. Failed in: 
0 data bits.
1 tuser bits.
0 tstrb bits.
0 tid bits.
0 tdest bits.

%% 36152.5 ns    Alert  WARNING             AXISTREAM_VVC,1     
axistream_expect(52 words[8b])=> Failed in 8 data bits. First mismatch in word# 4. Was x"9E". Expected x"61". ' 'expect, data wrong ,i=13'  [601]'
Was:
(C9, 97, C3, 9E, 56, 08, 4E, 5E, 92, 95, 47, 20, 80, CB, 4A, 78, D2, 2F, 35, B1, E1, B1, D6, 27, FE, D3, 70, 83, 2E, 8B, 05, EB, 33, D8, 71, B5, 4C, EE, 5C, A1, 4C, EF, F2, 1A, 32, 2D, 60, B3, E7, F3, 7A, 6A)
Expected:
(C9, 97, C3, 61, 56, 08, 4E, 5E, 92, 95, 47, 20, 80, CB, 4A, 78, D2, 2F, 35, B1, E1, B1, D6, 27, FE, D3, 70, 83, 2E, 8B, 05, EB, 33, D8, 71, B5, 4C, EE, 5C, A1, 4C, EF, F2, 1A, 32, 2D, 60, B3, E7, F3, 7A, 6A)

Summary of errors in expected transaction. Failed in: 
8 data bits.
0 tuser bits.
0 tstrb bits.
0 tid bits.
0 tdest bits.

%% 36282.5 ns    Alert  WARNING             AXISTREAM_VVC,1     
axistream_expect(52 words[8b])=> Failed in 1 tuser bits. First mismatch in word# 5. Was x"1". Expected x"0". ' 'expect, tuser wrong ,i=13'  [603]'
Was:
(1, 0, 1, 0, 1, 0, 1, 0, 1, 0, 1, 0, 1)
Expected:
(1, 0, 1, 0, 0, 0, 1, 0, 1, 0, 1, 0, 1)

Summary of errors in expected transaction. Failed in: 
0 data bits.
1 tuser bits.
0 tstrb bits.
0 tid bits.
0 tdest bits.

%% 37222.5 ns    Alert  WARNING             AXISTREAM_VVC,1     
axistream_expect(92 words[8b])=> Failed in 8 data bits. First mismatch in word# 91. Was x"F2". Expected x"0D". ' 'expect, data wrong ,i=14'  [614]'
Was:
(E5, F8, CA, F8, 1C, BC, BC, 84, EC, 9C, 36, F1, FC, 5E, 68, C5, AE, 55, C4, 0D, 06, 19, E7, 7F, 54, 22, 31, 61, 4C, CB, 84, 16, 73, 67, 4D, 1E, A3, 89, 76, 6B, 39, 9E, 66, B1, C0, 4D, 5C, 55, 2C, 35, D7, B0, 85, 7D, D9, B6, 03, E1, BF, 99, 88, E3, 04, 1B, C3, DE, 1D, E1, 36, C4, 12, 51, 2A, 51, 97, 41, CE, 81, A2, 07, B8, 8B, EA, D2, 0B, 59, A6, 30, 81, BB, F2, 5E)
Expected:
(E5, F8, CA, F8, 1C, BC, BC, 84, EC, 9C, 36, F1, FC, 5E, 68, C5, AE, 55, C4, 0D, 06, 19, E7, 7F, 54, 22, 31, 61, 4C, CB, 84, 16, 73, 67, 4D, 1E, A3, 89, 76, 6B, 39, 9E, 66, B1, C0, 4D, 5C, 55, 2C, 35, D7, B0, 85, 7D, D9, B6, 03, E1, BF, 99, 88, E3, 04, 1B, C3, DE, 1D, E1, 36, C4, 12, 51, 2A, 51, 97, 41, CE, 81, A2, 07, B8, 8B, EA, D2, 0B, 59, A6, 30, 81, BB, 0D, 5E)

Summary of errors in expected transaction. Failed in: 
8 data bits.
0 tuser bits.
0 tstrb bits.
0 tid bits.
0 tdest bits.

%% 37452.5 ns    Alert  WARNING             AXISTREAM_VVC,1     
axistream_expect(92 words[8b])=> Failed in 1 tuser bits. First mismatch in word# 18. Was x"1". Expected x"0". ' 'expect, tuser wrong ,i=14'  [616]'
Was:
(0, 1, 0, 1, 0, 1, 0, 1, 0, 1, 0, 1, 0, 1, 0, 1, 0, 1, 0, 1, 0, 1, 0)
Expected:
(0, 1, 0, 1, 0, 1, 0, 1, 0, 1, 0, 1, 0, 1, 0, 1, 0, 0, 0, 1, 0, 1, 0)

Summary of errors in expected transaction. Failed in: 
0 data bits.
1 tuser bits.
0 tstrb bits.
0 tid bits.
0 tdest bits.

%% 37752.5 ns    Alert  WARNING             AXISTREAM_VVC,1     
axistream_expect(28 words[8b])=> Failed in 8 data bits. First mismatch in word# 18. Was x"AD". Expected x"52". ' 'expect, data wrong ,i=15'  [627]'
Was:
(01, 72, 03, 3F, D0, 90, 46, 9F, 81, CB, 0C, B6, 86, 8C, D2, 43, E6, AD, 9A, 59, FC, 5C, 87, 99, 3A, 14, 7F, F8)
Expected:
(01, 72, 03, 3F, D0, 90, 46, 9F, 81, CB, 0C, B6, 86, 8C, D2, 43, E6, 52, 9A, 59, FC, 5C, 87, 99, 3A, 14, 7F, F8)

Summary of errors in expected transaction. Failed in: 
8 data bits.
0 tuser bits.
0 tstrb bits.
0 tid bits.
0 tdest bits.

%% 37822.5 ns    Alert  WARNING             AXISTREAM_VVC,1     
axistream_expect(28 words[8b])=> Failed in 1 tuser bits. First mismatch in word# 2. Was x"0". Expected x"1". ' 'expect, tuser wrong ,i=15'  [629]'
Was:
(1, 0, 1, 0, 1, 0, 1)
Expected:
(1, 1, 1, 0, 1, 0, 1)

Summary of errors in expected transaction. Failed in: 
0 data bits.
1 tuser bits.
0 tstrb bits.
0 tid bits.
0 tdest bits.

%% 38322.5 ns    Alert  WARNING             AXISTREAM_VVC,1     
axistream_expect(46 words[8b])=> Failed in 8 data bits. First mismatch in word# 13. Was x"E2". Expected x"1D". ' 'expect, data wrong ,i=16'  [640]'
Was:
(2E, 6B, 58, 64, 1D, 5E, AD, F4, BA, FC, 03, 8A, E2, 48, 8B, 5F, CE, 4B, CF, 7D, 0B, 02, 19, 57, D2, 8F, 3B, 75, 01, D4, 12, 4B, A6, 47, 5F, 25, AE, 13, 3E, 93, 7C, DC, DE, 95, 1C, 0B)
Expected:
(2E, 6B, 58, 64, 1D, 5E, AD, F4, BA, FC, 03, 8A, 1D, 48, 8B, 5F, CE, 4B, CF, 7D, 0B, 02, 19, 57, D2, 8F, 3B, 75, 01, D4, 12, 4B, A6, 47, 5F, 25, AE, 13, 3E, 93, 7C, DC, DE, 95, 1C, 0B)

Summary of errors in expected transaction. Failed in: 
8 data bits.
0 tuser bits.
0 tstrb bits.
0 tid bits.
0 tdest bits.

%% 38442.5 ns    Alert  WARNING             AXISTREAM_VVC,1     
axistream_expect(46 words[8b])=> Failed in 1 tuser bits. First mismatch in word# 4. Was x"1". Expected x"0". ' 'expect, tuser wrong ,i=16'  [642]'
Was:
(0, 1, 0, 1, 0, 1, 0, 1, 0, 1, 0, 1)
Expected:
(0, 1, 0, 0, 0, 1, 0, 1, 0, 1, 0, 1)

Summary of errors in expected transaction. Failed in: 
0 data bits.
1 tuser bits.
0 tstrb bits.
0 tid bits.
0 tdest bits.

%% 38822.5 ns    Alert  WARNING             AXISTREAM_VVC,1     
axistream_expect(34 words[8b])=> Failed in 8 data bits. First mismatch in word# 24. Was x"04". Expected x"FB". ' 'expect, data wrong ,i=17'  [653]'
Was:
(EC, 8B, 62, 5D, 72, FE, 4C, 88, AD, D3, 25, 94, 51, 39, 0E, AC, F5, 23, E3, 96, 3E, E3, E5, 04, 2C, 82, FC, 1F, EC, 88, CB, 41, 52, 5E)
Expected:
(EC, 8B, 62, 5D, 72, FE, 4C, 88, AD, D3, 25, 94, 51, 39, 0E, AC, F5, 23, E3, 96, 3E, E3, E5, FB, 2C, 82, FC, 1F, EC, 88, CB, 41, 52, 5E)

Summary of errors in expected transaction. Failed in: 
8 data bits.
0 tuser bits.
0 tstrb bits.
0 tid bits.
0 tdest bits.

%% 38912.5 ns    Alert  WARNING             AXISTREAM_VVC,1     
axistream_expect(34 words[8b])=> Failed in 1 tuser bits. First mismatch in word# 7. Was x"1". Expected x"0". ' 'expect, tuser wrong ,i=17'  [655]'
Was:
(1, 0, 1, 0, 1, 0, 1, 0, 1)
Expected:
(1, 0, 1, 0, 1, 0, 0, 0, 1)

Summary of errors in expected transaction. Failed in: 
0 data bits.
1 tuser bits.
0 tstrb bits.
0 tid bits.
0 tdest bits.

%% 39452.5 ns    Alert  WARNING             AXISTREAM_VVC,1     
axistream_expect(50 words[8b])=> Failed in 8 data bits. First mismatch in word# 6. Was x"AE". Expected x"51". ' 'expect, data wrong ,i=18'  [666]'
Was:
(F6, 0F, D4, 27, 73, AE, 30, BB, D5, 6E, D1, EF, 24, 4C, 36, 39, EE, 00, 7B, B8, 07, 79, D4, E2, AA, 64, 03, C5, 30, 67, FE, 8E, 2F, 0D, 9A, 5E, ED, 9B, F2, 74, 9D, AE, 9C, 14, E3, AF, 1C, 7E, FD, AA)
Expected:
(F6, 0F, D4, 27, 73, 51, 30, BB, D5, 6E, D1, EF, 24, 4C, 36, 39, EE, 00, 7B, B8, 07, 79, D4, E2, AA, 64, 03, C5, 30, 67, FE, 8E, 2F, 0D, 9A, 5E, ED, 9B, F2, 74, 9D, AE, 9C, 14, E3, AF, 1C, 7E, FD, AA)

Summary of errors in expected transaction. Failed in: 
8 data bits.
0 tuser bits.
0 tstrb bits.
0 tid bits.
0 tdest bits.

%% 39582.5 ns    Alert  WARNING             AXISTREAM_VVC,1     
axistream_expect(50 words[8b])=> Failed in 1 tuser bits. First mismatch in word# 10. Was x"1". Expected x"0". ' 'expect, tuser wrong ,i=18'  [668]'
Was:
(0, 1, 0, 1, 0, 1, 0, 1, 0, 1, 0, 1, 0)
Expected:
(0, 1, 0, 1, 0, 1, 0, 1, 0, 0, 0, 1, 0)

Summary of errors in expected transaction. Failed in: 
0 data bits.
1 tuser bits.
0 tstrb bits.
0 tid bits.
0 tdest bits.

%% 39642.5 ns    Alert  WARNING             AXISTREAM_VVC,1     
axistream_expect(2 words[8b])=> Failed in 8 data bits. First mismatch in word# 1. Was x"D6". Expected x"29". ' 'expect, data wrong ,i=19'  [679]'
Was:
(D6, D3)
Expected:
(29, D3)

Summary of errors in expected transaction. Failed in: 
8 data bits.
0 tuser bits.
0 tstrb bits.
0 tid bits.
0 tdest bits.

%% 39652.5 ns    Alert  WARNING             AXISTREAM_VVC,1     
axistream_expect(2 words[8b])=> Failed in 1 tuser bits. First mismatch in word# 1. Was x"1". Expected x"0". ' 'expect, tuser wrong ,i=19'  [681]'
Was:
(1)
Expected:
(0)

Summary of errors in expected transaction. Failed in: 
0 data bits.
1 tuser bits.
0 tstrb bits.
0 tid bits.
0 tdest bits.

%% 39712.5 ns    Alert  WARNING             AXISTREAM_VVC,1     
axistream_expect(2 words[8b])=> Failed in 8 data bits. First mismatch in word# 1. Was x"40". Expected x"BF". ' 'expect, data wrong ,i=20'  [692]'
Was:
(40, FA)
Expected:
(BF, FA)

Summary of errors in expected transaction. Failed in: 
8 data bits.
0 tuser bits.
0 tstrb bits.
0 tid bits.
0 tdest bits.

%% 39722.5 ns    Alert  WARNING             AXISTREAM_VVC,1     
axistream_expect(2 words[8b])=> Failed in 1 tuser bits. First mismatch in word# 1. Was x"0". Expected x"1". ' 'expect, tuser wrong ,i=20'  [694]'
Was:
(0)
Expected:
(1)

Summary of errors in expected transaction. Failed in: 
0 data bits.
1 tuser bits.
0 tstrb bits.
0 tid bits.
0 tdest bits.

%% 
%% ============================================================================================================================================================================
%%  *** INTERMEDIATE SUMMARY OF ALL ALERTS ***
%% ============================================================================================================================================================================
%% 39722.5 ns    DONE   PASSED   axistream_vvc_slv_array_tb  Passed: 4  Affirmations Checked: 558
%%    Expected      Failures: 0  Errors: 0  Warnings: -101  Passed: 0
%%    VHDL Asserts  Failures: 0  Errors: 0  Warnings: 0  Passed: 0
%%    Default       Failures: 0  Errors: 0  Warnings: 101  Passed: 0
%%    OSVVM         Failures: 0  Errors: 0  Warnings: 0  Passed: 0
%% ============================================================================================================================================================================
%% 
%%  39750 ns    Alert  WARNING             AXISTREAM_VVC,1     check_value(sl, 1) => Failed. Value was 0. Expected 1. 'Check tlast at expected last byte = 3. ' 'expect, tlast wrong ,i=1'  [699]''
%% 40522.5 ns    Alert  WARNING             AXISTREAM_VVC,1     
axistream_expect(69 words[8b])=> Failed in 8 data bits. First mismatch in word# 54. Was x"A0". Expected x"5F". ' 'expect, data wrong ,i=1'  [712]'
Was:
(A8, B2, 35, 08, 0F, 96, C6, 0A, 24, 8C, 56, E9, 5F, AB, 31, C1, 40, 5D, AF, 0E, D8, C4, B1, 8E, 22, 2B, 1A, FB, 19, A8, 4B, 4D, E2, C7, 7F, 00, CB, 77, 7C, 1A, AA, D5, 3E, 27, EF, D2, 8B, 4F, F7, 43, E5, 4A, 55, A0, C4, CB, 0A, 7A, C4, 2F, A8, BA, 74, 2E, 4E, E2, A3, 9D, C0)
Expected:
(A8, B2, 35, 08, 0F, 96, C6, 0A, 24, 8C, 56, E9, 5F, AB, 31, C1, 40, 5D, AF, 0E, D8, C4, B1, 8E, 22, 2B, 1A, FB, 19, A8, 4B, 4D, E2, C7, 7F, 00, CB, 77, 7C, 1A, AA, D5, 3E, 27, EF, D2, 8B, 4F, F7, 43, E5, 4A, 55, 5F, C4, CB, 0A, 7A, C4, 2F, A8, BA, 74, 2E, 4E, E2, A3, 9D, C0)

Summary of errors in expected transaction. Failed in: 
8 data bits.
0 tuser bits.
0 tstrb bits.
0 tid bits.
0 tdest bits.

%% 40702.5 ns    Alert  WARNING             AXISTREAM_VVC,1     
axistream_expect(69 words[8b])=> Failed in 1 tuser bits. First mismatch in word# 3. Was x"1". Expected x"0". ' 'expect, tuser wrong ,i=1'  [714]'
Was:
(1, 0, 1, 0, 1, 0, 1, 0, 1, 0, 1, 0, 1, 0, 1, 0, 1, 0)
Expected:
(1, 0, 0, 0, 1, 0, 1, 0, 1, 0, 1, 0, 1, 0, 1, 0, 1, 0)

Summary of errors in expected transaction. Failed in: 
0 data bits.
1 tuser bits.
0 tstrb bits.
0 tid bits.
0 tdest bits.

%% 40922.5 ns    Alert  WARNING             AXISTREAM_VVC,1     
axistream_expect(18 words[8b])=> Failed in 8 data bits. First mismatch in word# 4. Was x"A5". Expected x"5A". ' 'expect, data wrong ,i=2'  [725]'
Was:
(CD, 71, E5, A5, B4, 80, 2C, C1, 43, DD, DD, 1C, 9B, 9D, 33, AF, 68, 41)
Expected:
(CD, 71, E5, 5A, B4, 80, 2C, C1, 43, DD, DD, 1C, 9B, 9D, 33, AF, 68, 41)

Summary of errors in expected transaction. Failed in: 
8 data bits.
0 tuser bits.
0 tstrb bits.
0 tid bits.
0 tdest bits.

%% 40972.5 ns    Alert  WARNING             AXISTREAM_VVC,1     
axistream_expect(18 words[8b])=> Failed in 1 tuser bits. First mismatch in word# 5. Was x"0". Expected x"1". ' 'expect, tuser wrong ,i=2'  [727]'
Was:
(0, 1, 0, 1, 0)
Expected:
(0, 1, 0, 1, 1)

Summary of errors in expected transaction. Failed in: 
0 data bits.
1 tuser bits.
0 tstrb bits.
0 tid bits.
0 tdest bits.

%% 41992.5 ns    Alert  WARNING             AXISTREAM_VVC,1     
axistream_expect(99 words[8b])=> Failed in 8 data bits. First mismatch in word# 24. Was x"07". Expected x"F8". ' 'expect, data wrong ,i=3'  [738]'
Was:
(27, D6, B1, CA, EF, 58, 2A, B0, 25, 18, 4E, 0C, B7, 71, 11, F1, D5, AE, 2D, 91, 61, DA, 55, 07, BF, 74, 9C, 80, 9E, 6C, 5D, 27, B1, 7D, 4E, 90, F9, 6F, 4A, 2D, F4, 75, AA, 26, 9A, CD, 4F, C8, 37, 24, AB, FE, 64, 5E, 18, 68, 6C, 06, 6A, 49, 8B, 19, F0, B8, A8, B3, 05, 2B, B4, D8, 9A, 10, 83, B1, 94, 40, 5F, 5C, 28, 96, 04, F6, 98, 73, 53, 1A, 02, 84, BC, 60, 6A, FA, 16, 3A, 49, 8D, CF, FB, 0D)
Expected:
(27, D6, B1, CA, EF, 58, 2A, B0, 25, 18, 4E, 0C, B7, 71, 11, F1, D5, AE, 2D, 91, 61, DA, 55, F8, BF, 74, 9C, 80, 9E, 6C, 5D, 27, B1, 7D, 4E, 90, F9, 6F, 4A, 2D, F4, 75, AA, 26, 9A, CD, 4F, C8, 37, 24, AB, FE, 64, 5E, 18, 68, 6C, 06, 6A, 49, 8B, 19, F0, B8, A8, B3, 05, 2B, B4, D8, 9A, 10, 83, B1, 94, 40, 5F, 5C, 28, 96, 04, F6, 98, 73, 53, 1A, 02, 84, BC, 60, 6A, FA, 16, 3A, 49, 8D, CF, FB, 0D)

Summary of errors in expected transaction. Failed in: 
8 data bits.
0 tuser bits.
0 tstrb bits.
0 tid bits.
0 tdest bits.

%% 42242.5 ns    Alert  WARNING             AXISTREAM_VVC,1     
axistream_expect(99 words[8b])=> Failed in 1 tuser bits. First mismatch in word# 18. Was x"0". Expected x"1". ' 'expect, tuser wrong ,i=3'  [740]'
Was:
(1, 0, 1, 0, 1, 0, 1, 0, 1, 0, 1, 0, 1, 0, 1, 0, 1, 0, 1, 0, 1, 0, 1, 0, 1)
Expected:
(1, 0, 1, 0, 1, 0, 1, 0, 1, 0, 1, 0, 1, 0, 1, 0, 1, 1, 1, 0, 1, 0, 1, 0, 1)

Summary of errors in expected transaction. Failed in: 
0 data bits.
1 tuser bits.
0 tstrb bits.
0 tid bits.
0 tdest bits.

%% 42862.5 ns    Alert  WARNING             AXISTREAM_VVC,1     
axistream_expect(60 words[8b])=> Failed in 8 data bits. First mismatch in word# 49. Was x"66". Expected x"99". ' 'expect, data wrong ,i=4'  [751]'
Was:
(38, 01, A0, 77, 75, 5D, A6, 8F, 83, D9, 41, 38, 26, 7E, BF, F8, 40, 88, F7, F3, E6, 5E, 89, 98, 57, 34, 90, E9, A1, AD, 74, D2, F3, 14, EA, 4E, 21, 7B, 83, AB, 19, 33, E4, 80, 96, B8, 82, 69, 66, 7E, 4B, 2B, CD, 19, A0, 4C, 55, BC, 2A, 38)
Expected:
(38, 01, A0, 77, 75, 5D, A6, 8F, 83, D9, 41, 38, 26, 7E, BF, F8, 40, 88, F7, F3, E6, 5E, 89, 98, 57, 34, 90, E9, A1, AD, 74, D2, F3, 14, EA, 4E, 21, 7B, 83, AB, 19, 33, E4, 80, 96, B8, 82, 69, 99, 7E, 4B, 2B, CD, 19, A0, 4C, 55, BC, 2A, 38)

Summary of errors in expected transaction. Failed in: 
8 data bits.
0 tuser bits.
0 tstrb bits.
0 tid bits.
0 tdest bits.

%% 43012.5 ns    Alert  WARNING             AXISTREAM_VVC,1     
axistream_expect(60 words[8b])=> Failed in 1 tuser bits. First mismatch in word# 6. Was x"1". Expected x"0". ' 'expect, tuser wrong ,i=4'  [753]'
Was:
(0, 1, 0, 1, 0, 1, 0, 1, 0, 1, 0, 1, 0, 1, 0)
Expected:
(0, 1, 0, 1, 0, 0, 0, 1, 0, 1, 0, 1, 0, 1, 0)

Summary of errors in expected transaction. Failed in: 
0 data bits.
1 tuser bits.
0 tstrb bits.
0 tid bits.
0 tdest bits.

%% 43072.5 ns    Alert  WARNING             AXISTREAM_VVC,1     
axistream_expect(3 words[8b])=> Failed in 8 data bits. First mismatch in word# 1. Was x"23". Expected x"DC". ' 'expect, data wrong ,i=5'  [764]'
Was:
(23, 5A, DB)
Expected:
(DC, 5A, DB)

Summary of errors in expected transaction. Failed in: 
8 data bits.
0 tuser bits.
0 tstrb bits.
0 tid bits.
0 tdest bits.

%% 43082.5 ns    Alert  WARNING             AXISTREAM_VVC,1     
axistream_expect(3 words[8b])=> Failed in 1 tuser bits. First mismatch in word# 1. Was x"1". Expected x"0". ' 'expect, tuser wrong ,i=5'  [766]'
Was:
(1)
Expected:
(0)

Summary of errors in expected transaction. Failed in: 
0 data bits.
1 tuser bits.
0 tstrb bits.
0 tid bits.
0 tdest bits.

%% 44062.5 ns    Alert  WARNING             AXISTREAM_VVC,1     
axistream_expect(96 words[8b])=> Failed in 8 data bits. First mismatch in word# 12. Was x"99". Expected x"66". ' 'expect, data wrong ,i=6'  [777]'
Was:
(FC, DC, 8A, 5A, FC, EE, 85, F3, D9, 88, 8F, 99, 97, 59, 3B, A0, 02, D6, 77, A4, 3C, 96, FC, 9F, 37, 16, B0, B2, CA, 88, 30, 13, F0, 8E, E8, EC, 07, 99, 11, 01, 86, 3F, B9, 30, 56, 0E, DB, FB, 50, 4B, CD, DB, E6, 27, 34, 5C, 9B, 8C, EF, C8, CC, AF, 93, 4B, 17, B5, EC, 6D, F5, 4B, CF, 1C, 7A, 86, 4F, F1, 3E, 88, 6C, 8B, 1D, 1B, 67, 3D, D3, D7, 0A, 63, 4D, 39, 75, 79, 50, 42, E7, F3)
Expected:
(FC, DC, 8A, 5A, FC, EE, 85, F3, D9, 88, 8F, 66, 97, 59, 3B, A0, 02, D6, 77, A4, 3C, 96, FC, 9F, 37, 16, B0, B2, CA, 88, 30, 13, F0, 8E, E8, EC, 07, 99, 11, 01, 86, 3F, B9, 30, 56, 0E, DB, FB, 50, 4B, CD, DB, E6, 27, 34, 5C, 9B, 8C, EF, C8, CC, AF, 93, 4B, 17, B5, EC, 6D, F5, 4B, CF, 1C, 7A, 86, 4F, F1, 3E, 88, 6C, 8B, 1D, 1B, 67, 3D, D3, D7, 0A, 63, 4D, 39, 75, 79, 50, 42, E7, F3)

Summary of errors in expected transaction. Failed in: 
8 data bits.
0 tuser bits.
0 tstrb bits.
0 tid bits.
0 tdest bits.

%% 44302.5 ns    Alert  WARNING             AXISTREAM_VVC,1     
axistream_expect(96 words[8b])=> Failed in 1 tuser bits. First mismatch in word# 16. Was x"1". Expected x"0". ' 'expect, tuser wrong ,i=6'  [779]'
Was:
(0, 1, 0, 1, 0, 1, 0, 1, 0, 1, 0, 1, 0, 1, 0, 1, 0, 1, 0, 1, 0, 1, 0, 1)
Expected:
(0, 1, 0, 1, 0, 1, 0, 1, 0, 1, 0, 1, 0, 1, 0, 0, 0, 1, 0, 1, 0, 1, 0, 1)

Summary of errors in expected transaction. Failed in: 
0 data bits.
1 tuser bits.
0 tstrb bits.
0 tid bits.
0 tdest bits.

%% 45322.5 ns    Alert  WARNING             AXISTREAM_VVC,1     
axistream_expect(99 words[8b])=> Failed in 8 data bits. First mismatch in word# 67. Was x"AD". Expected x"52". ' 'expect, data wrong ,i=7'  [790]'
Was:
(BD, A7, 23, B5, E1, F6, DE, AF, 64, 98, 91, D7, E3, 44, 3C, 2C, 6E, 55, 20, 04, B6, 90, C2, 7E, 1C, 69, A2, AF, 1D, C3, 97, 8F, 9D, 1D, DF, C4, 05, 82, EB, 16, F5, 6F, C0, 9F, DB, 94, A6, 37, E5, 57, 38, 81, 8B, EC, D0, 09, 03, 8B, 2F, D8, 1C, 8E, 52, 5E, D7, C6, AD, 62, 03, CB, C4, B2, 84, A2, 03, 9B, CA, AF, 56, DD, 41, 01, ED, BC, BE, 22, B4, FD, 34, B1, CD, 11, A2, 08, 90, EC, 46, 6A, 20)
Expected:
(BD, A7, 23, B5, E1, F6, DE, AF, 64, 98, 91, D7, E3, 44, 3C, 2C, 6E, 55, 20, 04, B6, 90, C2, 7E, 1C, 69, A2, AF, 1D, C3, 97, 8F, 9D, 1D, DF, C4, 05, 82, EB, 16, F5, 6F, C0, 9F, DB, 94, A6, 37, E5, 57, 38, 81, 8B, EC, D0, 09, 03, 8B, 2F, D8, 1C, 8E, 52, 5E, D7, C6, 52, 62, 03, CB, C4, B2, 84, A2, 03, 9B, CA, AF, 56, DD, 41, 01, ED, BC, BE, 22, B4, FD, 34, B1, CD, 11, A2, 08, 90, EC, 46, 6A, 20)

Summary of errors in expected transaction. Failed in: 
8 data bits.
0 tuser bits.
0 tstrb bits.
0 tid bits.
0 tdest bits.

%% 45572.5 ns    Alert  WARNING             AXISTREAM_VVC,1     
axistream_expect(99 words[8b])=> Failed in 1 tuser bits. First mismatch in word# 11. Was x"1". Expected x"0". ' 'expect, tuser wrong ,i=7'  [792]'
Was:
(1, 0, 1, 0, 1, 0, 1, 0, 1, 0, 1, 0, 1, 0, 1, 0, 1, 0, 1, 0, 1, 0, 1, 0, 1)
Expected:
(1, 0, 1, 0, 1, 0, 1, 0, 1, 0, 0, 0, 1, 0, 1, 0, 1, 0, 1, 0, 1, 0, 1, 0, 1)

Summary of errors in expected transaction. Failed in: 
0 data bits.
1 tuser bits.
0 tstrb bits.
0 tid bits.
0 tdest bits.

%% 45632.5 ns    Alert  WARNING             AXISTREAM_VVC,1     
axistream_expect(3 words[8b])=> Failed in 8 data bits. First mismatch in word# 3. Was x"BE". Expected x"41". ' 'expect, data wrong ,i=8'  [803]'
Was:
(BF, CA, BE)
Expected:
(BF, CA, 41)

Summary of errors in expected transaction. Failed in: 
8 data bits.
0 tuser bits.
0 tstrb bits.
0 tid bits.
0 tdest bits.

%% 45642.5 ns    Alert  WARNING             AXISTREAM_VVC,1     
axistream_expect(3 words[8b])=> Failed in 1 tuser bits. First mismatch in word# 1. Was x"0". Expected x"1". ' 'expect, tuser wrong ,i=8'  [805]'
Was:
(0)
Expected:
(1)

Summary of errors in expected transaction. Failed in: 
0 data bits.
1 tuser bits.
0 tstrb bits.
0 tid bits.
0 tdest bits.

%% 46102.5 ns    Alert  WARNING             AXISTREAM_VVC,1     
axistream_expect(42 words[8b])=> Failed in 8 data bits. First mismatch in word# 2. Was x"7B". Expected x"84". ' 'expect, data wrong ,i=9'  [816]'
Was:
(30, 7B, 4B, 8E, 4A, F4, 99, FC, AF, 62, 76, 7C, 27, AE, 3F, 44, 54, B7, 8A, BE, A3, 2A, 13, B5, F1, F4, 78, 2F, 6D, 67, 26, CC, 88, 88, 51, 20, BD, BB, 07, 46, 2A, 15)
Expected:
(30, 84, 4B, 8E, 4A, F4, 99, FC, AF, 62, 76, 7C, 27, AE, 3F, 44, 54, B7, 8A, BE, A3, 2A, 13, B5, F1, F4, 78, 2F, 6D, 67, 26, CC, 88, 88, 51, 20, BD, BB, 07, 46, 2A, 15)

Summary of errors in expected transaction. Failed in: 
8 data bits.
0 tuser bits.
0 tstrb bits.
0 tid bits.
0 tdest bits.

%% 46212.5 ns    Alert  WARNING             AXISTREAM_VVC,1     
axistream_expect(42 words[8b])=> Failed in 1 tuser bits. First mismatch in word# 7. Was x"1". Expected x"0". ' 'expect, tuser wrong ,i=9'  [818]'
Was:
(1, 0, 1, 0, 1, 0, 1, 0, 1, 0, 1)
Expected:
(1, 0, 1, 0, 1, 0, 0, 0, 1, 0, 1)

Summary of errors in expected transaction. Failed in: 
0 data bits.
1 tuser bits.
0 tstrb bits.
0 tid bits.
0 tdest bits.

%% 46632.5 ns    Alert  WARNING             AXISTREAM_VVC,1     
axistream_expect(39 words[8b])=> Failed in 8 data bits. First mismatch in word# 21. Was x"11". Expected x"EE". ' 'expect, data wrong ,i=10'  [829]'
Was:
(EC, 18, 1B, 3C, 86, 11, 84, 05, DE, F1, 36, CB, 15, AF, 92, 74, 9C, 4C, 0C, 2E, 11, EA, 68, 2D, B1, 4F, 28, 9C, 01, B7, C8, 3A, 66, A3, B3, A0, 33, 05, 6E)
Expected:
(EC, 18, 1B, 3C, 86, 11, 84, 05, DE, F1, 36, CB, 15, AF, 92, 74, 9C, 4C, 0C, 2E, EE, EA, 68, 2D, B1, 4F, 28, 9C, 01, B7, C8, 3A, 66, A3, B3, A0, 33, 05, 6E)

Summary of errors in expected transaction. Failed in: 
8 data bits.
0 tuser bits.
0 tstrb bits.
0 tid bits.
0 tdest bits.

%% 46732.5 ns    Alert  WARNING             AXISTREAM_VVC,1     
axistream_expect(39 words[8b])=> Failed in 1 tuser bits. First mismatch in word# 3. Was x"0". Expected x"1". ' 'expect, tuser wrong ,i=10'  [831]'
Was:
(0, 1, 0, 1, 0, 1, 0, 1, 0, 1)
Expected:
(0, 1, 1, 1, 0, 1, 0, 1, 0, 1)

Summary of errors in expected transaction. Failed in: 
0 data bits.
1 tuser bits.
0 tstrb bits.
0 tid bits.
0 tdest bits.

%% 47432.5 ns    Alert  WARNING             AXISTREAM_VVC,1     
axistream_expect(66 words[8b])=> Failed in 8 data bits. First mismatch in word# 13. Was x"CC". Expected x"33". ' 'expect, data wrong ,i=11'  [842]'
Was:
(DD, EA, D8, AC, 74, 10, F8, A0, CC, DC, 66, C0, CC, A0, 3D, 5C, B2, BC, 35, 7F, F0, DE, 41, 00, D1, BB, 91, F1, 3D, 41, 19, 1B, EA, 1A, 10, 36, 06, 68, 7A, F0, 99, B4, DF, D5, 58, DF, 81, C7, 18, F2, 80, B9, E6, 6C, 67, 18, 55, 58, 2E, F4, 06, 57, 60, 68, CF, 9C)
Expected:
(DD, EA, D8, AC, 74, 10, F8, A0, CC, DC, 66, C0, 33, A0, 3D, 5C, B2, BC, 35, 7F, F0, DE, 41, 00, D1, BB, 91, F1, 3D, 41, 19, 1B, EA, 1A, 10, 36, 06, 68, 7A, F0, 99, B4, DF, D5, 58, DF, 81, C7, 18, F2, 80, B9, E6, 6C, 67, 18, 55, 58, 2E, F4, 06, 57, 60, 68, CF, 9C)

Summary of errors in expected transaction. Failed in: 
8 data bits.
0 tuser bits.
0 tstrb bits.
0 tid bits.
0 tdest bits.

%% 47602.5 ns    Alert  WARNING             AXISTREAM_VVC,1     
axistream_expect(66 words[8b])=> Failed in 1 tuser bits. First mismatch in word# 2. Was x"0". Expected x"1". ' 'expect, tuser wrong ,i=11'  [844]'
Was:
(1, 0, 1, 0, 1, 0, 1, 0, 1, 0, 1, 0, 1, 0, 1, 0, 1)
Expected:
(1, 1, 1, 0, 1, 0, 1, 0, 1, 0, 1, 0, 1, 0, 1, 0, 1)

Summary of errors in expected transaction. Failed in: 
0 data bits.
1 tuser bits.
0 tstrb bits.
0 tid bits.
0 tdest bits.

%% 48502.5 ns    Alert  WARNING             AXISTREAM_VVC,1     
axistream_expect(87 words[8b])=> Failed in 8 data bits. First mismatch in word# 87. Was x"E9". Expected x"16". ' 'expect, data wrong ,i=12'  [855]'
Was:
(FF, C4, 35, 0A, 54, 24, 5F, D0, 4A, CD, 5F, 7D, 78, F8, 0B, 75, 7C, C9, 27, 2C, AE, CE, AB, FD, 07, BA, 7D, 11, A4, 45, 3E, 4A, 56, 03, 72, 09, 1E, 34, E3, 1E, 50, 92, 0C, 31, BD, 87, 6A, C5, BA, FF, F0, 4F, 47, 3B, 10, 4B, DC, E5, 92, 42, A6, 15, DD, EF, B0, 2F, 6E, 1B, 41, CD, 38, A6, 68, 18, F9, 88, BE, 38, 18, E0, 37, B4, 16, 81, 67, 47, E9)
Expected:
(FF, C4, 35, 0A, 54, 24, 5F, D0, 4A, CD, 5F, 7D, 78, F8, 0B, 75, 7C, C9, 27, 2C, AE, CE, AB, FD, 07, BA, 7D, 11, A4, 45, 3E, 4A, 56, 03, 72, 09, 1E, 34, E3, 1E, 50, 92, 0C, 31, BD, 87, 6A, C5, BA, FF, F0, 4F, 47, 3B, 10, 4B, DC, E5, 92, 42, A6, 15, DD, EF, B0, 2F, 6E, 1B, 41, CD, 38, A6, 68, 18, F9, 88, BE, 38, 18, E0, 37, B4, 16, 81, 67, 47, 16)

Summary of errors in expected transaction. Failed in: 
8 data bits.
0 tuser bits.
0 tstrb bits.
0 tid bits.
0 tdest bits.

%% 48722.5 ns    Alert  WARNING             AXISTREAM_VVC,1     
axistream_expect(87 words[8b])=> Failed in 1 tuser bits. First mismatch in word# 17. Was x"0". Expected x"1". ' 'expect, tuser wrong ,i=12'  [857]'
Was:
(0, 1, 0, 1, 0, 1, 0, 1, 0, 1, 0, 1, 0, 1, 0, 1, 0, 1, 0, 1, 0, 1)
Expected:
(0, 1, 0, 1, 0, 1, 0, 1, 0, 1, 0, 1, 0, 1, 0, 1, 1, 1, 0, 1, 0, 1)

Summary of errors in expected transaction. Failed in: 
0 data bits.
1 tuser bits.
0 tstrb bits.
0 tid bits.
0 tdest bits.

%% 49062.5 ns    Alert  WARNING             AXISTREAM_VVC,1     
axistream_expect(30 words[8b])=> Failed in 8 data bits. First mismatch in word# 19. Was x"69". Expected x"96". ' 'expect, data wrong ,i=13'  [868]'
Was:
(05, F0, AC, 54, 96, AD, FD, A1, 12, 9C, 9B, 77, 07, 38, 53, BD, F5, 1B, 69, 90, 06, F4, 2E, A6, B7, C0, 47, 19, 30, 05)
Expected:
(05, F0, AC, 54, 96, AD, FD, A1, 12, 9C, 9B, 77, 07, 38, 53, BD, F5, 1B, 96, 90, 06, F4, 2E, A6, B7, C0, 47, 19, 30, 05)

Summary of errors in expected transaction. Failed in: 
8 data bits.
0 tuser bits.
0 tstrb bits.
0 tid bits.
0 tdest bits.

%% 49142.5 ns    Alert  WARNING             AXISTREAM_VVC,1     
axistream_expect(30 words[8b])=> Failed in 1 tuser bits. First mismatch in word# 2. Was x"0". Expected x"1". ' 'expect, tuser wrong ,i=13'  [870]'
Was:
(1, 0, 1, 0, 1, 0, 1, 0)
Expected:
(1, 1, 1, 0, 1, 0, 1, 0)

Summary of errors in expected transaction. Failed in: 
0 data bits.
1 tuser bits.
0 tstrb bits.
0 tid bits.
0 tdest bits.

%% 49522.5 ns    Alert  WARNING             AXISTREAM_VVC,1     
axistream_expect(36 words[8b])=> Failed in 8 data bits. First mismatch in word# 13. Was x"5C". Expected x"A3". ' 'expect, data wrong ,i=14'  [881]'
Was:
(AA, 8C, 69, 9E, 65, 91, 24, E3, 1F, 6F, 88, AD, 5C, 74, 65, 12, 1D, E2, 62, 47, FE, 66, 57, 5B, 8E, A6, 87, C3, 0B, 7F, 8D, E4, DA, FE, D5, 4B)
Expected:
(AA, 8C, 69, 9E, 65, 91, 24, E3, 1F, 6F, 88, AD, A3, 74, 65, 12, 1D, E2, 62, 47, FE, 66, 57, 5B, 8E, A6, 87, C3, 0B, 7F, 8D, E4, DA, FE, D5, 4B)

Summary of errors in expected transaction. Failed in: 
8 data bits.
0 tuser bits.
0 tstrb bits.
0 tid bits.
0 tdest bits.

%% 49612.5 ns    Alert  WARNING             AXISTREAM_VVC,1     
axistream_expect(36 words[8b])=> Failed in 1 tuser bits. First mismatch in word# 2. Was x"1". Expected x"0". ' 'expect, tuser wrong ,i=14'  [883]'
Was:
(0, 1, 0, 1, 0, 1, 0, 1, 0)
Expected:
(0, 0, 0, 1, 0, 1, 0, 1, 0)

Summary of errors in expected transaction. Failed in: 
0 data bits.
1 tuser bits.
0 tstrb bits.
0 tid bits.
0 tdest bits.

%% 50112.5 ns    Alert  WARNING             AXISTREAM_VVC,1     
axistream_expect(48 words[8b])=> Failed in 8 data bits. First mismatch in word# 28. Was x"A5". Expected x"5A". ' 'expect, data wrong ,i=15'  [894]'
Was:
(EE, 34, ED, 0E, D7, 20, FF, E4, 98, 48, CE, 50, 13, A6, CC, 4B, AE, 29, A7, 6B, C6, 36, 22, CD, 21, 64, F5, A5, 0E, 57, 09, F5, 6E, 1D, E0, BB, 85, BE, 44, 2B, B4, 52, 13, DA, F7, E9, 2B, 2A)
Expected:
(EE, 34, ED, 0E, D7, 20, FF, E4, 98, 48, CE, 50, 13, A6, CC, 4B, AE, 29, A7, 6B, C6, 36, 22, CD, 21, 64, F5, 5A, 0E, 57, 09, F5, 6E, 1D, E0, BB, 85, BE, 44, 2B, B4, 52, 13, DA, F7, E9, 2B, 2A)

Summary of errors in expected transaction. Failed in: 
8 data bits.
0 tuser bits.
0 tstrb bits.
0 tid bits.
0 tdest bits.

%% 50232.5 ns    Alert  WARNING             AXISTREAM_VVC,1     
axistream_expect(48 words[8b])=> Failed in 1 tuser bits. First mismatch in word# 4. Was x"0". Expected x"1". ' 'expect, tuser wrong ,i=15'  [896]'
Was:
(1, 0, 1, 0, 1, 0, 1, 0, 1, 0, 1, 0)
Expected:
(1, 0, 1, 1, 1, 0, 1, 0, 1, 0, 1, 0)

Summary of errors in expected transaction. Failed in: 
0 data bits.
1 tuser bits.
0 tstrb bits.
0 tid bits.
0 tdest bits.

%% 50932.5 ns    Alert  WARNING             AXISTREAM_VVC,1     
axistream_expect(66 words[8b])=> Failed in 8 data bits. First mismatch in word# 11. Was x"31". Expected x"CE". ' 'expect, data wrong ,i=16'  [907]'
Was:
(A0, 26, DC, 00, D5, 32, 3C, FA, 63, 21, 31, BE, AE, AB, CF, D5, B0, 63, D5, C5, 33, 32, D6, 41, B0, DB, 89, 89, A7, B6, B2, C0, 1C, A0, 8C, 66, 26, 07, B7, 7F, F3, A6, 90, 51, 0B, F2, E2, F2, A0, 7F, 54, 15, 19, AA, 7E, FB, D0, 9B, FB, 05, 31, 45, 80, 4E, 64, FD)
Expected:
(A0, 26, DC, 00, D5, 32, 3C, FA, 63, 21, CE, BE, AE, AB, CF, D5, B0, 63, D5, C5, 33, 32, D6, 41, B0, DB, 89, 89, A7, B6, B2, C0, 1C, A0, 8C, 66, 26, 07, B7, 7F, F3, A6, 90, 51, 0B, F2, E2, F2, A0, 7F, 54, 15, 19, AA, 7E, FB, D0, 9B, FB, 05, 31, 45, 80, 4E, 64, FD)

Summary of errors in expected transaction. Failed in: 
8 data bits.
0 tuser bits.
0 tstrb bits.
0 tid bits.
0 tdest bits.

%% 51102.5 ns    Alert  WARNING             AXISTREAM_VVC,1     
axistream_expect(66 words[8b])=> Failed in 1 tuser bits. First mismatch in word# 1. Was x"0". Expected x"1". ' 'expect, tuser wrong ,i=16'  [909]'
Was:
(0, 1, 0, 1, 0, 1, 0, 1, 0, 1, 0, 1, 0, 1, 0, 1, 0)
Expected:
(1, 1, 0, 1, 0, 1, 0, 1, 0, 1, 0, 1, 0, 1, 0, 1, 0)

Summary of errors in expected transaction. Failed in: 
0 data bits.
1 tuser bits.
0 tstrb bits.
0 tid bits.
0 tdest bits.

%% 51922.5 ns    Alert  WARNING             AXISTREAM_VVC,1     
axistream_expect(78 words[8b])=> Failed in 8 data bits. First mismatch in word# 45. Was x"B0". Expected x"4F". ' 'expect, data wrong ,i=17'  [920]'
Was:
(FC, 5C, 3F, E2, 7D, 79, 26, 2F, 71, 20, 53, F9, 06, 2B, 3E, EA, 75, CB, 01, 72, 59, 03, 32, F3, 95, D9, 85, 30, 82, B3, 5E, 25, 62, 44, EA, 53, 08, 70, 01, AC, D6, E3, 75, 5C, B0, F9, 9E, 3A, FA, 21, D4, 2F, FA, 06, 32, 86, 10, E9, D7, F1, 08, 9A, CD, 8E, 59, 71, EC, 91, F7, 40, 37, 7C, BF, B9, 01, DB, EA, E4)
Expected:
(FC, 5C, 3F, E2, 7D, 79, 26, 2F, 71, 20, 53, F9, 06, 2B, 3E, EA, 75, CB, 01, 72, 59, 03, 32, F3, 95, D9, 85, 30, 82, B3, 5E, 25, 62, 44, EA, 53, 08, 70, 01, AC, D6, E3, 75, 5C, 4F, F9, 9E, 3A, FA, 21, D4, 2F, FA, 06, 32, 86, 10, E9, D7, F1, 08, 9A, CD, 8E, 59, 71, EC, 91, F7, 40, 37, 7C, BF, B9, 01, DB, EA, E4)

Summary of errors in expected transaction. Failed in: 
8 data bits.
0 tuser bits.
0 tstrb bits.
0 tid bits.
0 tdest bits.

%% 52122.5 ns    Alert  WARNING             AXISTREAM_VVC,1     
axistream_expect(78 words[8b])=> Failed in 1 tuser bits. First mismatch in word# 20. Was x"0". Expected x"1". ' 'expect, tuser wrong ,i=17'  [922]'
Was:
(1, 0, 1, 0, 1, 0, 1, 0, 1, 0, 1, 0, 1, 0, 1, 0, 1, 0, 1, 0)
Expected:
(1, 0, 1, 0, 1, 0, 1, 0, 1, 0, 1, 0, 1, 0, 1, 0, 1, 0, 1, 1)

Summary of errors in expected transaction. Failed in: 
0 data bits.
1 tuser bits.
0 tstrb bits.
0 tid bits.
0 tdest bits.

%% 52982.5 ns    Alert  WARNING             AXISTREAM_VVC,1     
axistream_expect(84 words[8b])=> Failed in 8 data bits. First mismatch in word# 4. Was x"11". Expected x"EE". ' 'expect, data wrong ,i=18'  [933]'
Was:
(18, EA, 00, 11, A7, F1, F3, 55, 13, 25, 0A, 84, D0, 78, 5E, 6D, 46, 1B, D0, EE, 8C, 59, 09, 73, 95, 2F, 5F, 93, B4, 3C, E9, 3A, 16, F0, 23, EB, F9, 88, A9, 43, 5B, 60, 35, 6A, EB, 57, 9C, 92, AF, 25, 9B, 20, 3D, 15, 53, 6E, 01, CC, ED, 83, 17, 09, 14, 6B, 66, F5, 56, 6A, 22, FC, 1B, B2, 2E, E8, 35, 3A, 9D, 37, 3D, 41, 74, 22, DA, C6)
Expected:
(18, EA, 00, EE, A7, F1, F3, 55, 13, 25, 0A, 84, D0, 78, 5E, 6D, 46, 1B, D0, EE, 8C, 59, 09, 73, 95, 2F, 5F, 93, B4, 3C, E9, 3A, 16, F0, 23, EB, F9, 88, A9, 43, 5B, 60, 35, 6A, EB, 57, 9C, 92, AF, 25, 9B, 20, 3D, 15, 53, 6E, 01, CC, ED, 83, 17, 09, 14, 6B, 66, F5, 56, 6A, 22, FC, 1B, B2, 2E, E8, 35, 3A, 9D, 37, 3D, 41, 74, 22, DA, C6)

Summary of errors in expected transaction. Failed in: 
8 data bits.
0 tuser bits.
0 tstrb bits.
0 tid bits.
0 tdest bits.

%% 53192.5 ns    Alert  WARNING             AXISTREAM_VVC,1     
axistream_expect(84 words[8b])=> Failed in 1 tuser bits. First mismatch in word# 14. Was x"1". Expected x"0". ' 'expect, tuser wrong ,i=18'  [935]'
Was:
(0, 1, 0, 1, 0, 1, 0, 1, 0, 1, 0, 1, 0, 1, 0, 1, 0, 1, 0, 1, 0)
Expected:
(0, 1, 0, 1, 0, 1, 0, 1, 0, 1, 0, 1, 0, 0, 0, 1, 0, 1, 0, 1, 0)

Summary of errors in expected transaction. Failed in: 
0 data bits.
1 tuser bits.
0 tstrb bits.
0 tid bits.
0 tdest bits.

%% 54052.5 ns    Alert  WARNING             AXISTREAM_VVC,1     
axistream_expect(84 words[8b])=> Failed in 8 data bits. First mismatch in word# 56. Was x"BF". Expected x"40". ' 'expect, data wrong ,i=19'  [946]'
Was:
(18, 2C, 44, CE, F8, 16, DC, 0C, C3, 9E, A8, EF, 25, E4, D9, CD, 51, EC, 42, 02, 45, 0B, D6, CF, 27, 4C, AC, D0, BA, 8E, 2D, 82, F7, 2F, A5, 2A, D6, AE, 4B, E3, E3, E5, 8C, 3E, 7E, 96, DA, 65, 33, 3D, 04, 23, 34, 83, C0, BF, A7, A8, 62, D6, 1B, 76, 76, 1C, 3A, 04, 13, F9, BF, 89, A4, 19, D1, 0F, 39, B1, CE, E1, 11, 87, 74, A2, 9C, 20)
Expected:
(18, 2C, 44, CE, F8, 16, DC, 0C, C3, 9E, A8, EF, 25, E4, D9, CD, 51, EC, 42, 02, 45, 0B, D6, CF, 27, 4C, AC, D0, BA, 8E, 2D, 82, F7, 2F, A5, 2A, D6, AE, 4B, E3, E3, E5, 8C, 3E, 7E, 96, DA, 65, 33, 3D, 04, 23, 34, 83, C0, 40, A7, A8, 62, D6, 1B, 76, 76, 1C, 3A, 04, 13, F9, BF, 89, A4, 19, D1, 0F, 39, B1, CE, E1, 11, 87, 74, A2, 9C, 20)

Summary of errors in expected transaction. Failed in: 
8 data bits.
0 tuser bits.
0 tstrb bits.
0 tid bits.
0 tdest bits.

%% 54262.5 ns    Alert  WARNING             AXISTREAM_VVC,1     
axistream_expect(84 words[8b])=> Failed in 1 tuser bits. First mismatch in word# 4. Was x"0". Expected x"1". ' 'expect, tuser wrong ,i=19'  [948]'
Was:
(1, 0, 1, 0, 1, 0, 1, 0, 1, 0, 1, 0, 1, 0, 1, 0, 1, 0, 1, 0, 1)
Expected:
(1, 0, 1, 1, 1, 0, 1, 0, 1, 0, 1, 0, 1, 0, 1, 0, 1, 0, 1, 0, 1)

Summary of errors in expected transaction. Failed in: 
0 data bits.
1 tuser bits.
0 tstrb bits.
0 tid bits.
0 tdest bits.

%% 54882.5 ns    Alert  WARNING             AXISTREAM_VVC,1     
axistream_expect(60 words[8b])=> Failed in 8 data bits. First mismatch in word# 57. Was x"FA". Expected x"05". ' 'expect, data wrong ,i=20'  [959]'
Was:
(1F, C4, 47, 33, 29, F9, 53, 65, 0D, AD, A4, BD, 4B, BA, A4, 15, 70, 60, AD, E5, A1, F2, CF, C3, 89, A5, 3B, 32, E6, 15, 95, F6, 15, A5, 55, 5C, CD, 1A, E5, 41, B0, 4D, FD, 51, 30, DF, EC, C4, 01, 9A, AF, 9C, 8B, E2, A5, A4, FA, D8, 97, E2)
Expected:
(1F, C4, 47, 33, 29, F9, 53, 65, 0D, AD, A4, BD, 4B, BA, A4, 15, 70, 60, AD, E5, A1, F2, CF, C3, 89, A5, 3B, 32, E6, 15, 95, F6, 15, A5, 55, 5C, CD, 1A, E5, 41, B0, 4D, FD, 51, 30, DF, EC, C4, 01, 9A, AF, 9C, 8B, E2, A5, A4, 05, D8, 97, E2)

Summary of errors in expected transaction. Failed in: 
8 data bits.
0 tuser bits.
0 tstrb bits.
0 tid bits.
0 tdest bits.

%% 55032.5 ns    Alert  WARNING             AXISTREAM_VVC,1     
axistream_expect(60 words[8b])=> Failed in 1 tuser bits. First mismatch in word# 14. Was x"1". Expected x"0". ' 'expect, tuser wrong ,i=20'  [961]'
Was:
(0, 1, 0, 1, 0, 1, 0, 1, 0, 1, 0, 1, 0, 1, 0)
Expected:
(0, 1, 0, 1, 0, 1, 0, 1, 0, 1, 0, 1, 0, 0, 0)

Summary of errors in expected transaction. Failed in: 
0 data bits.
1 tuser bits.
0 tstrb bits.
0 tid bits.
0 tdest bits.

%% 
%% ============================================================================================================================================================================
%%  *** INTERMEDIATE SUMMARY OF ALL ALERTS ***
%% ============================================================================================================================================================================
%% 55032.5 ns    DONE   PASSED   axistream_vvc_slv_array_tb  Passed: 4  Affirmations Checked: 810
%%    Expected      Failures: 0  Errors: 0  Warnings: -142  Passed: 0
%%    VHDL Asserts  Failures: 0  Errors: 0  Warnings: 0  Passed: 0
%%    Default       Failures: 0  Errors: 0  Warnings: 142  Passed: 0
%%    OSVVM         Failures: 0  Errors: 0  Warnings: 0  Passed: 0
%% ============================================================================================================================================================================
%% 
%%  55060 ns    Alert  WARNING             AXISTREAM_VVC,1     check_value(sl, 1) => Failed. Value was 0. Expected 1. 'Check tlast at expected last byte = 2. ' 'expect, tlast wrong ,i=1'  [966]''
%% 55712.5 ns    Alert  WARNING             AXISTREAM_VVC,1     
axistream_expect(60 words[8b])=> Failed in 8 data bits. First mismatch in word# 15. Was x"FF". Expected x"00". ' 'expect, data wrong ,i=1'  [979]'
Was:
(C2, 7B, F0, 5B, E7, ED, 98, 2B, 54, C9, 05, 29, 67, 17, FF, 43, 3D, BA, 9A, 28, A8, 1D, AC, 22, 06, 71, 0B, 6E, 03, D5, DD, 2B, 95, 65, 6B, FF, A5, 86, F1, 3F, 42, 7F, 04, 58, 05, AA, 9B, AC, 34, FC, 61, 12, EB, 35, 38, 4B, 8B, 9D, B6, 2A)
Expected:
(C2, 7B, F0, 5B, E7, ED, 98, 2B, 54, C9, 05, 29, 67, 17, 00, 43, 3D, BA, 9A, 28, A8, 1D, AC, 22, 06, 71, 0B, 6E, 03, D5, DD, 2B, 95, 65, 6B, FF, A5, 86, F1, 3F, 42, 7F, 04, 58, 05, AA, 9B, AC, 34, FC, 61, 12, EB, 35, 38, 4B, 8B, 9D, B6, 2A)

Summary of errors in expected transaction. Failed in: 
8 data bits.
0 tuser bits.
0 tstrb bits.
0 tid bits.
0 tdest bits.

%% 55862.5 ns    Alert  WARNING             AXISTREAM_VVC,1     
axistream_expect(60 words[8b])=> Failed in 1 tuser bits. First mismatch in word# 9. Was x"1". Expected x"0". ' 'expect, tuser wrong ,i=1'  [981]'
Was:
(1, 0, 1, 0, 1, 0, 1, 0, 1, 0, 1, 0, 1, 0, 1)
Expected:
(1, 0, 1, 0, 1, 0, 1, 0, 0, 0, 1, 0, 1, 0, 1)

Summary of errors in expected transaction. Failed in: 
0 data bits.
1 tuser bits.
0 tstrb bits.
0 tid bits.
0 tdest bits.

%% 56602.5 ns    Alert  WARNING             AXISTREAM_VVC,1     
axistream_expect(72 words[8b])=> Failed in 8 data bits. First mismatch in word# 29. Was x"F4". Expected x"0B". ' 'expect, data wrong ,i=2'  [992]'
Was:
(ED, C9, F1, E9, 27, 90, CE, 36, 45, 3F, 40, 02, FD, C5, 3A, E5, D9, B8, 0C, BE, 68, 62, C7, 26, 49, 88, 29, BD, F4, AB, 5E, 95, 79, F5, 7B, 64, 8A, 44, 27, 64, E1, 22, 96, 2E, 7B, FE, 30, 9F, 22, 48, B0, 1F, DF, 12, 86, 6D, 8D, 19, D9, D8, CE, 38, EB, 27, 90, 3A, E9, 95, 6B, 07, 09, 95)
Expected:
(ED, C9, F1, E9, 27, 90, CE, 36, 45, 3F, 40, 02, FD, C5, 3A, E5, D9, B8, 0C, BE, 68, 62, C7, 26, 49, 88, 29, BD, 0B, AB, 5E, 95, 79, F5, 7B, 64, 8A, 44, 27, 64, E1, 22, 96, 2E, 7B, FE, 30, 9F, 22, 48, B0, 1F, DF, 12, 86, 6D, 8D, 19, D9, D8, CE, 38, EB, 27, 90, 3A, E9, 95, 6B, 07, 09, 95)

Summary of errors in expected transaction. Failed in: 
8 data bits.
0 tuser bits.
0 tstrb bits.
0 tid bits.
0 tdest bits.

%% 56782.5 ns    Alert  WARNING             AXISTREAM_VVC,1     
axistream_expect(72 words[8b])=> Failed in 1 tuser bits. First mismatch in word# 10. Was x"1". Expected x"0". ' 'expect, tuser wrong ,i=2'  [994]'
Was:
(0, 1, 0, 1, 0, 1, 0, 1, 0, 1, 0, 1, 0, 1, 0, 1, 0, 1)
Expected:
(0, 1, 0, 1, 0, 1, 0, 1, 0, 0, 0, 1, 0, 1, 0, 1, 0, 1)

Summary of errors in expected transaction. Failed in: 
0 data bits.
1 tuser bits.
0 tstrb bits.
0 tid bits.
0 tdest bits.

%% 56962.5 ns    Alert  WARNING             AXISTREAM_VVC,1     
axistream_expect(16 words[8b])=> Failed in 8 data bits. First mismatch in word# 1. Was x"24". Expected x"DB". ' 'expect, data wrong ,i=3'  [1005]'
Was:
(24, 32, 92, C1, E6, FC, 65, 4E, F5, 35, E3, 78, 6B, 43, 6A, C5)
Expected:
(DB, 32, 92, C1, E6, FC, 65, 4E, F5, 35, E3, 78, 6B, 43, 6A, C5)

Summary of errors in expected transaction. Failed in: 
8 data bits.
0 tuser bits.
0 tstrb bits.
0 tid bits.
0 tdest bits.

%% 57002.5 ns    Alert  WARNING             AXISTREAM_VVC,1     
axistream_expect(16 words[8b])=> Failed in 1 tuser bits. First mismatch in word# 2. Was x"0". Expected x"1". ' 'expect, tuser wrong ,i=3'  [1007]'
Was:
(1, 0, 1, 0)
Expected:
(1, 1, 1, 0)

Summary of errors in expected transaction. Failed in: 
0 data bits.
1 tuser bits.
0 tstrb bits.
0 tid bits.
0 tdest bits.

%% 57102.5 ns    Alert  WARNING             AXISTREAM_VVC,1     
axistream_expect(8 words[8b])=> Failed in 8 data bits. First mismatch in word# 3. Was x"65". Expected x"9A". ' 'expect, data wrong ,i=4'  [1018]'
Was:
(26, 75, 65, CF, E3, 42, 2A, 96)
Expected:
(26, 75, 9A, CF, E3, 42, 2A, 96)

Summary of errors in expected transaction. Failed in: 
8 data bits.
0 tuser bits.
0 tstrb bits.
0 tid bits.
0 tdest bits.

%% 57122.5 ns    Alert  WARNING             AXISTREAM_VVC,1     
axistream_expect(8 words[8b])=> Failed in 1 tuser bits. First mismatch in word# 2. Was x"1". Expected x"0". ' 'expect, tuser wrong ,i=4'  [1020]'
Was:
(0, 1)
Expected:
(0, 0)

Summary of errors in expected transaction. Failed in: 
0 data bits.
1 tuser bits.
0 tstrb bits.
0 tid bits.
0 tdest bits.

%% 57902.5 ns    Alert  WARNING             AXISTREAM_VVC,1     
axistream_expect(76 words[8b])=> Failed in 8 data bits. First mismatch in word# 58. Was x"3F". Expected x"C0". ' 'expect, data wrong ,i=5'  [1031]'
Was:
(1A, 50, EF, F7, 01, 4F, 96, E7, 5F, 35, EF, D9, 1A, 7F, E4, 72, 97, 06, 8E, BF, 42, 14, 70, 89, A8, DC, 19, E2, F0, 3C, EA, FF, 9D, 9B, 09, FC, F4, 21, 7B, 64, A9, 10, A2, 76, 71, C6, 78, FF, 5E, 2E, A6, 48, 02, 24, 37, 6C, D7, 3F, 92, 35, 7E, 57, ED, C1, 81, E6, 1A, 2C, 65, D5, A8, D8, 15, 52, EF, 64)
Expected:
(1A, 50, EF, F7, 01, 4F, 96, E7, 5F, 35, EF, D9, 1A, 7F, E4, 72, 97, 06, 8E, BF, 42, 14, 70, 89, A8, DC, 19, E2, F0, 3C, EA, FF, 9D, 9B, 09, FC, F4, 21, 7B, 64, A9, 10, A2, 76, 71, C6, 78, FF, 5E, 2E, A6, 48, 02, 24, 37, 6C, D7, C0, 92, 35, 7E, 57, ED, C1, 81, E6, 1A, 2C, 65, D5, A8, D8, 15, 52, EF, 64)

Summary of errors in expected transaction. Failed in: 
8 data bits.
0 tuser bits.
0 tstrb bits.
0 tid bits.
0 tdest bits.

%% 58092.5 ns    Alert  WARNING             AXISTREAM_VVC,1     
axistream_expect(76 words[8b])=> Failed in 1 tuser bits. First mismatch in word# 2. Was x"0". Expected x"1". ' 'expect, tuser wrong ,i=5'  [1033]'
Was:
(1, 0, 1, 0, 1, 0, 1, 0, 1, 0, 1, 0, 1, 0, 1, 0, 1, 0, 1)
Expected:
(1, 1, 1, 0, 1, 0, 1, 0, 1, 0, 1, 0, 1, 0, 1, 0, 1, 0, 1)

Summary of errors in expected transaction. Failed in: 
0 data bits.
1 tuser bits.
0 tstrb bits.
0 tid bits.
0 tdest bits.

%% 58992.5 ns    Alert  WARNING             AXISTREAM_VVC,1     
axistream_expect(88 words[8b])=> Failed in 8 data bits. First mismatch in word# 72. Was x"9E". Expected x"61". ' 'expect, data wrong ,i=6'  [1044]'
Was:
(4B, ED, F1, 7E, FA, 03, 6F, E8, 5F, B2, 75, 0C, 5E, C1, B6, 53, 7D, 61, 95, 27, C3, EE, 18, 63, 64, C4, 66, 0F, 9B, 80, FC, FF, 29, 41, A5, 8B, 99, 02, 12, AF, B9, 4B, 23, EE, EB, C2, F2, 64, 1E, 0C, E0, 55, 08, 89, AC, 22, 9C, 93, 7E, 53, 39, EA, 10, 22, 1A, 3B, 55, 1C, 67, D0, 87, 9E, A3, 56, 73, 10, C5, 91, 59, 38, 63, 46, 40, 20, 2C, 9B, 26, 69)
Expected:
(4B, ED, F1, 7E, FA, 03, 6F, E8, 5F, B2, 75, 0C, 5E, C1, B6, 53, 7D, 61, 95, 27, C3, EE, 18, 63, 64, C4, 66, 0F, 9B, 80, FC, FF, 29, 41, A5, 8B, 99, 02, 12, AF, B9, 4B, 23, EE, EB, C2, F2, 64, 1E, 0C, E0, 55, 08, 89, AC, 22, 9C, 93, 7E, 53, 39, EA, 10, 22, 1A, 3B, 55, 1C, 67, D0, 87, 61, A3, 56, 73, 10, C5, 91, 59, 38, 63, 46, 40, 20, 2C, 9B, 26, 69)

Summary of errors in expected transaction. Failed in: 
8 data bits.
0 tuser bits.
0 tstrb bits.
0 tid bits.
0 tdest bits.

%% 59212.5 ns    Alert  WARNING             AXISTREAM_VVC,1     
axistream_expect(88 words[8b])=> Failed in 1 tuser bits. First mismatch in word# 9. Was x"0". Expected x"1". ' 'expect, tuser wrong ,i=6'  [1046]'
Was:
(0, 1, 0, 1, 0, 1, 0, 1, 0, 1, 0, 1, 0, 1, 0, 1, 0, 1, 0, 1, 0, 1)
Expected:
(0, 1, 0, 1, 0, 1, 0, 1, 1, 1, 0, 1, 0, 1, 0, 1, 0, 1, 0, 1, 0, 1)

Summary of errors in expected transaction. Failed in: 
0 data bits.
1 tuser bits.
0 tstrb bits.
0 tid bits.
0 tdest bits.

%% 60152.5 ns    Alert  WARNING             AXISTREAM_VVC,1     
axistream_expect(92 words[8b])=> Failed in 8 data bits. First mismatch in word# 14. Was x"08". Expected x"F7". ' 'expect, data wrong ,i=7'  [1057]'
Was:
(16, 48, 46, D7, 29, B2, 64, 13, 4B, 5B, 0D, 70, CD, 08, 68, A7, AE, 40, 60, A8, 26, C8, B4, 04, BC, 62, 7C, C1, 1C, 24, C8, AF, 96, 50, 4B, 57, F2, 4E, 3A, CE, 6F, 68, 81, 39, 7F, BC, 39, 8F, A8, 3C, E2, 6B, 46, 65, 47, BF, 7A, 78, C3, EB, 70, 78, DF, 05, 48, 6D, C4, A7, 64, 83, 4F, D5, 2B, 03, D6, 77, 01, 7A, 4C, 5B, D1, D8, B1, 55, E8, CE, 4F, 47, 50, BB, C5, 67)
Expected:
(16, 48, 46, D7, 29, B2, 64, 13, 4B, 5B, 0D, 70, CD, F7, 68, A7, AE, 40, 60, A8, 26, C8, B4, 04, BC, 62, 7C, C1, 1C, 24, C8, AF, 96, 50, 4B, 57, F2, 4E, 3A, CE, 6F, 68, 81, 39, 7F, BC, 39, 8F, A8, 3C, E2, 6B, 46, 65, 47, BF, 7A, 78, C3, EB, 70, 78, DF, 05, 48, 6D, C4, A7, 64, 83, 4F, D5, 2B, 03, D6, 77, 01, 7A, 4C, 5B, D1, D8, B1, 55, E8, CE, 4F, 47, 50, BB, C5, 67)

Summary of errors in expected transaction. Failed in: 
8 data bits.
0 tuser bits.
0 tstrb bits.
0 tid bits.
0 tdest bits.

%% 60382.5 ns    Alert  WARNING             AXISTREAM_VVC,1     
axistream_expect(92 words[8b])=> Failed in 1 tuser bits. First mismatch in word# 21. Was x"1". Expected x"0". ' 'expect, tuser wrong ,i=7'  [1059]'
Was:
(1, 0, 1, 0, 1, 0, 1, 0, 1, 0, 1, 0, 1, 0, 1, 0, 1, 0, 1, 0, 1, 0, 1)
Expected:
(1, 0, 1, 0, 1, 0, 1, 0, 1, 0, 1, 0, 1, 0, 1, 0, 1, 0, 1, 0, 0, 0, 1)

Summary of errors in expected transaction. Failed in: 
0 data bits.
1 tuser bits.
0 tstrb bits.
0 tid bits.
0 tdest bits.

%% 60522.5 ns    Alert  WARNING             AXISTREAM_VVC,1     
axistream_expect(12 words[8b])=> Failed in 8 data bits. First mismatch in word# 2. Was x"53". Expected x"AC". ' 'expect, data wrong ,i=8'  [1070]'
Was:
(D2, 53, 60, BA, 5E, 5C, 52, EE, 21, 12, FE, 58)
Expected:
(D2, AC, 60, BA, 5E, 5C, 52, EE, 21, 12, FE, 58)

Summary of errors in expected transaction. Failed in: 
8 data bits.
0 tuser bits.
0 tstrb bits.
0 tid bits.
0 tdest bits.

%% 60552.5 ns    Alert  WARNING             AXISTREAM_VVC,1     
axistream_expect(12 words[8b])=> Failed in 1 tuser bits. First mismatch in word# 1. Was x"0". Expected x"1". ' 'expect, tuser wrong ,i=8'  [1072]'
Was:
(0, 1, 0)
Expected:
(1, 1, 0)

Summary of errors in expected transaction. Failed in: 
0 data bits.
1 tuser bits.
0 tstrb bits.
0 tid bits.
0 tdest bits.

%% 61212.5 ns    Alert  WARNING             AXISTREAM_VVC,1     
axistream_expect(64 words[8b])=> Failed in 8 data bits. First mismatch in word# 32. Was x"8F". Expected x"70". ' 'expect, data wrong ,i=9'  [1083]'
Was:
(AE, 5E, 74, 70, 05, 3C, 82, 7D, D9, AD, 3F, 24, 11, 73, 87, 6B, EB, F2, 36, 3D, 7C, 35, 0A, 61, 5C, 19, 72, 85, 7B, F3, 20, 8F, 5E, D5, 63, 89, 08, E1, D6, 81, 24, 82, 1B, DE, 07, A3, 22, C3, 30, 8E, EB, 75, 19, 16, EE, 77, 2F, FD, BD, 54, D4, 76, 60, 5D)
Expected:
(AE, 5E, 74, 70, 05, 3C, 82, 7D, D9, AD, 3F, 24, 11, 73, 87, 6B, EB, F2, 36, 3D, 7C, 35, 0A, 61, 5C, 19, 72, 85, 7B, F3, 20, 70, 5E, D5, 63, 89, 08, E1, D6, 81, 24, 82, 1B, DE, 07, A3, 22, C3, 30, 8E, EB, 75, 19, 16, EE, 77, 2F, FD, BD, 54, D4, 76, 60, 5D)

Summary of errors in expected transaction. Failed in: 
8 data bits.
0 tuser bits.
0 tstrb bits.
0 tid bits.
0 tdest bits.

%% 61372.5 ns    Alert  WARNING             AXISTREAM_VVC,1     
axistream_expect(64 words[8b])=> Failed in 1 tuser bits. First mismatch in word# 1. Was x"1". Expected x"0". ' 'expect, tuser wrong ,i=9'  [1085]'
Was:
(1, 0, 1, 0, 1, 0, 1, 0, 1, 0, 1, 0, 1, 0, 1, 0)
Expected:
(0, 0, 1, 0, 1, 0, 1, 0, 1, 0, 1, 0, 1, 0, 1, 0)

Summary of errors in expected transaction. Failed in: 
0 data bits.
1 tuser bits.
0 tstrb bits.
0 tid bits.
0 tdest bits.

%% 61672.5 ns    Alert  WARNING             AXISTREAM_VVC,1     
axistream_expect(28 words[8b])=> Failed in 8 data bits. First mismatch in word# 14. Was x"20". Expected x"DF". ' 'expect, data wrong ,i=10'  [1096]'
Was:
(32, 91, 6C, 80, 26, EC, 44, 19, 87, 37, 54, 3B, 2E, 20, 69, 7B, 98, 5B, 7F, 89, AE, A0, CF, 85, F3, 4B, C5, 4E)
Expected:
(32, 91, 6C, 80, 26, EC, 44, 19, 87, 37, 54, 3B, 2E, DF, 69, 7B, 98, 5B, 7F, 89, AE, A0, CF, 85, F3, 4B, C5, 4E)

Summary of errors in expected transaction. Failed in: 
8 data bits.
0 tuser bits.
0 tstrb bits.
0 tid bits.
0 tdest bits.

%% 61742.5 ns    Alert  WARNING             AXISTREAM_VVC,1     
axistream_expect(28 words[8b])=> Failed in 1 tuser bits. First mismatch in word# 5. Was x"0". Expected x"1". ' 'expect, tuser wrong ,i=10'  [1098]'
Was:
(0, 1, 0, 1, 0, 1, 0)
Expected:
(0, 1, 0, 1, 1, 1, 0)

Summary of errors in expected transaction. Failed in: 
0 data bits.
1 tuser bits.
0 tstrb bits.
0 tid bits.
0 tdest bits.

%% 62202.5 ns    Alert  WARNING             AXISTREAM_VVC,1     
axistream_expect(44 words[8b])=> Failed in 8 data bits. First mismatch in word# 33. Was x"EA". Expected x"15". ' 'expect, data wrong ,i=11'  [1109]'
Was:
(9C, 41, 0D, 48, 8C, 3F, 74, 83, C4, 24, 34, 4B, D1, 7E, F0, 63, 29, 6C, 07, 71, 0A, 0D, D3, 16, 38, 92, 13, D9, FD, 96, 36, F8, EA, E3, 28, 59, 96, 33, 8A, 8C, 2C, 18, 0C, 65)
Expected:
(9C, 41, 0D, 48, 8C, 3F, 74, 83, C4, 24, 34, 4B, D1, 7E, F0, 63, 29, 6C, 07, 71, 0A, 0D, D3, 16, 38, 92, 13, D9, FD, 96, 36, F8, 15, E3, 28, 59, 96, 33, 8A, 8C, 2C, 18, 0C, 65)

Summary of errors in expected transaction. Failed in: 
8 data bits.
0 tuser bits.
0 tstrb bits.
0 tid bits.
0 tdest bits.

%% 62312.5 ns    Alert  WARNING             AXISTREAM_VVC,1     
axistream_expect(44 words[8b])=> Failed in 1 tuser bits. First mismatch in word# 1. Was x"1". Expected x"0". ' 'expect, tuser wrong ,i=11'  [1111]'
Was:
(1, 0, 1, 0, 1, 0, 1, 0, 1, 0, 1)
Expected:
(0, 0, 1, 0, 1, 0, 1, 0, 1, 0, 1)

Summary of errors in expected transaction. Failed in: 
0 data bits.
1 tuser bits.
0 tstrb bits.
0 tid bits.
0 tdest bits.

%% 62972.5 ns    Alert  WARNING             AXISTREAM_VVC,1     
axistream_expect(64 words[8b])=> Failed in 8 data bits. First mismatch in word# 41. Was x"BC". Expected x"43". ' 'expect, data wrong ,i=12'  [1122]'
Was:
(CC, D9, D6, 72, E7, B5, 5C, AC, 1F, DE, 87, D0, 80, 45, 47, 3B, 21, 7D, 05, 20, 2A, 0F, 87, 16, BE, 29, 6B, 10, 80, 96, DE, D2, CE, A1, 2E, 63, CB, BA, 56, 93, BC, 9C, A1, BA, 9F, C4, 4C, 04, FE, 0F, 7A, CB, F0, E8, 83, 85, 81, DA, DD, 9D, D2, 85, 61, 3A)
Expected:
(CC, D9, D6, 72, E7, B5, 5C, AC, 1F, DE, 87, D0, 80, 45, 47, 3B, 21, 7D, 05, 20, 2A, 0F, 87, 16, BE, 29, 6B, 10, 80, 96, DE, D2, CE, A1, 2E, 63, CB, BA, 56, 93, 43, 9C, A1, BA, 9F, C4, 4C, 04, FE, 0F, 7A, CB, F0, E8, 83, 85, 81, DA, DD, 9D, D2, 85, 61, 3A)

Summary of errors in expected transaction. Failed in: 
8 data bits.
0 tuser bits.
0 tstrb bits.
0 tid bits.
0 tdest bits.

%% 63132.5 ns    Alert  WARNING             AXISTREAM_VVC,1     
axistream_expect(64 words[8b])=> Failed in 1 tuser bits. First mismatch in word# 4. Was x"1". Expected x"0". ' 'expect, tuser wrong ,i=12'  [1124]'
Was:
(0, 1, 0, 1, 0, 1, 0, 1, 0, 1, 0, 1, 0, 1, 0, 1)
Expected:
(0, 1, 0, 0, 0, 1, 0, 1, 0, 1, 0, 1, 0, 1, 0, 1)

Summary of errors in expected transaction. Failed in: 
0 data bits.
1 tuser bits.
0 tstrb bits.
0 tid bits.
0 tdest bits.

%% 63272.5 ns    Alert  WARNING             AXISTREAM_VVC,1     
axistream_expect(12 words[8b])=> Failed in 8 data bits. First mismatch in word# 1. Was x"6C". Expected x"93". ' 'expect, data wrong ,i=13'  [1135]'
Was:
(6C, 79, B0, 59, 4E, 47, 9B, 9F, DD, D9, AE, 88)
Expected:
(93, 79, B0, 59, 4E, 47, 9B, 9F, DD, D9, AE, 88)

Summary of errors in expected transaction. Failed in: 
8 data bits.
0 tuser bits.
0 tstrb bits.
0 tid bits.
0 tdest bits.

%% 63302.5 ns    Alert  WARNING             AXISTREAM_VVC,1     
axistream_expect(12 words[8b])=> Failed in 1 tuser bits. First mismatch in word# 1. Was x"1". Expected x"0". ' 'expect, tuser wrong ,i=13'  [1137]'
Was:
(1, 0, 1)
Expected:
(0, 0, 1)

Summary of errors in expected transaction. Failed in: 
0 data bits.
1 tuser bits.
0 tstrb bits.
0 tid bits.
0 tdest bits.

%% 63642.5 ns    Alert  WARNING             AXISTREAM_VVC,1     
axistream_expect(32 words[8b])=> Failed in 8 data bits. First mismatch in word# 31. Was x"83". Expected x"7C". ' 'expect, data wrong ,i=14'  [1148]'
Was:
(E7, A7, 88, F6, 20, 8C, D5, 14, CB, 94, B7, A9, 05, 9D, DE, 27, 0F, 19, 43, 06, 87, 3C, 81, 7A, E5, AF, 52, 10, A2, DF, 83, 59)
Expected:
(E7, A7, 88, F6, 20, 8C, D5, 14, CB, 94, B7, A9, 05, 9D, DE, 27, 0F, 19, 43, 06, 87, 3C, 81, 7A, E5, AF, 52, 10, A2, DF, 7C, 59)

Summary of errors in expected transaction. Failed in: 
8 data bits.
0 tuser bits.
0 tstrb bits.
0 tid bits.
0 tdest bits.

%% 63722.5 ns    Alert  WARNING             AXISTREAM_VVC,1     
axistream_expect(32 words[8b])=> Failed in 1 tuser bits. First mismatch in word# 1. Was x"0". Expected x"1". ' 'expect, tuser wrong ,i=14'  [1150]'
Was:
(0, 1, 0, 1, 0, 1, 0, 1)
Expected:
(1, 1, 0, 1, 0, 1, 0, 1)

Summary of errors in expected transaction. Failed in: 
0 data bits.
1 tuser bits.
0 tstrb bits.
0 tid bits.
0 tdest bits.

%% 63902.5 ns    Alert  WARNING             AXISTREAM_VVC,1     
axistream_expect(16 words[8b])=> Failed in 8 data bits. First mismatch in word# 7. Was x"E4". Expected x"1B". ' 'expect, data wrong ,i=15'  [1161]'
Was:
(80, 7B, E3, 07, 06, 7E, E4, 52, B4, 6A, 1D, D0, 53, 31, 13, 23)
Expected:
(80, 7B, E3, 07, 06, 7E, 1B, 52, B4, 6A, 1D, D0, 53, 31, 13, 23)

Summary of errors in expected transaction. Failed in: 
8 data bits.
0 tuser bits.
0 tstrb bits.
0 tid bits.
0 tdest bits.

%% 63942.5 ns    Alert  WARNING             AXISTREAM_VVC,1     
axistream_expect(16 words[8b])=> Failed in 1 tuser bits. First mismatch in word# 2. Was x"0". Expected x"1". ' 'expect, tuser wrong ,i=15'  [1163]'
Was:
(1, 0, 1, 0)
Expected:
(1, 1, 1, 0)

Summary of errors in expected transaction. Failed in: 
0 data bits.
1 tuser bits.
0 tstrb bits.
0 tid bits.
0 tdest bits.

%% 64362.5 ns    Alert  WARNING             AXISTREAM_VVC,1     
axistream_expect(40 words[8b])=> Failed in 8 data bits. First mismatch in word# 11. Was x"07". Expected x"F8". ' 'expect, data wrong ,i=16'  [1174]'
Was:
(93, 57, 4F, 96, 35, 67, F2, DD, 90, F5, 07, CC, 51, A5, E9, DB, 57, D3, 3D, 91, DE, BD, 1E, 00, 28, 08, 00, 46, 82, 02, 63, 78, D3, 59, C8, 53, 3D, 4D, B6, 3E)
Expected:
(93, 57, 4F, 96, 35, 67, F2, DD, 90, F5, F8, CC, 51, A5, E9, DB, 57, D3, 3D, 91, DE, BD, 1E, 00, 28, 08, 00, 46, 82, 02, 63, 78, D3, 59, C8, 53, 3D, 4D, B6, 3E)

Summary of errors in expected transaction. Failed in: 
8 data bits.
0 tuser bits.
0 tstrb bits.
0 tid bits.
0 tdest bits.

%% 64462.5 ns    Alert  WARNING             AXISTREAM_VVC,1     
axistream_expect(40 words[8b])=> Failed in 1 tuser bits. First mismatch in word# 9. Was x"0". Expected x"1". ' 'expect, tuser wrong ,i=16'  [1176]'
Was:
(0, 1, 0, 1, 0, 1, 0, 1, 0, 1)
Expected:
(0, 1, 0, 1, 0, 1, 0, 1, 1, 1)

Summary of errors in expected transaction. Failed in: 
0 data bits.
1 tuser bits.
0 tstrb bits.
0 tid bits.
0 tdest bits.

%% 64882.5 ns    Alert  WARNING             AXISTREAM_VVC,1     
axistream_expect(40 words[8b])=> Failed in 8 data bits. First mismatch in word# 4. Was x"19". Expected x"E6". ' 'expect, data wrong ,i=17'  [1187]'
Was:
(8F, C9, 5B, 19, 09, 1C, CB, 33, 1B, CF, DC, D8, 08, 84, 65, 9D, A7, 98, 79, AE, 52, FA, 1D, 9C, 67, 80, FC, C2, D5, 71, BB, 49, C3, 79, 49, 9F, EE, FB, 87, C5)
Expected:
(8F, C9, 5B, E6, 09, 1C, CB, 33, 1B, CF, DC, D8, 08, 84, 65, 9D, A7, 98, 79, AE, 52, FA, 1D, 9C, 67, 80, FC, C2, D5, 71, BB, 49, C3, 79, 49, 9F, EE, FB, 87, C5)

Summary of errors in expected transaction. Failed in: 
8 data bits.
0 tuser bits.
0 tstrb bits.
0 tid bits.
0 tdest bits.

%% 64982.5 ns    Alert  WARNING             AXISTREAM_VVC,1     
axistream_expect(40 words[8b])=> Failed in 1 tuser bits. First mismatch in word# 5. Was x"1". Expected x"0". ' 'expect, tuser wrong ,i=17'  [1189]'
Was:
(1, 0, 1, 0, 1, 0, 1, 0, 1, 0)
Expected:
(1, 0, 1, 0, 0, 0, 1, 0, 1, 0)

Summary of errors in expected transaction. Failed in: 
0 data bits.
1 tuser bits.
0 tstrb bits.
0 tid bits.
0 tdest bits.

%% 65122.5 ns    Alert  WARNING             AXISTREAM_VVC,1     
axistream_expect(12 words[8b])=> Failed in 8 data bits. First mismatch in word# 10. Was x"CB". Expected x"34". ' 'expect, data wrong ,i=18'  [1200]'
Was:
(C6, FB, D9, 0F, BD, 44, AD, 1B, CD, CB, 7A, 2F)
Expected:
(C6, FB, D9, 0F, BD, 44, AD, 1B, CD, 34, 7A, 2F)

Summary of errors in expected transaction. Failed in: 
8 data bits.
0 tuser bits.
0 tstrb bits.
0 tid bits.
0 tdest bits.

%% 65152.5 ns    Alert  WARNING             AXISTREAM_VVC,1     
axistream_expect(12 words[8b])=> Failed in 1 tuser bits. First mismatch in word# 3. Was x"0". Expected x"1". ' 'expect, tuser wrong ,i=18'  [1202]'
Was:
(0, 1, 0)
Expected:
(0, 1, 1)

Summary of errors in expected transaction. Failed in: 
0 data bits.
1 tuser bits.
0 tstrb bits.
0 tid bits.
0 tdest bits.

%% 65892.5 ns    Alert  WARNING             AXISTREAM_VVC,1     
axistream_expect(72 words[8b])=> Failed in 8 data bits. First mismatch in word# 16. Was x"11". Expected x"EE". ' 'expect, data wrong ,i=19'  [1213]'
Was:
(B8, C1, 3E, 05, 91, 43, 87, 12, F4, 91, 4C, CF, 4D, 96, 30, 11, 53, 27, C2, DB, DB, DB, 36, DF, 72, A6, 23, C5, 40, A9, A9, C9, 6F, 80, 43, D3, C3, E8, 3F, 5E, 28, 49, CB, 41, 1B, EE, 21, 9D, A7, 8F, 7D, C5, 66, 0E, 4C, 55, DB, 0E, F3, 50, EF, 24, AC, 14, CE, 02, 45, 12, D3, 70, EB, 92)
Expected:
(B8, C1, 3E, 05, 91, 43, 87, 12, F4, 91, 4C, CF, 4D, 96, 30, EE, 53, 27, C2, DB, DB, DB, 36, DF, 72, A6, 23, C5, 40, A9, A9, C9, 6F, 80, 43, D3, C3, E8, 3F, 5E, 28, 49, CB, 41, 1B, EE, 21, 9D, A7, 8F, 7D, C5, 66, 0E, 4C, 55, DB, 0E, F3, 50, EF, 24, AC, 14, CE, 02, 45, 12, D3, 70, EB, 92)

Summary of errors in expected transaction. Failed in: 
8 data bits.
0 tuser bits.
0 tstrb bits.
0 tid bits.
0 tdest bits.

%% 66072.5 ns    Alert  WARNING             AXISTREAM_VVC,1     
axistream_expect(72 words[8b])=> Failed in 1 tuser bits. First mismatch in word# 17. Was x"1". Expected x"0". ' 'expect, tuser wrong ,i=19'  [1215]'
Was:
(1, 0, 1, 0, 1, 0, 1, 0, 1, 0, 1, 0, 1, 0, 1, 0, 1, 0)
Expected:
(1, 0, 1, 0, 1, 0, 1, 0, 1, 0, 1, 0, 1, 0, 1, 0, 0, 0)

Summary of errors in expected transaction. Failed in: 
0 data bits.
1 tuser bits.
0 tstrb bits.
0 tid bits.
0 tdest bits.

%% 66692.5 ns    Alert  WARNING             AXISTREAM_VVC,1     
axistream_expect(60 words[8b])=> Failed in 8 data bits. First mismatch in word# 14. Was x"CB". Expected x"34". ' 'expect, data wrong ,i=20'  [1226]'
Was:
(5F, 2B, 72, 3E, 58, 56, 02, 4C, E1, E8, 00, 61, 26, CB, C1, A6, 23, 37, 9F, A1, 01, E9, 6B, AE, 63, A3, F7, 9E, EC, 32, 53, 3F, D5, A7, 68, 52, C3, BD, 09, B9, 60, 2E, 41, 5F, 05, B3, D0, 86, EF, FD, E5, A4, 0D, 75, 41, 50, 8B, 63, D4, FB)
Expected:
(5F, 2B, 72, 3E, 58, 56, 02, 4C, E1, E8, 00, 61, 26, 34, C1, A6, 23, 37, 9F, A1, 01, E9, 6B, AE, 63, A3, F7, 9E, EC, 32, 53, 3F, D5, A7, 68, 52, C3, BD, 09, B9, 60, 2E, 41, 5F, 05, B3, D0, 86, EF, FD, E5, A4, 0D, 75, 41, 50, 8B, 63, D4, FB)

Summary of errors in expected transaction. Failed in: 
8 data bits.
0 tuser bits.
0 tstrb bits.
0 tid bits.
0 tdest bits.

%% 66842.5 ns    Alert  WARNING             AXISTREAM_VVC,1     
axistream_expect(60 words[8b])=> Failed in 1 tuser bits. First mismatch in word# 4. Was x"1". Expected x"0". ' 'expect, tuser wrong ,i=20'  [1228]'
Was:
(0, 1, 0, 1, 0, 1, 0, 1, 0, 1, 0, 1, 0, 1, 0)
Expected:
(0, 1, 0, 0, 0, 1, 0, 1, 0, 1, 0, 1, 0, 1, 0)

Summary of errors in expected transaction. Failed in: 
0 data bits.
1 tuser bits.
0 tstrb bits.
0 tid bits.
0 tdest bits.

%% 
%% ============================================================================================================================================================================
%%  *** INTERMEDIATE SUMMARY OF ALL ALERTS ***
%% ============================================================================================================================================================================
%% 66842.5 ns    DONE   PASSED   axistream_vvc_slv_array_tb  Passed: 4  Affirmations Checked: 1055
%%    Expected      Failures: 0  Errors: 0  Warnings: -183  Passed: 0
%%    VHDL Asserts  Failures: 0  Errors: 0  Warnings: 0  Passed: 0
%%    Default       Failures: 0  Errors: 0  Warnings: 183  Passed: 0
%%    OSVVM         Failures: 0  Errors: 0  Warnings: 0  Passed: 0
%% ============================================================================================================================================================================
%% 
%%  66870 ns    Alert  WARNING             AXISTREAM_VVC,1     check_value(sl, 1) => Failed. Value was 0. Expected 1. 'Check tlast at expected last byte = 3. ' 'expect, tlast wrong ,i=1'  [1233]''
%% 67862.5 ns    Alert  WARNING             AXISTREAM_VVC,1     
axistream_expect(89 words[8b])=> Failed in 8 data bits. First mismatch in word# 65. Was x"42". Expected x"BD". ' 'expect, data wrong ,i=1'  [1246]'
Was:
(67, 9B, 3A, 33, D1, B2, 02, 1A, 91, AD, F9, 03, 5C, EF, 28, 05, 04, 1E, DC, F3, B9, FB, FD, F8, 48, F4, 2F, 29, C6, 90, 02, E1, 83, 42, B0, 30, 91, 23, BB, 6F, E0, D4, 37, A7, E4, 9B, 25, 93, 5D, 71, 7A, D5, 54, 75, 6A, 60, 0B, C6, 39, C6, E0, 28, BE, FD, 42, FF, 5F, E0, 16, EA, C9, 61, 08, 7A, D1, 30, 84, 7F, 5A, 5F, 5F, 92, C7, 51, 8B, 95, 66, 82, 6D)
Expected:
(67, 9B, 3A, 33, D1, B2, 02, 1A, 91, AD, F9, 03, 5C, EF, 28, 05, 04, 1E, DC, F3, B9, FB, FD, F8, 48, F4, 2F, 29, C6, 90, 02, E1, 83, 42, B0, 30, 91, 23, BB, 6F, E0, D4, 37, A7, E4, 9B, 25, 93, 5D, 71, 7A, D5, 54, 75, 6A, 60, 0B, C6, 39, C6, E0, 28, BE, FD, BD, FF, 5F, E0, 16, EA, C9, 61, 08, 7A, D1, 30, 84, 7F, 5A, 5F, 5F, 92, C7, 51, 8B, 95, 66, 82, 6D)

Summary of errors in expected transaction. Failed in: 
8 data bits.
0 tuser bits.
0 tstrb bits.
0 tid bits.
0 tdest bits.

%% 68102.5 ns    Alert  WARNING             AXISTREAM_VVC,1     
axistream_expect(89 words[8b])=> Failed in 1 tuser bits. First mismatch in word# 6. Was x"0". Expected x"1". ' 'expect, tuser wrong ,i=1'  [1248]'
Was:
(1, 0, 1, 0, 1, 0, 1, 0, 1, 0, 1, 0, 1, 0, 1, 0, 1, 0, 1, 0, 1, 0, 1)
Expected:
(1, 0, 1, 0, 1, 1, 1, 0, 1, 0, 1, 0, 1, 0, 1, 0, 1, 0, 1, 0, 1, 0, 1)

Summary of errors in expected transaction. Failed in: 
0 data bits.
1 tuser bits.
0 tstrb bits.
0 tid bits.
0 tdest bits.

%% 69072.5 ns    Alert  WARNING             AXISTREAM_VVC,1     
axistream_expect(91 words[8b])=> Failed in 8 data bits. First mismatch in word# 59. Was x"38". Expected x"C7". ' 'expect, data wrong ,i=2'  [1259]'
Was:
(B8, 10, 1C, 73, 25, 76, E3, 57, D9, B9, 17, 26, 70, 43, EF, 2F, E2, 39, 65, A1, 92, AC, 6E, 5E, BC, E1, AA, CD, 41, E8, E2, 08, AF, 8E, A9, D5, 70, AC, 20, 0E, EF, 06, 5D, D6, 03, AC, B9, 58, F2, F0, 7D, 1F, 06, 45, CB, 62, BD, 47, 38, DF, 2B, 0E, 1A, 49, A3, 6E, A6, DC, 63, 09, 9F, 50, F9, 33, B1, 8F, 6E, 8E, 13, 08, 87, B5, F2, 50, 0B, 7B, 80, 5C, 40, 9F, F5)
Expected:
(B8, 10, 1C, 73, 25, 76, E3, 57, D9, B9, 17, 26, 70, 43, EF, 2F, E2, 39, 65, A1, 92, AC, 6E, 5E, BC, E1, AA, CD, 41, E8, E2, 08, AF, 8E, A9, D5, 70, AC, 20, 0E, EF, 06, 5D, D6, 03, AC, B9, 58, F2, F0, 7D, 1F, 06, 45, CB, 62, BD, 47, C7, DF, 2B, 0E, 1A, 49, A3, 6E, A6, DC, 63, 09, 9F, 50, F9, 33, B1, 8F, 6E, 8E, 13, 08, 87, B5, F2, 50, 0B, 7B, 80, 5C, 40, 9F, F5)

Summary of errors in expected transaction. Failed in: 
8 data bits.
0 tuser bits.
0 tstrb bits.
0 tid bits.
0 tdest bits.

%% 69312.5 ns    Alert  WARNING             AXISTREAM_VVC,1     
axistream_expect(91 words[8b])=> Failed in 1 tuser bits. First mismatch in word# 9. Was x"0". Expected x"1". ' 'expect, tuser wrong ,i=2'  [1261]'
Was:
(0, 1, 0, 1, 0, 1, 0, 1, 0, 1, 0, 1, 0, 1, 0, 1, 0, 1, 0, 1, 0, 1, 0)
Expected:
(0, 1, 0, 1, 0, 1, 0, 1, 1, 1, 0, 1, 0, 1, 0, 1, 0, 1, 0, 1, 0, 1, 0)

Summary of errors in expected transaction. Failed in: 
0 data bits.
1 tuser bits.
0 tstrb bits.
0 tid bits.
0 tdest bits.

%% 70002.5 ns    Alert  WARNING             AXISTREAM_VVC,1     
axistream_expect(61 words[8b])=> Failed in 8 data bits. First mismatch in word# 46. Was x"6B". Expected x"94". ' 'expect, data wrong ,i=3'  [1272]'
Was:
(97, 98, BF, 82, F8, 8C, F6, 6E, 5A, 37, 73, B0, 10, 1A, BD, 9C, 7F, 16, 51, FA, 2B, 2D, 27, 0D, 74, 6A, 09, 4B, 70, BB, 4F, 63, BB, 78, 7E, 5E, E9, 19, 6B, 60, 04, 7D, 5B, E3, ED, 6B, 21, 04, 14, CC, 6E, E5, E4, F1, FC, D8, 39, 68, 85, F1, A2)
Expected:
(97, 98, BF, 82, F8, 8C, F6, 6E, 5A, 37, 73, B0, 10, 1A, BD, 9C, 7F, 16, 51, FA, 2B, 2D, 27, 0D, 74, 6A, 09, 4B, 70, BB, 4F, 63, BB, 78, 7E, 5E, E9, 19, 6B, 60, 04, 7D, 5B, E3, ED, 94, 21, 04, 14, CC, 6E, E5, E4, F1, FC, D8, 39, 68, 85, F1, A2)

Summary of errors in expected transaction. Failed in: 
8 data bits.
0 tuser bits.
0 tstrb bits.
0 tid bits.
0 tdest bits.

%% 70172.5 ns    Alert  WARNING             AXISTREAM_VVC,1     
axistream_expect(61 words[8b])=> Failed in 1 tuser bits. First mismatch in word# 8. Was x"0". Expected x"1". ' 'expect, tuser wrong ,i=3'  [1274]'
Was:
(1, 0, 1, 0, 1, 0, 1, 0, 1, 0, 1, 0, 1, 0, 1, 0)
Expected:
(1, 0, 1, 0, 1, 0, 1, 1, 1, 0, 1, 0, 1, 0, 1, 0)

Summary of errors in expected transaction. Failed in: 
0 data bits.
1 tuser bits.
0 tstrb bits.
0 tid bits.
0 tdest bits.

%% 70422.5 ns    Alert  WARNING             AXISTREAM_VVC,1     
axistream_expect(19 words[8b])=> Failed in 8 data bits. First mismatch in word# 14. Was x"F0". Expected x"0F". ' 'expect, data wrong ,i=4'  [1285]'
Was:
(63, D8, 05, D0, 87, B2, 9C, 1A, E1, A2, 60, 0F, 55, F0, 34, 05, F6, 26, 0C)
Expected:
(63, D8, 05, D0, 87, B2, 9C, 1A, E1, A2, 60, 0F, 55, 0F, 34, 05, F6, 26, 0C)

Summary of errors in expected transaction. Failed in: 
8 data bits.
0 tuser bits.
0 tstrb bits.
0 tid bits.
0 tdest bits.

%% 70482.5 ns    Alert  WARNING             AXISTREAM_VVC,1     
axistream_expect(19 words[8b])=> Failed in 1 tuser bits. First mismatch in word# 5. Was x"0". Expected x"1". ' 'expect, tuser wrong ,i=4'  [1287]'
Was:
(0, 1, 0, 1, 0)
Expected:
(0, 1, 0, 1, 1)

Summary of errors in expected transaction. Failed in: 
0 data bits.
1 tuser bits.
0 tstrb bits.
0 tid bits.
0 tdest bits.

%% 71452.5 ns    Alert  WARNING             AXISTREAM_VVC,1     
axistream_expect(91 words[8b])=> Failed in 8 data bits. First mismatch in word# 77. Was x"28". Expected x"D7". ' 'expect, data wrong ,i=5'  [1298]'
Was:
(3C, 4A, B1, CB, 44, 21, B2, B3, A2, 91, E2, 40, 94, 2F, 76, E9, 4B, 17, F2, 9D, 1A, 11, 83, 06, C8, A7, 4F, C3, 98, F2, B2, 81, 63, DB, D2, 2D, 0D, 69, C9, 32, 19, 5B, 59, D0, AA, 04, A4, 7E, 51, C1, 61, 9D, AE, 0E, 43, FD, FD, 06, B0, 99, 4F, 85, 8F, F7, E8, 23, C6, 27, 7D, DA, 36, 17, B7, 52, 0E, FB, 28, 17, C2, 53, A2, 6E, 13, F4, A8, 8B, 3C, E1, C5, 03, B6)
Expected:
(3C, 4A, B1, CB, 44, 21, B2, B3, A2, 91, E2, 40, 94, 2F, 76, E9, 4B, 17, F2, 9D, 1A, 11, 83, 06, C8, A7, 4F, C3, 98, F2, B2, 81, 63, DB, D2, 2D, 0D, 69, C9, 32, 19, 5B, 59, D0, AA, 04, A4, 7E, 51, C1, 61, 9D, AE, 0E, 43, FD, FD, 06, B0, 99, 4F, 85, 8F, F7, E8, 23, C6, 27, 7D, DA, 36, 17, B7, 52, 0E, FB, D7, 17, C2, 53, A2, 6E, 13, F4, A8, 8B, 3C, E1, C5, 03, B6)

Summary of errors in expected transaction. Failed in: 
8 data bits.
0 tuser bits.
0 tstrb bits.
0 tid bits.
0 tdest bits.

%% 71692.5 ns    Alert  WARNING             AXISTREAM_VVC,1     
axistream_expect(91 words[8b])=> Failed in 1 tuser bits. First mismatch in word# 21. Was x"1". Expected x"0". ' 'expect, tuser wrong ,i=5'  [1300]'
Was:
(1, 0, 1, 0, 1, 0, 1, 0, 1, 0, 1, 0, 1, 0, 1, 0, 1, 0, 1, 0, 1, 0, 1)
Expected:
(1, 0, 1, 0, 1, 0, 1, 0, 1, 0, 1, 0, 1, 0, 1, 0, 1, 0, 1, 0, 0, 0, 1)

Summary of errors in expected transaction. Failed in: 
0 data bits.
1 tuser bits.
0 tstrb bits.
0 tid bits.
0 tdest bits.

%% 71982.5 ns    Alert  WARNING             AXISTREAM_VVC,1     
axistream_expect(24 words[8b])=> Failed in 8 data bits. First mismatch in word# 9. Was x"F7". Expected x"08". ' 'expect, data wrong ,i=6'  [1311]'
Was:
(33, C8, 3D, 12, 51, 24, E0, 07, F7, AF, CF, 7D, 54, 41, 0C, 2A, 19, CF, 57, C2, E3, 09, CD, C3)
Expected:
(33, C8, 3D, 12, 51, 24, E0, 07, 08, AF, CF, 7D, 54, 41, 0C, 2A, 19, CF, 57, C2, E3, 09, CD, C3)

Summary of errors in expected transaction. Failed in: 
8 data bits.
0 tuser bits.
0 tstrb bits.
0 tid bits.
0 tdest bits.

%% 72052.5 ns    Alert  WARNING             AXISTREAM_VVC,1     
axistream_expect(24 words[8b])=> Failed in 1 tuser bits. First mismatch in word# 1. Was x"0". Expected x"1". ' 'expect, tuser wrong ,i=6'  [1313]'
Was:
(0, 1, 0, 1, 0, 1)
Expected:
(1, 1, 0, 1, 0, 1)

Summary of errors in expected transaction. Failed in: 
0 data bits.
1 tuser bits.
0 tstrb bits.
0 tid bits.
0 tdest bits.

%% 72902.5 ns    Alert  WARNING             AXISTREAM_VVC,1     
axistream_expect(78 words[8b])=> Failed in 8 data bits. First mismatch in word# 38. Was x"BD". Expected x"42". ' 'expect, data wrong ,i=7'  [1324]'
Was:
(7D, 87, EB, 34, 07, 2C, 6C, ED, 6A, A9, F9, 36, 5E, B0, 3B, FD, 5D, 80, D9, 35, 87, C8, 63, 7C, 79, DD, 7E, 09, 8A, EA, CC, 24, 74, 33, DC, 2A, CF, BD, 57, CD, 38, 90, A3, 43, 03, B6, CD, 95, 7F, 47, 0E, B1, 83, 3F, 28, 3C, 0B, 6C, 9F, DD, 23, CA, 2E, 3C, CE, 85, AA, 9C, 79, 26, FE, C6, 7C, 23, 64, 03, F9, 03)
Expected:
(7D, 87, EB, 34, 07, 2C, 6C, ED, 6A, A9, F9, 36, 5E, B0, 3B, FD, 5D, 80, D9, 35, 87, C8, 63, 7C, 79, DD, 7E, 09, 8A, EA, CC, 24, 74, 33, DC, 2A, CF, 42, 57, CD, 38, 90, A3, 43, 03, B6, CD, 95, 7F, 47, 0E, B1, 83, 3F, 28, 3C, 0B, 6C, 9F, DD, 23, CA, 2E, 3C, CE, 85, AA, 9C, 79, 26, FE, C6, 7C, 23, 64, 03, F9, 03)

Summary of errors in expected transaction. Failed in: 
8 data bits.
0 tuser bits.
0 tstrb bits.
0 tid bits.
0 tdest bits.

%% 73112.5 ns    Alert  WARNING             AXISTREAM_VVC,1     
axistream_expect(78 words[8b])=> Failed in 1 tuser bits. First mismatch in word# 1. Was x"1". Expected x"0". ' 'expect, tuser wrong ,i=7'  [1326]'
Was:
(1, 0, 1, 0, 1, 0, 1, 0, 1, 0, 1, 0, 1, 0, 1, 0, 1, 0, 1, 0)
Expected:
(0, 0, 1, 0, 1, 0, 1, 0, 1, 0, 1, 0, 1, 0, 1, 0, 1, 0, 1, 0)

Summary of errors in expected transaction. Failed in: 
0 data bits.
1 tuser bits.
0 tstrb bits.
0 tid bits.
0 tdest bits.

%% 73402.5 ns    Alert  WARNING             AXISTREAM_VVC,1     
axistream_expect(23 words[8b])=> Failed in 8 data bits. First mismatch in word# 1. Was x"B8". Expected x"47". ' 'expect, data wrong ,i=8'  [1337]'
Was:
(B8, 2B, F3, 10, 0F, EF, EF, E4, 71, C3, E3, 5F, EE, A0, 35, 70, F6, 9C, F4, C0, 1B, 81, D6)
Expected:
(47, 2B, F3, 10, 0F, EF, EF, E4, 71, C3, E3, 5F, EE, A0, 35, 70, F6, 9C, F4, C0, 1B, 81, D6)

Summary of errors in expected transaction. Failed in: 
8 data bits.
0 tuser bits.
0 tstrb bits.
0 tid bits.
0 tdest bits.

%% 73472.5 ns    Alert  WARNING             AXISTREAM_VVC,1     
axistream_expect(23 words[8b])=> Failed in 1 tuser bits. First mismatch in word# 2. Was x"1". Expected x"0". ' 'expect, tuser wrong ,i=8'  [1339]'
Was:
(0, 1, 0, 1, 0, 1)
Expected:
(0, 0, 0, 1, 0, 1)

Summary of errors in expected transaction. Failed in: 
0 data bits.
1 tuser bits.
0 tstrb bits.
0 tid bits.
0 tdest bits.

%% 74282.5 ns    Alert  WARNING             AXISTREAM_VVC,1     
axistream_expect(76 words[8b])=> Failed in 8 data bits. First mismatch in word# 70. Was x"7D". Expected x"82". ' 'expect, data wrong ,i=9'  [1350]'
Was:
(0C, AB, 14, 49, B4, 0D, 47, DA, 00, 3F, 9F, 22, 12, D4, 05, 75, 2D, 08, F7, BE, DA, A7, 0B, 83, 68, 3F, 92, C8, D8, 8D, 5D, 3E, 68, 55, F5, 92, 5A, 2F, 3D, 21, C7, 05, 1F, 7F, 3D, FC, A5, 3D, 7D, AA, 48, 95, 05, 28, 3C, A9, BA, 7D, 90, EF, 75, E1, 81, AA, 77, FC, BC, 12, F5, 7D, D3, 49, 84, 42, A7, 37)
Expected:
(0C, AB, 14, 49, B4, 0D, 47, DA, 00, 3F, 9F, 22, 12, D4, 05, 75, 2D, 08, F7, BE, DA, A7, 0B, 83, 68, 3F, 92, C8, D8, 8D, 5D, 3E, 68, 55, F5, 92, 5A, 2F, 3D, 21, C7, 05, 1F, 7F, 3D, FC, A5, 3D, 7D, AA, 48, 95, 05, 28, 3C, A9, BA, 7D, 90, EF, 75, E1, 81, AA, 77, FC, BC, 12, F5, 82, D3, 49, 84, 42, A7, 37)

Summary of errors in expected transaction. Failed in: 
8 data bits.
0 tuser bits.
0 tstrb bits.
0 tid bits.
0 tdest bits.

%% 74482.5 ns    Alert  WARNING             AXISTREAM_VVC,1     
axistream_expect(76 words[8b])=> Failed in 1 tuser bits. First mismatch in word# 3. Was x"1". Expected x"0". ' 'expect, tuser wrong ,i=9'  [1352]'
Was:
(1, 0, 1, 0, 1, 0, 1, 0, 1, 0, 1, 0, 1, 0, 1, 0, 1, 0, 1)
Expected:
(1, 0, 0, 0, 1, 0, 1, 0, 1, 0, 1, 0, 1, 0, 1, 0, 1, 0, 1)

Summary of errors in expected transaction. Failed in: 
0 data bits.
1 tuser bits.
0 tstrb bits.
0 tid bits.
0 tdest bits.

%% 74852.5 ns    Alert  WARNING             AXISTREAM_VVC,1     
axistream_expect(30 words[8b])=> Failed in 8 data bits. First mismatch in word# 8. Was x"BB". Expected x"44". ' 'expect, data wrong ,i=10'  [1363]'
Was:
(0A, DE, 8A, 51, 1B, D7, 0D, BB, 45, 3A, BE, 16, 1F, 6D, 6B, FE, D2, 4C, C0, 35, 03, 50, 7D, D4, A9, E4, D0, C1, 40, 80)
Expected:
(0A, DE, 8A, 51, 1B, D7, 0D, 44, 45, 3A, BE, 16, 1F, 6D, 6B, FE, D2, 4C, C0, 35, 03, 50, 7D, D4, A9, E4, D0, C1, 40, 80)

Summary of errors in expected transaction. Failed in: 
8 data bits.
0 tuser bits.
0 tstrb bits.
0 tid bits.
0 tdest bits.

%% 74942.5 ns    Alert  WARNING             AXISTREAM_VVC,1     
axistream_expect(30 words[8b])=> Failed in 1 tuser bits. First mismatch in word# 2. Was x"1". Expected x"0". ' 'expect, tuser wrong ,i=10'  [1365]'
Was:
(0, 1, 0, 1, 0, 1, 0, 1)
Expected:
(0, 0, 0, 1, 0, 1, 0, 1)

Summary of errors in expected transaction. Failed in: 
0 data bits.
1 tuser bits.
0 tstrb bits.
0 tid bits.
0 tdest bits.

%% 75592.5 ns    Alert  WARNING             AXISTREAM_VVC,1     
axistream_expect(57 words[8b])=> Failed in 8 data bits. First mismatch in word# 12. Was x"F4". Expected x"0B". ' 'expect, data wrong ,i=11'  [1376]'
Was:
(E6, DF, FC, EE, BA, 1C, A8, FC, 7D, 64, 4C, F4, 31, 1F, AC, CE, 5E, 7A, 64, B3, 2A, 48, 7F, 19, 8F, 04, 54, D3, 93, 09, 60, 13, 67, 2A, C5, 76, BB, 67, 5B, F5, 95, 6E, 73, D2, DE, 88, 19, 7B, DB, EB, AF, E4, AB, 9F, 5E, 63, 6F)
Expected:
(E6, DF, FC, EE, BA, 1C, A8, FC, 7D, 64, 4C, 0B, 31, 1F, AC, CE, 5E, 7A, 64, B3, 2A, 48, 7F, 19, 8F, 04, 54, D3, 93, 09, 60, 13, 67, 2A, C5, 76, BB, 67, 5B, F5, 95, 6E, 73, D2, DE, 88, 19, 7B, DB, EB, AF, E4, AB, 9F, 5E, 63, 6F)

Summary of errors in expected transaction. Failed in: 
8 data bits.
0 tuser bits.
0 tstrb bits.
0 tid bits.
0 tdest bits.

%% 75752.5 ns    Alert  WARNING             AXISTREAM_VVC,1     
axistream_expect(57 words[8b])=> Failed in 1 tuser bits. First mismatch in word# 4. Was x"0". Expected x"1". ' 'expect, tuser wrong ,i=11'  [1378]'
Was:
(1, 0, 1, 0, 1, 0, 1, 0, 1, 0, 1, 0, 1, 0, 1)
Expected:
(1, 0, 1, 1, 1, 0, 1, 0, 1, 0, 1, 0, 1, 0, 1)

Summary of errors in expected transaction. Failed in: 
0 data bits.
1 tuser bits.
0 tstrb bits.
0 tid bits.
0 tdest bits.

%% 76602.5 ns    Alert  WARNING             AXISTREAM_VVC,1     
axistream_expect(79 words[8b])=> Failed in 8 data bits. First mismatch in word# 14. Was x"F3". Expected x"0C". ' 'expect, data wrong ,i=12'  [1389]'
Was:
(4E, 52, 5C, E5, B2, 74, 84, BF, 59, EC, 3B, C0, 51, F3, 94, F1, 97, 72, 3F, 66, 8B, 6F, 68, EC, 15, 55, 7D, 2A, 62, 41, 1E, 6C, 0A, C5, 60, C0, E4, 1B, 1C, 19, 8C, EE, BB, 75, 57, D2, 9B, C3, F0, 84, FF, C2, 39, 41, 94, 03, 50, E1, BA, 49, 93, 9D, 44, 9D, 7C, DA, 3D, 63, DA, 05, E2, 09, 5D, 50, 78, AC, 99, 4B, B0)
Expected:
(4E, 52, 5C, E5, B2, 74, 84, BF, 59, EC, 3B, C0, 51, 0C, 94, F1, 97, 72, 3F, 66, 8B, 6F, 68, EC, 15, 55, 7D, 2A, 62, 41, 1E, 6C, 0A, C5, 60, C0, E4, 1B, 1C, 19, 8C, EE, BB, 75, 57, D2, 9B, C3, F0, 84, FF, C2, 39, 41, 94, 03, 50, E1, BA, 49, 93, 9D, 44, 9D, 7C, DA, 3D, 63, DA, 05, E2, 09, 5D, 50, 78, AC, 99, 4B, B0)

Summary of errors in expected transaction. Failed in: 
8 data bits.
0 tuser bits.
0 tstrb bits.
0 tid bits.
0 tdest bits.

%% 76812.5 ns    Alert  WARNING             AXISTREAM_VVC,1     
axistream_expect(79 words[8b])=> Failed in 1 tuser bits. First mismatch in word# 14. Was x"1". Expected x"0". ' 'expect, tuser wrong ,i=12'  [1391]'
Was:
(0, 1, 0, 1, 0, 1, 0, 1, 0, 1, 0, 1, 0, 1, 0, 1, 0, 1, 0, 1)
Expected:
(0, 1, 0, 1, 0, 1, 0, 1, 0, 1, 0, 1, 0, 0, 0, 1, 0, 1, 0, 1)

Summary of errors in expected transaction. Failed in: 
0 data bits.
1 tuser bits.
0 tstrb bits.
0 tid bits.
0 tdest bits.

%% 77822.5 ns    Alert  WARNING             AXISTREAM_VVC,1     
axistream_expect(94 words[8b])=> Failed in 8 data bits. First mismatch in word# 71. Was x"64". Expected x"9B". ' 'expect, data wrong ,i=13'  [1402]'
Was:
(E6, AE, 54, 25, CD, FE, 33, 9B, 52, 15, D7, DA, E6, 92, 11, 7A, 15, 66, 54, B3, 99, F1, B3, A6, 0D, 80, 4B, 43, 31, 34, 85, DF, 70, 83, 84, 45, 99, 2C, 98, 42, 16, FD, A4, 66, B3, 81, 4D, C2, 0E, EF, 4F, 65, 0E, 57, 0D, 28, 87, 4E, EF, 59, 68, C7, EC, 3F, FE, 5E, 71, 39, BF, 28, 64, 09, 83, 84, A2, 44, 4F, FE, 73, BC, F9, BE, FB, 09, 98, 63, 2B, 73, D4, A1, C2, 97, 4C, FC)
Expected:
(E6, AE, 54, 25, CD, FE, 33, 9B, 52, 15, D7, DA, E6, 92, 11, 7A, 15, 66, 54, B3, 99, F1, B3, A6, 0D, 80, 4B, 43, 31, 34, 85, DF, 70, 83, 84, 45, 99, 2C, 98, 42, 16, FD, A4, 66, B3, 81, 4D, C2, 0E, EF, 4F, 65, 0E, 57, 0D, 28, 87, 4E, EF, 59, 68, C7, EC, 3F, FE, 5E, 71, 39, BF, 28, 9B, 09, 83, 84, A2, 44, 4F, FE, 73, BC, F9, BE, FB, 09, 98, 63, 2B, 73, D4, A1, C2, 97, 4C, FC)

Summary of errors in expected transaction. Failed in: 
8 data bits.
0 tuser bits.
0 tstrb bits.
0 tid bits.
0 tdest bits.

%% 78072.5 ns    Alert  WARNING             AXISTREAM_VVC,1     
axistream_expect(94 words[8b])=> Failed in 1 tuser bits. First mismatch in word# 8. Was x"0". Expected x"1". ' 'expect, tuser wrong ,i=13'  [1404]'
Was:
(1, 0, 1, 0, 1, 0, 1, 0, 1, 0, 1, 0, 1, 0, 1, 0, 1, 0, 1, 0, 1, 0, 1, 0)
Expected:
(1, 0, 1, 0, 1, 0, 1, 1, 1, 0, 1, 0, 1, 0, 1, 0, 1, 0, 1, 0, 1, 0, 1, 0)

Summary of errors in expected transaction. Failed in: 
0 data bits.
1 tuser bits.
0 tstrb bits.
0 tid bits.
0 tdest bits.

%% 78282.5 ns    Alert  WARNING             AXISTREAM_VVC,1     
axistream_expect(13 words[8b])=> Failed in 8 data bits. First mismatch in word# 9. Was x"65". Expected x"9A". ' 'expect, data wrong ,i=14'  [1415]'
Was:
(D1, A5, 14, E8, E5, B5, 21, 67, 65, 33, 70, 1D, D9)
Expected:
(D1, A5, 14, E8, E5, B5, 21, 67, 9A, 33, 70, 1D, D9)

Summary of errors in expected transaction. Failed in: 
8 data bits.
0 tuser bits.
0 tstrb bits.
0 tid bits.
0 tdest bits.

%% 78332.5 ns    Alert  WARNING             AXISTREAM_VVC,1     
axistream_expect(13 words[8b])=> Failed in 1 tuser bits. First mismatch in word# 3. Was x"0". Expected x"1". ' 'expect, tuser wrong ,i=14'  [1417]'
Was:
(0, 1, 0, 1)
Expected:
(0, 1, 1, 1)

Summary of errors in expected transaction. Failed in: 
0 data bits.
1 tuser bits.
0 tstrb bits.
0 tid bits.
0 tdest bits.

%% 78502.5 ns    Alert  WARNING             AXISTREAM_VVC,1     
axistream_expect(11 words[8b])=> Failed in 8 data bits. First mismatch in word# 5. Was x"34". Expected x"CB". ' 'expect, data wrong ,i=15'  [1428]'
Was:
(DD, D2, 3C, 7F, 34, 2E, 20, 8A, 52, 57, 94)
Expected:
(DD, D2, 3C, 7F, CB, 2E, 20, 8A, 52, 57, 94)

Summary of errors in expected transaction. Failed in: 
8 data bits.
0 tuser bits.
0 tstrb bits.
0 tid bits.
0 tdest bits.

%% 78542.5 ns    Alert  WARNING             AXISTREAM_VVC,1     
axistream_expect(11 words[8b])=> Failed in 1 tuser bits. First mismatch in word# 1. Was x"1". Expected x"0". ' 'expect, tuser wrong ,i=15'  [1430]'
Was:
(1, 0, 1)
Expected:
(0, 0, 1)

Summary of errors in expected transaction. Failed in: 
0 data bits.
1 tuser bits.
0 tstrb bits.
0 tid bits.
0 tdest bits.

%% 79192.5 ns    Alert  WARNING             AXISTREAM_VVC,1     
axistream_expect(58 words[8b])=> Failed in 8 data bits. First mismatch in word# 49. Was x"3E". Expected x"C1". ' 'expect, data wrong ,i=16'  [1441]'
Was:
(D0, 56, AA, B3, 24, 98, 13, 83, 98, 4E, 8A, 32, 7E, 97, B9, 6B, 0F, 0B, EC, 35, 69, 97, 63, 9A, FD, 90, 46, F6, 9C, DA, 09, 2D, DC, D7, 87, 24, 09, DC, B2, F1, 58, B6, 90, 56, 54, B3, 51, 0A, 3E, 68, 38, 0F, 4D, 7E, 32, C0, 56, 50)
Expected:
(D0, 56, AA, B3, 24, 98, 13, 83, 98, 4E, 8A, 32, 7E, 97, B9, 6B, 0F, 0B, EC, 35, 69, 97, 63, 9A, FD, 90, 46, F6, 9C, DA, 09, 2D, DC, D7, 87, 24, 09, DC, B2, F1, 58, B6, 90, 56, 54, B3, 51, 0A, C1, 68, 38, 0F, 4D, 7E, 32, C0, 56, 50)

Summary of errors in expected transaction. Failed in: 
8 data bits.
0 tuser bits.
0 tstrb bits.
0 tid bits.
0 tdest bits.

%% 79352.5 ns    Alert  WARNING             AXISTREAM_VVC,1     
axistream_expect(58 words[8b])=> Failed in 1 tuser bits. First mismatch in word# 9. Was x"0". Expected x"1". ' 'expect, tuser wrong ,i=16'  [1443]'
Was:
(0, 1, 0, 1, 0, 1, 0, 1, 0, 1, 0, 1, 0, 1, 0)
Expected:
(0, 1, 0, 1, 0, 1, 0, 1, 1, 1, 0, 1, 0, 1, 0)

Summary of errors in expected transaction. Failed in: 
0 data bits.
1 tuser bits.
0 tstrb bits.
0 tid bits.
0 tdest bits.

%% 79922.5 ns    Alert  WARNING             AXISTREAM_VVC,1     
axistream_expect(51 words[8b])=> Failed in 8 data bits. First mismatch in word# 4. Was x"F9". Expected x"06". ' 'expect, data wrong ,i=17'  [1454]'
Was:
(9A, 97, E1, F9, CC, 8A, 98, 91, 50, C7, 49, 10, 66, 29, EA, 6E, 40, 33, E4, 62, A6, 20, F0, 2D, 85, 62, BF, C1, 15, DB, 03, B2, 87, 81, 46, 64, F9, 4C, 2A, B8, 00, 9B, B5, C1, 51, 38, 78, A6, 67, 3E, 83)
Expected:
(9A, 97, E1, 06, CC, 8A, 98, 91, 50, C7, 49, 10, 66, 29, EA, 6E, 40, 33, E4, 62, A6, 20, F0, 2D, 85, 62, BF, C1, 15, DB, 03, B2, 87, 81, 46, 64, F9, 4C, 2A, B8, 00, 9B, B5, C1, 51, 38, 78, A6, 67, 3E, 83)

Summary of errors in expected transaction. Failed in: 
8 data bits.
0 tuser bits.
0 tstrb bits.
0 tid bits.
0 tdest bits.

%% 80062.5 ns    Alert  WARNING             AXISTREAM_VVC,1     
axistream_expect(51 words[8b])=> Failed in 1 tuser bits. First mismatch in word# 12. Was x"0". Expected x"1". ' 'expect, tuser wrong ,i=17'  [1456]'
Was:
(1, 0, 1, 0, 1, 0, 1, 0, 1, 0, 1, 0, 1)
Expected:
(1, 0, 1, 0, 1, 0, 1, 0, 1, 0, 1, 1, 1)

Summary of errors in expected transaction. Failed in: 
0 data bits.
1 tuser bits.
0 tstrb bits.
0 tid bits.
0 tdest bits.

%% 80632.5 ns    Alert  WARNING             AXISTREAM_VVC,1     
axistream_expect(52 words[8b])=> Failed in 8 data bits. First mismatch in word# 25. Was x"56". Expected x"A9". ' 'expect, data wrong ,i=18'  [1467]'
Was:
(0C, 59, 58, 3D, F4, 91, 3C, 13, 33, EE, C5, B2, 7B, 84, 4D, EC, F7, 8B, C1, 07, 6D, FA, 25, 94, 56, FD, EC, 93, 57, A4, 6A, 4F, 10, A4, B4, 8B, C0, 10, AC, EF, 3F, 51, 0B, 97, 8D, C0, 15, FE, F9, 6B, 16, 4A)
Expected:
(0C, 59, 58, 3D, F4, 91, 3C, 13, 33, EE, C5, B2, 7B, 84, 4D, EC, F7, 8B, C1, 07, 6D, FA, 25, 94, A9, FD, EC, 93, 57, A4, 6A, 4F, 10, A4, B4, 8B, C0, 10, AC, EF, 3F, 51, 0B, 97, 8D, C0, 15, FE, F9, 6B, 16, 4A)

Summary of errors in expected transaction. Failed in: 
8 data bits.
0 tuser bits.
0 tstrb bits.
0 tid bits.
0 tdest bits.

%% 80772.5 ns    Alert  WARNING             AXISTREAM_VVC,1     
axistream_expect(52 words[8b])=> Failed in 1 tuser bits. First mismatch in word# 3. Was x"0". Expected x"1". ' 'expect, tuser wrong ,i=18'  [1469]'
Was:
(0, 1, 0, 1, 0, 1, 0, 1, 0, 1, 0, 1, 0)
Expected:
(0, 1, 1, 1, 0, 1, 0, 1, 0, 1, 0, 1, 0)

Summary of errors in expected transaction. Failed in: 
0 data bits.
1 tuser bits.
0 tstrb bits.
0 tid bits.
0 tdest bits.

%% 81702.5 ns    Alert  WARNING             AXISTREAM_VVC,1     
axistream_expect(86 words[8b])=> Failed in 8 data bits. First mismatch in word# 69. Was x"B0". Expected x"4F". ' 'expect, data wrong ,i=19'  [1480]'
Was:
(90, 57, A8, 93, 90, 8E, AC, 8E, 7B, 9E, 06, A4, 25, 97, B9, 16, 93, FC, BC, 50, 16, 3F, E5, F2, C9, AB, E1, 6D, 68, EF, DE, EF, 0B, DE, 8D, 33, BF, 67, A0, A6, C5, 10, 7A, 8B, F7, 4C, 93, 32, E3, 48, F2, C1, 21, 20, B5, EA, A8, 75, AC, 78, F0, D4, 13, E8, 9C, 70, 23, 85, B0, 02, E7, F0, 17, 50, A5, 02, 86, 48, CA, 17, 06, DE, 6D, C2, A7, 4C)
Expected:
(90, 57, A8, 93, 90, 8E, AC, 8E, 7B, 9E, 06, A4, 25, 97, B9, 16, 93, FC, BC, 50, 16, 3F, E5, F2, C9, AB, E1, 6D, 68, EF, DE, EF, 0B, DE, 8D, 33, BF, 67, A0, A6, C5, 10, 7A, 8B, F7, 4C, 93, 32, E3, 48, F2, C1, 21, 20, B5, EA, A8, 75, AC, 78, F0, D4, 13, E8, 9C, 70, 23, 85, 4F, 02, E7, F0, 17, 50, A5, 02, 86, 48, CA, 17, 06, DE, 6D, C2, A7, 4C)

Summary of errors in expected transaction. Failed in: 
8 data bits.
0 tuser bits.
0 tstrb bits.
0 tid bits.
0 tdest bits.

%% 81932.5 ns    Alert  WARNING             AXISTREAM_VVC,1     
axistream_expect(86 words[8b])=> Failed in 1 tuser bits. First mismatch in word# 21. Was x"1". Expected x"0". ' 'expect, tuser wrong ,i=19'  [1482]'
Was:
(1, 0, 1, 0, 1, 0, 1, 0, 1, 0, 1, 0, 1, 0, 1, 0, 1, 0, 1, 0, 1, 0)
Expected:
(1, 0, 1, 0, 1, 0, 1, 0, 1, 0, 1, 0, 1, 0, 1, 0, 1, 0, 1, 0, 0, 0)

Summary of errors in expected transaction. Failed in: 
0 data bits.
1 tuser bits.
0 tstrb bits.
0 tid bits.
0 tdest bits.

%% 82022.5 ns    Alert  WARNING             AXISTREAM_VVC,1     
axistream_expect(1 words[8b])=> Failed in 8 data bits. First mismatch in word# 1. Was x"E0". Expected x"1F". ' 'expect, data wrong ,i=20'  [1493]'
Was:
(E0)
Expected:
(1F)

Summary of errors in expected transaction. Failed in: 
8 data bits.
0 tuser bits.
0 tstrb bits.
0 tid bits.
0 tdest bits.

%% 82042.5 ns    Alert  WARNING             AXISTREAM_VVC,1     
axistream_expect(1 words[8b])=> Failed in 1 tuser bits. First mismatch in word# 1. Was x"0". Expected x"1". ' 'expect, tuser wrong ,i=20'  [1495]'
Was:
(0)
Expected:
(1)

Summary of errors in expected transaction. Failed in: 
0 data bits.
1 tuser bits.
0 tstrb bits.
0 tid bits.
0 tdest bits.

%% 
%% ============================================================================================================================================================================
%%  *** INTERMEDIATE SUMMARY OF ALL ALERTS ***
%% ============================================================================================================================================================================
%% 82042.5 ns    DONE   PASSED   axistream_vvc_slv_array_tb  Passed: 4  Affirmations Checked: 1298
%%    Expected      Failures: 0  Errors: 0  Warnings: -224  Passed: 0
%%    VHDL Asserts  Failures: 0  Errors: 0  Warnings: 0  Passed: 0
%%    Default       Failures: 0  Errors: 0  Warnings: 224  Passed: 0
%%    OSVVM         Failures: 0  Errors: 0  Warnings: 0  Passed: 0
%% ============================================================================================================================================================================
%% 
%%  82070 ns    Alert  WARNING             AXISTREAM_VVC,1     check_value(sl, 1) => Failed. Value was 0. Expected 1. 'Check tlast at expected last byte = 3. ' 'expect, tlast wrong ,i=1'  [1500]''
%% 82462.5 ns    Alert  WARNING             AXISTREAM_VVC,1     
axistream_expect(32 words[8b])=> Failed in 8 data bits. First mismatch in word# 9. Was x"F8". Expected x"07". ' 'expect, data wrong ,i=1'  [1513]'
Was:
(CC, 62, 12, C1, 90, 89, 20, 77, F8, 44, 95, 9A, 98, BC, F8, E1, 96, B6, D0, 12, DA, 0F, 9A, 87, D4, 4A, 9F, 27, 16, 11, 33, 0A)
Expected:
(CC, 62, 12, C1, 90, 89, 20, 77, 07, 44, 95, 9A, 98, BC, F8, E1, 96, B6, D0, 12, DA, 0F, 9A, 87, D4, 4A, 9F, 27, 16, 11, 33, 0A)

Summary of errors in expected transaction. Failed in: 
8 data bits.
0 tuser bits.
0 tstrb bits.
0 tid bits.
0 tdest bits.

%% 82552.5 ns    Alert  WARNING             AXISTREAM_VVC,1     
axistream_expect(32 words[8b])=> Failed in 1 tuser bits. First mismatch in word# 8. Was x"0". Expected x"1". ' 'expect, tuser wrong ,i=1'  [1515]'
Was:
(1, 0, 1, 0, 1, 0, 1, 0)
Expected:
(1, 0, 1, 0, 1, 0, 1, 1)

Summary of errors in expected transaction. Failed in: 
0 data bits.
1 tuser bits.
0 tstrb bits.
0 tid bits.
0 tdest bits.

%% 82922.5 ns    Alert  WARNING             AXISTREAM_VVC,1     
axistream_expect(32 words[8b])=> Failed in 8 data bits. First mismatch in word# 25. Was x"D6". Expected x"29". ' 'expect, data wrong ,i=2'  [1526]'
Was:
(69, FB, 07, 19, C1, CC, 3B, C7, 1E, 74, 68, CE, 9E, CD, E5, 26, B0, B6, B1, 64, 98, 80, D3, 46, D6, EB, F6, BE, 15, 2F, B4, 35)
Expected:
(69, FB, 07, 19, C1, CC, 3B, C7, 1E, 74, 68, CE, 9E, CD, E5, 26, B0, B6, B1, 64, 98, 80, D3, 46, 29, EB, F6, BE, 15, 2F, B4, 35)

Summary of errors in expected transaction. Failed in: 
8 data bits.
0 tuser bits.
0 tstrb bits.
0 tid bits.
0 tdest bits.

%% 83012.5 ns    Alert  WARNING             AXISTREAM_VVC,1     
axistream_expect(32 words[8b])=> Failed in 1 tuser bits. First mismatch in word# 3. Was x"0". Expected x"1". ' 'expect, tuser wrong ,i=2'  [1528]'
Was:
(0, 1, 0, 1, 0, 1, 0, 1)
Expected:
(0, 1, 1, 1, 0, 1, 0, 1)

Summary of errors in expected transaction. Failed in: 
0 data bits.
1 tuser bits.
0 tstrb bits.
0 tid bits.
0 tdest bits.

%% 83862.5 ns    Alert  WARNING             AXISTREAM_VVC,1     
axistream_expect(78 words[8b])=> Failed in 8 data bits. First mismatch in word# 3. Was x"63". Expected x"9C". ' 'expect, data wrong ,i=3'  [1539]'
Was:
(ED, BB, 63, 86, 2C, D1, 87, F0, 3F, B3, 05, 1E, A1, 58, 7C, 2E, C6, 63, 5D, BB, 9B, E6, C6, 30, 46, 4A, 3A, 08, B1, 99, 21, 4C, 9F, 6F, 44, 3A, 3E, EA, 47, 81, 1B, B8, 02, F5, 6E, 50, 78, 56, 63, 62, 27, B9, 97, 70, F6, 42, 31, 9E, ED, 7D, 5F, 15, 4B, EF, 05, 27, 92, 91, F9, FD, 20, 48, DE, 8D, 27, 32, 65, CB)
Expected:
(ED, BB, 9C, 86, 2C, D1, 87, F0, 3F, B3, 05, 1E, A1, 58, 7C, 2E, C6, 63, 5D, BB, 9B, E6, C6, 30, 46, 4A, 3A, 08, B1, 99, 21, 4C, 9F, 6F, 44, 3A, 3E, EA, 47, 81, 1B, B8, 02, F5, 6E, 50, 78, 56, 63, 62, 27, B9, 97, 70, F6, 42, 31, 9E, ED, 7D, 5F, 15, 4B, EF, 05, 27, 92, 91, F9, FD, 20, 48, DE, 8D, 27, 32, 65, CB)

Summary of errors in expected transaction. Failed in: 
8 data bits.
0 tuser bits.
0 tstrb bits.
0 tid bits.
0 tdest bits.

%% 84072.5 ns    Alert  WARNING             AXISTREAM_VVC,1     
axistream_expect(78 words[8b])=> Failed in 1 tuser bits. First mismatch in word# 10. Was x"0". Expected x"1". ' 'expect, tuser wrong ,i=3'  [1541]'
Was:
(1, 0, 1, 0, 1, 0, 1, 0, 1, 0, 1, 0, 1, 0, 1, 0, 1, 0, 1, 0)
Expected:
(1, 0, 1, 0, 1, 0, 1, 0, 1, 1, 1, 0, 1, 0, 1, 0, 1, 0, 1, 0)

Summary of errors in expected transaction. Failed in: 
0 data bits.
1 tuser bits.
0 tstrb bits.
0 tid bits.
0 tdest bits.

%% 84402.5 ns    Alert  WARNING             AXISTREAM_VVC,1     
axistream_expect(28 words[8b])=> Failed in 8 data bits. First mismatch in word# 10. Was x"83". Expected x"7C". ' 'expect, data wrong ,i=4'  [1552]'
Was:
(93, 09, 89, 27, AC, E9, DC, A2, 59, 83, CC, A5, 3B, 33, AA, 85, C7, BB, E8, E9, 55, D9, F7, 74, 46, 64, 7E, 90)
Expected:
(93, 09, 89, 27, AC, E9, DC, A2, 59, 7C, CC, A5, 3B, 33, AA, 85, C7, BB, E8, E9, 55, D9, F7, 74, 46, 64, 7E, 90)

Summary of errors in expected transaction. Failed in: 
8 data bits.
0 tuser bits.
0 tstrb bits.
0 tid bits.
0 tdest bits.

%% 84482.5 ns    Alert  WARNING             AXISTREAM_VVC,1     
axistream_expect(28 words[8b])=> Failed in 1 tuser bits. First mismatch in word# 3. Was x"0". Expected x"1". ' 'expect, tuser wrong ,i=4'  [1554]'
Was:
(0, 1, 0, 1, 0, 1, 0)
Expected:
(0, 1, 1, 1, 0, 1, 0)

Summary of errors in expected transaction. Failed in: 
0 data bits.
1 tuser bits.
0 tstrb bits.
0 tid bits.
0 tdest bits.

%% 84772.5 ns    Alert  WARNING             AXISTREAM_VVC,1     
axistream_expect(24 words[8b])=> Failed in 8 data bits. First mismatch in word# 20. Was x"41". Expected x"BE". ' 'expect, data wrong ,i=5'  [1565]'
Was:
(DC, A3, 2B, A9, 46, 18, 91, B8, 15, 76, 32, 2E, FC, CF, 12, FF, B9, C8, 61, 41, 56, C8, 2E, 8C)
Expected:
(DC, A3, 2B, A9, 46, 18, 91, B8, 15, 76, 32, 2E, FC, CF, 12, FF, B9, C8, 61, BE, 56, C8, 2E, 8C)

Summary of errors in expected transaction. Failed in: 
8 data bits.
0 tuser bits.
0 tstrb bits.
0 tid bits.
0 tdest bits.

%% 84842.5 ns    Alert  WARNING             AXISTREAM_VVC,1     
axistream_expect(24 words[8b])=> Failed in 1 tuser bits. First mismatch in word# 5. Was x"1". Expected x"0". ' 'expect, tuser wrong ,i=5'  [1567]'
Was:
(1, 0, 1, 0, 1, 0)
Expected:
(1, 0, 1, 0, 0, 0)

Summary of errors in expected transaction. Failed in: 
0 data bits.
1 tuser bits.
0 tstrb bits.
0 tid bits.
0 tdest bits.

%% 84972.5 ns    Alert  WARNING             AXISTREAM_VVC,1     
axistream_expect(8 words[8b])=> Failed in 8 data bits. First mismatch in word# 7. Was x"63". Expected x"9C". ' 'expect, data wrong ,i=6'  [1578]'
Was:
(4F, 2E, 8C, 19, E2, 2F, 63, BD)
Expected:
(4F, 2E, 8C, 19, E2, 2F, 9C, BD)

Summary of errors in expected transaction. Failed in: 
8 data bits.
0 tuser bits.
0 tstrb bits.
0 tid bits.
0 tdest bits.

%% 85002.5 ns    Alert  WARNING             AXISTREAM_VVC,1     
axistream_expect(8 words[8b])=> Failed in 1 tuser bits. First mismatch in word# 1. Was x"0". Expected x"1". ' 'expect, tuser wrong ,i=6'  [1580]'
Was:
(0, 1)
Expected:
(1, 1)

Summary of errors in expected transaction. Failed in: 
0 data bits.
1 tuser bits.
0 tstrb bits.
0 tid bits.
0 tdest bits.

%% 85212.5 ns    Alert  WARNING             AXISTREAM_VVC,1     
axistream_expect(14 words[8b])=> Failed in 8 data bits. First mismatch in word# 2. Was x"D7". Expected x"28". ' 'expect, data wrong ,i=7'  [1591]'
Was:
(B4, D7, CA, AD, 14, F2, 5C, F9, 0F, CC, EB, 7D, 97, A1)
Expected:
(B4, 28, CA, AD, 14, F2, 5C, F9, 0F, CC, EB, 7D, 97, A1)

Summary of errors in expected transaction. Failed in: 
8 data bits.
0 tuser bits.
0 tstrb bits.
0 tid bits.
0 tdest bits.

%% 85262.5 ns    Alert  WARNING             AXISTREAM_VVC,1     
axistream_expect(14 words[8b])=> Failed in 1 tuser bits. First mismatch in word# 4. Was x"0". Expected x"1". ' 'expect, tuser wrong ,i=7'  [1593]'
Was:
(1, 0, 1, 0)
Expected:
(1, 0, 1, 1)

Summary of errors in expected transaction. Failed in: 
0 data bits.
1 tuser bits.
0 tstrb bits.
0 tid bits.
0 tdest bits.

%% 85992.5 ns    Alert  WARNING             AXISTREAM_VVC,1     
axistream_expect(66 words[8b])=> Failed in 8 data bits. First mismatch in word# 3. Was x"00". Expected x"FF". ' 'expect, data wrong ,i=8'  [1604]'
Was:
(0B, 15, 00, 8C, C7, B2, B3, 90, 62, 39, EA, 3F, C1, AB, CF, 98, 2B, 87, DC, 58, 23, 63, 60, 68, 53, 66, 7F, AF, C8, 5F, AE, 35, 52, 71, 6E, B4, 26, A2, 6D, 2B, 3E, 12, 36, B6, C0, 8A, 31, C6, 9C, 50, AE, 5D, EA, 87, CC, 04, 97, 24, FD, E3, CA, C0, 1B, A4, B0, F6)
Expected:
(0B, 15, FF, 8C, C7, B2, B3, 90, 62, 39, EA, 3F, C1, AB, CF, 98, 2B, 87, DC, 58, 23, 63, 60, 68, 53, 66, 7F, AF, C8, 5F, AE, 35, 52, 71, 6E, B4, 26, A2, 6D, 2B, 3E, 12, 36, B6, C0, 8A, 31, C6, 9C, 50, AE, 5D, EA, 87, CC, 04, 97, 24, FD, E3, CA, C0, 1B, A4, B0, F6)

Summary of errors in expected transaction. Failed in: 
8 data bits.
0 tuser bits.
0 tstrb bits.
0 tid bits.
0 tdest bits.

%% 86172.5 ns    Alert  WARNING             AXISTREAM_VVC,1     
axistream_expect(66 words[8b])=> Failed in 1 tuser bits. First mismatch in word# 9. Was x"0". Expected x"1". ' 'expect, tuser wrong ,i=8'  [1606]'
Was:
(0, 1, 0, 1, 0, 1, 0, 1, 0, 1, 0, 1, 0, 1, 0, 1, 0)
Expected:
(0, 1, 0, 1, 0, 1, 0, 1, 1, 1, 0, 1, 0, 1, 0, 1, 0)

Summary of errors in expected transaction. Failed in: 
0 data bits.
1 tuser bits.
0 tstrb bits.
0 tid bits.
0 tdest bits.

%% 87062.5 ns    Alert  WARNING             AXISTREAM_VVC,1     
axistream_expect(82 words[8b])=> Failed in 8 data bits. First mismatch in word# 60. Was x"CA". Expected x"35". ' 'expect, data wrong ,i=9'  [1617]'
Was:
(25, DC, 95, 96, 8A, 3E, B7, 2C, B2, 50, 0A, 74, 14, A7, 07, C4, 6E, 2B, 57, D6, AA, A0, 47, D1, C4, AD, 76, 8F, 94, 4F, 69, 6A, BB, 22, 8E, F5, DD, 3D, 89, 3F, 2B, 12, 16, 0D, 95, 74, 6B, 8C, B5, F6, 0D, E3, 9A, 73, C9, C6, 36, 41, 04, CA, E7, 2E, 2E, FF, 6F, 24, CA, 53, E6, 26, 80, 06, 1B, FB, 5E, 5F, 24, 32, BB, 87, 98, 48)
Expected:
(25, DC, 95, 96, 8A, 3E, B7, 2C, B2, 50, 0A, 74, 14, A7, 07, C4, 6E, 2B, 57, D6, AA, A0, 47, D1, C4, AD, 76, 8F, 94, 4F, 69, 6A, BB, 22, 8E, F5, DD, 3D, 89, 3F, 2B, 12, 16, 0D, 95, 74, 6B, 8C, B5, F6, 0D, E3, 9A, 73, C9, C6, 36, 41, 04, 35, E7, 2E, 2E, FF, 6F, 24, CA, 53, E6, 26, 80, 06, 1B, FB, 5E, 5F, 24, 32, BB, 87, 98, 48)

Summary of errors in expected transaction. Failed in: 
8 data bits.
0 tuser bits.
0 tstrb bits.
0 tid bits.
0 tdest bits.

%% 87282.5 ns    Alert  WARNING             AXISTREAM_VVC,1     
axistream_expect(82 words[8b])=> Failed in 1 tuser bits. First mismatch in word# 10. Was x"0". Expected x"1". ' 'expect, tuser wrong ,i=9'  [1619]'
Was:
(1, 0, 1, 0, 1, 0, 1, 0, 1, 0, 1, 0, 1, 0, 1, 0, 1, 0, 1, 0, 1)
Expected:
(1, 0, 1, 0, 1, 0, 1, 0, 1, 1, 1, 0, 1, 0, 1, 0, 1, 0, 1, 0, 1)

Summary of errors in expected transaction. Failed in: 
0 data bits.
1 tuser bits.
0 tstrb bits.
0 tid bits.
0 tdest bits.

%% 87452.5 ns    Alert  WARNING             AXISTREAM_VVC,1     
axistream_expect(10 words[8b])=> Failed in 8 data bits. First mismatch in word# 1. Was x"C9". Expected x"36". ' 'expect, data wrong ,i=10'  [1630]'
Was:
(C9, 8F, D9, 68, E4, 8D, BD, 64, 59, 50)
Expected:
(36, 8F, D9, 68, E4, 8D, BD, 64, 59, 50)

Summary of errors in expected transaction. Failed in: 
8 data bits.
0 tuser bits.
0 tstrb bits.
0 tid bits.
0 tdest bits.

%% 87492.5 ns    Alert  WARNING             AXISTREAM_VVC,1     
axistream_expect(10 words[8b])=> Failed in 1 tuser bits. First mismatch in word# 2. Was x"1". Expected x"0". ' 'expect, tuser wrong ,i=10'  [1632]'
Was:
(0, 1, 0)
Expected:
(0, 0, 0)

Summary of errors in expected transaction. Failed in: 
0 data bits.
1 tuser bits.
0 tstrb bits.
0 tid bits.
0 tdest bits.

%% 88182.5 ns    Alert  WARNING             AXISTREAM_VVC,1     
axistream_expect(64 words[8b])=> Failed in 8 data bits. First mismatch in word# 61. Was x"AB". Expected x"54". ' 'expect, data wrong ,i=11'  [1643]'
Was:
(32, 88, A5, C6, CC, 0E, B1, B7, 5B, FA, C2, 03, 32, 61, 79, 3D, 91, F7, 61, 9C, 3B, 55, 92, 20, EA, CE, D6, 10, F8, 37, 02, DF, 53, 84, 22, 0D, 8F, C5, 53, 4E, 4F, 5B, 7A, C9, 1C, 6D, 1B, FC, F8, 1C, DE, F2, 48, EC, 09, DE, B3, 69, 19, BE, AB, FD, 8F, 0D)
Expected:
(32, 88, A5, C6, CC, 0E, B1, B7, 5B, FA, C2, 03, 32, 61, 79, 3D, 91, F7, 61, 9C, 3B, 55, 92, 20, EA, CE, D6, 10, F8, 37, 02, DF, 53, 84, 22, 0D, 8F, C5, 53, 4E, 4F, 5B, 7A, C9, 1C, 6D, 1B, FC, F8, 1C, DE, F2, 48, EC, 09, DE, B3, 69, 19, BE, 54, FD, 8F, 0D)

Summary of errors in expected transaction. Failed in: 
8 data bits.
0 tuser bits.
0 tstrb bits.
0 tid bits.
0 tdest bits.

%% 88352.5 ns    Alert  WARNING             AXISTREAM_VVC,1     
axistream_expect(64 words[8b])=> Failed in 1 tuser bits. First mismatch in word# 6. Was x"0". Expected x"1". ' 'expect, tuser wrong ,i=11'  [1645]'
Was:
(1, 0, 1, 0, 1, 0, 1, 0, 1, 0, 1, 0, 1, 0, 1, 0)
Expected:
(1, 0, 1, 0, 1, 1, 1, 0, 1, 0, 1, 0, 1, 0, 1, 0)

Summary of errors in expected transaction. Failed in: 
0 data bits.
1 tuser bits.
0 tstrb bits.
0 tid bits.
0 tdest bits.

%% 89082.5 ns    Alert  WARNING             AXISTREAM_VVC,1     
axistream_expect(68 words[8b])=> Failed in 8 data bits. First mismatch in word# 40. Was x"AB". Expected x"54". ' 'expect, data wrong ,i=12'  [1656]'
Was:
(74, 51, 29, C4, 09, A6, 0D, 1D, 85, 88, 61, D9, 4F, F0, 3F, EA, C9, 7D, FF, CE, 75, 1C, A8, 35, 73, BB, 6A, 3F, EF, 19, EB, 1E, A8, F1, CD, B9, C8, 42, 4F, AB, DE, 3C, F8, F8, C0, 30, 75, 8C, 51, FC, 55, AF, 56, 38, 16, 2C, 0C, B1, 72, E2, 90, AA, 02, A6, 4A, EC, 0B, 37)
Expected:
(74, 51, 29, C4, 09, A6, 0D, 1D, 85, 88, 61, D9, 4F, F0, 3F, EA, C9, 7D, FF, CE, 75, 1C, A8, 35, 73, BB, 6A, 3F, EF, 19, EB, 1E, A8, F1, CD, B9, C8, 42, 4F, 54, DE, 3C, F8, F8, C0, 30, 75, 8C, 51, FC, 55, AF, 56, 38, 16, 2C, 0C, B1, 72, E2, 90, AA, 02, A6, 4A, EC, 0B, 37)

Summary of errors in expected transaction. Failed in: 
8 data bits.
0 tuser bits.
0 tstrb bits.
0 tid bits.
0 tdest bits.

%% 89262.5 ns    Alert  WARNING             AXISTREAM_VVC,1     
axistream_expect(68 words[8b])=> Failed in 1 tuser bits. First mismatch in word# 5. Was x"0". Expected x"1". ' 'expect, tuser wrong ,i=12'  [1658]'
Was:
(0, 1, 0, 1, 0, 1, 0, 1, 0, 1, 0, 1, 0, 1, 0, 1, 0)
Expected:
(0, 1, 0, 1, 1, 1, 0, 1, 0, 1, 0, 1, 0, 1, 0, 1, 0)

Summary of errors in expected transaction. Failed in: 
0 data bits.
1 tuser bits.
0 tstrb bits.
0 tid bits.
0 tdest bits.

%% 89432.5 ns    Alert  WARNING             AXISTREAM_VVC,1     
axistream_expect(12 words[8b])=> Failed in 8 data bits. First mismatch in word# 3. Was x"95". Expected x"6A". ' 'expect, data wrong ,i=13'  [1669]'
Was:
(8B, 93, 95, A6, ED, 65, A5, 64, 09, 8E, 46, 1E)
Expected:
(8B, 93, 6A, A6, ED, 65, A5, 64, 09, 8E, 46, 1E)

Summary of errors in expected transaction. Failed in: 
8 data bits.
0 tuser bits.
0 tstrb bits.
0 tid bits.
0 tdest bits.

%% 89472.5 ns    Alert  WARNING             AXISTREAM_VVC,1     
axistream_expect(12 words[8b])=> Failed in 1 tuser bits. First mismatch in word# 2. Was x"0". Expected x"1". ' 'expect, tuser wrong ,i=13'  [1671]'
Was:
(1, 0, 1)
Expected:
(1, 1, 1)

Summary of errors in expected transaction. Failed in: 
0 data bits.
1 tuser bits.
0 tstrb bits.
0 tid bits.
0 tdest bits.

%% 89922.5 ns    Alert  WARNING             AXISTREAM_VVC,1     
axistream_expect(40 words[8b])=> Failed in 8 data bits. First mismatch in word# 29. Was x"3F". Expected x"C0". ' 'expect, data wrong ,i=14'  [1682]'
Was:
(2A, 54, 02, 5D, 39, 44, 33, 1B, 00, D7, 97, DD, 7A, FC, 9B, E0, 21, FB, 8D, 64, 8C, 4B, 25, A8, F8, DC, DF, 39, 3F, 4B, EE, B6, 11, 83, 15, 15, 3B, 86, 34, BC)
Expected:
(2A, 54, 02, 5D, 39, 44, 33, 1B, 00, D7, 97, DD, 7A, FC, 9B, E0, 21, FB, 8D, 64, 8C, 4B, 25, A8, F8, DC, DF, 39, C0, 4B, EE, B6, 11, 83, 15, 15, 3B, 86, 34, BC)

Summary of errors in expected transaction. Failed in: 
8 data bits.
0 tuser bits.
0 tstrb bits.
0 tid bits.
0 tdest bits.

%% 90032.5 ns    Alert  WARNING             AXISTREAM_VVC,1     
axistream_expect(40 words[8b])=> Failed in 1 tuser bits. First mismatch in word# 7. Was x"0". Expected x"1". ' 'expect, tuser wrong ,i=14'  [1684]'
Was:
(0, 1, 0, 1, 0, 1, 0, 1, 0, 1)
Expected:
(0, 1, 0, 1, 0, 1, 1, 1, 0, 1)

Summary of errors in expected transaction. Failed in: 
0 data bits.
1 tuser bits.
0 tstrb bits.
0 tid bits.
0 tdest bits.

%% 90442.5 ns    Alert  WARNING             AXISTREAM_VVC,1     
axistream_expect(36 words[8b])=> Failed in 8 data bits. First mismatch in word# 36. Was x"D8". Expected x"27". ' 'expect, data wrong ,i=15'  [1695]'
Was:
(70, A3, 50, 77, 1C, C0, BA, C8, 08, BA, 8B, 37, 8A, 8D, 13, 3C, 97, 13, 85, 71, 75, BB, EB, 81, FE, 0D, 79, AA, 2B, 6A, 66, 04, CF, 30, E3, D8)
Expected:
(70, A3, 50, 77, 1C, C0, BA, C8, 08, BA, 8B, 37, 8A, 8D, 13, 3C, 97, 13, 85, 71, 75, BB, EB, 81, FE, 0D, 79, AA, 2B, 6A, 66, 04, CF, 30, E3, 27)

Summary of errors in expected transaction. Failed in: 
8 data bits.
0 tuser bits.
0 tstrb bits.
0 tid bits.
0 tdest bits.

%% 90542.5 ns    Alert  WARNING             AXISTREAM_VVC,1     
axistream_expect(36 words[8b])=> Failed in 1 tuser bits. First mismatch in word# 1. Was x"1". Expected x"0". ' 'expect, tuser wrong ,i=15'  [1697]'
Was:
(1, 0, 1, 0, 1, 0, 1, 0, 1)
Expected:
(0, 0, 1, 0, 1, 0, 1, 0, 1)

Summary of errors in expected transaction. Failed in: 
0 data bits.
1 tuser bits.
0 tstrb bits.
0 tid bits.
0 tdest bits.

%% 90992.5 ns    Alert  WARNING             AXISTREAM_VVC,1     
axistream_expect(40 words[8b])=> Failed in 8 data bits. First mismatch in word# 32. Was x"8A". Expected x"75". ' 'expect, data wrong ,i=16'  [1708]'
Was:
(46, 7F, D6, 57, FE, B3, 1C, 62, 48, 4D, CE, FA, 93, D7, 7C, 06, C8, DA, D0, 44, C3, 15, F5, 1A, A8, 2F, B5, C1, D0, 85, 1C, 8A, A5, AE, D5, E7, D7, 5A, DE, E0)
Expected:
(46, 7F, D6, 57, FE, B3, 1C, 62, 48, 4D, CE, FA, 93, D7, 7C, 06, C8, DA, D0, 44, C3, 15, F5, 1A, A8, 2F, B5, C1, D0, 85, 1C, 75, A5, AE, D5, E7, D7, 5A, DE, E0)

Summary of errors in expected transaction. Failed in: 
8 data bits.
0 tuser bits.
0 tstrb bits.
0 tid bits.
0 tdest bits.

%% 91102.5 ns    Alert  WARNING             AXISTREAM_VVC,1     
axistream_expect(40 words[8b])=> Failed in 1 tuser bits. First mismatch in word# 7. Was x"0". Expected x"1". ' 'expect, tuser wrong ,i=16'  [1710]'
Was:
(0, 1, 0, 1, 0, 1, 0, 1, 0, 1)
Expected:
(0, 1, 0, 1, 0, 1, 1, 1, 0, 1)

Summary of errors in expected transaction. Failed in: 
0 data bits.
1 tuser bits.
0 tstrb bits.
0 tid bits.
0 tdest bits.

%% 91912.5 ns    Alert  WARNING             AXISTREAM_VVC,1     
axistream_expect(74 words[8b])=> Failed in 8 data bits. First mismatch in word# 4. Was x"51". Expected x"AE". ' 'expect, data wrong ,i=17'  [1721]'
Was:
(6A, F4, E6, 51, 1F, 09, E3, 01, 81, 66, 83, FC, 42, B8, 64, B7, 26, D0, A6, F9, 6B, 98, 19, 54, A4, EA, 5A, AD, D9, 92, EE, 6F, 54, 22, 77, 7F, 59, 9E, 5A, 7E, 22, B1, 8E, 88, CD, 68, D8, 98, 1C, 2A, 22, E0, EE, D7, 06, A1, 09, EA, 53, 9B, FE, BD, 4E, C5, E2, 23, 37, F0, 46, FF, F6, C5, 0E, AE)
Expected:
(6A, F4, E6, AE, 1F, 09, E3, 01, 81, 66, 83, FC, 42, B8, 64, B7, 26, D0, A6, F9, 6B, 98, 19, 54, A4, EA, 5A, AD, D9, 92, EE, 6F, 54, 22, 77, 7F, 59, 9E, 5A, 7E, 22, B1, 8E, 88, CD, 68, D8, 98, 1C, 2A, 22, E0, EE, D7, 06, A1, 09, EA, 53, 9B, FE, BD, 4E, C5, E2, 23, 37, F0, 46, FF, F6, C5, 0E, AE)

Summary of errors in expected transaction. Failed in: 
8 data bits.
0 tuser bits.
0 tstrb bits.
0 tid bits.
0 tdest bits.

%% 92112.5 ns    Alert  WARNING             AXISTREAM_VVC,1     
axistream_expect(74 words[8b])=> Failed in 1 tuser bits. First mismatch in word# 5. Was x"1". Expected x"0". ' 'expect, tuser wrong ,i=17'  [1723]'
Was:
(1, 0, 1, 0, 1, 0, 1, 0, 1, 0, 1, 0, 1, 0, 1, 0, 1, 0, 1)
Expected:
(1, 0, 1, 0, 0, 0, 1, 0, 1, 0, 1, 0, 1, 0, 1, 0, 1, 0, 1)

Summary of errors in expected transaction. Failed in: 
0 data bits.
1 tuser bits.
0 tstrb bits.
0 tid bits.
0 tdest bits.

%% 93122.5 ns    Alert  WARNING             AXISTREAM_VVC,1     
axistream_expect(96 words[8b])=> Failed in 8 data bits. First mismatch in word# 22. Was x"BF". Expected x"40". ' 'expect, data wrong ,i=18'  [1734]'
Was:
(7E, 4E, 70, 68, 4B, 23, 3A, B4, 19, A2, DA, 49, 88, 0A, A3, AB, 8F, BE, 2C, 9E, 50, BF, A0, 06, 1A, BC, 00, CE, 0C, 5C, 24, EE, 6E, 5C, 19, AA, AB, 6B, DB, DB, 25, 1E, 3B, 90, B0, 37, A1, 88, 4B, 74, 1A, 99, 64, ED, 76, 70, 06, D4, 45, 45, 54, A2, 1F, CE, FC, D3, 54, 86, 18, 60, 66, E3, 3F, 77, 7B, 30, 82, 08, D8, 0E, 05, FC, 73, A1, F8, A2, 10, 00, 3C, 37, AB, 87, C0, 17, 40, 4D)
Expected:
(7E, 4E, 70, 68, 4B, 23, 3A, B4, 19, A2, DA, 49, 88, 0A, A3, AB, 8F, BE, 2C, 9E, 50, 40, A0, 06, 1A, BC, 00, CE, 0C, 5C, 24, EE, 6E, 5C, 19, AA, AB, 6B, DB, DB, 25, 1E, 3B, 90, B0, 37, A1, 88, 4B, 74, 1A, 99, 64, ED, 76, 70, 06, D4, 45, 45, 54, A2, 1F, CE, FC, D3, 54, 86, 18, 60, 66, E3, 3F, 77, 7B, 30, 82, 08, D8, 0E, 05, FC, 73, A1, F8, A2, 10, 00, 3C, 37, AB, 87, C0, 17, 40, 4D)

Summary of errors in expected transaction. Failed in: 
8 data bits.
0 tuser bits.
0 tstrb bits.
0 tid bits.
0 tdest bits.

%% 93372.5 ns    Alert  WARNING             AXISTREAM_VVC,1     
axistream_expect(96 words[8b])=> Failed in 1 tuser bits. First mismatch in word# 7. Was x"0". Expected x"1". ' 'expect, tuser wrong ,i=18'  [1736]'
Was:
(0, 1, 0, 1, 0, 1, 0, 1, 0, 1, 0, 1, 0, 1, 0, 1, 0, 1, 0, 1, 0, 1, 0, 1)
Expected:
(0, 1, 0, 1, 0, 1, 1, 1, 0, 1, 0, 1, 0, 1, 0, 1, 0, 1, 0, 1, 0, 1, 0, 1)

Summary of errors in expected transaction. Failed in: 
0 data bits.
1 tuser bits.
0 tstrb bits.
0 tid bits.
0 tdest bits.

%% 94342.5 ns    Alert  WARNING             AXISTREAM_VVC,1     
axistream_expect(90 words[8b])=> Failed in 8 data bits. First mismatch in word# 54. Was x"4F". Expected x"B0". ' 'expect, data wrong ,i=19'  [1747]'
Was:
(AA, 7D, 6A, F5, 3C, A3, 4B, C2, 8B, AA, 17, D5, 0E, CF, C3, C4, 72, 06, 52, FF, 6A, EA, 8E, 42, 08, 60, 12, 73, 59, 73, 1B, F5, 04, E3, C5, F0, FB, B6, D5, 65, A1, 9A, 70, AC, D9, 3F, C1, 5A, D2, 39, BB, D3, 2F, 4F, 6E, 8A, AF, 74, 67, DF, 37, CC, C1, 0C, AB, 81, 4A, 66, A5, 74, 1F, 57, 35, 1F, 51, F3, 7B, EA, 12, 16, F1, A4, F0, DF, FB, F8, A9, BD, B1, 58)
Expected:
(AA, 7D, 6A, F5, 3C, A3, 4B, C2, 8B, AA, 17, D5, 0E, CF, C3, C4, 72, 06, 52, FF, 6A, EA, 8E, 42, 08, 60, 12, 73, 59, 73, 1B, F5, 04, E3, C5, F0, FB, B6, D5, 65, A1, 9A, 70, AC, D9, 3F, C1, 5A, D2, 39, BB, D3, 2F, B0, 6E, 8A, AF, 74, 67, DF, 37, CC, C1, 0C, AB, 81, 4A, 66, A5, 74, 1F, 57, 35, 1F, 51, F3, 7B, EA, 12, 16, F1, A4, F0, DF, FB, F8, A9, BD, B1, 58)

Summary of errors in expected transaction. Failed in: 
8 data bits.
0 tuser bits.
0 tstrb bits.
0 tid bits.
0 tdest bits.

%% 94582.5 ns    Alert  WARNING             AXISTREAM_VVC,1     
axistream_expect(90 words[8b])=> Failed in 1 tuser bits. First mismatch in word# 14. Was x"0". Expected x"1". ' 'expect, tuser wrong ,i=19'  [1749]'
Was:
(1, 0, 1, 0, 1, 0, 1, 0, 1, 0, 1, 0, 1, 0, 1, 0, 1, 0, 1, 0, 1, 0, 1)
Expected:
(1, 0, 1, 0, 1, 0, 1, 0, 1, 0, 1, 0, 1, 1, 1, 0, 1, 0, 1, 0, 1, 0, 1)

Summary of errors in expected transaction. Failed in: 
0 data bits.
1 tuser bits.
0 tstrb bits.
0 tid bits.
0 tdest bits.

%% 94832.5 ns    Alert  WARNING             AXISTREAM_VVC,1     
axistream_expect(18 words[8b])=> Failed in 8 data bits. First mismatch in word# 1. Was x"66". Expected x"99". ' 'expect, data wrong ,i=20'  [1760]'
Was:
(66, 9D, 5E, 49, 56, F0, CA, E6, 57, 57, 74, 0A, A3, 87, FC, BA, CE, 6E)
Expected:
(99, 9D, 5E, 49, 56, F0, CA, E6, 57, 57, 74, 0A, A3, 87, FC, BA, CE, 6E)

Summary of errors in expected transaction. Failed in: 
8 data bits.
0 tuser bits.
0 tstrb bits.
0 tid bits.
0 tdest bits.

%% 94892.5 ns    Alert  WARNING             AXISTREAM_VVC,1     
axistream_expect(18 words[8b])=> Failed in 1 tuser bits. First mismatch in word# 3. Was x"0". Expected x"1". ' 'expect, tuser wrong ,i=20'  [1762]'
Was:
(0, 1, 0, 1, 0)
Expected:
(0, 1, 1, 1, 0)

Summary of errors in expected transaction. Failed in: 
0 data bits.
1 tuser bits.
0 tstrb bits.
0 tid bits.
0 tdest bits.

%% 
%% ============================================================================================================================================================================
%%  *** INTERMEDIATE SUMMARY OF ALL ALERTS ***
%% ============================================================================================================================================================================
%% 94892.5 ns    DONE   PASSED   axistream_vvc_slv_array_tb  Passed: 4  Affirmations Checked: 1552
%%    Expected      Failures: 0  Errors: 0  Warnings: -265  Passed: 0
%%    VHDL Asserts  Failures: 0  Errors: 0  Warnings: 0  Passed: 0
%%    Default       Failures: 0  Errors: 0  Warnings: 265  Passed: 0
%%    OSVVM         Failures: 0  Errors: 0  Warnings: 0  Passed: 0
%% ============================================================================================================================================================================
%% 
%%  94920 ns    Alert  WARNING             AXISTREAM_VVC,1     check_value(sl, 1) => Failed. Value was 0. Expected 1. 'Check tlast at expected last byte = 3. ' 'expect, tlast wrong ,i=1'  [1767]''
%% 95592.5 ns    Alert  WARNING             AXISTREAM_VVC,1     
axistream_expect(57 words[8b])=> Failed in 8 data bits. First mismatch in word# 28. Was x"02". Expected x"FD". ' 'expect, data wrong ,i=1'  [1780]'
Was:
(C4, BA, 3B, F0, 93, F9, 70, E6, 1E, FD, 80, EE, D3, 76, 44, 68, E6, FD, 07, A9, 08, 3A, C0, CB, 36, C6, D4, 02, E8, 41, 3C, 06, 31, 1A, EA, B9, 99, 8D, 85, CE, 74, CE, 78, F8, D9, E8, 70, F4, 10, 7E, B0, 90, F2, A8, 37, 83, 5F)
Expected:
(C4, BA, 3B, F0, 93, F9, 70, E6, 1E, FD, 80, EE, D3, 76, 44, 68, E6, FD, 07, A9, 08, 3A, C0, CB, 36, C6, D4, FD, E8, 41, 3C, 06, 31, 1A, EA, B9, 99, 8D, 85, CE, 74, CE, 78, F8, D9, E8, 70, F4, 10, 7E, B0, 90, F2, A8, 37, 83, 5F)

Summary of errors in expected transaction. Failed in: 
8 data bits.
0 tuser bits.
0 tstrb bits.
0 tid bits.
0 tdest bits.

%% 95752.5 ns    Alert  WARNING             AXISTREAM_VVC,1     
axistream_expect(57 words[8b])=> Failed in 1 tuser bits. First mismatch in word# 15. Was x"1". Expected x"0". ' 'expect, tuser wrong ,i=1'  [1782]'
Was:
(1, 0, 1, 0, 1, 0, 1, 0, 1, 0, 1, 0, 1, 0, 1)
Expected:
(1, 0, 1, 0, 1, 0, 1, 0, 1, 0, 1, 0, 1, 0, 0)

Summary of errors in expected transaction. Failed in: 
0 data bits.
1 tuser bits.
0 tstrb bits.
0 tid bits.
0 tdest bits.

%% 96402.5 ns    Alert  WARNING             AXISTREAM_VVC,1     
axistream_expect(60 words[8b])=> Failed in 8 data bits. First mismatch in word# 7. Was x"44". Expected x"BB". ' 'expect, data wrong ,i=2'  [1793]'
Was:
(A4, 52, 59, 24, 2F, 70, 44, BC, 2C, 74, 2D, CC, 36, 48, 25, 05, 1E, 1A, F1, A2, 10, 71, 5D, 3E, E2, 98, 15, CB, F3, 8C, 89, 0C, 21, FE, F6, F0, 5D, 56, 06, 5C, 6A, BD, 6A, 2F, B7, 44, BF, 94, 71, 38, AB, 9C, DD, D1, 6F, C1, 90, D5, 66, A6)
Expected:
(A4, 52, 59, 24, 2F, 70, BB, BC, 2C, 74, 2D, CC, 36, 48, 25, 05, 1E, 1A, F1, A2, 10, 71, 5D, 3E, E2, 98, 15, CB, F3, 8C, 89, 0C, 21, FE, F6, F0, 5D, 56, 06, 5C, 6A, BD, 6A, 2F, B7, 44, BF, 94, 71, 38, AB, 9C, DD, D1, 6F, C1, 90, D5, 66, A6)

Summary of errors in expected transaction. Failed in: 
8 data bits.
0 tuser bits.
0 tstrb bits.
0 tid bits.
0 tdest bits.

%% 96562.5 ns    Alert  WARNING             AXISTREAM_VVC,1     
axistream_expect(60 words[8b])=> Failed in 1 tuser bits. First mismatch in word# 11. Was x"0". Expected x"1". ' 'expect, tuser wrong ,i=2'  [1795]'
Was:
(0, 1, 0, 1, 0, 1, 0, 1, 0, 1, 0, 1, 0, 1, 0)
Expected:
(0, 1, 0, 1, 0, 1, 0, 1, 0, 1, 1, 1, 0, 1, 0)

Summary of errors in expected transaction. Failed in: 
0 data bits.
1 tuser bits.
0 tstrb bits.
0 tid bits.
0 tdest bits.

%% 96732.5 ns    Alert  WARNING             AXISTREAM_VVC,1     
axistream_expect(9 words[8b])=> Failed in 8 data bits. First mismatch in word# 3. Was x"3B". Expected x"C4". ' 'expect, data wrong ,i=3'  [1806]'
Was:
(C9, 62, 3B, C7, 26, 8B, 1D, 24, DA)
Expected:
(C9, 62, C4, C7, 26, 8B, 1D, 24, DA)

Summary of errors in expected transaction. Failed in: 
8 data bits.
0 tuser bits.
0 tstrb bits.
0 tid bits.
0 tdest bits.

%% 96772.5 ns    Alert  WARNING             AXISTREAM_VVC,1     
axistream_expect(9 words[8b])=> Failed in 1 tuser bits. First mismatch in word# 1. Was x"1". Expected x"0". ' 'expect, tuser wrong ,i=3'  [1808]'
Was:
(1, 0, 1)
Expected:
(0, 0, 1)

Summary of errors in expected transaction. Failed in: 
0 data bits.
1 tuser bits.
0 tstrb bits.
0 tid bits.
0 tdest bits.

%% 97662.5 ns    Alert  WARNING             AXISTREAM_VVC,1     
axistream_expect(81 words[8b])=> Failed in 8 data bits. First mismatch in word# 61. Was x"D2". Expected x"2D". ' 'expect, data wrong ,i=4'  [1819]'
Was:
(F3, 78, 9D, 1F, 37, 75, F2, AF, E9, D6, 58, 44, BB, BA, B4, EA, F0, 5E, 0D, C9, A3, F2, 42, 6D, A3, 97, 5A, AE, D6, D2, 42, 0A, EF, 67, AB, 53, 42, 7B, A1, 0E, 5B, CD, 1B, 74, 1C, CF, 63, 87, 98, 23, 18, 3A, 4C, 45, 26, 00, AA, 00, 80, 97, D2, 04, 6A, C5, 84, BA, 0B, D9, 2E, E9, 10, 8E, C7, 7A, 57, CC, 3E, 01, 41, F0, 65)
Expected:
(F3, 78, 9D, 1F, 37, 75, F2, AF, E9, D6, 58, 44, BB, BA, B4, EA, F0, 5E, 0D, C9, A3, F2, 42, 6D, A3, 97, 5A, AE, D6, D2, 42, 0A, EF, 67, AB, 53, 42, 7B, A1, 0E, 5B, CD, 1B, 74, 1C, CF, 63, 87, 98, 23, 18, 3A, 4C, 45, 26, 00, AA, 00, 80, 97, 2D, 04, 6A, C5, 84, BA, 0B, D9, 2E, E9, 10, 8E, C7, 7A, 57, CC, 3E, 01, 41, F0, 65)

Summary of errors in expected transaction. Failed in: 
8 data bits.
0 tuser bits.
0 tstrb bits.
0 tid bits.
0 tdest bits.

%% 97882.5 ns    Alert  WARNING             AXISTREAM_VVC,1     
axistream_expect(81 words[8b])=> Failed in 1 tuser bits. First mismatch in word# 6. Was x"1". Expected x"0". ' 'expect, tuser wrong ,i=4'  [1821]'
Was:
(0, 1, 0, 1, 0, 1, 0, 1, 0, 1, 0, 1, 0, 1, 0, 1, 0, 1, 0, 1, 0)
Expected:
(0, 1, 0, 1, 0, 0, 0, 1, 0, 1, 0, 1, 0, 1, 0, 1, 0, 1, 0, 1, 0)

Summary of errors in expected transaction. Failed in: 
0 data bits.
1 tuser bits.
0 tstrb bits.
0 tid bits.
0 tdest bits.

%% 98372.5 ns    Alert  WARNING             AXISTREAM_VVC,1     
axistream_expect(42 words[8b])=> Failed in 8 data bits. First mismatch in word# 15. Was x"6D". Expected x"92". ' 'expect, data wrong ,i=5'  [1832]'
Was:
(B5, C5, 37, D0, 16, E5, 2A, 15, 8D, 55, 96, 17, 61, CA, 6D, 64, 05, 26, FA, 56, 08, E0, 7F, 7C, 36, F9, DA, 25, 5B, 7C, A6, D4, 01, 25, F9, 65, EF, 29, 8D, 0A, 36, F6)
Expected:
(B5, C5, 37, D0, 16, E5, 2A, 15, 8D, 55, 96, 17, 61, CA, 92, 64, 05, 26, FA, 56, 08, E0, 7F, 7C, 36, F9, DA, 25, 5B, 7C, A6, D4, 01, 25, F9, 65, EF, 29, 8D, 0A, 36, F6)

Summary of errors in expected transaction. Failed in: 
8 data bits.
0 tuser bits.
0 tstrb bits.
0 tid bits.
0 tdest bits.

%% 98492.5 ns    Alert  WARNING             AXISTREAM_VVC,1     
axistream_expect(42 words[8b])=> Failed in 1 tuser bits. First mismatch in word# 10. Was x"0". Expected x"1". ' 'expect, tuser wrong ,i=5'  [1834]'
Was:
(1, 0, 1, 0, 1, 0, 1, 0, 1, 0, 1)
Expected:
(1, 0, 1, 0, 1, 0, 1, 0, 1, 1, 1)

Summary of errors in expected transaction. Failed in: 
0 data bits.
1 tuser bits.
0 tstrb bits.
0 tid bits.
0 tdest bits.

%% 98622.5 ns    Alert  WARNING             AXISTREAM_VVC,1     
axistream_expect(6 words[8b])=> Failed in 8 data bits. First mismatch in word# 3. Was x"15". Expected x"EA". ' 'expect, data wrong ,i=6'  [1845]'
Was:
(54, C9, 15, A0, B7, 73)
Expected:
(54, C9, EA, A0, B7, 73)

Summary of errors in expected transaction. Failed in: 
8 data bits.
0 tuser bits.
0 tstrb bits.
0 tid bits.
0 tdest bits.

%% 98652.5 ns    Alert  WARNING             AXISTREAM_VVC,1     
axistream_expect(6 words[8b])=> Failed in 1 tuser bits. First mismatch in word# 2. Was x"1". Expected x"0". ' 'expect, tuser wrong ,i=6'  [1847]'
Was:
(0, 1)
Expected:
(0, 0)

Summary of errors in expected transaction. Failed in: 
0 data bits.
1 tuser bits.
0 tstrb bits.
0 tid bits.
0 tdest bits.

%% 99222.5 ns    Alert  WARNING             AXISTREAM_VVC,1     
axistream_expect(51 words[8b])=> Failed in 8 data bits. First mismatch in word# 31. Was x"F4". Expected x"0B". ' 'expect, data wrong ,i=7'  [1858]'
Was:
(0A, 8C, F8, 34, 1A, F6, 07, 09, D7, 85, EF, E4, F3, E1, DA, FB, 75, 84, 8B, BA, CF, 53, 99, 2F, AD, 75, 35, 97, 4B, 4F, F4, C8, 8E, 5F, 2B, D7, D4, E1, 3E, 3E, F1, F1, 01, 05, 3E, E5, DF, 3C, 7F, 4C, 38)
Expected:
(0A, 8C, F8, 34, 1A, F6, 07, 09, D7, 85, EF, E4, F3, E1, DA, FB, 75, 84, 8B, BA, CF, 53, 99, 2F, AD, 75, 35, 97, 4B, 4F, 0B, C8, 8E, 5F, 2B, D7, D4, E1, 3E, 3E, F1, F1, 01, 05, 3E, E5, DF, 3C, 7F, 4C, 38)

Summary of errors in expected transaction. Failed in: 
8 data bits.
0 tuser bits.
0 tstrb bits.
0 tid bits.
0 tdest bits.

%% 99362.5 ns    Alert  WARNING             AXISTREAM_VVC,1     
axistream_expect(51 words[8b])=> Failed in 1 tuser bits. First mismatch in word# 13. Was x"1". Expected x"0". ' 'expect, tuser wrong ,i=7'  [1860]'
Was:
(1, 0, 1, 0, 1, 0, 1, 0, 1, 0, 1, 0, 1)
Expected:
(1, 0, 1, 0, 1, 0, 1, 0, 1, 0, 1, 0, 0)

Summary of errors in expected transaction. Failed in: 
0 data bits.
1 tuser bits.
0 tstrb bits.
0 tid bits.
0 tdest bits.

%% 99852.5 ns    Alert  WARNING             AXISTREAM_VVC,1     
axistream_expect(42 words[8b])=> Failed in 8 data bits. First mismatch in word# 29. Was x"BB". Expected x"44". ' 'expect, data wrong ,i=8'  [1871]'
Was:
(63, 61, 1F, 6D, 57, F5, 39, BC, 85, 1E, BE, 80, 81, 73, 53, 93, E5, F1, F7, 80, 8A, E3, 14, DE, 95, 00, 27, EF, BB, 99, 73, 2A, 7C, 3D, B6, 4B, F3, B1, 5D, CB, EF, 6B)
Expected:
(63, 61, 1F, 6D, 57, F5, 39, BC, 85, 1E, BE, 80, 81, 73, 53, 93, E5, F1, F7, 80, 8A, E3, 14, DE, 95, 00, 27, EF, 44, 99, 73, 2A, 7C, 3D, B6, 4B, F3, B1, 5D, CB, EF, 6B)

Summary of errors in expected transaction. Failed in: 
8 data bits.
0 tuser bits.
0 tstrb bits.
0 tid bits.
0 tdest bits.

%% 99972.5 ns    Alert  WARNING             AXISTREAM_VVC,1     
axistream_expect(42 words[8b])=> Failed in 1 tuser bits. First mismatch in word# 2. Was x"1". Expected x"0". ' 'expect, tuser wrong ,i=8'  [1873]'
Was:
(0, 1, 0, 1, 0, 1, 0, 1, 0, 1, 0)
Expected:
(0, 0, 0, 1, 0, 1, 0, 1, 0, 1, 0)

Summary of errors in expected transaction. Failed in: 
0 data bits.
1 tuser bits.
0 tstrb bits.
0 tid bits.
0 tdest bits.

%% 100742.5 ns    Alert  WARNING             AXISTREAM_VVC,1     
axistream_expect(72 words[8b])=> Failed in 8 data bits. First mismatch in word# 5. Was x"A4". Expected x"5B". ' 'expect, data wrong ,i=9'  [1884]'
Was:
(C9, CA, 56, A3, A4, A0, 4E, 92, C2, 3A, B5, D5, E7, 81, C4, 25, 3F, FB, 00, F2, 7B, 94, 39, EB, 36, 0F, D1, 8F, CE, C7, F5, 5E, 92, 0B, BC, BE, DB, 26, 7C, 72, 1E, E4, E8, 17, 19, C1, C4, 4B, 55, 1C, D4, 7F, E7, 67, 57, 7F, 31, 9E, B5, E8, 10, 2E, C4, 03, 25, 58, 26, 99, D6, EC, 89, BD)
Expected:
(C9, CA, 56, A3, 5B, A0, 4E, 92, C2, 3A, B5, D5, E7, 81, C4, 25, 3F, FB, 00, F2, 7B, 94, 39, EB, 36, 0F, D1, 8F, CE, C7, F5, 5E, 92, 0B, BC, BE, DB, 26, 7C, 72, 1E, E4, E8, 17, 19, C1, C4, 4B, 55, 1C, D4, 7F, E7, 67, 57, 7F, 31, 9E, B5, E8, 10, 2E, C4, 03, 25, 58, 26, 99, D6, EC, 89, BD)

Summary of errors in expected transaction. Failed in: 
8 data bits.
0 tuser bits.
0 tstrb bits.
0 tid bits.
0 tdest bits.

%% 100932.5 ns    Alert  WARNING             AXISTREAM_VVC,1     
axistream_expect(72 words[8b])=> Failed in 1 tuser bits. First mismatch in word# 11. Was x"1". Expected x"0". ' 'expect, tuser wrong ,i=9'  [1886]'
Was:
(1, 0, 1, 0, 1, 0, 1, 0, 1, 0, 1, 0, 1, 0, 1, 0, 1, 0)
Expected:
(1, 0, 1, 0, 1, 0, 1, 0, 1, 0, 0, 0, 1, 0, 1, 0, 1, 0)

Summary of errors in expected transaction. Failed in: 
0 data bits.
1 tuser bits.
0 tstrb bits.
0 tid bits.
0 tdest bits.

%% 101942.5 ns    Alert  WARNING             AXISTREAM_VVC,1     
axistream_expect(93 words[8b])=> Failed in 8 data bits. First mismatch in word# 3. Was x"06". Expected x"F9". ' 'expect, data wrong ,i=10'  [1897]'
Was:
(D0, D6, 06, 3A, F7, D0, 72, D6, 7C, 36, 37, 11, E2, B7, 41, 31, FA, F4, 94, 8E, E5, D5, 93, 87, 13, 03, 29, 51, BD, BC, EF, 94, 41, 0A, 30, AC, 3E, 13, 49, E7, 9D, 22, 04, 9C, AF, 37, 64, DA, 4F, A2, EE, 76, 8C, 74, 85, 42, BD, 16, 65, 76, 73, 86, 74, E4, 46, 85, 96, 68, F9, B1, 48, BE, 1F, 62, F5, D3, 48, 4C, 7F, 4A, 2D, 58, 3C, 54, 05, 8F, E3, E5, 4B, 6E, 56, 03, C7)
Expected:
(D0, D6, F9, 3A, F7, D0, 72, D6, 7C, 36, 37, 11, E2, B7, 41, 31, FA, F4, 94, 8E, E5, D5, 93, 87, 13, 03, 29, 51, BD, BC, EF, 94, 41, 0A, 30, AC, 3E, 13, 49, E7, 9D, 22, 04, 9C, AF, 37, 64, DA, 4F, A2, EE, 76, 8C, 74, 85, 42, BD, 16, 65, 76, 73, 86, 74, E4, 46, 85, 96, 68, F9, B1, 48, BE, 1F, 62, F5, D3, 48, 4C, 7F, 4A, 2D, 58, 3C, 54, 05, 8F, E3, E5, 4B, 6E, 56, 03, C7)

Summary of errors in expected transaction. Failed in: 
8 data bits.
0 tuser bits.
0 tstrb bits.
0 tid bits.
0 tdest bits.

%% 102192.5 ns    Alert  WARNING             AXISTREAM_VVC,1     
axistream_expect(93 words[8b])=> Failed in 1 tuser bits. First mismatch in word# 18. Was x"1". Expected x"0". ' 'expect, tuser wrong ,i=10'  [1899]'
Was:
(0, 1, 0, 1, 0, 1, 0, 1, 0, 1, 0, 1, 0, 1, 0, 1, 0, 1, 0, 1, 0, 1, 0, 1)
Expected:
(0, 1, 0, 1, 0, 1, 0, 1, 0, 1, 0, 1, 0, 1, 0, 1, 0, 0, 0, 1, 0, 1, 0, 1)

Summary of errors in expected transaction. Failed in: 
0 data bits.
1 tuser bits.
0 tstrb bits.
0 tid bits.
0 tdest bits.

%% 102962.5 ns    Alert  WARNING             AXISTREAM_VVC,1     
axistream_expect(69 words[8b])=> Failed in 8 data bits. First mismatch in word# 41. Was x"4D". Expected x"B2". ' 'expect, data wrong ,i=11'  [1910]'
Was:
(17, 5D, DF, 44, DA, B9, B6, 6C, 9D, 07, 63, 4B, FC, 11, E8, 22, 98, 9C, 8E, B4, 11, B0, 0E, E2, 46, 70, 24, 13, 06, 0A, 18, 3B, C0, D0, BB, CC, 8C, 34, 61, 24, 4D, 50, 5A, A6, 5A, C8, C1, 80, D4, 11, 70, F9, 87, EA, E4, 56, 4D, C7, A4, C5, 52, 84, 9F, 56, 82, 7C, DE, C0, CF)
Expected:
(17, 5D, DF, 44, DA, B9, B6, 6C, 9D, 07, 63, 4B, FC, 11, E8, 22, 98, 9C, 8E, B4, 11, B0, 0E, E2, 46, 70, 24, 13, 06, 0A, 18, 3B, C0, D0, BB, CC, 8C, 34, 61, 24, B2, 50, 5A, A6, 5A, C8, C1, 80, D4, 11, 70, F9, 87, EA, E4, 56, 4D, C7, A4, C5, 52, 84, 9F, 56, 82, 7C, DE, C0, CF)

Summary of errors in expected transaction. Failed in: 
8 data bits.
0 tuser bits.
0 tstrb bits.
0 tid bits.
0 tdest bits.

%% 103152.5 ns    Alert  WARNING             AXISTREAM_VVC,1     
axistream_expect(69 words[8b])=> Failed in 1 tuser bits. First mismatch in word# 13. Was x"1". Expected x"0". ' 'expect, tuser wrong ,i=11'  [1912]'
Was:
(1, 0, 1, 0, 1, 0, 1, 0, 1, 0, 1, 0, 1, 0, 1, 0, 1, 0)
Expected:
(1, 0, 1, 0, 1, 0, 1, 0, 1, 0, 1, 0, 0, 0, 1, 0, 1, 0)

Summary of errors in expected transaction. Failed in: 
0 data bits.
1 tuser bits.
0 tstrb bits.
0 tid bits.
0 tdest bits.

%% 103802.5 ns    Alert  WARNING             AXISTREAM_VVC,1     
axistream_expect(60 words[8b])=> Failed in 8 data bits. First mismatch in word# 26. Was x"7E". Expected x"81". ' 'expect, data wrong ,i=12'  [1923]'
Was:
(F5, 19, 59, 79, D0, 74, 03, 38, 21, 7F, D1, 86, B8, C6, AE, 35, 55, 04, AB, FE, 06, 56, 06, 9C, 83, 7E, E6, 24, D2, 57, 40, 72, 28, 56, 10, 15, D7, 55, D5, EE, 33, 8E, 3A, FA, 2D, 02, 9A, 5F, AF, 3C, BC, EC, 51, 81, 6B, 95, B1, 99, D2, 31)
Expected:
(F5, 19, 59, 79, D0, 74, 03, 38, 21, 7F, D1, 86, B8, C6, AE, 35, 55, 04, AB, FE, 06, 56, 06, 9C, 83, 81, E6, 24, D2, 57, 40, 72, 28, 56, 10, 15, D7, 55, D5, EE, 33, 8E, 3A, FA, 2D, 02, 9A, 5F, AF, 3C, BC, EC, 51, 81, 6B, 95, B1, 99, D2, 31)

Summary of errors in expected transaction. Failed in: 
8 data bits.
0 tuser bits.
0 tstrb bits.
0 tid bits.
0 tdest bits.

%% 103962.5 ns    Alert  WARNING             AXISTREAM_VVC,1     
axistream_expect(60 words[8b])=> Failed in 1 tuser bits. First mismatch in word# 12. Was x"1". Expected x"0". ' 'expect, tuser wrong ,i=12'  [1925]'
Was:
(0, 1, 0, 1, 0, 1, 0, 1, 0, 1, 0, 1, 0, 1, 0)
Expected:
(0, 1, 0, 1, 0, 1, 0, 1, 0, 1, 0, 0, 0, 1, 0)

Summary of errors in expected transaction. Failed in: 
0 data bits.
1 tuser bits.
0 tstrb bits.
0 tid bits.
0 tdest bits.

%% 104452.5 ns    Alert  WARNING             AXISTREAM_VVC,1     
axistream_expect(42 words[8b])=> Failed in 8 data bits. First mismatch in word# 33. Was x"EF". Expected x"10". ' 'expect, data wrong ,i=13'  [1936]'
Was:
(EA, 7E, 34, BB, E0, 95, 34, D8, 31, BE, 7D, 42, C0, E1, AB, 3C, ED, 39, 6E, 9A, 39, 7C, 46, 82, 10, F9, E2, EF, 3A, CB, 0F, 9F, EF, 37, AE, 12, 34, 55, C5, 0A, 05, 50)
Expected:
(EA, 7E, 34, BB, E0, 95, 34, D8, 31, BE, 7D, 42, C0, E1, AB, 3C, ED, 39, 6E, 9A, 39, 7C, 46, 82, 10, F9, E2, EF, 3A, CB, 0F, 9F, 10, 37, AE, 12, 34, 55, C5, 0A, 05, 50)

Summary of errors in expected transaction. Failed in: 
8 data bits.
0 tuser bits.
0 tstrb bits.
0 tid bits.
0 tdest bits.

%% 104572.5 ns    Alert  WARNING             AXISTREAM_VVC,1     
axistream_expect(42 words[8b])=> Failed in 1 tuser bits. First mismatch in word# 6. Was x"0". Expected x"1". ' 'expect, tuser wrong ,i=13'  [1938]'
Was:
(1, 0, 1, 0, 1, 0, 1, 0, 1, 0, 1)
Expected:
(1, 0, 1, 0, 1, 1, 1, 0, 1, 0, 1)

Summary of errors in expected transaction. Failed in: 
0 data bits.
1 tuser bits.
0 tstrb bits.
0 tid bits.
0 tdest bits.

%% 105422.5 ns    Alert  WARNING             AXISTREAM_VVC,1     
axistream_expect(78 words[8b])=> Failed in 8 data bits. First mismatch in word# 68. Was x"24". Expected x"DB". ' 'expect, data wrong ,i=14'  [1949]'
Was:
(02, EF, DA, 65, 6B, 84, E6, D1, 87, 7A, 3E, CB, 43, 69, 75, DD, 4D, C9, 89, 4C, F6, 5F, DC, F6, 6D, A5, 5C, 24, F8, 0B, 9C, F2, 0A, A5, 6D, 75, 16, 34, 64, 9E, 88, AF, 97, 92, 6D, 22, E7, A4, 3C, 72, 24, A9, 65, D4, 7E, 01, 1F, 56, 87, FF, A7, 2D, 15, F4, 1B, B5, 41, 24, 97, CF, 8A, 64, B8, A7, A4, 62, AA, 6D)
Expected:
(02, EF, DA, 65, 6B, 84, E6, D1, 87, 7A, 3E, CB, 43, 69, 75, DD, 4D, C9, 89, 4C, F6, 5F, DC, F6, 6D, A5, 5C, 24, F8, 0B, 9C, F2, 0A, A5, 6D, 75, 16, 34, 64, 9E, 88, AF, 97, 92, 6D, 22, E7, A4, 3C, 72, 24, A9, 65, D4, 7E, 01, 1F, 56, 87, FF, A7, 2D, 15, F4, 1B, B5, 41, DB, 97, CF, 8A, 64, B8, A7, A4, 62, AA, 6D)

Summary of errors in expected transaction. Failed in: 
8 data bits.
0 tuser bits.
0 tstrb bits.
0 tid bits.
0 tdest bits.

%% 105632.5 ns    Alert  WARNING             AXISTREAM_VVC,1     
axistream_expect(78 words[8b])=> Failed in 1 tuser bits. First mismatch in word# 1. Was x"0". Expected x"1". ' 'expect, tuser wrong ,i=14'  [1951]'
Was:
(0, 1, 0, 1, 0, 1, 0, 1, 0, 1, 0, 1, 0, 1, 0, 1, 0, 1, 0, 1)
Expected:
(1, 1, 0, 1, 0, 1, 0, 1, 0, 1, 0, 1, 0, 1, 0, 1, 0, 1, 0, 1)

Summary of errors in expected transaction. Failed in: 
0 data bits.
1 tuser bits.
0 tstrb bits.
0 tid bits.
0 tdest bits.

%% 106202.5 ns    Alert  WARNING             AXISTREAM_VVC,1     
axistream_expect(51 words[8b])=> Failed in 8 data bits. First mismatch in word# 17. Was x"C1". Expected x"3E". ' 'expect, data wrong ,i=15'  [1962]'
Was:
(DB, C6, D0, C6, F8, F1, 3F, 8A, 9F, 1C, 3A, 54, 53, FC, C6, B7, C1, 08, 6D, F7, 13, 05, 43, 76, 7D, B5, DD, 79, 28, 4E, CD, CA, C0, B8, 76, 2A, FC, AB, B2, B0, 32, C4, B9, BB, 84, 67, 79, CD, B5, A9, 1F)
Expected:
(DB, C6, D0, C6, F8, F1, 3F, 8A, 9F, 1C, 3A, 54, 53, FC, C6, B7, 3E, 08, 6D, F7, 13, 05, 43, 76, 7D, B5, DD, 79, 28, 4E, CD, CA, C0, B8, 76, 2A, FC, AB, B2, B0, 32, C4, B9, BB, 84, 67, 79, CD, B5, A9, 1F)

Summary of errors in expected transaction. Failed in: 
8 data bits.
0 tuser bits.
0 tstrb bits.
0 tid bits.
0 tdest bits.

%% 106342.5 ns    Alert  WARNING             AXISTREAM_VVC,1     
axistream_expect(51 words[8b])=> Failed in 1 tuser bits. First mismatch in word# 1. Was x"1". Expected x"0". ' 'expect, tuser wrong ,i=15'  [1964]'
Was:
(1, 0, 1, 0, 1, 0, 1, 0, 1, 0, 1, 0, 1)
Expected:
(0, 0, 1, 0, 1, 0, 1, 0, 1, 0, 1, 0, 1)

Summary of errors in expected transaction. Failed in: 
0 data bits.
1 tuser bits.
0 tstrb bits.
0 tid bits.
0 tdest bits.

%% 106512.5 ns    Alert  WARNING             AXISTREAM_VVC,1     
axistream_expect(12 words[8b])=> Failed in 8 data bits. First mismatch in word# 7. Was x"DF". Expected x"20". ' 'expect, data wrong ,i=16'  [1975]'
Was:
(03, 17, 02, 2A, C0, 03, DF, 5C, C1, 4D, 58, C9)
Expected:
(03, 17, 02, 2A, C0, 03, 20, 5C, C1, 4D, 58, C9)

Summary of errors in expected transaction. Failed in: 
8 data bits.
0 tuser bits.
0 tstrb bits.
0 tid bits.
0 tdest bits.

%% 106552.5 ns    Alert  WARNING             AXISTREAM_VVC,1     
axistream_expect(12 words[8b])=> Failed in 1 tuser bits. First mismatch in word# 2. Was x"1". Expected x"0". ' 'expect, tuser wrong ,i=16'  [1977]'
Was:
(0, 1, 0)
Expected:
(0, 0, 0)

Summary of errors in expected transaction. Failed in: 
0 data bits.
1 tuser bits.
0 tstrb bits.
0 tid bits.
0 tdest bits.

%% 107242.5 ns    Alert  WARNING             AXISTREAM_VVC,1     
axistream_expect(63 words[8b])=> Failed in 8 data bits. First mismatch in word# 34. Was x"7E". Expected x"81". ' 'expect, data wrong ,i=17'  [1988]'
Was:
(39, 0F, DF, EC, C1, 3A, 9F, 0B, AA, 09, 08, A3, BB, 2E, 3E, 95, AA, F9, 46, 7F, 14, 1C, 21, BC, 15, 1E, 9A, 35, 0E, D0, 86, 9A, 18, 7E, 9B, 65, 63, 6B, DB, 8C, 4C, 60, 7F, AC, F7, 65, 65, D8, 93, BA, B2, C7, A5, F4, 60, DC, C5, 23, C1, 88, 61, 73, FB)
Expected:
(39, 0F, DF, EC, C1, 3A, 9F, 0B, AA, 09, 08, A3, BB, 2E, 3E, 95, AA, F9, 46, 7F, 14, 1C, 21, BC, 15, 1E, 9A, 35, 0E, D0, 86, 9A, 18, 81, 9B, 65, 63, 6B, DB, 8C, 4C, 60, 7F, AC, F7, 65, 65, D8, 93, BA, B2, C7, A5, F4, 60, DC, C5, 23, C1, 88, 61, 73, FB)

Summary of errors in expected transaction. Failed in: 
8 data bits.
0 tuser bits.
0 tstrb bits.
0 tid bits.
0 tdest bits.

%% 107412.5 ns    Alert  WARNING             AXISTREAM_VVC,1     
axistream_expect(63 words[8b])=> Failed in 1 tuser bits. First mismatch in word# 12. Was x"0". Expected x"1". ' 'expect, tuser wrong ,i=17'  [1990]'
Was:
(1, 0, 1, 0, 1, 0, 1, 0, 1, 0, 1, 0, 1, 0, 1, 0)
Expected:
(1, 0, 1, 0, 1, 0, 1, 0, 1, 0, 1, 1, 1, 0, 1, 0)

Summary of errors in expected transaction. Failed in: 
0 data bits.
1 tuser bits.
0 tstrb bits.
0 tid bits.
0 tdest bits.

%% 107702.5 ns    Alert  WARNING             AXISTREAM_VVC,1     
axistream_expect(24 words[8b])=> Failed in 8 data bits. First mismatch in word# 5. Was x"19". Expected x"E6". ' 'expect, data wrong ,i=18'  [2001]'
Was:
(FE, C5, 52, B2, 19, 36, 57, 15, 5F, 67, 38, 55, B8, 94, 18, C8, 7A, 99, 47, 3D, 8D, 7D, F8, 45)
Expected:
(FE, C5, 52, B2, E6, 36, 57, 15, 5F, 67, 38, 55, B8, 94, 18, C8, 7A, 99, 47, 3D, 8D, 7D, F8, 45)

Summary of errors in expected transaction. Failed in: 
8 data bits.
0 tuser bits.
0 tstrb bits.
0 tid bits.
0 tdest bits.

%% 107772.5 ns    Alert  WARNING             AXISTREAM_VVC,1     
axistream_expect(24 words[8b])=> Failed in 1 tuser bits. First mismatch in word# 3. Was x"0". Expected x"1". ' 'expect, tuser wrong ,i=18'  [2003]'
Was:
(0, 1, 0, 1, 0, 1)
Expected:
(0, 1, 1, 1, 0, 1)

Summary of errors in expected transaction. Failed in: 
0 data bits.
1 tuser bits.
0 tstrb bits.
0 tid bits.
0 tdest bits.

%% 108502.5 ns    Alert  WARNING             AXISTREAM_VVC,1     
axistream_expect(66 words[8b])=> Failed in 8 data bits. First mismatch in word# 58. Was x"B7". Expected x"48". ' 'expect, data wrong ,i=19'  [2014]'
Was:
(AB, A8, 4D, 32, EF, 5D, 72, 3D, 60, 51, 44, 7C, AB, 90, 89, 69, 4B, FE, CF, CE, FA, D6, CE, C9, 72, 50, 1B, A9, FA, A1, FF, 50, AD, 35, D4, F3, 84, 92, AF, DC, 72, 14, D2, 4D, D9, 3A, F5, 66, 4A, 06, DC, 1B, 53, 64, 44, BA, FA, B7, BF, C8, 9E, 37, 27, EF, 53, CB)
Expected:
(AB, A8, 4D, 32, EF, 5D, 72, 3D, 60, 51, 44, 7C, AB, 90, 89, 69, 4B, FE, CF, CE, FA, D6, CE, C9, 72, 50, 1B, A9, FA, A1, FF, 50, AD, 35, D4, F3, 84, 92, AF, DC, 72, 14, D2, 4D, D9, 3A, F5, 66, 4A, 06, DC, 1B, 53, 64, 44, BA, FA, 48, BF, C8, 9E, 37, 27, EF, 53, CB)

Summary of errors in expected transaction. Failed in: 
8 data bits.
0 tuser bits.
0 tstrb bits.
0 tid bits.
0 tdest bits.

%% 108682.5 ns    Alert  WARNING             AXISTREAM_VVC,1     
axistream_expect(66 words[8b])=> Failed in 1 tuser bits. First mismatch in word# 11. Was x"1". Expected x"0". ' 'expect, tuser wrong ,i=19'  [2016]'
Was:
(1, 0, 1, 0, 1, 0, 1, 0, 1, 0, 1, 0, 1, 0, 1, 0, 1)
Expected:
(1, 0, 1, 0, 1, 0, 1, 0, 1, 0, 0, 0, 1, 0, 1, 0, 1)

Summary of errors in expected transaction. Failed in: 
0 data bits.
1 tuser bits.
0 tstrb bits.
0 tid bits.
0 tdest bits.

%% 109012.5 ns    Alert  WARNING             AXISTREAM_VVC,1     
axistream_expect(27 words[8b])=> Failed in 8 data bits. First mismatch in word# 4. Was x"A5". Expected x"5A". ' 'expect, data wrong ,i=20'  [2027]'
Was:
(97, 7A, 3B, A5, AC, 55, 32, 7F, C6, 1C, FD, F9, FC, 61, E2, 50, 8A, 09, A6, EF, E4, 6E, 5D, AA, E2, 03, 4F)
Expected:
(97, 7A, 3B, 5A, AC, 55, 32, 7F, C6, 1C, FD, F9, FC, 61, E2, 50, 8A, 09, A6, EF, E4, 6E, 5D, AA, E2, 03, 4F)

Summary of errors in expected transaction. Failed in: 
8 data bits.
0 tuser bits.
0 tstrb bits.
0 tid bits.
0 tdest bits.

%% 109092.5 ns    Alert  WARNING             AXISTREAM_VVC,1     
axistream_expect(27 words[8b])=> Failed in 1 tuser bits. First mismatch in word# 7. Was x"0". Expected x"1". ' 'expect, tuser wrong ,i=20'  [2029]'
Was:
(0, 1, 0, 1, 0, 1, 0)
Expected:
(0, 1, 0, 1, 0, 1, 1)

Summary of errors in expected transaction. Failed in: 
0 data bits.
1 tuser bits.
0 tstrb bits.
0 tid bits.
0 tdest bits.

%% 
%% ============================================================================================================================================================================
%%  *** INTERMEDIATE SUMMARY OF ALL ALERTS ***
%% ============================================================================================================================================================================
%% 109092.5 ns    DONE   PASSED   axistream_vvc_slv_array_tb  Passed: 4  Affirmations Checked: 1804
%%    Expected      Failures: 0  Errors: 0  Warnings: -306  Passed: 0
%%    VHDL Asserts  Failures: 0  Errors: 0  Warnings: 0  Passed: 0
%%    Default       Failures: 0  Errors: 0  Warnings: 306  Passed: 0
%%    OSVVM         Failures: 0  Errors: 0  Warnings: 0  Passed: 0
%% ============================================================================================================================================================================
%% 
%% 109120 ns    Alert  WARNING             AXISTREAM_VVC,1     check_value(sl, 1) => Failed. Value was 0. Expected 1. 'Check tlast at expected last byte = 2. ' 'expect, tlast wrong ,i=1'  [2034]''
%% 109512.5 ns    Alert  WARNING             AXISTREAM_VVC,1     
axistream_expect(32 words[8b])=> Failed in 8 data bits. First mismatch in word# 13. Was x"A1". Expected x"5E". ' 'expect, data wrong ,i=1'  [2047]'
Was:
(F6, B6, 31, BF, 02, 96, 44, 43, 3C, 39, F6, 2E, A1, A5, 45, 42, E9, D5, 07, A2, E6, A7, 77, AA, 8C, 6E, 4F, E1, 30, 96, B3, 02)
Expected:
(F6, B6, 31, BF, 02, 96, 44, 43, 3C, 39, F6, 2E, 5E, A5, 45, 42, E9, D5, 07, A2, E6, A7, 77, AA, 8C, 6E, 4F, E1, 30, 96, B3, 02)

Summary of errors in expected transaction. Failed in: 
8 data bits.
0 tuser bits.
0 tstrb bits.
0 tid bits.
0 tdest bits.

%% 109602.5 ns    Alert  WARNING             AXISTREAM_VVC,1     
axistream_expect(32 words[8b])=> Failed in 1 tuser bits. First mismatch in word# 6. Was x"0". Expected x"1". ' 'expect, tuser wrong ,i=1'  [2049]'
Was:
(1, 0, 1, 0, 1, 0, 1, 0)
Expected:
(1, 0, 1, 0, 1, 1, 1, 0)

Summary of errors in expected transaction. Failed in: 
0 data bits.
1 tuser bits.
0 tstrb bits.
0 tid bits.
0 tdest bits.

%% 110492.5 ns    Alert  WARNING             AXISTREAM_VVC,1     
axistream_expect(84 words[8b])=> Failed in 8 data bits. First mismatch in word# 43. Was x"7A". Expected x"85". ' 'expect, data wrong ,i=2'  [2060]'
Was:
(A3, 9F, BF, 44, 51, 23, 16, D3, D4, 2A, 37, E9, 70, 4F, C7, 31, CB, CF, 05, 5F, 8F, C5, 30, 0F, BD, CD, DC, DC, 83, 43, DC, F4, 68, F7, 9F, BB, CB, 72, 16, F7, 52, 5D, 7A, BD, 6C, 7C, A1, 46, D5, 7E, F3, 72, 24, 41, 87, B1, 03, E4, B7, B7, 23, AF, AD, 47, 58, CE, 3B, 4C, 95, 3B, 9E, 62, DC, 39, A0, C0, C2, 87, 87, 6C, A2, 9F, 10, E6)
Expected:
(A3, 9F, BF, 44, 51, 23, 16, D3, D4, 2A, 37, E9, 70, 4F, C7, 31, CB, CF, 05, 5F, 8F, C5, 30, 0F, BD, CD, DC, DC, 83, 43, DC, F4, 68, F7, 9F, BB, CB, 72, 16, F7, 52, 5D, 85, BD, 6C, 7C, A1, 46, D5, 7E, F3, 72, 24, 41, 87, B1, 03, E4, B7, B7, 23, AF, AD, 47, 58, CE, 3B, 4C, 95, 3B, 9E, 62, DC, 39, A0, C0, C2, 87, 87, 6C, A2, 9F, 10, E6)

Summary of errors in expected transaction. Failed in: 
8 data bits.
0 tuser bits.
0 tstrb bits.
0 tid bits.
0 tdest bits.

%% 110712.5 ns    Alert  WARNING             AXISTREAM_VVC,1     
axistream_expect(84 words[8b])=> Failed in 1 tuser bits. First mismatch in word# 19. Was x"0". Expected x"1". ' 'expect, tuser wrong ,i=2'  [2062]'
Was:
(0, 1, 0, 1, 0, 1, 0, 1, 0, 1, 0, 1, 0, 1, 0, 1, 0, 1, 0, 1, 0)
Expected:
(0, 1, 0, 1, 0, 1, 0, 1, 0, 1, 0, 1, 0, 1, 0, 1, 0, 1, 1, 1, 0)

Summary of errors in expected transaction. Failed in: 
0 data bits.
1 tuser bits.
0 tstrb bits.
0 tid bits.
0 tdest bits.

%% 111242.5 ns    Alert  WARNING             AXISTREAM_VVC,1     
axistream_expect(48 words[8b])=> Failed in 8 data bits. First mismatch in word# 23. Was x"D3". Expected x"2C". ' 'expect, data wrong ,i=3'  [2073]'
Was:
(44, ED, 53, 5E, C8, F8, 03, 47, 14, 04, E3, A9, C9, 43, 75, 12, 2C, A4, 84, E9, 83, 17, D3, 61, 67, 99, 80, D2, C5, 01, 87, 62, ED, C5, E3, 5F, D9, 5E, EB, B1, DD, E3, C9, 9D, CA, BA, 1D, F5)
Expected:
(44, ED, 53, 5E, C8, F8, 03, 47, 14, 04, E3, A9, C9, 43, 75, 12, 2C, A4, 84, E9, 83, 17, 2C, 61, 67, 99, 80, D2, C5, 01, 87, 62, ED, C5, E3, 5F, D9, 5E, EB, B1, DD, E3, C9, 9D, CA, BA, 1D, F5)

Summary of errors in expected transaction. Failed in: 
8 data bits.
0 tuser bits.
0 tstrb bits.
0 tid bits.
0 tdest bits.

%% 111372.5 ns    Alert  WARNING             AXISTREAM_VVC,1     
axistream_expect(48 words[8b])=> Failed in 1 tuser bits. First mismatch in word# 10. Was x"0". Expected x"1". ' 'expect, tuser wrong ,i=3'  [2075]'
Was:
(1, 0, 1, 0, 1, 0, 1, 0, 1, 0, 1, 0)
Expected:
(1, 0, 1, 0, 1, 0, 1, 0, 1, 1, 1, 0)

Summary of errors in expected transaction. Failed in: 
0 data bits.
1 tuser bits.
0 tstrb bits.
0 tid bits.
0 tdest bits.

%% 112422.5 ns    Alert  WARNING             AXISTREAM_VVC,1     
axistream_expect(100 words[8b])=> Failed in 8 data bits. First mismatch in word# 74. Was x"5C". Expected x"A3". ' 'expect, data wrong ,i=4'  [2086]'
Was:
(5F, 47, D0, 18, 59, F9, 05, B5, 40, 76, 33, B8, F5, 08, 05, 81, 3A, B7, 67, 75, BD, 9E, F0, AC, 01, 2A, 3A, 7C, 67, E2, 9F, AC, 21, B5, 78, C3, 4D, 34, 7D, 61, 65, 47, E6, DB, 4E, AA, F5, 0C, 39, 8B, D8, BA, 7C, 19, 4D, 23, 08, 4E, C4, A9, 5A, 99, 97, 28, E5, 62, 27, 9F, 78, A7, 91, 6E, 3D, 5C, 04, C8, EA, E9, C7, CC, 76, 3C, E4, 2C, 15, E6, 7E, A6, D9, 67, 46, 73, D9, F6, F4, A0, A4, 43, 89, AC)
Expected:
(5F, 47, D0, 18, 59, F9, 05, B5, 40, 76, 33, B8, F5, 08, 05, 81, 3A, B7, 67, 75, BD, 9E, F0, AC, 01, 2A, 3A, 7C, 67, E2, 9F, AC, 21, B5, 78, C3, 4D, 34, 7D, 61, 65, 47, E6, DB, 4E, AA, F5, 0C, 39, 8B, D8, BA, 7C, 19, 4D, 23, 08, 4E, C4, A9, 5A, 99, 97, 28, E5, 62, 27, 9F, 78, A7, 91, 6E, 3D, A3, 04, C8, EA, E9, C7, CC, 76, 3C, E4, 2C, 15, E6, 7E, A6, D9, 67, 46, 73, D9, F6, F4, A0, A4, 43, 89, AC)

Summary of errors in expected transaction. Failed in: 
8 data bits.
0 tuser bits.
0 tstrb bits.
0 tid bits.
0 tdest bits.

%% 112682.5 ns    Alert  WARNING             AXISTREAM_VVC,1     
axistream_expect(100 words[8b])=> Failed in 1 tuser bits. First mismatch in word# 25. Was x"0". Expected x"1". ' 'expect, tuser wrong ,i=4'  [2088]'
Was:
(0, 1, 0, 1, 0, 1, 0, 1, 0, 1, 0, 1, 0, 1, 0, 1, 0, 1, 0, 1, 0, 1, 0, 1, 0)
Expected:
(0, 1, 0, 1, 0, 1, 0, 1, 0, 1, 0, 1, 0, 1, 0, 1, 0, 1, 0, 1, 0, 1, 0, 1, 1)

Summary of errors in expected transaction. Failed in: 
0 data bits.
1 tuser bits.
0 tstrb bits.
0 tid bits.
0 tdest bits.

%% 113052.5 ns    Alert  WARNING             AXISTREAM_VVC,1     
axistream_expect(32 words[8b])=> Failed in 8 data bits. First mismatch in word# 27. Was x"CC". Expected x"33". ' 'expect, data wrong ,i=5'  [2099]'
Was:
(A4, 34, 45, 62, E3, 32, D5, 3A, 7E, 5D, 99, 69, A8, BF, BE, CD, F9, E3, 09, 64, D9, D7, E5, 53, 19, 3E, CC, 80, 26, CE, 4A, 45)
Expected:
(A4, 34, 45, 62, E3, 32, D5, 3A, 7E, 5D, 99, 69, A8, BF, BE, CD, F9, E3, 09, 64, D9, D7, E5, 53, 19, 3E, 33, 80, 26, CE, 4A, 45)

Summary of errors in expected transaction. Failed in: 
8 data bits.
0 tuser bits.
0 tstrb bits.
0 tid bits.
0 tdest bits.

%% 113142.5 ns    Alert  WARNING             AXISTREAM_VVC,1     
axistream_expect(32 words[8b])=> Failed in 1 tuser bits. First mismatch in word# 3. Was x"1". Expected x"0". ' 'expect, tuser wrong ,i=5'  [2101]'
Was:
(1, 0, 1, 0, 1, 0, 1, 0)
Expected:
(1, 0, 0, 0, 1, 0, 1, 0)

Summary of errors in expected transaction. Failed in: 
0 data bits.
1 tuser bits.
0 tstrb bits.
0 tid bits.
0 tdest bits.

%% 113272.5 ns    Alert  WARNING             AXISTREAM_VVC,1     
axistream_expect(8 words[8b])=> Failed in 8 data bits. First mismatch in word# 7. Was x"38". Expected x"C7". ' 'expect, data wrong ,i=6'  [2112]'
Was:
(3A, 61, C3, 35, 21, 96, 38, 27)
Expected:
(3A, 61, C3, 35, 21, 96, C7, 27)

Summary of errors in expected transaction. Failed in: 
8 data bits.
0 tuser bits.
0 tstrb bits.
0 tid bits.
0 tdest bits.

%% 113302.5 ns    Alert  WARNING             AXISTREAM_VVC,1     
axistream_expect(8 words[8b])=> Failed in 1 tuser bits. First mismatch in word# 2. Was x"1". Expected x"0". ' 'expect, tuser wrong ,i=6'  [2114]'
Was:
(0, 1)
Expected:
(0, 0)

Summary of errors in expected transaction. Failed in: 
0 data bits.
1 tuser bits.
0 tstrb bits.
0 tid bits.
0 tdest bits.

%% 113872.5 ns    Alert  WARNING             AXISTREAM_VVC,1     
axistream_expect(52 words[8b])=> Failed in 8 data bits. First mismatch in word# 40. Was x"11". Expected x"EE". ' 'expect, data wrong ,i=7'  [2125]'
Was:
(53, C8, 07, C4, E3, 03, 5B, AC, 14, 58, 66, B3, 82, DA, 0F, 41, 50, E1, 5B, 09, 1D, 79, 21, AA, C4, 9C, 90, D9, 35, 58, 0B, 39, C6, 0E, 90, AF, 99, E4, A5, 11, 9C, D4, 31, 8C, DD, B7, 72, 0E, 49, 5F, A6, FD)
Expected:
(53, C8, 07, C4, E3, 03, 5B, AC, 14, 58, 66, B3, 82, DA, 0F, 41, 50, E1, 5B, 09, 1D, 79, 21, AA, C4, 9C, 90, D9, 35, 58, 0B, 39, C6, 0E, 90, AF, 99, E4, A5, EE, 9C, D4, 31, 8C, DD, B7, 72, 0E, 49, 5F, A6, FD)

Summary of errors in expected transaction. Failed in: 
8 data bits.
0 tuser bits.
0 tstrb bits.
0 tid bits.
0 tdest bits.

%% 114012.5 ns    Alert  WARNING             AXISTREAM_VVC,1     
axistream_expect(52 words[8b])=> Failed in 1 tuser bits. First mismatch in word# 1. Was x"1". Expected x"0". ' 'expect, tuser wrong ,i=7'  [2127]'
Was:
(1, 0, 1, 0, 1, 0, 1, 0, 1, 0, 1, 0, 1)
Expected:
(0, 0, 1, 0, 1, 0, 1, 0, 1, 0, 1, 0, 1)

Summary of errors in expected transaction. Failed in: 
0 data bits.
1 tuser bits.
0 tstrb bits.
0 tid bits.
0 tdest bits.

%% 114742.5 ns    Alert  WARNING             AXISTREAM_VVC,1     
axistream_expect(68 words[8b])=> Failed in 8 data bits. First mismatch in word# 13. Was x"52". Expected x"AD". ' 'expect, data wrong ,i=8'  [2138]'
Was:
(8A, 44, 51, BC, 5B, A1, 21, 1F, 87, A2, 0E, 22, 52, B7, DF, 64, 19, 64, AD, D5, D5, 8B, 18, E8, DC, A1, 88, BC, 09, AF, 82, A5, A9, F5, 27, 86, 63, 9C, C7, 18, C6, 30, ED, D1, 55, 3B, 0A, E2, 76, 6D, 35, C3, 24, 3E, 71, F7, E0, 6F, 70, E1, EC, EE, A3, 5D, 94, 83, F2, 1A)
Expected:
(8A, 44, 51, BC, 5B, A1, 21, 1F, 87, A2, 0E, 22, AD, B7, DF, 64, 19, 64, AD, D5, D5, 8B, 18, E8, DC, A1, 88, BC, 09, AF, 82, A5, A9, F5, 27, 86, 63, 9C, C7, 18, C6, 30, ED, D1, 55, 3B, 0A, E2, 76, 6D, 35, C3, 24, 3E, 71, F7, E0, 6F, 70, E1, EC, EE, A3, 5D, 94, 83, F2, 1A)

Summary of errors in expected transaction. Failed in: 
8 data bits.
0 tuser bits.
0 tstrb bits.
0 tid bits.
0 tdest bits.

%% 114922.5 ns    Alert  WARNING             AXISTREAM_VVC,1     
axistream_expect(68 words[8b])=> Failed in 1 tuser bits. First mismatch in word# 1. Was x"0". Expected x"1". ' 'expect, tuser wrong ,i=8'  [2140]'
Was:
(0, 1, 0, 1, 0, 1, 0, 1, 0, 1, 0, 1, 0, 1, 0, 1, 0)
Expected:
(1, 1, 0, 1, 0, 1, 0, 1, 0, 1, 0, 1, 0, 1, 0, 1, 0)

Summary of errors in expected transaction. Failed in: 
0 data bits.
1 tuser bits.
0 tstrb bits.
0 tid bits.
0 tdest bits.

%% 115332.5 ns    Alert  WARNING             AXISTREAM_VVC,1     
axistream_expect(36 words[8b])=> Failed in 8 data bits. First mismatch in word# 22. Was x"18". Expected x"E7". ' 'expect, data wrong ,i=9'  [2151]'
Was:
(02, 9F, 6B, ED, 4C, 06, 7B, 9A, 51, F3, CE, 67, E7, C7, FB, E7, EF, 49, 55, 49, 00, 18, 1F, 19, 68, 2F, DC, 1B, 65, 58, 89, 07, 7B, 87, 51, FD)
Expected:
(02, 9F, 6B, ED, 4C, 06, 7B, 9A, 51, F3, CE, 67, E7, C7, FB, E7, EF, 49, 55, 49, 00, E7, 1F, 19, 68, 2F, DC, 1B, 65, 58, 89, 07, 7B, 87, 51, FD)

Summary of errors in expected transaction. Failed in: 
8 data bits.
0 tuser bits.
0 tstrb bits.
0 tid bits.
0 tdest bits.

%% 115432.5 ns    Alert  WARNING             AXISTREAM_VVC,1     
axistream_expect(36 words[8b])=> Failed in 1 tuser bits. First mismatch in word# 2. Was x"0". Expected x"1". ' 'expect, tuser wrong ,i=9'  [2153]'
Was:
(1, 0, 1, 0, 1, 0, 1, 0, 1)
Expected:
(1, 1, 1, 0, 1, 0, 1, 0, 1)

Summary of errors in expected transaction. Failed in: 
0 data bits.
1 tuser bits.
0 tstrb bits.
0 tid bits.
0 tdest bits.

%% 115682.5 ns    Alert  WARNING             AXISTREAM_VVC,1     
axistream_expect(20 words[8b])=> Failed in 8 data bits. First mismatch in word# 18. Was x"E7". Expected x"18". ' 'expect, data wrong ,i=10'  [2164]'
Was:
(3D, 06, 9A, 67, 75, 4F, 2A, 5A, 24, 1E, DF, 60, E7, 30, D1, 34, 5A, E7, B9, AD)
Expected:
(3D, 06, 9A, 67, 75, 4F, 2A, 5A, 24, 1E, DF, 60, E7, 30, D1, 34, 5A, 18, B9, AD)

Summary of errors in expected transaction. Failed in: 
8 data bits.
0 tuser bits.
0 tstrb bits.
0 tid bits.
0 tdest bits.

%% 115742.5 ns    Alert  WARNING             AXISTREAM_VVC,1     
axistream_expect(20 words[8b])=> Failed in 1 tuser bits. First mismatch in word# 3. Was x"0". Expected x"1". ' 'expect, tuser wrong ,i=10'  [2166]'
Was:
(0, 1, 0, 1, 0)
Expected:
(0, 1, 1, 1, 0)

Summary of errors in expected transaction. Failed in: 
0 data bits.
1 tuser bits.
0 tstrb bits.
0 tid bits.
0 tdest bits.

%% 116192.5 ns    Alert  WARNING             AXISTREAM_VVC,1     
axistream_expect(40 words[8b])=> Failed in 8 data bits. First mismatch in word# 30. Was x"15". Expected x"EA". ' 'expect, data wrong ,i=11'  [2177]'
Was:
(C4, 55, FA, 5A, E9, 72, 1A, BC, 77, B9, 65, C7, 93, 2D, 6D, 5F, 6A, 05, 2E, F6, 22, C7, 1A, 3E, C1, 56, D8, B3, 60, 15, 2C, 38, 29, 5C, CB, 89, AD, 16, 41, 8E)
Expected:
(C4, 55, FA, 5A, E9, 72, 1A, BC, 77, B9, 65, C7, 93, 2D, 6D, 5F, 6A, 05, 2E, F6, 22, C7, 1A, 3E, C1, 56, D8, B3, 60, EA, 2C, 38, 29, 5C, CB, 89, AD, 16, 41, 8E)

Summary of errors in expected transaction. Failed in: 
8 data bits.
0 tuser bits.
0 tstrb bits.
0 tid bits.
0 tdest bits.

%% 116302.5 ns    Alert  WARNING             AXISTREAM_VVC,1     
axistream_expect(40 words[8b])=> Failed in 1 tuser bits. First mismatch in word# 8. Was x"0". Expected x"1". ' 'expect, tuser wrong ,i=11'  [2179]'
Was:
(1, 0, 1, 0, 1, 0, 1, 0, 1, 0)
Expected:
(1, 0, 1, 0, 1, 0, 1, 1, 1, 0)

Summary of errors in expected transaction. Failed in: 
0 data bits.
1 tuser bits.
0 tstrb bits.
0 tid bits.
0 tdest bits.

%% 117232.5 ns    Alert  WARNING             AXISTREAM_VVC,1     
axistream_expect(88 words[8b])=> Failed in 8 data bits. First mismatch in word# 50. Was x"12". Expected x"ED". ' 'expect, data wrong ,i=12'  [2190]'
Was:
(58, D8, F8, A4, EF, B0, 7C, 97, DD, 42, BF, 5A, B6, 27, 52, A8, 7D, 2F, 06, 88, D0, 13, C8, 58, D1, DF, D7, A4, 92, A5, E2, 5C, 72, 08, 6D, A8, 1E, 25, EC, 21, CE, EE, B0, 9A, BB, 74, CD, 6B, 81, 12, 84, 9B, 33, C4, FD, 90, 1D, 47, 88, 45, 6A, C6, 4F, D1, 88, D7, 7C, B8, 52, 81, B7, E1, 7C, FF, 86, 4E, 28, 8A, 21, BA, 49, 51, 9E, A7, 74, DB, 7C, 17)
Expected:
(58, D8, F8, A4, EF, B0, 7C, 97, DD, 42, BF, 5A, B6, 27, 52, A8, 7D, 2F, 06, 88, D0, 13, C8, 58, D1, DF, D7, A4, 92, A5, E2, 5C, 72, 08, 6D, A8, 1E, 25, EC, 21, CE, EE, B0, 9A, BB, 74, CD, 6B, 81, ED, 84, 9B, 33, C4, FD, 90, 1D, 47, 88, 45, 6A, C6, 4F, D1, 88, D7, 7C, B8, 52, 81, B7, E1, 7C, FF, 86, 4E, 28, 8A, 21, BA, 49, 51, 9E, A7, 74, DB, 7C, 17)

Summary of errors in expected transaction. Failed in: 
8 data bits.
0 tuser bits.
0 tstrb bits.
0 tid bits.
0 tdest bits.

%% 117462.5 ns    Alert  WARNING             AXISTREAM_VVC,1     
axistream_expect(88 words[8b])=> Failed in 1 tuser bits. First mismatch in word# 10. Was x"1". Expected x"0". ' 'expect, tuser wrong ,i=12'  [2192]'
Was:
(0, 1, 0, 1, 0, 1, 0, 1, 0, 1, 0, 1, 0, 1, 0, 1, 0, 1, 0, 1, 0, 1)
Expected:
(0, 1, 0, 1, 0, 1, 0, 1, 0, 0, 0, 1, 0, 1, 0, 1, 0, 1, 0, 1, 0, 1)

Summary of errors in expected transaction. Failed in: 
0 data bits.
1 tuser bits.
0 tstrb bits.
0 tid bits.
0 tdest bits.

%% 117872.5 ns    Alert  WARNING             AXISTREAM_VVC,1     
axistream_expect(36 words[8b])=> Failed in 8 data bits. First mismatch in word# 35. Was x"1E". Expected x"E1". ' 'expect, data wrong ,i=13'  [2203]'
Was:
(77, 57, 17, 23, C3, 5A, FE, 63, 57, CB, 82, 5D, 29, D4, 08, 8A, C6, 7F, BA, 02, B0, D9, 02, 19, B4, C2, 25, ED, 54, 0F, 47, 7D, DF, 67, 1E, 07)
Expected:
(77, 57, 17, 23, C3, 5A, FE, 63, 57, CB, 82, 5D, 29, D4, 08, 8A, C6, 7F, BA, 02, B0, D9, 02, 19, B4, C2, 25, ED, 54, 0F, 47, 7D, DF, 67, E1, 07)

Summary of errors in expected transaction. Failed in: 
8 data bits.
0 tuser bits.
0 tstrb bits.
0 tid bits.
0 tdest bits.

%% 117972.5 ns    Alert  WARNING             AXISTREAM_VVC,1     
axistream_expect(36 words[8b])=> Failed in 1 tuser bits. First mismatch in word# 1. Was x"1". Expected x"0". ' 'expect, tuser wrong ,i=13'  [2205]'
Was:
(1, 0, 1, 0, 1, 0, 1, 0, 1)
Expected:
(0, 0, 1, 0, 1, 0, 1, 0, 1)

Summary of errors in expected transaction. Failed in: 
0 data bits.
1 tuser bits.
0 tstrb bits.
0 tid bits.
0 tdest bits.

%% 118302.5 ns    Alert  WARNING             AXISTREAM_VVC,1     
axistream_expect(28 words[8b])=> Failed in 8 data bits. First mismatch in word# 2. Was x"31". Expected x"CE". ' 'expect, data wrong ,i=14'  [2216]'
Was:
(04, 31, 10, 38, 7F, FB, 0B, 8B, 29, F0, 6A, 46, BC, 8B, 60, 15, 4C, EF, E7, A6, 93, F6, 44, EC, 14, FB, B6, 5A)
Expected:
(04, CE, 10, 38, 7F, FB, 0B, 8B, 29, F0, 6A, 46, BC, 8B, 60, 15, 4C, EF, E7, A6, 93, F6, 44, EC, 14, FB, B6, 5A)

Summary of errors in expected transaction. Failed in: 
8 data bits.
0 tuser bits.
0 tstrb bits.
0 tid bits.
0 tdest bits.

%% 118382.5 ns    Alert  WARNING             AXISTREAM_VVC,1     
axistream_expect(28 words[8b])=> Failed in 1 tuser bits. First mismatch in word# 3. Was x"0". Expected x"1". ' 'expect, tuser wrong ,i=14'  [2218]'
Was:
(0, 1, 0, 1, 0, 1, 0)
Expected:
(0, 1, 1, 1, 0, 1, 0)

Summary of errors in expected transaction. Failed in: 
0 data bits.
1 tuser bits.
0 tstrb bits.
0 tid bits.
0 tdest bits.

%% 118472.5 ns    Alert  WARNING             AXISTREAM_VVC,1     
axistream_expect(4 words[8b])=> Failed in 8 data bits. First mismatch in word# 2. Was x"A6". Expected x"59". ' 'expect, data wrong ,i=15'  [2229]'
Was:
(C7, A6, DA, 87)
Expected:
(C7, 59, DA, 87)

Summary of errors in expected transaction. Failed in: 
8 data bits.
0 tuser bits.
0 tstrb bits.
0 tid bits.
0 tdest bits.

%% 118492.5 ns    Alert  WARNING             AXISTREAM_VVC,1     
axistream_expect(4 words[8b])=> Failed in 1 tuser bits. First mismatch in word# 1. Was x"1". Expected x"0". ' 'expect, tuser wrong ,i=15'  [2231]'
Was:
(1)
Expected:
(0)

Summary of errors in expected transaction. Failed in: 
0 data bits.
1 tuser bits.
0 tstrb bits.
0 tid bits.
0 tdest bits.

%% 119062.5 ns    Alert  WARNING             AXISTREAM_VVC,1     
axistream_expect(52 words[8b])=> Failed in 8 data bits. First mismatch in word# 25. Was x"EA". Expected x"15". ' 'expect, data wrong ,i=16'  [2242]'
Was:
(32, 77, 40, D0, 41, 09, 8E, 10, 55, 49, AF, 07, A0, 12, C7, 13, 37, 95, 62, D9, F6, 9F, 20, 7C, EA, 22, 6C, 03, C7, 9A, 57, 77, C9, 6F, 09, AE, 36, 36, 7D, 84, 10, 52, 6E, EC, A5, 22, C9, 4A, E7, AA, 0F, BD)
Expected:
(32, 77, 40, D0, 41, 09, 8E, 10, 55, 49, AF, 07, A0, 12, C7, 13, 37, 95, 62, D9, F6, 9F, 20, 7C, 15, 22, 6C, 03, C7, 9A, 57, 77, C9, 6F, 09, AE, 36, 36, 7D, 84, 10, 52, 6E, EC, A5, 22, C9, 4A, E7, AA, 0F, BD)

Summary of errors in expected transaction. Failed in: 
8 data bits.
0 tuser bits.
0 tstrb bits.
0 tid bits.
0 tdest bits.

%% 119202.5 ns    Alert  WARNING             AXISTREAM_VVC,1     
axistream_expect(52 words[8b])=> Failed in 1 tuser bits. First mismatch in word# 11. Was x"0". Expected x"1". ' 'expect, tuser wrong ,i=16'  [2244]'
Was:
(0, 1, 0, 1, 0, 1, 0, 1, 0, 1, 0, 1, 0)
Expected:
(0, 1, 0, 1, 0, 1, 0, 1, 0, 1, 1, 1, 0)

Summary of errors in expected transaction. Failed in: 
0 data bits.
1 tuser bits.
0 tstrb bits.
0 tid bits.
0 tdest bits.

%% 119532.5 ns    Alert  WARNING             AXISTREAM_VVC,1     
axistream_expect(28 words[8b])=> Failed in 8 data bits. First mismatch in word# 28. Was x"28". Expected x"D7". ' 'expect, data wrong ,i=17'  [2255]'
Was:
(BD, E1, 17, B5, 40, 44, 7E, 10, 98, 0B, CB, DD, E9, 59, FD, AF, D5, 80, 7A, B7, 26, DF, 51, BE, 77, 85, CE, 28)
Expected:
(BD, E1, 17, B5, 40, 44, 7E, 10, 98, 0B, CB, DD, E9, 59, FD, AF, D5, 80, 7A, B7, 26, DF, 51, BE, 77, 85, CE, D7)

Summary of errors in expected transaction. Failed in: 
8 data bits.
0 tuser bits.
0 tstrb bits.
0 tid bits.
0 tdest bits.

%% 119612.5 ns    Alert  WARNING             AXISTREAM_VVC,1     
axistream_expect(28 words[8b])=> Failed in 1 tuser bits. First mismatch in word# 5. Was x"1". Expected x"0". ' 'expect, tuser wrong ,i=17'  [2257]'
Was:
(1, 0, 1, 0, 1, 0, 1)
Expected:
(1, 0, 1, 0, 0, 0, 1)

Summary of errors in expected transaction. Failed in: 
0 data bits.
1 tuser bits.
0 tstrb bits.
0 tid bits.
0 tdest bits.

%% 119822.5 ns    Alert  WARNING             AXISTREAM_VVC,1     
axistream_expect(16 words[8b])=> Failed in 8 data bits. First mismatch in word# 6. Was x"3F". Expected x"C0". ' 'expect, data wrong ,i=18'  [2268]'
Was:
(A8, EF, 41, AC, 1C, 3F, E7, 03, 34, AD, 50, B1, 3F, D5, 22, 18)
Expected:
(A8, EF, 41, AC, 1C, C0, E7, 03, 34, AD, 50, B1, 3F, D5, 22, 18)

Summary of errors in expected transaction. Failed in: 
8 data bits.
0 tuser bits.
0 tstrb bits.
0 tid bits.
0 tdest bits.

%% 119872.5 ns    Alert  WARNING             AXISTREAM_VVC,1     
axistream_expect(16 words[8b])=> Failed in 1 tuser bits. First mismatch in word# 3. Was x"0". Expected x"1". ' 'expect, tuser wrong ,i=18'  [2270]'
Was:
(0, 1, 0, 1)
Expected:
(0, 1, 1, 1)

Summary of errors in expected transaction. Failed in: 
0 data bits.
1 tuser bits.
0 tstrb bits.
0 tid bits.
0 tdest bits.

%% 120162.5 ns    Alert  WARNING             AXISTREAM_VVC,1     
axistream_expect(24 words[8b])=> Failed in 8 data bits. First mismatch in word# 11. Was x"F3". Expected x"0C". ' 'expect, data wrong ,i=19'  [2281]'
Was:
(4C, B1, 37, 89, BE, 63, 0B, A3, 3F, C0, F3, 5C, 22, 20, 74, 86, B6, BD, B9, CD, 38, 98, FA, D4)
Expected:
(4C, B1, 37, 89, BE, 63, 0B, A3, 3F, C0, 0C, 5C, 22, 20, 74, 86, B6, BD, B9, CD, 38, 98, FA, D4)

Summary of errors in expected transaction. Failed in: 
8 data bits.
0 tuser bits.
0 tstrb bits.
0 tid bits.
0 tdest bits.

%% 120232.5 ns    Alert  WARNING             AXISTREAM_VVC,1     
axistream_expect(24 words[8b])=> Failed in 1 tuser bits. First mismatch in word# 6. Was x"0". Expected x"1". ' 'expect, tuser wrong ,i=19'  [2283]'
Was:
(1, 0, 1, 0, 1, 0)
Expected:
(1, 0, 1, 0, 1, 1)

Summary of errors in expected transaction. Failed in: 
0 data bits.
1 tuser bits.
0 tstrb bits.
0 tid bits.
0 tdest bits.

%% 121082.5 ns    Alert  WARNING             AXISTREAM_VVC,1     
axistream_expect(80 words[8b])=> Failed in 8 data bits. First mismatch in word# 17. Was x"CD". Expected x"32". ' 'expect, data wrong ,i=20'  [2294]'
Was:
(A0, BA, E4, BA, F7, 61, 09, AC, C8, B5, 5F, 62, DA, B7, 93, 80, CD, CD, 2E, FE, 3C, C4, 4F, 59, FD, 07, FC, 6E, 5A, A9, D1, 98, E2, B3, F9, 6F, 94, FC, E8, 28, 03, FE, 1A, 64, 93, BF, C6, 70, 7E, 08, 2C, 41, E9, AA, C8, 33, 06, BB, 8D, 5F, D5, E2, A6, D5, E4, 51, 9F, 9E, 38, 6C, B7, A0, 06, 2A, 22, 0C, CA, B5, 31, D0)
Expected:
(A0, BA, E4, BA, F7, 61, 09, AC, C8, B5, 5F, 62, DA, B7, 93, 80, 32, CD, 2E, FE, 3C, C4, 4F, 59, FD, 07, FC, 6E, 5A, A9, D1, 98, E2, B3, F9, 6F, 94, FC, E8, 28, 03, FE, 1A, 64, 93, BF, C6, 70, 7E, 08, 2C, 41, E9, AA, C8, 33, 06, BB, 8D, 5F, D5, E2, A6, D5, E4, 51, 9F, 9E, 38, 6C, B7, A0, 06, 2A, 22, 0C, CA, B5, 31, D0)

Summary of errors in expected transaction. Failed in: 
8 data bits.
0 tuser bits.
0 tstrb bits.
0 tid bits.
0 tdest bits.

%% 121292.5 ns    Alert  WARNING             AXISTREAM_VVC,1     
axistream_expect(80 words[8b])=> Failed in 1 tuser bits. First mismatch in word# 14. Was x"1". Expected x"0". ' 'expect, tuser wrong ,i=20'  [2296]'
Was:
(0, 1, 0, 1, 0, 1, 0, 1, 0, 1, 0, 1, 0, 1, 0, 1, 0, 1, 0, 1)
Expected:
(0, 1, 0, 1, 0, 1, 0, 1, 0, 1, 0, 1, 0, 0, 0, 1, 0, 1, 0, 1)

Summary of errors in expected transaction. Failed in: 
0 data bits.
1 tuser bits.
0 tstrb bits.
0 tid bits.
0 tdest bits.

%% 
%% ============================================================================================================================================================================
%%  *** INTERMEDIATE SUMMARY OF ALL ALERTS ***
%% ============================================================================================================================================================================
%% 121292.5 ns    DONE   PASSED   axistream_vvc_slv_array_tb  Passed: 4  Affirmations Checked: 2050
%%    Expected      Failures: 0  Errors: 0  Warnings: -347  Passed: 0
%%    VHDL Asserts  Failures: 0  Errors: 0  Warnings: 0  Passed: 0
%%    Default       Failures: 0  Errors: 0  Warnings: 347  Passed: 0
%%    OSVVM         Failures: 0  Errors: 0  Warnings: 0  Passed: 0
%% ============================================================================================================================================================================
%% 
%% 121320 ns    Alert  WARNING             AXISTREAM_VVC,1     check_value(sl, 1) => Failed. Value was 0. Expected 1. 'Check tlast at expected last byte = 3. ' 'expect, tlast wrong ,i=1'  [2301]''
%% 122412.5 ns    Alert  WARNING             AXISTREAM_VVC,1     
axistream_expect(100 words[8b])=> Failed in 8 data bits. First mismatch in word# 35. Was x"EA". Expected x"15". ' 'expect, data wrong ,i=1'  [2314]'
Was:
(D0, 5F, F6, DE, BD, BF, F0, 08, CD, E0, 18, 49, FB, CF, 9F, 89, 11, 79, 89, FB, 4D, B3, 0F, 37, 24, F8, F8, 97, F5, 57, 8A, 68, 7A, 3E, EA, FC, 59, BB, 93, 69, BC, 6D, D2, 81, D0, F5, D3, CA, 98, DB, C2, FD, 5A, 42, BD, 2F, 14, F4, B6, CC, 12, A8, AA, 8B, C7, A2, D4, 36, C0, 9E, C7, 3E, C8, B1, 5D, 00, 36, E8, E8, B6, 06, 41, E1, AC, C4, 3A, 0D, 97, C6, EA, 42, 82, 58, 2B, 15, 39, 15, AA, BF, 6D)
Expected:
(D0, 5F, F6, DE, BD, BF, F0, 08, CD, E0, 18, 49, FB, CF, 9F, 89, 11, 79, 89, FB, 4D, B3, 0F, 37, 24, F8, F8, 97, F5, 57, 8A, 68, 7A, 3E, 15, FC, 59, BB, 93, 69, BC, 6D, D2, 81, D0, F5, D3, CA, 98, DB, C2, FD, 5A, 42, BD, 2F, 14, F4, B6, CC, 12, A8, AA, 8B, C7, A2, D4, 36, C0, 9E, C7, 3E, C8, B1, 5D, 00, 36, E8, E8, B6, 06, 41, E1, AC, C4, 3A, 0D, 97, C6, EA, 42, 82, 58, 2B, 15, 39, 15, AA, BF, 6D)

Summary of errors in expected transaction. Failed in: 
8 data bits.
0 tuser bits.
0 tstrb bits.
0 tid bits.
0 tdest bits.

%% 122682.5 ns    Alert  WARNING             AXISTREAM_VVC,1     
axistream_expect(100 words[8b])=> Failed in 1 tuser bits. First mismatch in word# 17. Was x"1". Expected x"0". ' 'expect, tuser wrong ,i=1'  [2316]'
Was:
(1, 0, 1, 0, 1, 0, 1, 0, 1, 0, 1, 0, 1, 0, 1, 0, 1, 0, 1, 0, 1, 0, 1, 0, 1)
Expected:
(1, 0, 1, 0, 1, 0, 1, 0, 1, 0, 1, 0, 1, 0, 1, 0, 0, 0, 1, 0, 1, 0, 1, 0, 1)

Summary of errors in expected transaction. Failed in: 
0 data bits.
1 tuser bits.
0 tstrb bits.
0 tid bits.
0 tdest bits.

%% 122882.5 ns    Alert  WARNING             AXISTREAM_VVC,1     
axistream_expect(10 words[8b])=> Failed in 8 data bits. First mismatch in word# 3. Was x"06". Expected x"F9". ' 'expect, data wrong ,i=2'  [2327]'
Was:
(94, F9, 06, D6, 60, 97, BD, BE, 49, 6D)
Expected:
(94, F9, F9, D6, 60, 97, BD, BE, 49, 6D)

Summary of errors in expected transaction. Failed in: 
8 data bits.
0 tuser bits.
0 tstrb bits.
0 tid bits.
0 tdest bits.

%% 122932.5 ns    Alert  WARNING             AXISTREAM_VVC,1     
axistream_expect(10 words[8b])=> Failed in 1 tuser bits. First mismatch in word# 1. Was x"0". Expected x"1". ' 'expect, tuser wrong ,i=2'  [2329]'
Was:
(0, 1, 0)
Expected:
(1, 1, 0)

Summary of errors in expected transaction. Failed in: 
0 data bits.
1 tuser bits.
0 tstrb bits.
0 tid bits.
0 tdest bits.

%% 123732.5 ns    Alert  WARNING             AXISTREAM_VVC,1     
axistream_expect(71 words[8b])=> Failed in 8 data bits. First mismatch in word# 23. Was x"20". Expected x"DF". ' 'expect, data wrong ,i=3'  [2340]'
Was:
(D8, 7D, B2, 02, 8B, FE, E4, 23, E2, B7, 60, E1, 82, 8C, 4D, 3A, FF, 80, 1F, 12, 5C, 0B, 20, 7B, 27, A8, BA, 55, EE, E2, 11, F3, 9C, 2E, 72, F1, 5C, 11, 90, CE, DF, F7, A5, F8, 63, A0, DF, 5A, 76, A9, 32, 7D, 87, 53, 43, 74, D9, 1F, 6C, 9B, B4, 83, 58, 6E, 44, A4, FD, 09, EB, DD, BD)
Expected:
(D8, 7D, B2, 02, 8B, FE, E4, 23, E2, B7, 60, E1, 82, 8C, 4D, 3A, FF, 80, 1F, 12, 5C, 0B, DF, 7B, 27, A8, BA, 55, EE, E2, 11, F3, 9C, 2E, 72, F1, 5C, 11, 90, CE, DF, F7, A5, F8, 63, A0, DF, 5A, 76, A9, 32, 7D, 87, 53, 43, 74, D9, 1F, 6C, 9B, B4, 83, 58, 6E, 44, A4, FD, 09, EB, DD, BD)

Summary of errors in expected transaction. Failed in: 
8 data bits.
0 tuser bits.
0 tstrb bits.
0 tid bits.
0 tdest bits.

%% 123932.5 ns    Alert  WARNING             AXISTREAM_VVC,1     
axistream_expect(71 words[8b])=> Failed in 1 tuser bits. First mismatch in word# 6. Was x"0". Expected x"1". ' 'expect, tuser wrong ,i=3'  [2342]'
Was:
(1, 0, 1, 0, 1, 0, 1, 0, 1, 0, 1, 0, 1, 0, 1, 0, 1, 0)
Expected:
(1, 0, 1, 0, 1, 1, 1, 0, 1, 0, 1, 0, 1, 0, 1, 0, 1, 0)

Summary of errors in expected transaction. Failed in: 
0 data bits.
1 tuser bits.
0 tstrb bits.
0 tid bits.
0 tdest bits.

%% 124852.5 ns    Alert  WARNING             AXISTREAM_VVC,1     
axistream_expect(84 words[8b])=> Failed in 8 data bits. First mismatch in word# 33. Was x"D0". Expected x"2F". ' 'expect, data wrong ,i=4'  [2353]'
Was:
(0E, C8, 25, 44, A1, 30, F7, 7B, E8, E7, FF, 99, 36, FE, DE, 50, 03, 5C, 0F, FD, 35, E2, 17, 03, B7, 80, E7, 89, 83, D1, 31, 26, D0, 42, 72, FE, 49, D6, 7D, 42, 72, D3, 7E, 46, A3, 71, B5, 1A, E9, 8A, 0D, 62, A2, E5, 95, 9F, 0F, 98, C7, C9, 46, 20, 97, 40, 8F, 1E, CA, 76, C7, D1, D3, 2B, 28, 29, 13, 53, FD, 0C, EF, 3C, 8D, BE, C4, 6B)
Expected:
(0E, C8, 25, 44, A1, 30, F7, 7B, E8, E7, FF, 99, 36, FE, DE, 50, 03, 5C, 0F, FD, 35, E2, 17, 03, B7, 80, E7, 89, 83, D1, 31, 26, 2F, 42, 72, FE, 49, D6, 7D, 42, 72, D3, 7E, 46, A3, 71, B5, 1A, E9, 8A, 0D, 62, A2, E5, 95, 9F, 0F, 98, C7, C9, 46, 20, 97, 40, 8F, 1E, CA, 76, C7, D1, D3, 2B, 28, 29, 13, 53, FD, 0C, EF, 3C, 8D, BE, C4, 6B)

Summary of errors in expected transaction. Failed in: 
8 data bits.
0 tuser bits.
0 tstrb bits.
0 tid bits.
0 tdest bits.

%% 125082.5 ns    Alert  WARNING             AXISTREAM_VVC,1     
axistream_expect(84 words[8b])=> Failed in 1 tuser bits. First mismatch in word# 12. Was x"1". Expected x"0". ' 'expect, tuser wrong ,i=4'  [2355]'
Was:
(0, 1, 0, 1, 0, 1, 0, 1, 0, 1, 0, 1, 0, 1, 0, 1, 0, 1, 0, 1, 0)
Expected:
(0, 1, 0, 1, 0, 1, 0, 1, 0, 1, 0, 0, 0, 1, 0, 1, 0, 1, 0, 1, 0)

Summary of errors in expected transaction. Failed in: 
0 data bits.
1 tuser bits.
0 tstrb bits.
0 tid bits.
0 tdest bits.

%% 125882.5 ns    Alert  WARNING             AXISTREAM_VVC,1     
axistream_expect(72 words[8b])=> Failed in 8 data bits. First mismatch in word# 41. Was x"27". Expected x"D8". ' 'expect, data wrong ,i=5'  [2366]'
Was:
(28, 53, 4C, 46, 18, F6, 7E, E6, B9, 23, 2C, E3, B6, 64, 2A, 28, D3, 3F, 99, EF, 6B, 17, EA, F9, 90, CD, E5, 5E, 80, FE, F1, 12, 6A, F9, BB, 91, 58, 1C, 2B, 93, 27, 05, 27, 72, 16, 9A, 43, D3, 8A, E1, A5, A1, BE, B8, DE, 89, 46, 41, 85, FB, 4E, 6A, 3F, 5C, 79, C9, ED, D5, C2, DF, A9, 03)
Expected:
(28, 53, 4C, 46, 18, F6, 7E, E6, B9, 23, 2C, E3, B6, 64, 2A, 28, D3, 3F, 99, EF, 6B, 17, EA, F9, 90, CD, E5, 5E, 80, FE, F1, 12, 6A, F9, BB, 91, 58, 1C, 2B, 93, D8, 05, 27, 72, 16, 9A, 43, D3, 8A, E1, A5, A1, BE, B8, DE, 89, 46, 41, 85, FB, 4E, 6A, 3F, 5C, 79, C9, ED, D5, C2, DF, A9, 03)

Summary of errors in expected transaction. Failed in: 
8 data bits.
0 tuser bits.
0 tstrb bits.
0 tid bits.
0 tdest bits.

%% 126082.5 ns    Alert  WARNING             AXISTREAM_VVC,1     
axistream_expect(72 words[8b])=> Failed in 1 tuser bits. First mismatch in word# 6. Was x"0". Expected x"1". ' 'expect, tuser wrong ,i=5'  [2368]'
Was:
(1, 0, 1, 0, 1, 0, 1, 0, 1, 0, 1, 0, 1, 0, 1, 0, 1, 0)
Expected:
(1, 0, 1, 0, 1, 1, 1, 0, 1, 0, 1, 0, 1, 0, 1, 0, 1, 0)

Summary of errors in expected transaction. Failed in: 
0 data bits.
1 tuser bits.
0 tstrb bits.
0 tid bits.
0 tdest bits.

%% 126282.5 ns    Alert  WARNING             AXISTREAM_VVC,1     
axistream_expect(11 words[8b])=> Failed in 8 data bits. First mismatch in word# 10. Was x"F0". Expected x"0F". ' 'expect, data wrong ,i=6'  [2379]'
Was:
(18, E3, 5E, AE, 84, BC, CE, 48, 4D, F0, 1C)
Expected:
(18, E3, 5E, AE, 84, BC, CE, 48, 4D, 0F, 1C)

Summary of errors in expected transaction. Failed in: 
8 data bits.
0 tuser bits.
0 tstrb bits.
0 tid bits.
0 tdest bits.

%% 126332.5 ns    Alert  WARNING             AXISTREAM_VVC,1     
axistream_expect(11 words[8b])=> Failed in 1 tuser bits. First mismatch in word# 3. Was x"0". Expected x"1". ' 'expect, tuser wrong ,i=6'  [2381]'
Was:
(0, 1, 0)
Expected:
(0, 1, 1)

Summary of errors in expected transaction. Failed in: 
0 data bits.
1 tuser bits.
0 tstrb bits.
0 tid bits.
0 tdest bits.

%% 126812.5 ns    Alert  WARNING             AXISTREAM_VVC,1     
axistream_expect(39 words[8b])=> Failed in 8 data bits. First mismatch in word# 9. Was x"B0". Expected x"4F". ' 'expect, data wrong ,i=7'  [2392]'
Was:
(0B, DF, 70, C0, 11, 5A, 05, 14, B0, EE, B5, 95, FA, 82, D4, AD, F2, 3B, 18, 33, 43, 33, 15, 66, 54, 3D, ED, 3B, D3, F9, 26, FC, 17, A2, BA, D0, E1, ED, 3C)
Expected:
(0B, DF, 70, C0, 11, 5A, 05, 14, 4F, EE, B5, 95, FA, 82, D4, AD, F2, 3B, 18, 33, 43, 33, 15, 66, 54, 3D, ED, 3B, D3, F9, 26, FC, 17, A2, BA, D0, E1, ED, 3C)

Summary of errors in expected transaction. Failed in: 
8 data bits.
0 tuser bits.
0 tstrb bits.
0 tid bits.
0 tdest bits.

%% 126932.5 ns    Alert  WARNING             AXISTREAM_VVC,1     
axistream_expect(39 words[8b])=> Failed in 1 tuser bits. First mismatch in word# 9. Was x"1". Expected x"0". ' 'expect, tuser wrong ,i=7'  [2394]'
Was:
(1, 0, 1, 0, 1, 0, 1, 0, 1, 0)
Expected:
(1, 0, 1, 0, 1, 0, 1, 0, 0, 0)

Summary of errors in expected transaction. Failed in: 
0 data bits.
1 tuser bits.
0 tstrb bits.
0 tid bits.
0 tdest bits.

%% 127692.5 ns    Alert  WARNING             AXISTREAM_VVC,1     
axistream_expect(67 words[8b])=> Failed in 8 data bits. First mismatch in word# 19. Was x"23". Expected x"DC". ' 'expect, data wrong ,i=8'  [2405]'
Was:
(A8, 0E, 01, B5, 35, CF, 57, F4, 98, 92, 13, 52, AA, 43, 0C, 06, E1, 4B, 23, 6D, 50, F7, CA, C8, D4, 14, 24, A9, 40, 1B, 4D, 13, 4F, 72, 92, B3, 92, 07, DF, 8A, 80, 2D, 01, 02, D0, BA, 9D, 02, AC, 87, 43, D4, AC, 87, 12, 17, 04, 1D, C5, 64, 74, 68, 14, DE, 1E, 75, 02)
Expected:
(A8, 0E, 01, B5, 35, CF, 57, F4, 98, 92, 13, 52, AA, 43, 0C, 06, E1, 4B, DC, 6D, 50, F7, CA, C8, D4, 14, 24, A9, 40, 1B, 4D, 13, 4F, 72, 92, B3, 92, 07, DF, 8A, 80, 2D, 01, 02, D0, BA, 9D, 02, AC, 87, 43, D4, AC, 87, 12, 17, 04, 1D, C5, 64, 74, 68, 14, DE, 1E, 75, 02)

Summary of errors in expected transaction. Failed in: 
8 data bits.
0 tuser bits.
0 tstrb bits.
0 tid bits.
0 tdest bits.

%% 127882.5 ns    Alert  WARNING             AXISTREAM_VVC,1     
axistream_expect(67 words[8b])=> Failed in 1 tuser bits. First mismatch in word# 8. Was x"1". Expected x"0". ' 'expect, tuser wrong ,i=8'  [2407]'
Was:
(0, 1, 0, 1, 0, 1, 0, 1, 0, 1, 0, 1, 0, 1, 0, 1, 0)
Expected:
(0, 1, 0, 1, 0, 1, 0, 0, 0, 1, 0, 1, 0, 1, 0, 1, 0)

Summary of errors in expected transaction. Failed in: 
0 data bits.
1 tuser bits.
0 tstrb bits.
0 tid bits.
0 tdest bits.

%% 128722.5 ns    Alert  WARNING             AXISTREAM_VVC,1     
axistream_expect(75 words[8b])=> Failed in 8 data bits. First mismatch in word# 13. Was x"AF". Expected x"50". ' 'expect, data wrong ,i=9'  [2418]'
Was:
(D1, E7, C7, 26, D1, 56, 57, E3, A5, 6B, B1, BD, AF, 84, 5E, 8E, EE, 3E, 59, 70, 4C, 35, 0E, B9, 1A, 4E, 5D, A7, BB, F5, E3, 95, D0, 60, D1, D2, 84, 15, D0, F9, E3, 1E, 33, 09, 29, 12, CA, A9, 1B, 06, A0, B8, D1, 4B, 07, 14, 6F, 45, 53, 6F, 58, 2A, E0, E1, 13, 9D, 1F, 5A, 5B, 4F, 81, 59, 62, 3A, 29)
Expected:
(D1, E7, C7, 26, D1, 56, 57, E3, A5, 6B, B1, BD, 50, 84, 5E, 8E, EE, 3E, 59, 70, 4C, 35, 0E, B9, 1A, 4E, 5D, A7, BB, F5, E3, 95, D0, 60, D1, D2, 84, 15, D0, F9, E3, 1E, 33, 09, 29, 12, CA, A9, 1B, 06, A0, B8, D1, 4B, 07, 14, 6F, 45, 53, 6F, 58, 2A, E0, E1, 13, 9D, 1F, 5A, 5B, 4F, 81, 59, 62, 3A, 29)

Summary of errors in expected transaction. Failed in: 
8 data bits.
0 tuser bits.
0 tstrb bits.
0 tid bits.
0 tdest bits.

%% 128932.5 ns    Alert  WARNING             AXISTREAM_VVC,1     
axistream_expect(75 words[8b])=> Failed in 1 tuser bits. First mismatch in word# 19. Was x"1". Expected x"0". ' 'expect, tuser wrong ,i=9'  [2420]'
Was:
(1, 0, 1, 0, 1, 0, 1, 0, 1, 0, 1, 0, 1, 0, 1, 0, 1, 0, 1)
Expected:
(1, 0, 1, 0, 1, 0, 1, 0, 1, 0, 1, 0, 1, 0, 1, 0, 1, 0, 0)

Summary of errors in expected transaction. Failed in: 
0 data bits.
1 tuser bits.
0 tstrb bits.
0 tid bits.
0 tdest bits.

%% 129972.5 ns    Alert  WARNING             AXISTREAM_VVC,1     
axistream_expect(94 words[8b])=> Failed in 8 data bits. First mismatch in word# 75. Was x"50". Expected x"AF". ' 'expect, data wrong ,i=10'  [2431]'
Was:
(C8, 02, F6, B1, 35, 36, E0, 98, BA, 74, 7F, B1, 0A, A3, 54, CF, AD, DF, B2, 32, 24, 05, DA, 29, 8D, C1, B4, C4, FF, 6A, 2E, AC, 5E, 32, 9B, 14, A2, 66, 0B, E3, B0, 97, 77, E2, C2, A6, DC, E2, 95, 24, 47, 25, EF, 8F, AF, 69, 69, CD, 83, 84, 65, DF, 7D, B6, DC, 38, 7B, C4, A7, EE, 70, B7, 97, E8, 50, DA, B0, 6A, 45, C1, 27, A3, D7, A2, B0, 9C, 0D, BC, BF, 62, 3A, 23, E4, 87)
Expected:
(C8, 02, F6, B1, 35, 36, E0, 98, BA, 74, 7F, B1, 0A, A3, 54, CF, AD, DF, B2, 32, 24, 05, DA, 29, 8D, C1, B4, C4, FF, 6A, 2E, AC, 5E, 32, 9B, 14, A2, 66, 0B, E3, B0, 97, 77, E2, C2, A6, DC, E2, 95, 24, 47, 25, EF, 8F, AF, 69, 69, CD, 83, 84, 65, DF, 7D, B6, DC, 38, 7B, C4, A7, EE, 70, B7, 97, E8, AF, DA, B0, 6A, 45, C1, 27, A3, D7, A2, B0, 9C, 0D, BC, BF, 62, 3A, 23, E4, 87)

Summary of errors in expected transaction. Failed in: 
8 data bits.
0 tuser bits.
0 tstrb bits.
0 tid bits.
0 tdest bits.

%% 130232.5 ns    Alert  WARNING             AXISTREAM_VVC,1     
axistream_expect(94 words[8b])=> Failed in 1 tuser bits. First mismatch in word# 13. Was x"0". Expected x"1". ' 'expect, tuser wrong ,i=10'  [2433]'
Was:
(0, 1, 0, 1, 0, 1, 0, 1, 0, 1, 0, 1, 0, 1, 0, 1, 0, 1, 0, 1, 0, 1, 0, 1)
Expected:
(0, 1, 0, 1, 0, 1, 0, 1, 0, 1, 0, 1, 1, 1, 0, 1, 0, 1, 0, 1, 0, 1, 0, 1)

Summary of errors in expected transaction. Failed in: 
0 data bits.
1 tuser bits.
0 tstrb bits.
0 tid bits.
0 tdest bits.

%% 130992.5 ns    Alert  WARNING             AXISTREAM_VVC,1     
axistream_expect(66 words[8b])=> Failed in 8 data bits. First mismatch in word# 17. Was x"EC". Expected x"13". ' 'expect, data wrong ,i=11'  [2444]'
Was:
(D0, C8, F1, BD, 3C, 7C, E5, 11, 35, 49, B5, 86, DF, 24, F0, 62, EC, F3, 1E, F2, 54, 38, E2, 2D, 22, F8, 30, 2F, 53, 1B, 65, FE, 05, 97, F4, 91, 6E, 6F, 60, 24, A3, 8C, 3B, 51, CF, 1D, 06, 49, 05, C9, 79, 5E, 0D, B6, 40, CF, DA, E6, 13, BF, 0D, 0E, D4, 8D, 18, 44)
Expected:
(D0, C8, F1, BD, 3C, 7C, E5, 11, 35, 49, B5, 86, DF, 24, F0, 62, 13, F3, 1E, F2, 54, 38, E2, 2D, 22, F8, 30, 2F, 53, 1B, 65, FE, 05, 97, F4, 91, 6E, 6F, 60, 24, A3, 8C, 3B, 51, CF, 1D, 06, 49, 05, C9, 79, 5E, 0D, B6, 40, CF, DA, E6, 13, BF, 0D, 0E, D4, 8D, 18, 44)

Summary of errors in expected transaction. Failed in: 
8 data bits.
0 tuser bits.
0 tstrb bits.
0 tid bits.
0 tdest bits.

%% 131182.5 ns    Alert  WARNING             AXISTREAM_VVC,1     
axistream_expect(66 words[8b])=> Failed in 1 tuser bits. First mismatch in word# 9. Was x"1". Expected x"0". ' 'expect, tuser wrong ,i=11'  [2446]'
Was:
(1, 0, 1, 0, 1, 0, 1, 0, 1, 0, 1, 0, 1, 0, 1, 0, 1)
Expected:
(1, 0, 1, 0, 1, 0, 1, 0, 0, 0, 1, 0, 1, 0, 1, 0, 1)

Summary of errors in expected transaction. Failed in: 
0 data bits.
1 tuser bits.
0 tstrb bits.
0 tid bits.
0 tdest bits.

%% 132062.5 ns    Alert  WARNING             AXISTREAM_VVC,1     
axistream_expect(77 words[8b])=> Failed in 8 data bits. First mismatch in word# 32. Was x"89". Expected x"76". ' 'expect, data wrong ,i=12'  [2457]'
Was:
(41, 6C, D0, F0, 38, 81, 8B, E7, 39, 20, A3, FA, CF, 47, F0, BD, D1, 69, 11, 3C, 38, 2D, 8B, B5, C6, 19, 80, 67, 26, 7C, 71, 89, 53, 40, AB, F2, AF, C6, 30, 9A, 98, AC, 78, 37, 4C, F2, 59, E2, 62, FA, 2D, 4C, EE, 40, 5B, E6, 36, F2, 51, 24, 58, F6, 5C, 22, 7C, 70, 81, 89, 56, AE, BD, 6F, BA, 77, 98, 26, 1C)
Expected:
(41, 6C, D0, F0, 38, 81, 8B, E7, 39, 20, A3, FA, CF, 47, F0, BD, D1, 69, 11, 3C, 38, 2D, 8B, B5, C6, 19, 80, 67, 26, 7C, 71, 76, 53, 40, AB, F2, AF, C6, 30, 9A, 98, AC, 78, 37, 4C, F2, 59, E2, 62, FA, 2D, 4C, EE, 40, 5B, E6, 36, F2, 51, 24, 58, F6, 5C, 22, 7C, 70, 81, 89, 56, AE, BD, 6F, BA, 77, 98, 26, 1C)

Summary of errors in expected transaction. Failed in: 
8 data bits.
0 tuser bits.
0 tstrb bits.
0 tid bits.
0 tdest bits.

%% 132282.5 ns    Alert  WARNING             AXISTREAM_VVC,1     
axistream_expect(77 words[8b])=> Failed in 1 tuser bits. First mismatch in word# 8. Was x"1". Expected x"0". ' 'expect, tuser wrong ,i=12'  [2459]'
Was:
(0, 1, 0, 1, 0, 1, 0, 1, 0, 1, 0, 1, 0, 1, 0, 1, 0, 1, 0, 1)
Expected:
(0, 1, 0, 1, 0, 1, 0, 0, 0, 1, 0, 1, 0, 1, 0, 1, 0, 1, 0, 1)

Summary of errors in expected transaction. Failed in: 
0 data bits.
1 tuser bits.
0 tstrb bits.
0 tid bits.
0 tdest bits.

%% 132522.5 ns    Alert  WARNING             AXISTREAM_VVC,1     
axistream_expect(16 words[8b])=> Failed in 8 data bits. First mismatch in word# 12. Was x"D3". Expected x"2C". ' 'expect, data wrong ,i=13'  [2470]'
Was:
(44, 92, C9, A1, B7, 6D, 5D, E0, 81, E9, 18, D3, E1, 11, 3F, 88)
Expected:
(44, 92, C9, A1, B7, 6D, 5D, E0, 81, E9, 18, 2C, E1, 11, 3F, 88)

Summary of errors in expected transaction. Failed in: 
8 data bits.
0 tuser bits.
0 tstrb bits.
0 tid bits.
0 tdest bits.

%% 132582.5 ns    Alert  WARNING             AXISTREAM_VVC,1     
axistream_expect(16 words[8b])=> Failed in 1 tuser bits. First mismatch in word# 2. Was x"0". Expected x"1". ' 'expect, tuser wrong ,i=13'  [2472]'
Was:
(1, 0, 1, 0)
Expected:
(1, 1, 1, 0)

Summary of errors in expected transaction. Failed in: 
0 data bits.
1 tuser bits.
0 tstrb bits.
0 tid bits.
0 tdest bits.

%% 133622.5 ns    Alert  WARNING             AXISTREAM_VVC,1     
axistream_expect(95 words[8b])=> Failed in 8 data bits. First mismatch in word# 54. Was x"E9". Expected x"16". ' 'expect, data wrong ,i=14'  [2483]'
Was:
(4B, 89, AB, 1E, 71, A8, 1C, 8F, 5F, 95, 6B, A5, 9C, 10, 11, 4C, BD, AC, 76, 73, AD, 5B, 2D, E8, B5, 14, A3, F9, 71, 41, 4D, F3, 08, CB, 57, 28, 49, E0, F9, F8, 85, DC, AC, A4, 3C, 19, FC, B7, 6A, 9E, CF, A2, 56, E9, 72, 21, 30, 2A, BA, 8C, EF, 81, 5F, 37, 6B, 16, 94, 84, C6, 62, 70, 00, FF, 9B, 52, 7C, AC, FD, 72, 18, 52, 53, 23, 08, 59, C1, 53, 00, FA, 00, FF, 30, B6, 60, 25)
Expected:
(4B, 89, AB, 1E, 71, A8, 1C, 8F, 5F, 95, 6B, A5, 9C, 10, 11, 4C, BD, AC, 76, 73, AD, 5B, 2D, E8, B5, 14, A3, F9, 71, 41, 4D, F3, 08, CB, 57, 28, 49, E0, F9, F8, 85, DC, AC, A4, 3C, 19, FC, B7, 6A, 9E, CF, A2, 56, 16, 72, 21, 30, 2A, BA, 8C, EF, 81, 5F, 37, 6B, 16, 94, 84, C6, 62, 70, 00, FF, 9B, 52, 7C, AC, FD, 72, 18, 52, 53, 23, 08, 59, C1, 53, 00, FA, 00, FF, 30, B6, 60, 25)

Summary of errors in expected transaction. Failed in: 
8 data bits.
0 tuser bits.
0 tstrb bits.
0 tid bits.
0 tdest bits.

%% 133882.5 ns    Alert  WARNING             AXISTREAM_VVC,1     
axistream_expect(95 words[8b])=> Failed in 1 tuser bits. First mismatch in word# 23. Was x"0". Expected x"1". ' 'expect, tuser wrong ,i=14'  [2485]'
Was:
(0, 1, 0, 1, 0, 1, 0, 1, 0, 1, 0, 1, 0, 1, 0, 1, 0, 1, 0, 1, 0, 1, 0, 1)
Expected:
(0, 1, 0, 1, 0, 1, 0, 1, 0, 1, 0, 1, 0, 1, 0, 1, 0, 1, 0, 1, 0, 1, 1, 1)

Summary of errors in expected transaction. Failed in: 
0 data bits.
1 tuser bits.
0 tstrb bits.
0 tid bits.
0 tdest bits.

%% 134642.5 ns    Alert  WARNING             AXISTREAM_VVC,1     
axistream_expect(65 words[8b])=> Failed in 8 data bits. First mismatch in word# 1. Was x"70". Expected x"8F". ' 'expect, data wrong ,i=15'  [2496]'
Was:
(70, 32, C1, 96, 36, 87, E2, B3, 4C, 20, 22, 64, D7, B4, 45, 19, 67, DF, FC, 9A, 97, 2A, D5, 99, 10, D7, AD, 18, EB, 0F, 79, 1D, 9A, E4, 21, AB, 6C, 8A, 19, A8, 96, 21, 7B, BA, 3A, 16, 8E, 1E, FC, 9C, 0E, 72, 73, 70, C3, F8, CD, B1, 60, A0, D2, B9, 16, FA, CD)
Expected:
(8F, 32, C1, 96, 36, 87, E2, B3, 4C, 20, 22, 64, D7, B4, 45, 19, 67, DF, FC, 9A, 97, 2A, D5, 99, 10, D7, AD, 18, EB, 0F, 79, 1D, 9A, E4, 21, AB, 6C, 8A, 19, A8, 96, 21, 7B, BA, 3A, 16, 8E, 1E, FC, 9C, 0E, 72, 73, 70, C3, F8, CD, B1, 60, A0, D2, B9, 16, FA, CD)

Summary of errors in expected transaction. Failed in: 
8 data bits.
0 tuser bits.
0 tstrb bits.
0 tid bits.
0 tdest bits.

%% 134832.5 ns    Alert  WARNING             AXISTREAM_VVC,1     
axistream_expect(65 words[8b])=> Failed in 1 tuser bits. First mismatch in word# 15. Was x"1". Expected x"0". ' 'expect, tuser wrong ,i=15'  [2498]'
Was:
(1, 0, 1, 0, 1, 0, 1, 0, 1, 0, 1, 0, 1, 0, 1, 0, 1)
Expected:
(1, 0, 1, 0, 1, 0, 1, 0, 1, 0, 1, 0, 1, 0, 0, 0, 1)

Summary of errors in expected transaction. Failed in: 
0 data bits.
1 tuser bits.
0 tstrb bits.
0 tid bits.
0 tdest bits.

%% 135672.5 ns    Alert  WARNING             AXISTREAM_VVC,1     
axistream_expect(75 words[8b])=> Failed in 8 data bits. First mismatch in word# 6. Was x"C0". Expected x"3F". ' 'expect, data wrong ,i=16'  [2509]'
Was:
(32, B9, 1C, 81, 39, C0, 47, F8, E8, 40, 7F, 82, 07, 0B, D0, F1, 9B, 31, 9B, E3, F9, 0B, 3F, C5, C0, 7E, 7E, B8, 7A, B5, A3, BD, EE, 90, CA, 73, 93, 3F, E1, 8E, F1, 23, 88, E9, 1E, A9, 1A, E5, 34, 1C, C2, 44, 42, D9, 77, EE, A0, 4E, 45, 89, 2D, 77, 6E, B3, F6, B8, 7E, C5, D6, 3B, 77, 59, 3E, 79, 7A)
Expected:
(32, B9, 1C, 81, 39, 3F, 47, F8, E8, 40, 7F, 82, 07, 0B, D0, F1, 9B, 31, 9B, E3, F9, 0B, 3F, C5, C0, 7E, 7E, B8, 7A, B5, A3, BD, EE, 90, CA, 73, 93, 3F, E1, 8E, F1, 23, 88, E9, 1E, A9, 1A, E5, 34, 1C, C2, 44, 42, D9, 77, EE, A0, 4E, 45, 89, 2D, 77, 6E, B3, F6, B8, 7E, C5, D6, 3B, 77, 59, 3E, 79, 7A)

Summary of errors in expected transaction. Failed in: 
8 data bits.
0 tuser bits.
0 tstrb bits.
0 tid bits.
0 tdest bits.

%% 135882.5 ns    Alert  WARNING             AXISTREAM_VVC,1     
axistream_expect(75 words[8b])=> Failed in 1 tuser bits. First mismatch in word# 17. Was x"0". Expected x"1". ' 'expect, tuser wrong ,i=16'  [2511]'
Was:
(0, 1, 0, 1, 0, 1, 0, 1, 0, 1, 0, 1, 0, 1, 0, 1, 0, 1, 0)
Expected:
(0, 1, 0, 1, 0, 1, 0, 1, 0, 1, 0, 1, 0, 1, 0, 1, 1, 1, 0)

Summary of errors in expected transaction. Failed in: 
0 data bits.
1 tuser bits.
0 tstrb bits.
0 tid bits.
0 tdest bits.

%% 136042.5 ns    Alert  WARNING             AXISTREAM_VVC,1     
axistream_expect(7 words[8b])=> Failed in 8 data bits. First mismatch in word# 4. Was x"3B". Expected x"C4". ' 'expect, data wrong ,i=17'  [2522]'
Was:
(48, 9E, AD, 3B, C1, AA, EA)
Expected:
(48, 9E, AD, C4, C1, AA, EA)

Summary of errors in expected transaction. Failed in: 
8 data bits.
0 tuser bits.
0 tstrb bits.
0 tid bits.
0 tdest bits.

%% 136082.5 ns    Alert  WARNING             AXISTREAM_VVC,1     
axistream_expect(7 words[8b])=> Failed in 1 tuser bits. First mismatch in word# 1. Was x"1". Expected x"0". ' 'expect, tuser wrong ,i=17'  [2524]'
Was:
(1, 0)
Expected:
(0, 0)

Summary of errors in expected transaction. Failed in: 
0 data bits.
1 tuser bits.
0 tstrb bits.
0 tid bits.
0 tdest bits.

%% 136882.5 ns    Alert  WARNING             AXISTREAM_VVC,1     
axistream_expect(69 words[8b])=> Failed in 8 data bits. First mismatch in word# 35. Was x"2E". Expected x"D1". ' 'expect, data wrong ,i=18'  [2535]'
Was:
(72, A6, CD, 66, 29, 35, 64, 29, 30, 48, 05, FF, 77, 8B, 8D, 82, 2D, DF, 0B, 05, E6, 67, D9, 33, FF, 73, DA, 69, EB, 77, 5D, 9B, 7C, 88, 2E, 5B, E9, 5E, 2F, 97, 4B, 6C, B6, 9F, EA, C7, 83, 24, 2D, 5B, D9, D3, 81, 85, B1, 7F, D4, E7, 26, BB, 0C, 65, 57, FB, B4, FF, F9, C7, 64)
Expected:
(72, A6, CD, 66, 29, 35, 64, 29, 30, 48, 05, FF, 77, 8B, 8D, 82, 2D, DF, 0B, 05, E6, 67, D9, 33, FF, 73, DA, 69, EB, 77, 5D, 9B, 7C, 88, D1, 5B, E9, 5E, 2F, 97, 4B, 6C, B6, 9F, EA, C7, 83, 24, 2D, 5B, D9, D3, 81, 85, B1, 7F, D4, E7, 26, BB, 0C, 65, 57, FB, B4, FF, F9, C7, 64)

Summary of errors in expected transaction. Failed in: 
8 data bits.
0 tuser bits.
0 tstrb bits.
0 tid bits.
0 tdest bits.

%% 137082.5 ns    Alert  WARNING             AXISTREAM_VVC,1     
axistream_expect(69 words[8b])=> Failed in 1 tuser bits. First mismatch in word# 4. Was x"1". Expected x"0". ' 'expect, tuser wrong ,i=18'  [2537]'
Was:
(0, 1, 0, 1, 0, 1, 0, 1, 0, 1, 0, 1, 0, 1, 0, 1, 0, 1)
Expected:
(0, 1, 0, 0, 0, 1, 0, 1, 0, 1, 0, 1, 0, 1, 0, 1, 0, 1)

Summary of errors in expected transaction. Failed in: 
0 data bits.
1 tuser bits.
0 tstrb bits.
0 tid bits.
0 tdest bits.

%% 137602.5 ns    Alert  WARNING             AXISTREAM_VVC,1     
axistream_expect(42 words[8b])=> Failed in 8 data bits. First mismatch in word# 21. Was x"6E". Expected x"91". ' 'expect, data wrong ,i=19'  [2548]'
Was:
(18, BC, B6, D4, 6A, B3, 47, 5D, 95, B5, F3, 43, 32, 1B, CF, 73, FB, 24, E0, 4E, 6E, 3D, 08, E0, FC, C1, 81, 37, 23, BA, F8, D4, 99, 54, 5F, 10, FE, 95, 59, 07, BE, 6E)
Expected:
(18, BC, B6, D4, 6A, B3, 47, 5D, 95, B5, F3, 43, 32, 1B, CF, 73, FB, 24, E0, 4E, 91, 3D, 08, E0, FC, C1, 81, 37, 23, BA, F8, D4, 99, 54, 5F, 10, FE, 95, 59, 07, BE, 6E)

Summary of errors in expected transaction. Failed in: 
8 data bits.
0 tuser bits.
0 tstrb bits.
0 tid bits.
0 tdest bits.

%% 137732.5 ns    Alert  WARNING             AXISTREAM_VVC,1     
axistream_expect(42 words[8b])=> Failed in 1 tuser bits. First mismatch in word# 1. Was x"1". Expected x"0". ' 'expect, tuser wrong ,i=19'  [2550]'
Was:
(1, 0, 1, 0, 1, 0, 1, 0, 1, 0, 1)
Expected:
(0, 0, 1, 0, 1, 0, 1, 0, 1, 0, 1)

Summary of errors in expected transaction. Failed in: 
0 data bits.
1 tuser bits.
0 tstrb bits.
0 tid bits.
0 tdest bits.

%% 138092.5 ns    Alert  WARNING             AXISTREAM_VVC,1     
axistream_expect(25 words[8b])=> Failed in 8 data bits. First mismatch in word# 8. Was x"1B". Expected x"E4". ' 'expect, data wrong ,i=20'  [2561]'
Was:
(C7, 83, 39, 1B, 71, 1F, 19, 1B, 58, 22, 21, DC, 7A, 44, 7B, 88, 70, A8, 41, 48, A6, C6, 29, 2B, 80)
Expected:
(C7, 83, 39, 1B, 71, 1F, 19, E4, 58, 22, 21, DC, 7A, 44, 7B, 88, 70, A8, 41, 48, A6, C6, 29, 2B, 80)

Summary of errors in expected transaction. Failed in: 
8 data bits.
0 tuser bits.
0 tstrb bits.
0 tid bits.
0 tdest bits.

%% 138182.5 ns    Alert  WARNING             AXISTREAM_VVC,1     
axistream_expect(25 words[8b])=> Failed in 1 tuser bits. First mismatch in word# 7. Was x"0". Expected x"1". ' 'expect, tuser wrong ,i=20'  [2563]'
Was:
(0, 1, 0, 1, 0, 1, 0)
Expected:
(0, 1, 0, 1, 0, 1, 1)

Summary of errors in expected transaction. Failed in: 
0 data bits.
1 tuser bits.
0 tstrb bits.
0 tid bits.
0 tdest bits.

%% 
%% ============================================================================================================================================================================
%%  *** INTERMEDIATE SUMMARY OF ALL ALERTS ***
%% ============================================================================================================================================================================
%% 138182.5 ns    DONE   PASSED   axistream_vvc_slv_array_tb  Passed: 4  Affirmations Checked: 2297
%%    Expected      Failures: 0  Errors: 0  Warnings: -388  Passed: 0
%%    VHDL Asserts  Failures: 0  Errors: 0  Warnings: 0  Passed: 0
%%    Default       Failures: 0  Errors: 0  Warnings: 388  Passed: 0
%%    OSVVM         Failures: 0  Errors: 0  Warnings: 0  Passed: 0
%% ============================================================================================================================================================================
%% 
%% 138210 ns    Alert  WARNING             AXISTREAM_VVC,1     check_value(sl, 1) => Failed. Value was 0. Expected 1. 'Check tlast at expected last byte = 3. ' 'expect, tlast wrong ,i=1'  [2568]''
%% 139262.5 ns    Alert  WARNING             AXISTREAM_VVC,1     
axistream_expect(96 words[8b])=> Failed in 8 data bits. First mismatch in word# 4. Was x"15". Expected x"EA". ' 'expect, data wrong ,i=1'  [2581]'
Was:
(A4, DE, 7D, 15, CC, E5, 4B, 4C, 61, 52, 30, 66, 9F, E1, EC, 62, 4F, 4D, D2, 08, E9, C5, B8, A1, AF, F6, 75, B1, 95, 23, 21, 5A, 4C, 62, FA, 80, FA, 06, 4E, B6, 8B, 6C, 7D, BA, 28, F4, 4B, 6E, A4, 0A, 98, 65, D6, F0, 9F, DB, 4A, 1D, 03, A5, 2A, A0, AE, 8D, 4B, 92, F6, 1C, 9C, A0, CE, CA, E9, F2, 72, C2, 75, 83, D5, 73, 2C, 8D, DB, 20, 6A, 80, F2, D4, C8, 7C, 70, 7F, 4F, 4F, 14, C4)
Expected:
(A4, DE, 7D, EA, CC, E5, 4B, 4C, 61, 52, 30, 66, 9F, E1, EC, 62, 4F, 4D, D2, 08, E9, C5, B8, A1, AF, F6, 75, B1, 95, 23, 21, 5A, 4C, 62, FA, 80, FA, 06, 4E, B6, 8B, 6C, 7D, BA, 28, F4, 4B, 6E, A4, 0A, 98, 65, D6, F0, 9F, DB, 4A, 1D, 03, A5, 2A, A0, AE, 8D, 4B, 92, F6, 1C, 9C, A0, CE, CA, E9, F2, 72, C2, 75, 83, D5, 73, 2C, 8D, DB, 20, 6A, 80, F2, D4, C8, 7C, 70, 7F, 4F, 4F, 14, C4)

Summary of errors in expected transaction. Failed in: 
8 data bits.
0 tuser bits.
0 tstrb bits.
0 tid bits.
0 tdest bits.

%% 139522.5 ns    Alert  WARNING             AXISTREAM_VVC,1     
axistream_expect(96 words[8b])=> Failed in 1 tuser bits. First mismatch in word# 15. Was x"1". Expected x"0". ' 'expect, tuser wrong ,i=1'  [2583]'
Was:
(1, 0, 1, 0, 1, 0, 1, 0, 1, 0, 1, 0, 1, 0, 1, 0, 1, 0, 1, 0, 1, 0, 1, 0)
Expected:
(1, 0, 1, 0, 1, 0, 1, 0, 1, 0, 1, 0, 1, 0, 0, 0, 1, 0, 1, 0, 1, 0, 1, 0)

Summary of errors in expected transaction. Failed in: 
0 data bits.
1 tuser bits.
0 tstrb bits.
0 tid bits.
0 tdest bits.

%% 140042.5 ns    Alert  WARNING             AXISTREAM_VVC,1     
axistream_expect(44 words[8b])=> Failed in 8 data bits. First mismatch in word# 21. Was x"20". Expected x"DF". ' 'expect, data wrong ,i=2'  [2594]'
Was:
(16, DF, AE, 10, A8, A4, 2C, 97, 35, 43, 7D, 2B, 91, D5, 34, 80, 05, D7, 64, 94, 20, E3, 14, C3, A0, B4, 89, 0E, 96, 1B, 7D, C8, B7, BB, FA, 5B, 90, E6, 02, 5E, EF, 2A, 80, 6F)
Expected:
(16, DF, AE, 10, A8, A4, 2C, 97, 35, 43, 7D, 2B, 91, D5, 34, 80, 05, D7, 64, 94, DF, E3, 14, C3, A0, B4, 89, 0E, 96, 1B, 7D, C8, B7, BB, FA, 5B, 90, E6, 02, 5E, EF, 2A, 80, 6F)

Summary of errors in expected transaction. Failed in: 
8 data bits.
0 tuser bits.
0 tstrb bits.
0 tid bits.
0 tdest bits.

%% 140172.5 ns    Alert  WARNING             AXISTREAM_VVC,1     
axistream_expect(44 words[8b])=> Failed in 1 tuser bits. First mismatch in word# 4. Was x"1". Expected x"0". ' 'expect, tuser wrong ,i=2'  [2596]'
Was:
(0, 1, 0, 1, 0, 1, 0, 1, 0, 1, 0)
Expected:
(0, 1, 0, 0, 0, 1, 0, 1, 0, 1, 0)

Summary of errors in expected transaction. Failed in: 
0 data bits.
1 tuser bits.
0 tstrb bits.
0 tid bits.
0 tdest bits.

%% 140652.5 ns    Alert  WARNING             AXISTREAM_VVC,1     
axistream_expect(40 words[8b])=> Failed in 8 data bits. First mismatch in word# 28. Was x"08". Expected x"F7". ' 'expect, data wrong ,i=3'  [2607]'
Was:
(E2, 83, 9B, 6E, 38, F7, 46, 29, 47, C8, 6D, 03, 83, EA, 64, 25, 9C, 8D, 5F, 5C, AB, AE, E1, FD, 5B, 13, F2, 08, 1F, 10, 56, 58, D9, 79, 41, 7B, FC, 42, 90, 7A)
Expected:
(E2, 83, 9B, 6E, 38, F7, 46, 29, 47, C8, 6D, 03, 83, EA, 64, 25, 9C, 8D, 5F, 5C, AB, AE, E1, FD, 5B, 13, F2, F7, 1F, 10, 56, 58, D9, 79, 41, 7B, FC, 42, 90, 7A)

Summary of errors in expected transaction. Failed in: 
8 data bits.
0 tuser bits.
0 tstrb bits.
0 tid bits.
0 tdest bits.

%% 140772.5 ns    Alert  WARNING             AXISTREAM_VVC,1     
axistream_expect(40 words[8b])=> Failed in 1 tuser bits. First mismatch in word# 9. Was x"1". Expected x"0". ' 'expect, tuser wrong ,i=3'  [2609]'
Was:
(1, 0, 1, 0, 1, 0, 1, 0, 1, 0)
Expected:
(1, 0, 1, 0, 1, 0, 1, 0, 0, 0)

Summary of errors in expected transaction. Failed in: 
0 data bits.
1 tuser bits.
0 tstrb bits.
0 tid bits.
0 tdest bits.

%% 140892.5 ns    Alert  WARNING             AXISTREAM_VVC,1     
axistream_expect(2 words[8b])=> Failed in 8 data bits. First mismatch in word# 1. Was x"0E". Expected x"F1". ' 'expect, data wrong ,i=4'  [2620]'
Was:
(0E, 2B)
Expected:
(F1, 2B)

Summary of errors in expected transaction. Failed in: 
8 data bits.
0 tuser bits.
0 tstrb bits.
0 tid bits.
0 tdest bits.

%% 140922.5 ns    Alert  WARNING             AXISTREAM_VVC,1     
axistream_expect(2 words[8b])=> Failed in 1 tuser bits. First mismatch in word# 1. Was x"0". Expected x"1". ' 'expect, tuser wrong ,i=4'  [2622]'
Was:
(0)
Expected:
(1)

Summary of errors in expected transaction. Failed in: 
0 data bits.
1 tuser bits.
0 tstrb bits.
0 tid bits.
0 tdest bits.

%% 141522.5 ns    Alert  WARNING             AXISTREAM_VVC,1     
axistream_expect(52 words[8b])=> Failed in 8 data bits. First mismatch in word# 22. Was x"1D". Expected x"E2". ' 'expect, data wrong ,i=5'  [2633]'
Was:
(1B, 59, 2B, 81, 1E, FC, 0E, 0E, 08, B6, 4A, 37, A8, 85, 34, AA, DE, B1, E8, 8D, 20, 1D, F8, 23, 8C, 9E, E6, 8C, 90, E7, 7F, 0A, B5, 16, E4, EA, FD, B5, 16, 41, 43, 29, 8D, 1F, AA, 8E, 07, 3F, 65, 16, 5E, B9)
Expected:
(1B, 59, 2B, 81, 1E, FC, 0E, 0E, 08, B6, 4A, 37, A8, 85, 34, AA, DE, B1, E8, 8D, 20, E2, F8, 23, 8C, 9E, E6, 8C, 90, E7, 7F, 0A, B5, 16, E4, EA, FD, B5, 16, 41, 43, 29, 8D, 1F, AA, 8E, 07, 3F, 65, 16, 5E, B9)

Summary of errors in expected transaction. Failed in: 
8 data bits.
0 tuser bits.
0 tstrb bits.
0 tid bits.
0 tdest bits.

%% 141672.5 ns    Alert  WARNING             AXISTREAM_VVC,1     
axistream_expect(52 words[8b])=> Failed in 1 tuser bits. First mismatch in word# 6. Was x"0". Expected x"1". ' 'expect, tuser wrong ,i=5'  [2635]'
Was:
(1, 0, 1, 0, 1, 0, 1, 0, 1, 0, 1, 0, 1)
Expected:
(1, 0, 1, 0, 1, 1, 1, 0, 1, 0, 1, 0, 1)

Summary of errors in expected transaction. Failed in: 
0 data bits.
1 tuser bits.
0 tstrb bits.
0 tid bits.
0 tdest bits.

%% 142712.5 ns    Alert  WARNING             AXISTREAM_VVC,1     
axistream_expect(96 words[8b])=> Failed in 8 data bits. First mismatch in word# 4. Was x"85". Expected x"7A". ' 'expect, data wrong ,i=6'  [2646]'
Was:
(CD, 83, 07, 85, 6C, 26, 2C, F8, 34, A3, 63, 8E, 73, DF, E4, 17, 8B, 90, 8D, 4C, F8, FD, 34, FB, E3, B4, A8, B4, 5F, 4D, 2D, E6, B7, FE, 72, 18, 9D, 52, C3, 76, 9D, 79, 79, 55, CA, DC, F6, 1B, 86, 74, 45, 77, 1C, E1, 68, E9, 7C, BA, DA, FE, E5, 4C, FD, 2A, F0, D0, 02, AD, F9, 69, 73, 76, 6F, 18, 68, AA, 63, 0E, E9, 30, 62, 39, 18, A7, CD, 3D, 1B, A8, F3, ED, 5E, 6D, 04, 63, A9, 29)
Expected:
(CD, 83, 07, 7A, 6C, 26, 2C, F8, 34, A3, 63, 8E, 73, DF, E4, 17, 8B, 90, 8D, 4C, F8, FD, 34, FB, E3, B4, A8, B4, 5F, 4D, 2D, E6, B7, FE, 72, 18, 9D, 52, C3, 76, 9D, 79, 79, 55, CA, DC, F6, 1B, 86, 74, 45, 77, 1C, E1, 68, E9, 7C, BA, DA, FE, E5, 4C, FD, 2A, F0, D0, 02, AD, F9, 69, 73, 76, 6F, 18, 68, AA, 63, 0E, E9, 30, 62, 39, 18, A7, CD, 3D, 1B, A8, F3, ED, 5E, 6D, 04, 63, A9, 29)

Summary of errors in expected transaction. Failed in: 
8 data bits.
0 tuser bits.
0 tstrb bits.
0 tid bits.
0 tdest bits.

%% 142972.5 ns    Alert  WARNING             AXISTREAM_VVC,1     
axistream_expect(96 words[8b])=> Failed in 1 tuser bits. First mismatch in word# 1. Was x"0". Expected x"1". ' 'expect, tuser wrong ,i=6'  [2648]'
Was:
(0, 1, 0, 1, 0, 1, 0, 1, 0, 1, 0, 1, 0, 1, 0, 1, 0, 1, 0, 1, 0, 1, 0, 1)
Expected:
(1, 1, 0, 1, 0, 1, 0, 1, 0, 1, 0, 1, 0, 1, 0, 1, 0, 1, 0, 1, 0, 1, 0, 1)

Summary of errors in expected transaction. Failed in: 
0 data bits.
1 tuser bits.
0 tstrb bits.
0 tid bits.
0 tdest bits.

%% 143212.5 ns    Alert  WARNING             AXISTREAM_VVC,1     
axistream_expect(16 words[8b])=> Failed in 8 data bits. First mismatch in word# 12. Was x"1C". Expected x"E3". ' 'expect, data wrong ,i=7'  [2659]'
Was:
(E6, 52, 8D, E6, 47, CF, 1E, C0, 64, 84, 97, 1C, 43, B1, 6A, 8B)
Expected:
(E6, 52, 8D, E6, 47, CF, 1E, C0, 64, 84, 97, E3, 43, B1, 6A, 8B)

Summary of errors in expected transaction. Failed in: 
8 data bits.
0 tuser bits.
0 tstrb bits.
0 tid bits.
0 tdest bits.

%% 143272.5 ns    Alert  WARNING             AXISTREAM_VVC,1     
axistream_expect(16 words[8b])=> Failed in 1 tuser bits. First mismatch in word# 4. Was x"0". Expected x"1". ' 'expect, tuser wrong ,i=7'  [2661]'
Was:
(1, 0, 1, 0)
Expected:
(1, 0, 1, 1)

Summary of errors in expected transaction. Failed in: 
0 data bits.
1 tuser bits.
0 tstrb bits.
0 tid bits.
0 tdest bits.

%% 143792.5 ns    Alert  WARNING             AXISTREAM_VVC,1     
axistream_expect(44 words[8b])=> Failed in 8 data bits. First mismatch in word# 21. Was x"20". Expected x"DF". ' 'expect, data wrong ,i=8'  [2672]'
Was:
(9D, 02, 9E, 2D, B5, 7D, FE, 25, 64, 29, F6, F9, 46, 9A, 55, 8F, 6D, 42, A7, 49, 20, 29, 54, 53, 08, EB, 36, 9C, 2B, A9, 4C, E8, 99, 02, A9, 25, 56, 53, 97, 36, 0D, 06, A5, 05)
Expected:
(9D, 02, 9E, 2D, B5, 7D, FE, 25, 64, 29, F6, F9, 46, 9A, 55, 8F, 6D, 42, A7, 49, DF, 29, 54, 53, 08, EB, 36, 9C, 2B, A9, 4C, E8, 99, 02, A9, 25, 56, 53, 97, 36, 0D, 06, A5, 05)

Summary of errors in expected transaction. Failed in: 
8 data bits.
0 tuser bits.
0 tstrb bits.
0 tid bits.
0 tdest bits.

%% 143922.5 ns    Alert  WARNING             AXISTREAM_VVC,1     
axistream_expect(44 words[8b])=> Failed in 1 tuser bits. First mismatch in word# 7. Was x"0". Expected x"1". ' 'expect, tuser wrong ,i=8'  [2674]'
Was:
(0, 1, 0, 1, 0, 1, 0, 1, 0, 1, 0)
Expected:
(0, 1, 0, 1, 0, 1, 1, 1, 0, 1, 0)

Summary of errors in expected transaction. Failed in: 
0 data bits.
1 tuser bits.
0 tstrb bits.
0 tid bits.
0 tdest bits.

%% 144202.5 ns    Alert  WARNING             AXISTREAM_VVC,1     
axistream_expect(20 words[8b])=> Failed in 8 data bits. First mismatch in word# 2. Was x"CC". Expected x"33". ' 'expect, data wrong ,i=9'  [2685]'
Was:
(2C, CC, 0D, 0B, 89, 87, 57, 06, 21, 92, 29, 1C, D5, B6, 00, 30, 29, CD, 01, A4)
Expected:
(2C, 33, 0D, 0B, 89, 87, 57, 06, 21, 92, 29, 1C, D5, B6, 00, 30, 29, CD, 01, A4)

Summary of errors in expected transaction. Failed in: 
8 data bits.
0 tuser bits.
0 tstrb bits.
0 tid bits.
0 tdest bits.

%% 144272.5 ns    Alert  WARNING             AXISTREAM_VVC,1     
axistream_expect(20 words[8b])=> Failed in 1 tuser bits. First mismatch in word# 5. Was x"1". Expected x"0". ' 'expect, tuser wrong ,i=9'  [2687]'
Was:
(1, 0, 1, 0, 1)
Expected:
(1, 0, 1, 0, 0)

Summary of errors in expected transaction. Failed in: 
0 data bits.
1 tuser bits.
0 tstrb bits.
0 tid bits.
0 tdest bits.

%% 145032.5 ns    Alert  WARNING             AXISTREAM_VVC,1     
axistream_expect(68 words[8b])=> Failed in 8 data bits. First mismatch in word# 19. Was x"EF". Expected x"10". ' 'expect, data wrong ,i=10'  [2698]'
Was:
(21, BF, 96, 7F, F6, 06, 35, 3C, 15, E8, F9, D4, 59, FA, 42, 56, 2D, 68, EF, 59, CE, BE, A0, D4, 2E, 0E, 99, 1D, C2, CC, CD, 53, D4, 36, BE, 76, 17, FE, 4F, 5E, 78, D3, 2D, 1B, 18, A6, 8E, 61, 15, 1C, 17, 55, FF, 39, C5, 02, 24, 1C, FA, B0, 9E, EB, 0E, 4F, 96, 0F, 85, 47)
Expected:
(21, BF, 96, 7F, F6, 06, 35, 3C, 15, E8, F9, D4, 59, FA, 42, 56, 2D, 68, 10, 59, CE, BE, A0, D4, 2E, 0E, 99, 1D, C2, CC, CD, 53, D4, 36, BE, 76, 17, FE, 4F, 5E, 78, D3, 2D, 1B, 18, A6, 8E, 61, 15, 1C, 17, 55, FF, 39, C5, 02, 24, 1C, FA, B0, 9E, EB, 0E, 4F, 96, 0F, 85, 47)

Summary of errors in expected transaction. Failed in: 
8 data bits.
0 tuser bits.
0 tstrb bits.
0 tid bits.
0 tdest bits.

%% 145222.5 ns    Alert  WARNING             AXISTREAM_VVC,1     
axistream_expect(68 words[8b])=> Failed in 1 tuser bits. First mismatch in word# 12. Was x"1". Expected x"0". ' 'expect, tuser wrong ,i=10'  [2700]'
Was:
(0, 1, 0, 1, 0, 1, 0, 1, 0, 1, 0, 1, 0, 1, 0, 1, 0)
Expected:
(0, 1, 0, 1, 0, 1, 0, 1, 0, 1, 0, 0, 0, 1, 0, 1, 0)

Summary of errors in expected transaction. Failed in: 
0 data bits.
1 tuser bits.
0 tstrb bits.
0 tid bits.
0 tdest bits.

%% 145822.5 ns    Alert  WARNING             AXISTREAM_VVC,1     
axistream_expect(50 words[8b])=> Failed in 8 data bits. First mismatch in word# 3. Was x"B8". Expected x"47". ' 'expect, data wrong ,i=11'  [2711]'
Was:
(E7, 7C, B8, 8F, 56, 5E, D5, E2, 1E, 24, AC, 68, CA, FC, CE, C5, 47, 15, BF, F1, F2, FB, D6, 7D, E1, CD, 30, F3, 37, 8D, E9, 68, CF, 25, C6, 46, C2, DC, 5E, 13, 94, 31, 79, 3A, 2C, 17, A0, 94, 1E, 01)
Expected:
(E7, 7C, 47, 8F, 56, 5E, D5, E2, 1E, 24, AC, 68, CA, FC, CE, C5, 47, 15, BF, F1, F2, FB, D6, 7D, E1, CD, 30, F3, 37, 8D, E9, 68, CF, 25, C6, 46, C2, DC, 5E, 13, 94, 31, 79, 3A, 2C, 17, A0, 94, 1E, 01)

Summary of errors in expected transaction. Failed in: 
8 data bits.
0 tuser bits.
0 tstrb bits.
0 tid bits.
0 tdest bits.

%% 145972.5 ns    Alert  WARNING             AXISTREAM_VVC,1     
axistream_expect(50 words[8b])=> Failed in 1 tuser bits. First mismatch in word# 12. Was x"0". Expected x"1". ' 'expect, tuser wrong ,i=11'  [2713]'
Was:
(1, 0, 1, 0, 1, 0, 1, 0, 1, 0, 1, 0, 1)
Expected:
(1, 0, 1, 0, 1, 0, 1, 0, 1, 0, 1, 1, 1)

Summary of errors in expected transaction. Failed in: 
0 data bits.
1 tuser bits.
0 tstrb bits.
0 tid bits.
0 tdest bits.

%% 146372.5 ns    Alert  WARNING             AXISTREAM_VVC,1     
axistream_expect(30 words[8b])=> Failed in 8 data bits. First mismatch in word# 23. Was x"E4". Expected x"1B". ' 'expect, data wrong ,i=12'  [2724]'
Was:
(55, 45, 93, B3, E9, 18, 5D, 31, 90, FF, A9, 1B, 42, 0A, 8C, 08, 38, F4, 15, 70, F8, 32, E4, 2B, 6F, 6C, 30, F1, 94, 86)
Expected:
(55, 45, 93, B3, E9, 18, 5D, 31, 90, FF, A9, 1B, 42, 0A, 8C, 08, 38, F4, 15, 70, F8, 32, 1B, 2B, 6F, 6C, 30, F1, 94, 86)

Summary of errors in expected transaction. Failed in: 
8 data bits.
0 tuser bits.
0 tstrb bits.
0 tid bits.
0 tdest bits.

%% 146472.5 ns    Alert  WARNING             AXISTREAM_VVC,1     
axistream_expect(30 words[8b])=> Failed in 1 tuser bits. First mismatch in word# 2. Was x"1". Expected x"0". ' 'expect, tuser wrong ,i=12'  [2726]'
Was:
(0, 1, 0, 1, 0, 1, 0, 1)
Expected:
(0, 0, 0, 1, 0, 1, 0, 1)

Summary of errors in expected transaction. Failed in: 
0 data bits.
1 tuser bits.
0 tstrb bits.
0 tid bits.
0 tdest bits.

%% 147352.5 ns    Alert  WARNING             AXISTREAM_VVC,1     
axistream_expect(80 words[8b])=> Failed in 8 data bits. First mismatch in word# 12. Was x"32". Expected x"CD". ' 'expect, data wrong ,i=13'  [2737]'
Was:
(09, D7, 70, 7D, 92, FC, B5, 30, 84, 4E, CA, 32, 20, D2, 12, 0A, E6, F7, 97, 5E, 7B, AE, BD, D3, 1B, 1A, 0C, 29, 1F, B7, 0D, C4, FD, C8, 52, 79, A2, 3A, FC, 65, 63, 58, 9E, 5C, 18, 82, DF, 10, C2, 6D, F0, A0, B3, F4, 19, B6, 35, 11, 16, EA, A0, DA, 0E, F1, BA, 2C, 37, E3, CF, E4, 68, 33, 41, 84, A8, 5C, CA, BB, 93, C6)
Expected:
(09, D7, 70, 7D, 92, FC, B5, 30, 84, 4E, CA, CD, 20, D2, 12, 0A, E6, F7, 97, 5E, 7B, AE, BD, D3, 1B, 1A, 0C, 29, 1F, B7, 0D, C4, FD, C8, 52, 79, A2, 3A, FC, 65, 63, 58, 9E, 5C, 18, 82, DF, 10, C2, 6D, F0, A0, B3, F4, 19, B6, 35, 11, 16, EA, A0, DA, 0E, F1, BA, 2C, 37, E3, CF, E4, 68, 33, 41, 84, A8, 5C, CA, BB, 93, C6)

Summary of errors in expected transaction. Failed in: 
8 data bits.
0 tuser bits.
0 tstrb bits.
0 tid bits.
0 tdest bits.

%% 147572.5 ns    Alert  WARNING             AXISTREAM_VVC,1     
axistream_expect(80 words[8b])=> Failed in 1 tuser bits. First mismatch in word# 17. Was x"1". Expected x"0". ' 'expect, tuser wrong ,i=13'  [2739]'
Was:
(1, 0, 1, 0, 1, 0, 1, 0, 1, 0, 1, 0, 1, 0, 1, 0, 1, 0, 1, 0)
Expected:
(1, 0, 1, 0, 1, 0, 1, 0, 1, 0, 1, 0, 1, 0, 1, 0, 0, 0, 1, 0)

Summary of errors in expected transaction. Failed in: 
0 data bits.
1 tuser bits.
0 tstrb bits.
0 tid bits.
0 tdest bits.

%% 147892.5 ns    Alert  WARNING             AXISTREAM_VVC,1     
axistream_expect(22 words[8b])=> Failed in 8 data bits. First mismatch in word# 3. Was x"88". Expected x"77". ' 'expect, data wrong ,i=14'  [2750]'
Was:
(72, 08, 88, 35, 49, 3F, 2C, AA, D7, 00, 48, A8, 9E, 82, AD, 04, 71, B3, 8D, D9, 2D, 48)
Expected:
(72, 08, 77, 35, 49, 3F, 2C, AA, D7, 00, 48, A8, 9E, 82, AD, 04, 71, B3, 8D, D9, 2D, 48)

Summary of errors in expected transaction. Failed in: 
8 data bits.
0 tuser bits.
0 tstrb bits.
0 tid bits.
0 tdest bits.

%% 147972.5 ns    Alert  WARNING             AXISTREAM_VVC,1     
axistream_expect(22 words[8b])=> Failed in 1 tuser bits. First mismatch in word# 5. Was x"0". Expected x"1". ' 'expect, tuser wrong ,i=14'  [2752]'
Was:
(0, 1, 0, 1, 0, 1)
Expected:
(0, 1, 0, 1, 1, 1)

Summary of errors in expected transaction. Failed in: 
0 data bits.
1 tuser bits.
0 tstrb bits.
0 tid bits.
0 tdest bits.

%% 148132.5 ns    Alert  WARNING             AXISTREAM_VVC,1     
axistream_expect(6 words[8b])=> Failed in 8 data bits. First mismatch in word# 3. Was x"14". Expected x"EB". ' 'expect, data wrong ,i=15'  [2763]'
Was:
(48, 87, 14, DC, E8, 16)
Expected:
(48, 87, EB, DC, E8, 16)

Summary of errors in expected transaction. Failed in: 
8 data bits.
0 tuser bits.
0 tstrb bits.
0 tid bits.
0 tdest bits.

%% 148172.5 ns    Alert  WARNING             AXISTREAM_VVC,1     
axistream_expect(6 words[8b])=> Failed in 1 tuser bits. First mismatch in word# 1. Was x"1". Expected x"0". ' 'expect, tuser wrong ,i=15'  [2765]'
Was:
(1, 0)
Expected:
(0, 0)

Summary of errors in expected transaction. Failed in: 
0 data bits.
1 tuser bits.
0 tstrb bits.
0 tid bits.
0 tdest bits.

%% 148932.5 ns    Alert  WARNING             AXISTREAM_VVC,1     
axistream_expect(66 words[8b])=> Failed in 8 data bits. First mismatch in word# 53. Was x"C5". Expected x"3A". ' 'expect, data wrong ,i=16'  [2776]'
Was:
(53, 6A, 65, 25, CC, AC, 5A, 47, BB, 42, A3, 1C, 2A, 3B, 62, BE, AB, C0, 5C, BD, 45, 18, 4A, DF, 5D, 0C, 1B, A7, EA, 4A, 9B, D8, 60, 99, B0, CC, 6E, A4, 80, 26, 42, 67, D5, A3, 55, 3A, 53, 61, 92, E4, B2, F9, C5, 2E, ED, 35, 3C, 83, F5, A8, 9A, B3, 6B, 32, BF, B4)
Expected:
(53, 6A, 65, 25, CC, AC, 5A, 47, BB, 42, A3, 1C, 2A, 3B, 62, BE, AB, C0, 5C, BD, 45, 18, 4A, DF, 5D, 0C, 1B, A7, EA, 4A, 9B, D8, 60, 99, B0, CC, 6E, A4, 80, 26, 42, 67, D5, A3, 55, 3A, 53, 61, 92, E4, B2, F9, 3A, 2E, ED, 35, 3C, 83, F5, A8, 9A, B3, 6B, 32, BF, B4)

Summary of errors in expected transaction. Failed in: 
8 data bits.
0 tuser bits.
0 tstrb bits.
0 tid bits.
0 tdest bits.

%% 149122.5 ns    Alert  WARNING             AXISTREAM_VVC,1     
axistream_expect(66 words[8b])=> Failed in 1 tuser bits. First mismatch in word# 6. Was x"1". Expected x"0". ' 'expect, tuser wrong ,i=16'  [2778]'
Was:
(0, 1, 0, 1, 0, 1, 0, 1, 0, 1, 0, 1, 0, 1, 0, 1, 0)
Expected:
(0, 1, 0, 1, 0, 0, 0, 1, 0, 1, 0, 1, 0, 1, 0, 1, 0)

Summary of errors in expected transaction. Failed in: 
0 data bits.
1 tuser bits.
0 tstrb bits.
0 tid bits.
0 tdest bits.

%% 149762.5 ns    Alert  WARNING             AXISTREAM_VVC,1     
axistream_expect(56 words[8b])=> Failed in 8 data bits. First mismatch in word# 55. Was x"3D". Expected x"C2". ' 'expect, data wrong ,i=17'  [2789]'
Was:
(31, 37, 47, C8, 8A, 1F, 4F, DF, E3, 76, D2, BE, 9F, 97, 55, 64, A2, C1, 90, 48, C7, A6, FC, 30, 05, C0, 54, 6E, A7, 60, B4, 4E, AF, B2, 4B, 15, 14, C3, 59, E0, 40, 23, 46, A6, 42, 57, BE, 7B, E7, 98, C5, AA, E0, 66, 3D, 94)
Expected:
(31, 37, 47, C8, 8A, 1F, 4F, DF, E3, 76, D2, BE, 9F, 97, 55, 64, A2, C1, 90, 48, C7, A6, FC, 30, 05, C0, 54, 6E, A7, 60, B4, 4E, AF, B2, 4B, 15, 14, C3, 59, E0, 40, 23, 46, A6, 42, 57, BE, 7B, E7, 98, C5, AA, E0, 66, C2, 94)

Summary of errors in expected transaction. Failed in: 
8 data bits.
0 tuser bits.
0 tstrb bits.
0 tid bits.
0 tdest bits.

%% 149922.5 ns    Alert  WARNING             AXISTREAM_VVC,1     
axistream_expect(56 words[8b])=> Failed in 1 tuser bits. First mismatch in word# 7. Was x"1". Expected x"0". ' 'expect, tuser wrong ,i=17'  [2791]'
Was:
(1, 0, 1, 0, 1, 0, 1, 0, 1, 0, 1, 0, 1, 0)
Expected:
(1, 0, 1, 0, 1, 0, 0, 0, 1, 0, 1, 0, 1, 0)

Summary of errors in expected transaction. Failed in: 
0 data bits.
1 tuser bits.
0 tstrb bits.
0 tid bits.
0 tdest bits.

%% 150362.5 ns    Alert  WARNING             AXISTREAM_VVC,1     
axistream_expect(34 words[8b])=> Failed in 8 data bits. First mismatch in word# 25. Was x"74". Expected x"8B". ' 'expect, data wrong ,i=18'  [2802]'
Was:
(F3, 83, 1D, C2, A2, 76, A2, E2, B5, 42, 56, 45, 60, F0, 7A, 0F, 6E, 88, D8, 2A, 41, 0B, 90, 04, 74, 06, 2A, 75, E9, 27, 14, 41, 5E, 15)
Expected:
(F3, 83, 1D, C2, A2, 76, A2, E2, B5, 42, 56, 45, 60, F0, 7A, 0F, 6E, 88, D8, 2A, 41, 0B, 90, 04, 8B, 06, 2A, 75, E9, 27, 14, 41, 5E, 15)

Summary of errors in expected transaction. Failed in: 
8 data bits.
0 tuser bits.
0 tstrb bits.
0 tid bits.
0 tdest bits.

%% 150472.5 ns    Alert  WARNING             AXISTREAM_VVC,1     
axistream_expect(34 words[8b])=> Failed in 1 tuser bits. First mismatch in word# 1. Was x"0". Expected x"1". ' 'expect, tuser wrong ,i=18'  [2804]'
Was:
(0, 1, 0, 1, 0, 1, 0, 1, 0)
Expected:
(1, 1, 0, 1, 0, 1, 0, 1, 0)

Summary of errors in expected transaction. Failed in: 
0 data bits.
1 tuser bits.
0 tstrb bits.
0 tid bits.
0 tdest bits.

%% 150912.5 ns    Alert  WARNING             AXISTREAM_VVC,1     
axistream_expect(36 words[8b])=> Failed in 8 data bits. First mismatch in word# 10. Was x"50". Expected x"AF". ' 'expect, data wrong ,i=19'  [2815]'
Was:
(92, 12, AB, 2A, 27, A8, 8A, A2, 3F, 50, 81, 5E, 90, 1F, FE, 50, 47, 59, 48, F5, 0F, D0, 9C, F5, B5, BD, 7E, E9, 44, A2, D9, 2D, 44, D3, 15, 4D)
Expected:
(92, 12, AB, 2A, 27, A8, 8A, A2, 3F, AF, 81, 5E, 90, 1F, FE, 50, 47, 59, 48, F5, 0F, D0, 9C, F5, B5, BD, 7E, E9, 44, A2, D9, 2D, 44, D3, 15, 4D)

Summary of errors in expected transaction. Failed in: 
8 data bits.
0 tuser bits.
0 tstrb bits.
0 tid bits.
0 tdest bits.

%% 151022.5 ns    Alert  WARNING             AXISTREAM_VVC,1     
axistream_expect(36 words[8b])=> Failed in 1 tuser bits. First mismatch in word# 4. Was x"0". Expected x"1". ' 'expect, tuser wrong ,i=19'  [2817]'
Was:
(1, 0, 1, 0, 1, 0, 1, 0, 1)
Expected:
(1, 0, 1, 1, 1, 0, 1, 0, 1)

Summary of errors in expected transaction. Failed in: 
0 data bits.
1 tuser bits.
0 tstrb bits.
0 tid bits.
0 tdest bits.

%% 151782.5 ns    Alert  WARNING             AXISTREAM_VVC,1     
axistream_expect(66 words[8b])=> Failed in 8 data bits. First mismatch in word# 42. Was x"74". Expected x"8B". ' 'expect, data wrong ,i=20'  [2828]'
Was:
(90, FC, 8E, BE, 78, E2, 14, E6, 00, 1C, 5C, 62, A2, 2F, 3C, F3, 1D, 13, FE, D9, FB, 8C, FD, 2C, FC, 8B, 07, E1, 2E, 67, F6, CB, BC, 17, 8B, 72, BE, AD, 6D, 00, 7A, 74, 73, 01, F7, 34, 1B, EC, 39, 38, DC, 05, FA, 40, 85, 8A, 7C, B7, 89, A1, FA, EB, 67, 45, 94, 44)
Expected:
(90, FC, 8E, BE, 78, E2, 14, E6, 00, 1C, 5C, 62, A2, 2F, 3C, F3, 1D, 13, FE, D9, FB, 8C, FD, 2C, FC, 8B, 07, E1, 2E, 67, F6, CB, BC, 17, 8B, 72, BE, AD, 6D, 00, 7A, 8B, 73, 01, F7, 34, 1B, EC, 39, 38, DC, 05, FA, 40, 85, 8A, 7C, B7, 89, A1, FA, EB, 67, 45, 94, 44)

Summary of errors in expected transaction. Failed in: 
8 data bits.
0 tuser bits.
0 tstrb bits.
0 tid bits.
0 tdest bits.

%% 151972.5 ns    Alert  WARNING             AXISTREAM_VVC,1     
axistream_expect(66 words[8b])=> Failed in 1 tuser bits. First mismatch in word# 3. Was x"0". Expected x"1". ' 'expect, tuser wrong ,i=20'  [2830]'
Was:
(0, 1, 0, 1, 0, 1, 0, 1, 0, 1, 0, 1, 0, 1, 0, 1, 0)
Expected:
(0, 1, 1, 1, 0, 1, 0, 1, 0, 1, 0, 1, 0, 1, 0, 1, 0)

Summary of errors in expected transaction. Failed in: 
0 data bits.
1 tuser bits.
0 tstrb bits.
0 tid bits.
0 tdest bits.

%% 
%% ============================================================================================================================================================================
%%  *** INTERMEDIATE SUMMARY OF ALL ALERTS ***
%% ============================================================================================================================================================================
%% 151972.5 ns    DONE   PASSED   axistream_vvc_slv_array_tb  Passed: 4  Affirmations Checked: 2555
%%    Expected      Failures: 0  Errors: 0  Warnings: -429  Passed: 0
%%    VHDL Asserts  Failures: 0  Errors: 0  Warnings: 0  Passed: 0
%%    Default       Failures: 0  Errors: 0  Warnings: 429  Passed: 0
%%    OSVVM         Failures: 0  Errors: 0  Warnings: 0  Passed: 0
%% ============================================================================================================================================================================
%% 
%% 152000 ns    Alert  WARNING             AXISTREAM_VVC,1     check_value(sl, 1) => Failed. Value was 0. Expected 1. 'Check tlast at expected last byte = 3. ' 'expect, tlast wrong ,i=1'  [2835]''
%% 152252.5 ns    Alert  WARNING             AXISTREAM_VVC,1     
axistream_expect(15 words[8b])=> Failed in 8 data bits. First mismatch in word# 11. Was x"1C". Expected x"E3". ' 'expect, data wrong ,i=1'  [2848]'
Was:
(A4, BC, 96, 01, 40, D8, CB, DE, 95, CC, 1C, 90, 02, 58, BA)
Expected:
(A4, BC, 96, 01, 40, D8, CB, DE, 95, CC, E3, 90, 02, 58, BA)

Summary of errors in expected transaction. Failed in: 
8 data bits.
0 tuser bits.
0 tstrb bits.
0 tid bits.
0 tdest bits.

%% 152312.5 ns    Alert  WARNING             AXISTREAM_VVC,1     
axistream_expect(15 words[8b])=> Failed in 1 tuser bits. First mismatch in word# 1. Was x"1". Expected x"0". ' 'expect, tuser wrong ,i=1'  [2850]'
Was:
(1, 0, 1, 0)
Expected:
(0, 0, 1, 0)

Summary of errors in expected transaction. Failed in: 
0 data bits.
1 tuser bits.
0 tstrb bits.
0 tid bits.
0 tdest bits.

%% 152832.5 ns    Alert  WARNING             AXISTREAM_VVC,1     
axistream_expect(42 words[8b])=> Failed in 8 data bits. First mismatch in word# 24. Was x"8E". Expected x"71". ' 'expect, data wrong ,i=2'  [2861]'
Was:
(E3, B7, 43, A5, 29, AB, F2, 8B, 78, 3A, 77, 4E, B5, 34, 59, D9, 58, 23, C9, 55, 0A, BC, 0B, 8E, 1C, 0A, B6, 36, 2A, 9F, EA, 61, 1A, 55, 6B, 2B, 0A, CA, 55, 40, 7E, E9)
Expected:
(E3, B7, 43, A5, 29, AB, F2, 8B, 78, 3A, 77, 4E, B5, 34, 59, D9, 58, 23, C9, 55, 0A, BC, 0B, 71, 1C, 0A, B6, 36, 2A, 9F, EA, 61, 1A, 55, 6B, 2B, 0A, CA, 55, 40, 7E, E9)

Summary of errors in expected transaction. Failed in: 
8 data bits.
0 tuser bits.
0 tstrb bits.
0 tid bits.
0 tdest bits.

%% 152962.5 ns    Alert  WARNING             AXISTREAM_VVC,1     
axistream_expect(42 words[8b])=> Failed in 1 tuser bits. First mismatch in word# 6. Was x"1". Expected x"0". ' 'expect, tuser wrong ,i=2'  [2863]'
Was:
(0, 1, 0, 1, 0, 1, 0, 1, 0, 1, 0)
Expected:
(0, 1, 0, 1, 0, 0, 0, 1, 0, 1, 0)

Summary of errors in expected transaction. Failed in: 
0 data bits.
1 tuser bits.
0 tstrb bits.
0 tid bits.
0 tdest bits.

%% 153642.5 ns    Alert  WARNING             AXISTREAM_VVC,1     
axistream_expect(57 words[8b])=> Failed in 8 data bits. First mismatch in word# 1. Was x"04". Expected x"FB". ' 'expect, data wrong ,i=3'  [2874]'
Was:
(04, 02, 9F, 42, BF, 93, 10, 6C, FC, A0, 1D, 1C, 39, 44, D0, DC, D1, AF, DD, 24, 13, E4, 7C, 9E, 28, 3D, 24, 4C, BB, A1, C9, 4A, BF, 53, AB, FD, 9D, 54, 95, 47, 3C, BC, F7, 58, 5C, 59, 7C, 8C, 77, B6, B1, C4, 49, C1, 8F, B7, 23)
Expected:
(FB, 02, 9F, 42, BF, 93, 10, 6C, FC, A0, 1D, 1C, 39, 44, D0, DC, D1, AF, DD, 24, 13, E4, 7C, 9E, 28, 3D, 24, 4C, BB, A1, C9, 4A, BF, 53, AB, FD, 9D, 54, 95, 47, 3C, BC, F7, 58, 5C, 59, 7C, 8C, 77, B6, B1, C4, 49, C1, 8F, B7, 23)

Summary of errors in expected transaction. Failed in: 
8 data bits.
0 tuser bits.
0 tstrb bits.
0 tid bits.
0 tdest bits.

%% 153812.5 ns    Alert  WARNING             AXISTREAM_VVC,1     
axistream_expect(57 words[8b])=> Failed in 1 tuser bits. First mismatch in word# 11. Was x"1". Expected x"0". ' 'expect, tuser wrong ,i=3'  [2876]'
Was:
(1, 0, 1, 0, 1, 0, 1, 0, 1, 0, 1, 0, 1, 0, 1)
Expected:
(1, 0, 1, 0, 1, 0, 1, 0, 1, 0, 0, 0, 1, 0, 1)

Summary of errors in expected transaction. Failed in: 
0 data bits.
1 tuser bits.
0 tstrb bits.
0 tid bits.
0 tdest bits.

%% 153932.5 ns    Alert  WARNING             AXISTREAM_VVC,1     
axistream_expect(3 words[8b])=> Failed in 8 data bits. First mismatch in word# 2. Was x"2D". Expected x"D2". ' 'expect, data wrong ,i=4'  [2887]'
Was:
(F3, 2D, FD)
Expected:
(F3, D2, FD)

Summary of errors in expected transaction. Failed in: 
8 data bits.
0 tuser bits.
0 tstrb bits.
0 tid bits.
0 tdest bits.

%% 153962.5 ns    Alert  WARNING             AXISTREAM_VVC,1     
axistream_expect(3 words[8b])=> Failed in 1 tuser bits. First mismatch in word# 1. Was x"0". Expected x"1". ' 'expect, tuser wrong ,i=4'  [2889]'
Was:
(0)
Expected:
(1)

Summary of errors in expected transaction. Failed in: 
0 data bits.
1 tuser bits.
0 tstrb bits.
0 tid bits.
0 tdest bits.

%% 155002.5 ns    Alert  WARNING             AXISTREAM_VVC,1     
axistream_expect(96 words[8b])=> Failed in 8 data bits. First mismatch in word# 60. Was x"4F". Expected x"B0". ' 'expect, data wrong ,i=5'  [2900]'
Was:
(AD, EE, 63, C6, 1F, ED, C1, 8D, C8, 48, A5, 90, 9B, A2, F1, 4F, A4, 9C, 45, 41, CF, 6D, 9C, F6, DA, B5, F8, 79, D9, 99, CA, F9, 06, A2, E1, 00, 9A, DD, B1, 21, 69, B3, 36, F4, EB, 35, B7, 45, 4C, C7, EE, 94, 55, C6, A6, 01, 6E, AE, 1B, 4F, 84, DF, 35, D5, CC, 8D, 56, 70, A4, CD, B3, 9E, E5, 3F, 7C, 9F, DD, 69, D7, 61, B3, 95, 38, 51, 22, 82, 95, 5D, D3, EE, 3F, 6E, 4E, 04, F8, 53)
Expected:
(AD, EE, 63, C6, 1F, ED, C1, 8D, C8, 48, A5, 90, 9B, A2, F1, 4F, A4, 9C, 45, 41, CF, 6D, 9C, F6, DA, B5, F8, 79, D9, 99, CA, F9, 06, A2, E1, 00, 9A, DD, B1, 21, 69, B3, 36, F4, EB, 35, B7, 45, 4C, C7, EE, 94, 55, C6, A6, 01, 6E, AE, 1B, B0, 84, DF, 35, D5, CC, 8D, 56, 70, A4, CD, B3, 9E, E5, 3F, 7C, 9F, DD, 69, D7, 61, B3, 95, 38, 51, 22, 82, 95, 5D, D3, EE, 3F, 6E, 4E, 04, F8, 53)

Summary of errors in expected transaction. Failed in: 
8 data bits.
0 tuser bits.
0 tstrb bits.
0 tid bits.
0 tdest bits.

%% 155262.5 ns    Alert  WARNING             AXISTREAM_VVC,1     
axistream_expect(96 words[8b])=> Failed in 1 tuser bits. First mismatch in word# 12. Was x"0". Expected x"1". ' 'expect, tuser wrong ,i=5'  [2902]'
Was:
(1, 0, 1, 0, 1, 0, 1, 0, 1, 0, 1, 0, 1, 0, 1, 0, 1, 0, 1, 0, 1, 0, 1, 0)
Expected:
(1, 0, 1, 0, 1, 0, 1, 0, 1, 0, 1, 1, 1, 0, 1, 0, 1, 0, 1, 0, 1, 0, 1, 0)

Summary of errors in expected transaction. Failed in: 
0 data bits.
1 tuser bits.
0 tstrb bits.
0 tid bits.
0 tdest bits.

%% 155942.5 ns    Alert  WARNING             AXISTREAM_VVC,1     
axistream_expect(57 words[8b])=> Failed in 8 data bits. First mismatch in word# 15. Was x"94". Expected x"6B". ' 'expect, data wrong ,i=6'  [2913]'
Was:
(8F, 40, 45, C2, FC, 9F, C7, 19, 8C, F5, 4B, 61, A7, D9, 94, AD, 58, A3, 0E, 02, 70, 65, E4, 5A, 8C, 55, 2C, 2B, B5, E1, D7, 0F, 67, 54, 52, EA, A3, 41, 76, FA, 17, 69, 6D, 9F, 47, 7B, 5B, 59, 7A, B8, 42, C9, 37, 66, 97, 0D, E6)
Expected:
(8F, 40, 45, C2, FC, 9F, C7, 19, 8C, F5, 4B, 61, A7, D9, 6B, AD, 58, A3, 0E, 02, 70, 65, E4, 5A, 8C, 55, 2C, 2B, B5, E1, D7, 0F, 67, 54, 52, EA, A3, 41, 76, FA, 17, 69, 6D, 9F, 47, 7B, 5B, 59, 7A, B8, 42, C9, 37, 66, 97, 0D, E6)

Summary of errors in expected transaction. Failed in: 
8 data bits.
0 tuser bits.
0 tstrb bits.
0 tid bits.
0 tdest bits.

%% 156112.5 ns    Alert  WARNING             AXISTREAM_VVC,1     
axistream_expect(57 words[8b])=> Failed in 1 tuser bits. First mismatch in word# 6. Was x"1". Expected x"0". ' 'expect, tuser wrong ,i=6'  [2915]'
Was:
(0, 1, 0, 1, 0, 1, 0, 1, 0, 1, 0, 1, 0, 1, 0)
Expected:
(0, 1, 0, 1, 0, 0, 0, 1, 0, 1, 0, 1, 0, 1, 0)

Summary of errors in expected transaction. Failed in: 
0 data bits.
1 tuser bits.
0 tstrb bits.
0 tid bits.
0 tdest bits.

%% 156912.5 ns    Alert  WARNING             AXISTREAM_VVC,1     
axistream_expect(69 words[8b])=> Failed in 8 data bits. First mismatch in word# 19. Was x"D5". Expected x"2A". ' 'expect, data wrong ,i=7'  [2926]'
Was:
(AC, DC, E7, CB, C4, 12, E3, 1F, 65, 1A, 6E, C7, FC, F6, 19, B4, 26, 99, D5, D8, 8C, D7, 31, 51, 39, D8, E3, DF, 8C, D7, D0, F5, 4E, 7A, 86, 58, BB, A4, 37, 12, A8, 26, 0F, AC, 03, D0, 70, 82, 8C, 74, 49, 5F, 65, 3F, B8, 22, CB, FB, D4, DE, 05, 36, 0B, 93, 5F, 1A, 9A, 46, 31)
Expected:
(AC, DC, E7, CB, C4, 12, E3, 1F, 65, 1A, 6E, C7, FC, F6, 19, B4, 26, 99, 2A, D8, 8C, D7, 31, 51, 39, D8, E3, DF, 8C, D7, D0, F5, 4E, 7A, 86, 58, BB, A4, 37, 12, A8, 26, 0F, AC, 03, D0, 70, 82, 8C, 74, 49, 5F, 65, 3F, B8, 22, CB, FB, D4, DE, 05, 36, 0B, 93, 5F, 1A, 9A, 46, 31)

Summary of errors in expected transaction. Failed in: 
8 data bits.
0 tuser bits.
0 tstrb bits.
0 tid bits.
0 tdest bits.

%% 157112.5 ns    Alert  WARNING             AXISTREAM_VVC,1     
axistream_expect(69 words[8b])=> Failed in 1 tuser bits. First mismatch in word# 14. Was x"0". Expected x"1". ' 'expect, tuser wrong ,i=7'  [2928]'
Was:
(1, 0, 1, 0, 1, 0, 1, 0, 1, 0, 1, 0, 1, 0, 1, 0, 1, 0)
Expected:
(1, 0, 1, 0, 1, 0, 1, 0, 1, 0, 1, 0, 1, 1, 1, 0, 1, 0)

Summary of errors in expected transaction. Failed in: 
0 data bits.
1 tuser bits.
0 tstrb bits.
0 tid bits.
0 tdest bits.

%% 157952.5 ns    Alert  WARNING             AXISTREAM_VVC,1     
axistream_expect(75 words[8b])=> Failed in 8 data bits. First mismatch in word# 42. Was x"73". Expected x"8C". ' 'expect, data wrong ,i=8'  [2939]'
Was:
(A6, B6, AA, 5B, 52, 73, 4B, 31, 56, 3A, 43, 99, 06, 23, 33, BA, 75, 9B, 93, A2, CD, 5D, 6B, 47, 24, 7B, F1, DC, 54, 31, 3B, 89, 43, 06, EF, 76, 2E, D1, 70, 09, 6B, 73, 9C, 35, 10, 33, C6, 0F, B2, 01, AD, 31, 34, 34, D5, 8B, F6, 81, AF, 67, 0D, E2, BB, 86, DD, 61, 74, 65, 0F, 56, 5F, 26, 81, 33, 79)
Expected:
(A6, B6, AA, 5B, 52, 73, 4B, 31, 56, 3A, 43, 99, 06, 23, 33, BA, 75, 9B, 93, A2, CD, 5D, 6B, 47, 24, 7B, F1, DC, 54, 31, 3B, 89, 43, 06, EF, 76, 2E, D1, 70, 09, 6B, 8C, 9C, 35, 10, 33, C6, 0F, B2, 01, AD, 31, 34, 34, D5, 8B, F6, 81, AF, 67, 0D, E2, BB, 86, DD, 61, 74, 65, 0F, 56, 5F, 26, 81, 33, 79)

Summary of errors in expected transaction. Failed in: 
8 data bits.
0 tuser bits.
0 tstrb bits.
0 tid bits.
0 tdest bits.

%% 158162.5 ns    Alert  WARNING             AXISTREAM_VVC,1     
axistream_expect(75 words[8b])=> Failed in 1 tuser bits. First mismatch in word# 19. Was x"0". Expected x"1". ' 'expect, tuser wrong ,i=8'  [2941]'
Was:
(0, 1, 0, 1, 0, 1, 0, 1, 0, 1, 0, 1, 0, 1, 0, 1, 0, 1, 0)
Expected:
(0, 1, 0, 1, 0, 1, 0, 1, 0, 1, 0, 1, 0, 1, 0, 1, 0, 1, 1)

Summary of errors in expected transaction. Failed in: 
0 data bits.
1 tuser bits.
0 tstrb bits.
0 tid bits.
0 tdest bits.

%% 159082.5 ns    Alert  WARNING             AXISTREAM_VVC,1     
axistream_expect(84 words[8b])=> Failed in 8 data bits. First mismatch in word# 9. Was x"30". Expected x"CF". ' 'expect, data wrong ,i=9'  [2952]'
Was:
(B3, 3A, 27, 6E, 8D, 2F, 0B, DB, 30, E1, 98, 44, 5C, 02, 59, 57, 99, 4D, 31, E9, 7D, D7, 19, 9D, DD, 19, 88, DC, A5, 28, FE, 38, 73, A6, A8, A9, 50, 48, 71, 3A, DF, CA, 3D, EB, A4, 47, F6, B4, 9C, BE, 10, 12, 05, 36, 11, 23, F3, C0, 15, D2, C7, 88, 34, 8E, 97, 78, 37, CE, D3, 0E, 03, EA, 0D, A1, A3, 6C, 32, 1F, DA, 48, 62, 55, 20, EF)
Expected:
(B3, 3A, 27, 6E, 8D, 2F, 0B, DB, CF, E1, 98, 44, 5C, 02, 59, 57, 99, 4D, 31, E9, 7D, D7, 19, 9D, DD, 19, 88, DC, A5, 28, FE, 38, 73, A6, A8, A9, 50, 48, 71, 3A, DF, CA, 3D, EB, A4, 47, F6, B4, 9C, BE, 10, 12, 05, 36, 11, 23, F3, C0, 15, D2, C7, 88, 34, 8E, 97, 78, 37, CE, D3, 0E, 03, EA, 0D, A1, A3, 6C, 32, 1F, DA, 48, 62, 55, 20, EF)

Summary of errors in expected transaction. Failed in: 
8 data bits.
0 tuser bits.
0 tstrb bits.
0 tid bits.
0 tdest bits.

%% 159312.5 ns    Alert  WARNING             AXISTREAM_VVC,1     
axistream_expect(84 words[8b])=> Failed in 1 tuser bits. First mismatch in word# 9. Was x"1". Expected x"0". ' 'expect, tuser wrong ,i=9'  [2954]'
Was:
(1, 0, 1, 0, 1, 0, 1, 0, 1, 0, 1, 0, 1, 0, 1, 0, 1, 0, 1, 0, 1)
Expected:
(1, 0, 1, 0, 1, 0, 1, 0, 0, 0, 1, 0, 1, 0, 1, 0, 1, 0, 1, 0, 1)

Summary of errors in expected transaction. Failed in: 
0 data bits.
1 tuser bits.
0 tstrb bits.
0 tid bits.
0 tdest bits.

%% 159632.5 ns    Alert  WARNING             AXISTREAM_VVC,1     
axistream_expect(24 words[8b])=> Failed in 8 data bits. First mismatch in word# 22. Was x"5B". Expected x"A4". ' 'expect, data wrong ,i=10'  [2965]'
Was:
(5F, D1, DD, AA, FB, 98, 13, 55, C5, 3D, 42, FA, 7F, 6C, 21, 29, 58, 44, 82, 31, 71, 5B, F7, 44)
Expected:
(5F, D1, DD, AA, FB, 98, 13, 55, C5, 3D, 42, FA, 7F, 6C, 21, 29, 58, 44, 82, 31, 71, A4, F7, 44)

Summary of errors in expected transaction. Failed in: 
8 data bits.
0 tuser bits.
0 tstrb bits.
0 tid bits.
0 tdest bits.

%% 159712.5 ns    Alert  WARNING             AXISTREAM_VVC,1     
axistream_expect(24 words[8b])=> Failed in 1 tuser bits. First mismatch in word# 3. Was x"0". Expected x"1". ' 'expect, tuser wrong ,i=10'  [2967]'
Was:
(0, 1, 0, 1, 0, 1)
Expected:
(0, 1, 1, 1, 0, 1)

Summary of errors in expected transaction. Failed in: 
0 data bits.
1 tuser bits.
0 tstrb bits.
0 tid bits.
0 tdest bits.

%% 159992.5 ns    Alert  WARNING             AXISTREAM_VVC,1     
axistream_expect(18 words[8b])=> Failed in 8 data bits. First mismatch in word# 17. Was x"66". Expected x"99". ' 'expect, data wrong ,i=11'  [2978]'
Was:
(1E, CC, 30, AE, 5F, 77, 7D, 1E, 83, 97, 35, EC, 77, 7C, 4C, DD, 66, B3)
Expected:
(1E, CC, 30, AE, 5F, 77, 7D, 1E, 83, 97, 35, EC, 77, 7C, 4C, DD, 99, B3)

Summary of errors in expected transaction. Failed in: 
8 data bits.
0 tuser bits.
0 tstrb bits.
0 tid bits.
0 tdest bits.

%% 160062.5 ns    Alert  WARNING             AXISTREAM_VVC,1     
axistream_expect(18 words[8b])=> Failed in 1 tuser bits. First mismatch in word# 4. Was x"0". Expected x"1". ' 'expect, tuser wrong ,i=11'  [2980]'
Was:
(1, 0, 1, 0, 1)
Expected:
(1, 0, 1, 1, 1)

Summary of errors in expected transaction. Failed in: 
0 data bits.
1 tuser bits.
0 tstrb bits.
0 tid bits.
0 tdest bits.

%% 160622.5 ns    Alert  WARNING             AXISTREAM_VVC,1     
axistream_expect(48 words[8b])=> Failed in 8 data bits. First mismatch in word# 12. Was x"75". Expected x"8A". ' 'expect, data wrong ,i=12'  [2991]'
Was:
(4D, F8, FB, AA, 82, 3C, 9B, EA, 03, A3, AA, 75, 55, 36, 06, A2, 4F, 04, F8, 70, F1, CB, 4E, F7, 6F, B0, 84, 1D, D4, 1E, F0, 7F, 50, EA, 7A, E3, 16, 06, 2B, A4, 12, CE, 42, 04, 1B, 10, DC, 6A)
Expected:
(4D, F8, FB, AA, 82, 3C, 9B, EA, 03, A3, AA, 8A, 55, 36, 06, A2, 4F, 04, F8, 70, F1, CB, 4E, F7, 6F, B0, 84, 1D, D4, 1E, F0, 7F, 50, EA, 7A, E3, 16, 06, 2B, A4, 12, CE, 42, 04, 1B, 10, DC, 6A)

Summary of errors in expected transaction. Failed in: 
8 data bits.
0 tuser bits.
0 tstrb bits.
0 tid bits.
0 tdest bits.

%% 160762.5 ns    Alert  WARNING             AXISTREAM_VVC,1     
axistream_expect(48 words[8b])=> Failed in 1 tuser bits. First mismatch in word# 9. Was x"0". Expected x"1". ' 'expect, tuser wrong ,i=12'  [2993]'
Was:
(0, 1, 0, 1, 0, 1, 0, 1, 0, 1, 0, 1)
Expected:
(0, 1, 0, 1, 0, 1, 0, 1, 1, 1, 0, 1)

Summary of errors in expected transaction. Failed in: 
0 data bits.
1 tuser bits.
0 tstrb bits.
0 tid bits.
0 tdest bits.

%% 161162.5 ns    Alert  WARNING             AXISTREAM_VVC,1     
axistream_expect(30 words[8b])=> Failed in 8 data bits. First mismatch in word# 17. Was x"19". Expected x"E6". ' 'expect, data wrong ,i=13'  [3004]'
Was:
(B5, 0C, 5E, 00, 05, 5E, 9D, 00, 0E, CC, A7, 26, 26, 2E, B9, 69, 19, 57, 60, 68, 18, A1, 74, E4, FD, E0, 24, 95, 39, 13)
Expected:
(B5, 0C, 5E, 00, 05, 5E, 9D, 00, 0E, CC, A7, 26, 26, 2E, B9, 69, E6, 57, 60, 68, 18, A1, 74, E4, FD, E0, 24, 95, 39, 13)

Summary of errors in expected transaction. Failed in: 
8 data bits.
0 tuser bits.
0 tstrb bits.
0 tid bits.
0 tdest bits.

%% 161262.5 ns    Alert  WARNING             AXISTREAM_VVC,1     
axistream_expect(30 words[8b])=> Failed in 1 tuser bits. First mismatch in word# 8. Was x"0". Expected x"1". ' 'expect, tuser wrong ,i=13'  [3006]'
Was:
(1, 0, 1, 0, 1, 0, 1, 0)
Expected:
(1, 0, 1, 0, 1, 0, 1, 1)

Summary of errors in expected transaction. Failed in: 
0 data bits.
1 tuser bits.
0 tstrb bits.
0 tid bits.
0 tdest bits.

%% 161742.5 ns    Alert  WARNING             AXISTREAM_VVC,1     
axistream_expect(39 words[8b])=> Failed in 8 data bits. First mismatch in word# 19. Was x"38". Expected x"C7". ' 'expect, data wrong ,i=14'  [3017]'
Was:
(C6, EA, 7D, 52, 14, C2, 8C, FE, 3F, F1, 61, D3, FB, F5, 74, D8, 83, 29, 38, 59, 56, 98, 78, 3F, D1, CB, 60, 43, 8B, FC, 6A, F2, 1D, 54, CE, 7B, C0, A3, 67)
Expected:
(C6, EA, 7D, 52, 14, C2, 8C, FE, 3F, F1, 61, D3, FB, F5, 74, D8, 83, 29, C7, 59, 56, 98, 78, 3F, D1, CB, 60, 43, 8B, FC, 6A, F2, 1D, 54, CE, 7B, C0, A3, 67)

Summary of errors in expected transaction. Failed in: 
8 data bits.
0 tuser bits.
0 tstrb bits.
0 tid bits.
0 tdest bits.

%% 161862.5 ns    Alert  WARNING             AXISTREAM_VVC,1     
axistream_expect(39 words[8b])=> Failed in 1 tuser bits. First mismatch in word# 7. Was x"0". Expected x"1". ' 'expect, tuser wrong ,i=14'  [3019]'
Was:
(0, 1, 0, 1, 0, 1, 0, 1, 0, 1)
Expected:
(0, 1, 0, 1, 0, 1, 1, 1, 0, 1)

Summary of errors in expected transaction. Failed in: 
0 data bits.
1 tuser bits.
0 tstrb bits.
0 tid bits.
0 tdest bits.

%% 162182.5 ns    Alert  WARNING             AXISTREAM_VVC,1     
axistream_expect(24 words[8b])=> Failed in 8 data bits. First mismatch in word# 13. Was x"85". Expected x"7A". ' 'expect, data wrong ,i=15'  [3030]'
Was:
(D4, 4D, 09, AB, 39, 2E, CA, 70, 54, C5, 8E, D0, 85, 36, F7, B4, D8, 07, 0C, 9C, A2, 17, 05, B9)
Expected:
(D4, 4D, 09, AB, 39, 2E, CA, 70, 54, C5, 8E, D0, 7A, 36, F7, B4, D8, 07, 0C, 9C, A2, 17, 05, B9)

Summary of errors in expected transaction. Failed in: 
8 data bits.
0 tuser bits.
0 tstrb bits.
0 tid bits.
0 tdest bits.

%% 162262.5 ns    Alert  WARNING             AXISTREAM_VVC,1     
axistream_expect(24 words[8b])=> Failed in 1 tuser bits. First mismatch in word# 4. Was x"0". Expected x"1". ' 'expect, tuser wrong ,i=15'  [3032]'
Was:
(1, 0, 1, 0, 1, 0)
Expected:
(1, 0, 1, 1, 1, 0)

Summary of errors in expected transaction. Failed in: 
0 data bits.
1 tuser bits.
0 tstrb bits.
0 tid bits.
0 tdest bits.

%% 163222.5 ns    Alert  WARNING             AXISTREAM_VVC,1     
axistream_expect(87 words[8b])=> Failed in 8 data bits. First mismatch in word# 2. Was x"63". Expected x"9C". ' 'expect, data wrong ,i=16'  [3043]'
Was:
(3A, 63, A0, 7D, 3C, BF, 69, B8, 3C, E5, F0, E1, B6, 35, 49, 3D, 9B, 9B, 9A, 5B, B6, DF, A2, 96, 15, 1C, 36, 2C, 86, 5B, 62, A5, 58, FF, 94, B5, 93, 41, DB, CE, 13, 56, 08, 8A, B0, C9, F7, 05, F2, BF, 67, CC, 8F, 20, 1D, FC, DA, 27, D5, 60, 4F, 68, AA, F8, F4, ED, 63, 3D, AA, 4F, 83, DF, AF, 8B, 88, 40, E6, C5, 75, 1A, D4, 65, C3, 07, 67, B0, 1F)
Expected:
(3A, 9C, A0, 7D, 3C, BF, 69, B8, 3C, E5, F0, E1, B6, 35, 49, 3D, 9B, 9B, 9A, 5B, B6, DF, A2, 96, 15, 1C, 36, 2C, 86, 5B, 62, A5, 58, FF, 94, B5, 93, 41, DB, CE, 13, 56, 08, 8A, B0, C9, F7, 05, F2, BF, 67, CC, 8F, 20, 1D, FC, DA, 27, D5, 60, 4F, 68, AA, F8, F4, ED, 63, 3D, AA, 4F, 83, DF, AF, 8B, 88, 40, E6, C5, 75, 1A, D4, 65, C3, 07, 67, B0, 1F)

Summary of errors in expected transaction. Failed in: 
8 data bits.
0 tuser bits.
0 tstrb bits.
0 tid bits.
0 tdest bits.

%% 163462.5 ns    Alert  WARNING             AXISTREAM_VVC,1     
axistream_expect(87 words[8b])=> Failed in 1 tuser bits. First mismatch in word# 16. Was x"1". Expected x"0". ' 'expect, tuser wrong ,i=16'  [3045]'
Was:
(0, 1, 0, 1, 0, 1, 0, 1, 0, 1, 0, 1, 0, 1, 0, 1, 0, 1, 0, 1, 0, 1)
Expected:
(0, 1, 0, 1, 0, 1, 0, 1, 0, 1, 0, 1, 0, 1, 0, 0, 0, 1, 0, 1, 0, 1)

Summary of errors in expected transaction. Failed in: 
0 data bits.
1 tuser bits.
0 tstrb bits.
0 tid bits.
0 tdest bits.

%% 164262.5 ns    Alert  WARNING             AXISTREAM_VVC,1     
axistream_expect(72 words[8b])=> Failed in 8 data bits. First mismatch in word# 32. Was x"12". Expected x"ED". ' 'expect, data wrong ,i=17'  [3056]'
Was:
(AA, E8, 35, 76, 40, 30, 55, 7F, B4, 87, 68, 4B, 52, C3, 7F, 3C, BB, 7F, D3, 78, 55, 77, 69, 54, 5A, DE, DD, ED, 5A, 4E, 43, 12, C4, D7, 71, F0, 0B, C6, D2, A5, 08, 93, 84, B5, 42, C4, 99, 26, 21, 90, FE, 3B, A1, E5, 56, 08, 23, 87, BD, C0, 4C, 6D, 62, 63, 22, 17, 77, 30, 9A, D1, 96, 4F)
Expected:
(AA, E8, 35, 76, 40, 30, 55, 7F, B4, 87, 68, 4B, 52, C3, 7F, 3C, BB, 7F, D3, 78, 55, 77, 69, 54, 5A, DE, DD, ED, 5A, 4E, 43, ED, C4, D7, 71, F0, 0B, C6, D2, A5, 08, 93, 84, B5, 42, C4, 99, 26, 21, 90, FE, 3B, A1, E5, 56, 08, 23, 87, BD, C0, 4C, 6D, 62, 63, 22, 17, 77, 30, 9A, D1, 96, 4F)

Summary of errors in expected transaction. Failed in: 
8 data bits.
0 tuser bits.
0 tstrb bits.
0 tid bits.
0 tdest bits.

%% 164462.5 ns    Alert  WARNING             AXISTREAM_VVC,1     
axistream_expect(72 words[8b])=> Failed in 1 tuser bits. First mismatch in word# 17. Was x"1". Expected x"0". ' 'expect, tuser wrong ,i=17'  [3058]'
Was:
(1, 0, 1, 0, 1, 0, 1, 0, 1, 0, 1, 0, 1, 0, 1, 0, 1, 0)
Expected:
(1, 0, 1, 0, 1, 0, 1, 0, 1, 0, 1, 0, 1, 0, 1, 0, 0, 0)

Summary of errors in expected transaction. Failed in: 
0 data bits.
1 tuser bits.
0 tstrb bits.
0 tid bits.
0 tdest bits.

%% 165302.5 ns    Alert  WARNING             AXISTREAM_VVC,1     
axistream_expect(75 words[8b])=> Failed in 8 data bits. First mismatch in word# 70. Was x"87". Expected x"78". ' 'expect, data wrong ,i=18'  [3069]'
Was:
(1B, EA, BB, 1D, B9, 6E, 15, F4, 97, 85, 6B, 5E, 07, FB, BD, 3C, EA, C5, 7A, B0, 74, 96, B4, F4, A3, 88, DB, 93, CA, 98, FD, 10, EC, 4E, 27, 65, 70, 6C, 0C, 5C, 06, 05, BA, AE, D7, 01, 66, 81, 49, 94, E0, AD, 67, 15, FF, 85, D0, D9, 2D, 9C, 00, 95, C0, 05, 6F, 70, FD, BE, 75, 87, C8, 43, 13, 6A, 3F)
Expected:
(1B, EA, BB, 1D, B9, 6E, 15, F4, 97, 85, 6B, 5E, 07, FB, BD, 3C, EA, C5, 7A, B0, 74, 96, B4, F4, A3, 88, DB, 93, CA, 98, FD, 10, EC, 4E, 27, 65, 70, 6C, 0C, 5C, 06, 05, BA, AE, D7, 01, 66, 81, 49, 94, E0, AD, 67, 15, FF, 85, D0, D9, 2D, 9C, 00, 95, C0, 05, 6F, 70, FD, BE, 75, 78, C8, 43, 13, 6A, 3F)

Summary of errors in expected transaction. Failed in: 
8 data bits.
0 tuser bits.
0 tstrb bits.
0 tid bits.
0 tdest bits.

%% 165512.5 ns    Alert  WARNING             AXISTREAM_VVC,1     
axistream_expect(75 words[8b])=> Failed in 1 tuser bits. First mismatch in word# 16. Was x"1". Expected x"0". ' 'expect, tuser wrong ,i=18'  [3071]'
Was:
(0, 1, 0, 1, 0, 1, 0, 1, 0, 1, 0, 1, 0, 1, 0, 1, 0, 1, 0)
Expected:
(0, 1, 0, 1, 0, 1, 0, 1, 0, 1, 0, 1, 0, 1, 0, 0, 0, 1, 0)

Summary of errors in expected transaction. Failed in: 
0 data bits.
1 tuser bits.
0 tstrb bits.
0 tid bits.
0 tdest bits.

%% 166152.5 ns    Alert  WARNING             AXISTREAM_VVC,1     
axistream_expect(54 words[8b])=> Failed in 8 data bits. First mismatch in word# 53. Was x"22". Expected x"DD". ' 'expect, data wrong ,i=19'  [3082]'
Was:
(7D, 00, 3E, 74, 1F, 4B, 3E, 5A, 4A, 23, B8, 1F, 28, 7E, E9, 39, 9C, FD, 34, 87, 05, 4D, CC, 52, 46, 70, 2E, 0A, 99, F8, 2C, 65, 21, 83, 7C, 37, D7, 59, 67, 66, F0, 4D, 62, D1, 39, AA, 7A, 79, C5, E0, 18, CC, 22, 99)
Expected:
(7D, 00, 3E, 74, 1F, 4B, 3E, 5A, 4A, 23, B8, 1F, 28, 7E, E9, 39, 9C, FD, 34, 87, 05, 4D, CC, 52, 46, 70, 2E, 0A, 99, F8, 2C, 65, 21, 83, 7C, 37, D7, 59, 67, 66, F0, 4D, 62, D1, 39, AA, 7A, 79, C5, E0, 18, CC, DD, 99)

Summary of errors in expected transaction. Failed in: 
8 data bits.
0 tuser bits.
0 tstrb bits.
0 tid bits.
0 tdest bits.

%% 166312.5 ns    Alert  WARNING             AXISTREAM_VVC,1     
axistream_expect(54 words[8b])=> Failed in 1 tuser bits. First mismatch in word# 1. Was x"1". Expected x"0". ' 'expect, tuser wrong ,i=19'  [3084]'
Was:
(1, 0, 1, 0, 1, 0, 1, 0, 1, 0, 1, 0, 1, 0)
Expected:
(0, 0, 1, 0, 1, 0, 1, 0, 1, 0, 1, 0, 1, 0)

Summary of errors in expected transaction. Failed in: 
0 data bits.
1 tuser bits.
0 tstrb bits.
0 tid bits.
0 tdest bits.

%% 166672.5 ns    Alert  WARNING             AXISTREAM_VVC,1     
axistream_expect(27 words[8b])=> Failed in 8 data bits. First mismatch in word# 15. Was x"97". Expected x"68". ' 'expect, data wrong ,i=20'  [3095]'
Was:
(FA, 84, 89, C1, E9, B2, DF, F5, 60, 61, F6, CB, DD, F3, 97, 51, B5, AD, 35, CB, E7, 55, 15, 42, 27, 7C, FB)
Expected:
(FA, 84, 89, C1, E9, B2, DF, F5, 60, 61, F6, CB, DD, F3, 68, 51, B5, AD, 35, CB, E7, 55, 15, 42, 27, 7C, FB)

Summary of errors in expected transaction. Failed in: 
8 data bits.
0 tuser bits.
0 tstrb bits.
0 tid bits.
0 tdest bits.

%% 166762.5 ns    Alert  WARNING             AXISTREAM_VVC,1     
axistream_expect(27 words[8b])=> Failed in 1 tuser bits. First mismatch in word# 6. Was x"1". Expected x"0". ' 'expect, tuser wrong ,i=20'  [3097]'
Was:
(0, 1, 0, 1, 0, 1, 0)
Expected:
(0, 1, 0, 1, 0, 0, 0)

Summary of errors in expected transaction. Failed in: 
0 data bits.
1 tuser bits.
0 tstrb bits.
0 tid bits.
0 tdest bits.

%% 
%% ============================================================================================================================================================================
%%  *** INTERMEDIATE SUMMARY OF ALL ALERTS ***
%% ============================================================================================================================================================================
%% 166762.5 ns    DONE   PASSED   axistream_vvc_slv_array_tb  Passed: 4  Affirmations Checked: 2810
%%    Expected      Failures: 0  Errors: 0  Warnings: -470  Passed: 0
%%    VHDL Asserts  Failures: 0  Errors: 0  Warnings: 0  Passed: 0
%%    Default       Failures: 0  Errors: 0  Warnings: 470  Passed: 0
%%    OSVVM         Failures: 0  Errors: 0  Warnings: 0  Passed: 0
%% ============================================================================================================================================================================
%% 
%% 166790 ns    Alert  WARNING             AXISTREAM_VVC,1     check_value(sl, 1) => Failed. Value was 0. Expected 1. 'Check tlast at expected last byte = 2. ' 'expect, tlast wrong ,i=1'  [3102]''
%% 167322.5 ns    Alert  WARNING             AXISTREAM_VVC,1     
axistream_expect(44 words[8b])=> Failed in 8 data bits. First mismatch in word# 6. Was x"DA". Expected x"25". ' 'expect, data wrong ,i=1'  [3115]'
Was:
(61, 52, 69, B6, CA, DA, A5, DC, B7, 03, 83, A8, 51, 93, 97, C6, 17, DB, E0, 6B, 4D, 6B, F5, 6C, 9D, 24, 61, FA, CF, A5, 56, 88, 71, C6, 21, 29, 91, BF, 9A, AC, DB, 57, 16, 67)
Expected:
(61, 52, 69, B6, CA, 25, A5, DC, B7, 03, 83, A8, 51, 93, 97, C6, 17, DB, E0, 6B, 4D, 6B, F5, 6C, 9D, 24, 61, FA, CF, A5, 56, 88, 71, C6, 21, 29, 91, BF, 9A, AC, DB, 57, 16, 67)

Summary of errors in expected transaction. Failed in: 
8 data bits.
0 tuser bits.
0 tstrb bits.
0 tid bits.
0 tdest bits.

%% 167452.5 ns    Alert  WARNING             AXISTREAM_VVC,1     
axistream_expect(44 words[8b])=> Failed in 1 tuser bits. First mismatch in word# 6. Was x"0". Expected x"1". ' 'expect, tuser wrong ,i=1'  [3117]'
Was:
(1, 0, 1, 0, 1, 0, 1, 0, 1, 0, 1)
Expected:
(1, 0, 1, 0, 1, 1, 1, 0, 1, 0, 1)

Summary of errors in expected transaction. Failed in: 
0 data bits.
1 tuser bits.
0 tstrb bits.
0 tid bits.
0 tdest bits.

%% 167732.5 ns    Alert  WARNING             AXISTREAM_VVC,1     
axistream_expect(20 words[8b])=> Failed in 8 data bits. First mismatch in word# 18. Was x"41". Expected x"BE". ' 'expect, data wrong ,i=2'  [3128]'
Was:
(D4, D2, 8F, B8, B8, 13, 6F, 13, 4C, F9, D7, 78, 7B, C9, 39, B2, 5D, 41, 12, 1A)
Expected:
(D4, D2, 8F, B8, B8, 13, 6F, 13, 4C, F9, D7, 78, 7B, C9, 39, B2, 5D, BE, 12, 1A)

Summary of errors in expected transaction. Failed in: 
8 data bits.
0 tuser bits.
0 tstrb bits.
0 tid bits.
0 tdest bits.

%% 167802.5 ns    Alert  WARNING             AXISTREAM_VVC,1     
axistream_expect(20 words[8b])=> Failed in 1 tuser bits. First mismatch in word# 1. Was x"0". Expected x"1". ' 'expect, tuser wrong ,i=2'  [3130]'
Was:
(0, 1, 0, 1, 0)
Expected:
(1, 1, 0, 1, 0)

Summary of errors in expected transaction. Failed in: 
0 data bits.
1 tuser bits.
0 tstrb bits.
0 tid bits.
0 tdest bits.

%% 168882.5 ns    Alert  WARNING             AXISTREAM_VVC,1     
axistream_expect(100 words[8b])=> Failed in 8 data bits. First mismatch in word# 42. Was x"60". Expected x"9F". ' 'expect, data wrong ,i=3'  [3141]'
Was:
(7B, 1E, 84, 5E, E7, 1E, 7D, BF, 80, 40, 13, 0A, FB, 33, DB, 80, 14, CC, 31, B0, 4A, 16, B6, 3F, DA, FD, 65, BE, D2, 1C, 46, 3F, A0, 3F, 2D, 0D, 73, 7C, 6B, 35, D5, 60, 2F, 74, B2, C7, 5D, 51, E5, 13, CC, 3E, 41, 79, 05, CC, 13, C3, 83, A1, 45, DD, CA, 13, B3, 8A, 6B, 71, C9, DE, 22, 86, 01, 31, B8, 43, 5A, 17, 0E, 62, 34, 8A, 98, 12, F6, 37, 1D, 38, 91, 63, 00, 22, 2D, 3A, 2E, 3C, FA, 85, 34, 1B)
Expected:
(7B, 1E, 84, 5E, E7, 1E, 7D, BF, 80, 40, 13, 0A, FB, 33, DB, 80, 14, CC, 31, B0, 4A, 16, B6, 3F, DA, FD, 65, BE, D2, 1C, 46, 3F, A0, 3F, 2D, 0D, 73, 7C, 6B, 35, D5, 9F, 2F, 74, B2, C7, 5D, 51, E5, 13, CC, 3E, 41, 79, 05, CC, 13, C3, 83, A1, 45, DD, CA, 13, B3, 8A, 6B, 71, C9, DE, 22, 86, 01, 31, B8, 43, 5A, 17, 0E, 62, 34, 8A, 98, 12, F6, 37, 1D, 38, 91, 63, 00, 22, 2D, 3A, 2E, 3C, FA, 85, 34, 1B)

Summary of errors in expected transaction. Failed in: 
8 data bits.
0 tuser bits.
0 tstrb bits.
0 tid bits.
0 tdest bits.

%% 169152.5 ns    Alert  WARNING             AXISTREAM_VVC,1     
axistream_expect(100 words[8b])=> Failed in 1 tuser bits. First mismatch in word# 2. Was x"0". Expected x"1". ' 'expect, tuser wrong ,i=3'  [3143]'
Was:
(1, 0, 1, 0, 1, 0, 1, 0, 1, 0, 1, 0, 1, 0, 1, 0, 1, 0, 1, 0, 1, 0, 1, 0, 1)
Expected:
(1, 1, 1, 0, 1, 0, 1, 0, 1, 0, 1, 0, 1, 0, 1, 0, 1, 0, 1, 0, 1, 0, 1, 0, 1)

Summary of errors in expected transaction. Failed in: 
0 data bits.
1 tuser bits.
0 tstrb bits.
0 tid bits.
0 tdest bits.

%% 170072.5 ns    Alert  WARNING             AXISTREAM_VVC,1     
axistream_expect(84 words[8b])=> Failed in 8 data bits. First mismatch in word# 61. Was x"5A". Expected x"A5". ' 'expect, data wrong ,i=4'  [3154]'
Was:
(28, 12, 82, 6A, 0B, 0F, FC, C3, 49, 94, D7, 21, 78, BB, A8, AF, 5C, 50, 45, AD, AF, 54, CE, B6, F3, 9D, 34, 8E, 73, BE, D7, C5, 96, 01, 8D, 5B, B1, 96, D7, 5E, F7, 08, 50, 9F, 5C, 43, 24, D9, 8F, D2, 73, 66, AA, 38, 86, 3E, 60, 04, EC, 57, 5A, BD, C2, F8, 4E, A3, 9D, 22, 5C, DA, E2, B1, E4, 32, E3, 53, CA, 20, 35, 9E, 00, 1F, 2B, 63)
Expected:
(28, 12, 82, 6A, 0B, 0F, FC, C3, 49, 94, D7, 21, 78, BB, A8, AF, 5C, 50, 45, AD, AF, 54, CE, B6, F3, 9D, 34, 8E, 73, BE, D7, C5, 96, 01, 8D, 5B, B1, 96, D7, 5E, F7, 08, 50, 9F, 5C, 43, 24, D9, 8F, D2, 73, 66, AA, 38, 86, 3E, 60, 04, EC, 57, A5, BD, C2, F8, 4E, A3, 9D, 22, 5C, DA, E2, B1, E4, 32, E3, 53, CA, 20, 35, 9E, 00, 1F, 2B, 63)

Summary of errors in expected transaction. Failed in: 
8 data bits.
0 tuser bits.
0 tstrb bits.
0 tid bits.
0 tdest bits.

%% 170302.5 ns    Alert  WARNING             AXISTREAM_VVC,1     
axistream_expect(84 words[8b])=> Failed in 1 tuser bits. First mismatch in word# 3. Was x"0". Expected x"1". ' 'expect, tuser wrong ,i=4'  [3156]'
Was:
(0, 1, 0, 1, 0, 1, 0, 1, 0, 1, 0, 1, 0, 1, 0, 1, 0, 1, 0, 1, 0)
Expected:
(0, 1, 1, 1, 0, 1, 0, 1, 0, 1, 0, 1, 0, 1, 0, 1, 0, 1, 0, 1, 0)

Summary of errors in expected transaction. Failed in: 
0 data bits.
1 tuser bits.
0 tstrb bits.
0 tid bits.
0 tdest bits.

%% 171222.5 ns    Alert  WARNING             AXISTREAM_VVC,1     
axistream_expect(84 words[8b])=> Failed in 8 data bits. First mismatch in word# 81. Was x"FD". Expected x"02". ' 'expect, data wrong ,i=5'  [3167]'
Was:
(0E, BF, C3, A3, E2, 8D, FF, 74, C6, F1, 4D, 85, B1, 07, 65, 9E, 21, BC, C6, 57, BE, D9, 79, 90, D4, BD, E2, AC, AA, 46, 4C, B6, 58, 49, D6, B9, 68, F1, 4B, 54, 61, 8B, 21, A9, 1B, B4, 01, 0A, 23, 7A, 60, 2C, 72, 57, A5, D9, EC, 99, FD, A4, 8A, AE, 25, 7A, 5E, 07, 43, 01, 3B, FF, 81, 78, 25, 70, B0, 62, 1A, 41, D4, 8E, FD, 8A, 34, 56)
Expected:
(0E, BF, C3, A3, E2, 8D, FF, 74, C6, F1, 4D, 85, B1, 07, 65, 9E, 21, BC, C6, 57, BE, D9, 79, 90, D4, BD, E2, AC, AA, 46, 4C, B6, 58, 49, D6, B9, 68, F1, 4B, 54, 61, 8B, 21, A9, 1B, B4, 01, 0A, 23, 7A, 60, 2C, 72, 57, A5, D9, EC, 99, FD, A4, 8A, AE, 25, 7A, 5E, 07, 43, 01, 3B, FF, 81, 78, 25, 70, B0, 62, 1A, 41, D4, 8E, 02, 8A, 34, 56)

Summary of errors in expected transaction. Failed in: 
8 data bits.
0 tuser bits.
0 tstrb bits.
0 tid bits.
0 tdest bits.

%% 171452.5 ns    Alert  WARNING             AXISTREAM_VVC,1     
axistream_expect(84 words[8b])=> Failed in 1 tuser bits. First mismatch in word# 4. Was x"0". Expected x"1". ' 'expect, tuser wrong ,i=5'  [3169]'
Was:
(1, 0, 1, 0, 1, 0, 1, 0, 1, 0, 1, 0, 1, 0, 1, 0, 1, 0, 1, 0, 1)
Expected:
(1, 0, 1, 1, 1, 0, 1, 0, 1, 0, 1, 0, 1, 0, 1, 0, 1, 0, 1, 0, 1)

Summary of errors in expected transaction. Failed in: 
0 data bits.
1 tuser bits.
0 tstrb bits.
0 tid bits.
0 tdest bits.

%% 171612.5 ns    Alert  WARNING             AXISTREAM_VVC,1     
axistream_expect(8 words[8b])=> Failed in 8 data bits. First mismatch in word# 3. Was x"6F". Expected x"90". ' 'expect, data wrong ,i=6'  [3180]'
Was:
(05, 0A, 6F, B6, E6, AA, 9D, 77)
Expected:
(05, 0A, 90, B6, E6, AA, 9D, 77)

Summary of errors in expected transaction. Failed in: 
8 data bits.
0 tuser bits.
0 tstrb bits.
0 tid bits.
0 tdest bits.

%% 171652.5 ns    Alert  WARNING             AXISTREAM_VVC,1     
axistream_expect(8 words[8b])=> Failed in 1 tuser bits. First mismatch in word# 1. Was x"0". Expected x"1". ' 'expect, tuser wrong ,i=6'  [3182]'
Was:
(0, 1)
Expected:
(1, 1)

Summary of errors in expected transaction. Failed in: 
0 data bits.
1 tuser bits.
0 tstrb bits.
0 tid bits.
0 tdest bits.

%% 172212.5 ns    Alert  WARNING             AXISTREAM_VVC,1     
axistream_expect(48 words[8b])=> Failed in 8 data bits. First mismatch in word# 46. Was x"28". Expected x"D7". ' 'expect, data wrong ,i=7'  [3193]'
Was:
(00, 3D, BC, 2E, 5D, 4E, A1, 6C, 1E, C9, D2, 1E, 8B, 8A, 55, 74, 9E, 7A, 85, 60, 3D, 82, DC, 99, 20, 75, 08, 89, 07, 3D, FC, A6, 74, 13, 85, F5, ED, 5B, 3A, B1, 2E, 32, 2F, 99, 6A, 28, 15, D1)
Expected:
(00, 3D, BC, 2E, 5D, 4E, A1, 6C, 1E, C9, D2, 1E, 8B, 8A, 55, 74, 9E, 7A, 85, 60, 3D, 82, DC, 99, 20, 75, 08, 89, 07, 3D, FC, A6, 74, 13, 85, F5, ED, 5B, 3A, B1, 2E, 32, 2F, 99, 6A, D7, 15, D1)

Summary of errors in expected transaction. Failed in: 
8 data bits.
0 tuser bits.
0 tstrb bits.
0 tid bits.
0 tdest bits.

%% 172352.5 ns    Alert  WARNING             AXISTREAM_VVC,1     
axistream_expect(48 words[8b])=> Failed in 1 tuser bits. First mismatch in word# 9. Was x"1". Expected x"0". ' 'expect, tuser wrong ,i=7'  [3195]'
Was:
(1, 0, 1, 0, 1, 0, 1, 0, 1, 0, 1, 0)
Expected:
(1, 0, 1, 0, 1, 0, 1, 0, 0, 0, 1, 0)

Summary of errors in expected transaction. Failed in: 
0 data bits.
1 tuser bits.
0 tstrb bits.
0 tid bits.
0 tdest bits.

%% 173352.5 ns    Alert  WARNING             AXISTREAM_VVC,1     
axistream_expect(92 words[8b])=> Failed in 8 data bits. First mismatch in word# 80. Was x"BB". Expected x"44". ' 'expect, data wrong ,i=8'  [3206]'
Was:
(3D, 6F, 4A, E0, A8, C2, 80, BC, 02, A2, A1, 84, 87, 13, CF, C4, F2, B5, 2D, E8, D8, 07, 7A, 23, 15, F2, 68, 42, B0, BA, F7, 79, 4D, EC, CC, EC, E0, C2, EB, E6, C2, ED, 0E, 03, 8F, 37, 90, B8, D9, EF, 21, 14, F5, 1D, 37, AD, 82, 94, 27, F6, AD, 84, A3, AA, 28, 21, C0, 5A, 69, 92, F0, 82, 7D, 36, C2, 8E, 6B, AA, 68, BB, 9B, 4C, DA, 2B, 26, A3, 41, A1, F1, D3, 40, EC)
Expected:
(3D, 6F, 4A, E0, A8, C2, 80, BC, 02, A2, A1, 84, 87, 13, CF, C4, F2, B5, 2D, E8, D8, 07, 7A, 23, 15, F2, 68, 42, B0, BA, F7, 79, 4D, EC, CC, EC, E0, C2, EB, E6, C2, ED, 0E, 03, 8F, 37, 90, B8, D9, EF, 21, 14, F5, 1D, 37, AD, 82, 94, 27, F6, AD, 84, A3, AA, 28, 21, C0, 5A, 69, 92, F0, 82, 7D, 36, C2, 8E, 6B, AA, 68, 44, 9B, 4C, DA, 2B, 26, A3, 41, A1, F1, D3, 40, EC)

Summary of errors in expected transaction. Failed in: 
8 data bits.
0 tuser bits.
0 tstrb bits.
0 tid bits.
0 tdest bits.

%% 173602.5 ns    Alert  WARNING             AXISTREAM_VVC,1     
axistream_expect(92 words[8b])=> Failed in 1 tuser bits. First mismatch in word# 18. Was x"1". Expected x"0". ' 'expect, tuser wrong ,i=8'  [3208]'
Was:
(0, 1, 0, 1, 0, 1, 0, 1, 0, 1, 0, 1, 0, 1, 0, 1, 0, 1, 0, 1, 0, 1, 0)
Expected:
(0, 1, 0, 1, 0, 1, 0, 1, 0, 1, 0, 1, 0, 1, 0, 1, 0, 0, 0, 1, 0, 1, 0)

Summary of errors in expected transaction. Failed in: 
0 data bits.
1 tuser bits.
0 tstrb bits.
0 tid bits.
0 tdest bits.

%% 174642.5 ns    Alert  WARNING             AXISTREAM_VVC,1     
axistream_expect(96 words[8b])=> Failed in 8 data bits. First mismatch in word# 79. Was x"C1". Expected x"3E". ' 'expect, data wrong ,i=9'  [3219]'
Was:
(BE, CD, CA, 2A, 87, D4, B9, 21, 9B, 67, 30, E2, 93, 69, AF, 74, F3, B0, A8, 2A, 4C, 11, A0, 6B, 70, 8B, 09, EA, 0B, 2A, 7A, 2A, 64, 6D, 7D, 13, 99, C9, 05, 10, C1, 3F, 94, 26, 5F, BB, 84, 82, B4, 28, 6C, 34, D9, 7B, AD, 51, 7C, C8, 22, 2C, 93, 98, BE, 98, 60, 7D, 82, AE, EF, F7, AB, 4F, F8, 59, 2E, A9, E9, 09, C1, 4B, 54, 81, 69, E0, 4A, 41, 9F, E2, CB, 04, 07, 9B, B2, 74, C5, 4A)
Expected:
(BE, CD, CA, 2A, 87, D4, B9, 21, 9B, 67, 30, E2, 93, 69, AF, 74, F3, B0, A8, 2A, 4C, 11, A0, 6B, 70, 8B, 09, EA, 0B, 2A, 7A, 2A, 64, 6D, 7D, 13, 99, C9, 05, 10, C1, 3F, 94, 26, 5F, BB, 84, 82, B4, 28, 6C, 34, D9, 7B, AD, 51, 7C, C8, 22, 2C, 93, 98, BE, 98, 60, 7D, 82, AE, EF, F7, AB, 4F, F8, 59, 2E, A9, E9, 09, 3E, 4B, 54, 81, 69, E0, 4A, 41, 9F, E2, CB, 04, 07, 9B, B2, 74, C5, 4A)

Summary of errors in expected transaction. Failed in: 
8 data bits.
0 tuser bits.
0 tstrb bits.
0 tid bits.
0 tdest bits.

%% 174902.5 ns    Alert  WARNING             AXISTREAM_VVC,1     
axistream_expect(96 words[8b])=> Failed in 1 tuser bits. First mismatch in word# 24. Was x"0". Expected x"1". ' 'expect, tuser wrong ,i=9'  [3221]'
Was:
(1, 0, 1, 0, 1, 0, 1, 0, 1, 0, 1, 0, 1, 0, 1, 0, 1, 0, 1, 0, 1, 0, 1, 0)
Expected:
(1, 0, 1, 0, 1, 0, 1, 0, 1, 0, 1, 0, 1, 0, 1, 0, 1, 0, 1, 0, 1, 0, 1, 1)

Summary of errors in expected transaction. Failed in: 
0 data bits.
1 tuser bits.
0 tstrb bits.
0 tid bits.
0 tdest bits.

%% 175142.5 ns    Alert  WARNING             AXISTREAM_VVC,1     
axistream_expect(16 words[8b])=> Failed in 8 data bits. First mismatch in word# 14. Was x"23". Expected x"DC". ' 'expect, data wrong ,i=10'  [3232]'
Was:
(BA, 62, 60, F7, FD, 32, C5, 44, B3, 95, AB, 08, 6F, 23, 29, 29)
Expected:
(BA, 62, 60, F7, FD, 32, C5, 44, B3, 95, AB, 08, 6F, DC, 29, 29)

Summary of errors in expected transaction. Failed in: 
8 data bits.
0 tuser bits.
0 tstrb bits.
0 tid bits.
0 tdest bits.

%% 175202.5 ns    Alert  WARNING             AXISTREAM_VVC,1     
axistream_expect(16 words[8b])=> Failed in 1 tuser bits. First mismatch in word# 1. Was x"0". Expected x"1". ' 'expect, tuser wrong ,i=10'  [3234]'
Was:
(0, 1, 0, 1)
Expected:
(1, 1, 0, 1)

Summary of errors in expected transaction. Failed in: 
0 data bits.
1 tuser bits.
0 tstrb bits.
0 tid bits.
0 tdest bits.

%% 176282.5 ns    Alert  WARNING             AXISTREAM_VVC,1     
axistream_expect(100 words[8b])=> Failed in 8 data bits. First mismatch in word# 1. Was x"2D". Expected x"D2". ' 'expect, data wrong ,i=11'  [3245]'
Was:
(2D, CB, 68, 81, DF, 4E, BA, D4, CD, C1, 45, 67, 2C, 83, FC, 29, 7D, 27, 27, AA, 0E, 4E, 9F, 2E, A7, F1, 76, F8, A4, 10, 15, DE, 1F, AD, B9, F4, C6, 30, 86, 38, FA, F8, 64, 15, 89, 14, 6F, 75, B6, 97, EC, 92, F5, 14, 6D, 2B, 2A, 92, ED, 19, 47, CB, 5F, 9D, F7, 7D, A4, CF, CF, E0, 47, 0E, 42, A1, B1, 81, BC, BA, 3D, 3A, 29, EE, 1B, D3, 5B, F9, A9, 49, 06, EB, DA, 47, 64, 8B, 54, 85, 48, D5, 83, 99)
Expected:
(D2, CB, 68, 81, DF, 4E, BA, D4, CD, C1, 45, 67, 2C, 83, FC, 29, 7D, 27, 27, AA, 0E, 4E, 9F, 2E, A7, F1, 76, F8, A4, 10, 15, DE, 1F, AD, B9, F4, C6, 30, 86, 38, FA, F8, 64, 15, 89, 14, 6F, 75, B6, 97, EC, 92, F5, 14, 6D, 2B, 2A, 92, ED, 19, 47, CB, 5F, 9D, F7, 7D, A4, CF, CF, E0, 47, 0E, 42, A1, B1, 81, BC, BA, 3D, 3A, 29, EE, 1B, D3, 5B, F9, A9, 49, 06, EB, DA, 47, 64, 8B, 54, 85, 48, D5, 83, 99)

Summary of errors in expected transaction. Failed in: 
8 data bits.
0 tuser bits.
0 tstrb bits.
0 tid bits.
0 tdest bits.

%% 176552.5 ns    Alert  WARNING             AXISTREAM_VVC,1     
axistream_expect(100 words[8b])=> Failed in 1 tuser bits. First mismatch in word# 8. Was x"0". Expected x"1". ' 'expect, tuser wrong ,i=11'  [3247]'
Was:
(1, 0, 1, 0, 1, 0, 1, 0, 1, 0, 1, 0, 1, 0, 1, 0, 1, 0, 1, 0, 1, 0, 1, 0, 1)
Expected:
(1, 0, 1, 0, 1, 0, 1, 1, 1, 0, 1, 0, 1, 0, 1, 0, 1, 0, 1, 0, 1, 0, 1, 0, 1)

Summary of errors in expected transaction. Failed in: 
0 data bits.
1 tuser bits.
0 tstrb bits.
0 tid bits.
0 tdest bits.

%% 176792.5 ns    Alert  WARNING             AXISTREAM_VVC,1     
axistream_expect(16 words[8b])=> Failed in 8 data bits. First mismatch in word# 13. Was x"7A". Expected x"85". ' 'expect, data wrong ,i=12'  [3258]'
Was:
(8E, 48, 1C, BA, 9E, 10, B7, 08, 1F, D3, 4D, 66, 7A, EB, E0, 86)
Expected:
(8E, 48, 1C, BA, 9E, 10, B7, 08, 1F, D3, 4D, 66, 85, EB, E0, 86)

Summary of errors in expected transaction. Failed in: 
8 data bits.
0 tuser bits.
0 tstrb bits.
0 tid bits.
0 tdest bits.

%% 176852.5 ns    Alert  WARNING             AXISTREAM_VVC,1     
axistream_expect(16 words[8b])=> Failed in 1 tuser bits. First mismatch in word# 2. Was x"1". Expected x"0". ' 'expect, tuser wrong ,i=12'  [3260]'
Was:
(0, 1, 0, 1)
Expected:
(0, 0, 0, 1)

Summary of errors in expected transaction. Failed in: 
0 data bits.
1 tuser bits.
0 tstrb bits.
0 tid bits.
0 tdest bits.

%% 177812.5 ns    Alert  WARNING             AXISTREAM_VVC,1     
axistream_expect(88 words[8b])=> Failed in 8 data bits. First mismatch in word# 59. Was x"27". Expected x"D8". ' 'expect, data wrong ,i=13'  [3271]'
Was:
(AC, 19, E2, 60, 81, A6, 49, 8E, D0, 94, A6, D7, 40, D3, EA, 6E, F6, B0, 23, 55, 99, 2A, 29, AC, E9, 75, 9A, 63, 3F, 65, 53, E3, CF, A1, 06, 87, AB, BE, 5E, 72, 63, 26, 7C, 22, 48, F9, 32, 9A, DF, 2F, 4A, C9, 5A, 30, C2, F1, A4, 91, 27, A7, A3, 95, AD, 3C, 7F, 1A, F2, D5, AF, A9, BB, E2, E7, E1, 14, 37, 5D, 11, B0, F9, 62, 79, CE, B0, 7C, C4, 38, DC)
Expected:
(AC, 19, E2, 60, 81, A6, 49, 8E, D0, 94, A6, D7, 40, D3, EA, 6E, F6, B0, 23, 55, 99, 2A, 29, AC, E9, 75, 9A, 63, 3F, 65, 53, E3, CF, A1, 06, 87, AB, BE, 5E, 72, 63, 26, 7C, 22, 48, F9, 32, 9A, DF, 2F, 4A, C9, 5A, 30, C2, F1, A4, 91, D8, A7, A3, 95, AD, 3C, 7F, 1A, F2, D5, AF, A9, BB, E2, E7, E1, 14, 37, 5D, 11, B0, F9, 62, 79, CE, B0, 7C, C4, 38, DC)

Summary of errors in expected transaction. Failed in: 
8 data bits.
0 tuser bits.
0 tstrb bits.
0 tid bits.
0 tdest bits.

%% 178052.5 ns    Alert  WARNING             AXISTREAM_VVC,1     
axistream_expect(88 words[8b])=> Failed in 1 tuser bits. First mismatch in word# 5. Was x"1". Expected x"0". ' 'expect, tuser wrong ,i=13'  [3273]'
Was:
(1, 0, 1, 0, 1, 0, 1, 0, 1, 0, 1, 0, 1, 0, 1, 0, 1, 0, 1, 0, 1, 0)
Expected:
(1, 0, 1, 0, 0, 0, 1, 0, 1, 0, 1, 0, 1, 0, 1, 0, 1, 0, 1, 0, 1, 0)

Summary of errors in expected transaction. Failed in: 
0 data bits.
1 tuser bits.
0 tstrb bits.
0 tid bits.
0 tdest bits.

%% 178452.5 ns    Alert  WARNING             AXISTREAM_VVC,1     
axistream_expect(32 words[8b])=> Failed in 8 data bits. First mismatch in word# 29. Was x"6F". Expected x"90". ' 'expect, data wrong ,i=14'  [3284]'
Was:
(33, CB, 01, FC, 6E, B0, 52, DD, 69, 94, 72, 64, CA, 32, 5E, 15, 4D, 11, 8C, BB, 6F, B6, 4B, 98, A1, 66, A4, 6D, 6F, 71, 98, F0)
Expected:
(33, CB, 01, FC, 6E, B0, 52, DD, 69, 94, 72, 64, CA, 32, 5E, 15, 4D, 11, 8C, BB, 6F, B6, 4B, 98, A1, 66, A4, 6D, 90, 71, 98, F0)

Summary of errors in expected transaction. Failed in: 
8 data bits.
0 tuser bits.
0 tstrb bits.
0 tid bits.
0 tdest bits.

%% 178552.5 ns    Alert  WARNING             AXISTREAM_VVC,1     
axistream_expect(32 words[8b])=> Failed in 1 tuser bits. First mismatch in word# 6. Was x"1". Expected x"0". ' 'expect, tuser wrong ,i=14'  [3286]'
Was:
(0, 1, 0, 1, 0, 1, 0, 1)
Expected:
(0, 1, 0, 1, 0, 0, 0, 1)

Summary of errors in expected transaction. Failed in: 
0 data bits.
1 tuser bits.
0 tstrb bits.
0 tid bits.
0 tdest bits.

%% 179632.5 ns    Alert  WARNING             AXISTREAM_VVC,1     
axistream_expect(100 words[8b])=> Failed in 8 data bits. First mismatch in word# 84. Was x"29". Expected x"D6". ' 'expect, data wrong ,i=15'  [3297]'
Was:
(D0, 4C, 70, 6B, 6C, E4, 1E, A7, 92, 7C, CC, 54, 28, 18, C3, 7B, 19, 78, 3B, D5, 59, B7, F7, 9E, 30, A2, D9, 33, 41, 8F, A4, D6, 63, 48, 0F, DB, D6, 86, 1D, AF, 82, 4C, ED, 91, 48, 01, 17, 0E, 26, 05, 5E, 4A, E8, 72, 92, 0B, AF, CB, C2, 54, C1, F4, 46, ED, 3E, 82, 4D, 73, E8, 34, 97, 40, 84, A5, 64, 82, C2, A5, ED, 5B, 63, F4, 1A, 29, 1A, 51, B8, 70, C7, FD, 87, 6F, 4D, 34, 12, D9, 06, 8F, 56, EA)
Expected:
(D0, 4C, 70, 6B, 6C, E4, 1E, A7, 92, 7C, CC, 54, 28, 18, C3, 7B, 19, 78, 3B, D5, 59, B7, F7, 9E, 30, A2, D9, 33, 41, 8F, A4, D6, 63, 48, 0F, DB, D6, 86, 1D, AF, 82, 4C, ED, 91, 48, 01, 17, 0E, 26, 05, 5E, 4A, E8, 72, 92, 0B, AF, CB, C2, 54, C1, F4, 46, ED, 3E, 82, 4D, 73, E8, 34, 97, 40, 84, A5, 64, 82, C2, A5, ED, 5B, 63, F4, 1A, D6, 1A, 51, B8, 70, C7, FD, 87, 6F, 4D, 34, 12, D9, 06, 8F, 56, EA)

Summary of errors in expected transaction. Failed in: 
8 data bits.
0 tuser bits.
0 tstrb bits.
0 tid bits.
0 tdest bits.

%% 179902.5 ns    Alert  WARNING             AXISTREAM_VVC,1     
axistream_expect(100 words[8b])=> Failed in 1 tuser bits. First mismatch in word# 25. Was x"1". Expected x"0". ' 'expect, tuser wrong ,i=15'  [3299]'
Was:
(1, 0, 1, 0, 1, 0, 1, 0, 1, 0, 1, 0, 1, 0, 1, 0, 1, 0, 1, 0, 1, 0, 1, 0, 1)
Expected:
(1, 0, 1, 0, 1, 0, 1, 0, 1, 0, 1, 0, 1, 0, 1, 0, 1, 0, 1, 0, 1, 0, 1, 0, 0)

Summary of errors in expected transaction. Failed in: 
0 data bits.
1 tuser bits.
0 tstrb bits.
0 tid bits.
0 tdest bits.

%% 180462.5 ns    Alert  WARNING             AXISTREAM_VVC,1     
axistream_expect(48 words[8b])=> Failed in 8 data bits. First mismatch in word# 17. Was x"4B". Expected x"B4". ' 'expect, data wrong ,i=16'  [3310]'
Was:
(AA, 9F, 82, 66, 3D, 02, 79, 7B, 43, A2, CE, 86, F4, 4F, F7, E7, 4B, 02, 35, CA, E0, 83, FA, DA, AA, A0, BF, 8F, 47, DD, 0B, F2, E1, 28, 7B, F4, A0, 0D, F1, E2, 91, EC, 98, 49, FD, 83, E8, D3)
Expected:
(AA, 9F, 82, 66, 3D, 02, 79, 7B, 43, A2, CE, 86, F4, 4F, F7, E7, B4, 02, 35, CA, E0, 83, FA, DA, AA, A0, BF, 8F, 47, DD, 0B, F2, E1, 28, 7B, F4, A0, 0D, F1, E2, 91, EC, 98, 49, FD, 83, E8, D3)

Summary of errors in expected transaction. Failed in: 
8 data bits.
0 tuser bits.
0 tstrb bits.
0 tid bits.
0 tdest bits.

%% 180602.5 ns    Alert  WARNING             AXISTREAM_VVC,1     
axistream_expect(48 words[8b])=> Failed in 1 tuser bits. First mismatch in word# 10. Was x"1". Expected x"0". ' 'expect, tuser wrong ,i=16'  [3312]'
Was:
(0, 1, 0, 1, 0, 1, 0, 1, 0, 1, 0, 1)
Expected:
(0, 1, 0, 1, 0, 1, 0, 1, 0, 0, 0, 1)

Summary of errors in expected transaction. Failed in: 
0 data bits.
1 tuser bits.
0 tstrb bits.
0 tid bits.
0 tdest bits.

%% 181042.5 ns    Alert  WARNING             AXISTREAM_VVC,1     
axistream_expect(36 words[8b])=> Failed in 8 data bits. First mismatch in word# 29. Was x"D4". Expected x"2B". ' 'expect, data wrong ,i=17'  [3323]'
Was:
(38, 31, 19, 8F, 9E, BE, 7B, 00, 24, BF, 08, CF, DB, 8E, CF, 15, D5, 5D, F9, 5B, EC, 79, 3F, 9A, DD, E5, 65, 2C, D4, 68, DD, E6, EA, 8C, AA, E6)
Expected:
(38, 31, 19, 8F, 9E, BE, 7B, 00, 24, BF, 08, CF, DB, 8E, CF, 15, D5, 5D, F9, 5B, EC, 79, 3F, 9A, DD, E5, 65, 2C, 2B, 68, DD, E6, EA, 8C, AA, E6)

Summary of errors in expected transaction. Failed in: 
8 data bits.
0 tuser bits.
0 tstrb bits.
0 tid bits.
0 tdest bits.

%% 181152.5 ns    Alert  WARNING             AXISTREAM_VVC,1     
axistream_expect(36 words[8b])=> Failed in 1 tuser bits. First mismatch in word# 1. Was x"1". Expected x"0". ' 'expect, tuser wrong ,i=17'  [3325]'
Was:
(1, 0, 1, 0, 1, 0, 1, 0, 1)
Expected:
(0, 0, 1, 0, 1, 0, 1, 0, 1)

Summary of errors in expected transaction. Failed in: 
0 data bits.
1 tuser bits.
0 tstrb bits.
0 tid bits.
0 tdest bits.

%% 181792.5 ns    Alert  WARNING             AXISTREAM_VVC,1     
axistream_expect(56 words[8b])=> Failed in 8 data bits. First mismatch in word# 26. Was x"F5". Expected x"0A". ' 'expect, data wrong ,i=18'  [3336]'
Was:
(63, A2, D1, EA, A9, D5, 40, 4D, 11, 96, 29, E4, 6A, 2B, 90, BD, 5D, 10, 95, 1F, 76, 13, F6, 84, 8A, F5, 3A, EB, 34, 5A, E2, 3C, 0D, 23, EE, 99, BD, 18, C7, 38, 15, C9, 9D, D4, 1D, 26, E1, 83, E4, 46, CE, BD, A3, 77, EC, BE)
Expected:
(63, A2, D1, EA, A9, D5, 40, 4D, 11, 96, 29, E4, 6A, 2B, 90, BD, 5D, 10, 95, 1F, 76, 13, F6, 84, 8A, 0A, 3A, EB, 34, 5A, E2, 3C, 0D, 23, EE, 99, BD, 18, C7, 38, 15, C9, 9D, D4, 1D, 26, E1, 83, E4, 46, CE, BD, A3, 77, EC, BE)

Summary of errors in expected transaction. Failed in: 
8 data bits.
0 tuser bits.
0 tstrb bits.
0 tid bits.
0 tdest bits.

%% 181952.5 ns    Alert  WARNING             AXISTREAM_VVC,1     
axistream_expect(56 words[8b])=> Failed in 1 tuser bits. First mismatch in word# 1. Was x"0". Expected x"1". ' 'expect, tuser wrong ,i=18'  [3338]'
Was:
(0, 1, 0, 1, 0, 1, 0, 1, 0, 1, 0, 1, 0, 1)
Expected:
(1, 1, 0, 1, 0, 1, 0, 1, 0, 1, 0, 1, 0, 1)

Summary of errors in expected transaction. Failed in: 
0 data bits.
1 tuser bits.
0 tstrb bits.
0 tid bits.
0 tdest bits.

%% 182592.5 ns    Alert  WARNING             AXISTREAM_VVC,1     
axistream_expect(56 words[8b])=> Failed in 8 data bits. First mismatch in word# 4. Was x"CC". Expected x"33". ' 'expect, data wrong ,i=19'  [3349]'
Was:
(D5, 0F, 9A, CC, 7C, C0, 70, 41, BB, FF, 96, 5C, 56, 21, E8, 63, 91, 48, B7, CB, 50, EC, 96, FA, 10, 60, 07, 59, 8E, B8, E5, 86, 9B, 3C, DB, 86, 57, B8, 76, BC, 88, 0C, DF, 45, E8, BE, 0E, 58, 14, E7, 54, 65, A0, BF, 5A, 36)
Expected:
(D5, 0F, 9A, 33, 7C, C0, 70, 41, BB, FF, 96, 5C, 56, 21, E8, 63, 91, 48, B7, CB, 50, EC, 96, FA, 10, 60, 07, 59, 8E, B8, E5, 86, 9B, 3C, DB, 86, 57, B8, 76, BC, 88, 0C, DF, 45, E8, BE, 0E, 58, 14, E7, 54, 65, A0, BF, 5A, 36)

Summary of errors in expected transaction. Failed in: 
8 data bits.
0 tuser bits.
0 tstrb bits.
0 tid bits.
0 tdest bits.

%% 182752.5 ns    Alert  WARNING             AXISTREAM_VVC,1     
axistream_expect(56 words[8b])=> Failed in 1 tuser bits. First mismatch in word# 1. Was x"1". Expected x"0". ' 'expect, tuser wrong ,i=19'  [3351]'
Was:
(1, 0, 1, 0, 1, 0, 1, 0, 1, 0, 1, 0, 1, 0)
Expected:
(0, 0, 1, 0, 1, 0, 1, 0, 1, 0, 1, 0, 1, 0)

Summary of errors in expected transaction. Failed in: 
0 data bits.
1 tuser bits.
0 tstrb bits.
0 tid bits.
0 tdest bits.

%% 183592.5 ns    Alert  WARNING             AXISTREAM_VVC,1     
axistream_expect(76 words[8b])=> Failed in 8 data bits. First mismatch in word# 16. Was x"38". Expected x"C7". ' 'expect, data wrong ,i=20'  [3362]'
Was:
(0E, 01, 5B, 70, 3F, 74, 5B, B3, 63, 9F, 6C, 0E, AD, 8D, 2B, 38, 47, 79, AA, F8, 91, ED, 22, 13, 45, AC, 40, D7, BB, E8, 55, 00, 67, D4, 16, DB, AC, 95, 52, E2, 8C, 90, 83, EB, 0E, DF, 6A, 7C, 36, D9, 33, 35, 96, 8F, 51, DC, EE, FF, F4, 2C, 31, 11, 9A, 2B, 6B, 26, 21, 69, 78, 76, CD, AA, BE, 48, 05, 0E)
Expected:
(0E, 01, 5B, 70, 3F, 74, 5B, B3, 63, 9F, 6C, 0E, AD, 8D, 2B, C7, 47, 79, AA, F8, 91, ED, 22, 13, 45, AC, 40, D7, BB, E8, 55, 00, 67, D4, 16, DB, AC, 95, 52, E2, 8C, 90, 83, EB, 0E, DF, 6A, 7C, 36, D9, 33, 35, 96, 8F, 51, DC, EE, FF, F4, 2C, 31, 11, 9A, 2B, 6B, 26, 21, 69, 78, 76, CD, AA, BE, 48, 05, 0E)

Summary of errors in expected transaction. Failed in: 
8 data bits.
0 tuser bits.
0 tstrb bits.
0 tid bits.
0 tdest bits.

%% 183802.5 ns    Alert  WARNING             AXISTREAM_VVC,1     
axistream_expect(76 words[8b])=> Failed in 1 tuser bits. First mismatch in word# 8. Was x"1". Expected x"0". ' 'expect, tuser wrong ,i=20'  [3364]'
Was:
(0, 1, 0, 1, 0, 1, 0, 1, 0, 1, 0, 1, 0, 1, 0, 1, 0, 1, 0)
Expected:
(0, 1, 0, 1, 0, 1, 0, 0, 0, 1, 0, 1, 0, 1, 0, 1, 0, 1, 0)

Summary of errors in expected transaction. Failed in: 
0 data bits.
1 tuser bits.
0 tstrb bits.
0 tid bits.
0 tdest bits.

%% 
%% ============================================================================================================================================================================
%%  *** INTERMEDIATE SUMMARY OF ALL ALERTS ***
%% ============================================================================================================================================================================
%% 183802.5 ns    DONE   PASSED   axistream_vvc_slv_array_tb  Passed: 4  Affirmations Checked: 3054
%%    Expected      Failures: 0  Errors: 0  Warnings: -511  Passed: 0
%%    VHDL Asserts  Failures: 0  Errors: 0  Warnings: 0  Passed: 0
%%    Default       Failures: 0  Errors: 0  Warnings: 511  Passed: 0
%%    OSVVM         Failures: 0  Errors: 0  Warnings: 0  Passed: 0
%% ============================================================================================================================================================================
%% 
%% 183830 ns    Alert  WARNING             AXISTREAM_VVC,1     check_value(sl, 1) => Failed. Value was 0. Expected 1. 'Check tlast at expected last byte = 3. ' 'expect, tlast wrong ,i=1'  [3369]''
%% 
%% 
%% 183842.5 ns    Log    ID_LOG_HDR          TB seq.             TC: Testing VVC transmit and expect with non-normalized slv_array
%% ----------------------------------------------------------------------------------------------------------------------------------------------------------------------------
%% 
%% 
%% 183872.5 ns    Log    ID_LOG_HDR          TB seq.             TC: sanity check 
%% ----------------------------------------------------------------------------------------------------------------------------------------------------------------------------
%% 183872.5 ns    Alert  ERROR               TB seq.(uvvm)       axistream_transmit(AXISTREAM_VVC,0,    32 words)(bool, true) => Failed. Value was false. Expected true. 'Sanity check: Check that data_array word is N*byte'
%% 183872.5 ns    Alert  ERROR               TB seq.(uvvm)       axistream_transmit(AXISTREAM_VVC,0,    32 words)(bool, true) => Failed. Value was false. Expected true. 'Sanity check: Check that data_array word is N*byte'
%% 183972.5 ns    Alert  ERROR               TB seq.(uvvm)       axistream_transmit(AXISTREAM_VVC,0,     3 words)(bool, true) => Failed. Value was false. Expected true. 'Sanity check: Check that data_array word is N*byte'
%% 183972.5 ns    Alert  ERROR               TB seq.(uvvm)       axistream_transmit(AXISTREAM_VVC,0,     3 words)(bool, true) => Failed. Value was false. Expected true. 'Sanity check: Check that data_array word is N*byte'
%% 184012.5 ns    Alert  ERROR               TB seq.(uvvm)       axistream_transmit(AXISTREAM_VVC,0,    27 words)(bool, true) => Failed. Value was false. Expected true. 'Sanity check: Check that data_array word is N*byte'
%% 184012.5 ns    Alert  ERROR               TB seq.(uvvm)       axistream_transmit(AXISTREAM_VVC,0,    27 words)(bool, true) => Failed. Value was false. Expected true. 'Sanity check: Check that data_array word is N*byte'
%% 184242.5 ns    Alert  ERROR               TB seq.(uvvm)       axistream_transmit(AXISTREAM_VVC,0,    14 words)(bool, true) => Failed. Value was false. Expected true. 'Sanity check: Check that data_array word is N*byte'
%% 184242.5 ns    Alert  ERROR               TB seq.(uvvm)       axistream_transmit(AXISTREAM_VVC,0,    14 words)(bool, true) => Failed. Value was false. Expected true. 'Sanity check: Check that data_array word is N*byte'
%% 
%% ============================================================================================================================================================================
%%  *** FINAL SUMMARY OF ALL ALERTS ***
%% ============================================================================================================================================================================
%% 184403.5 ns    DONE   PASSED   axistream_vvc_slv_array_tb  Passed: 4  Affirmations Checked: 3445
%%    Expected      Failures: 0  Errors: -8  Warnings: -512  Passed: 0
%%    VHDL Asserts  Failures: 0  Errors: 0  Warnings: 0  Passed: 0
%%    Default       Failures: 0  Errors: 8  Warnings: 512  Passed: 0
%%    OSVVM         Failures: 0  Errors: 0  Warnings: 0  Passed: 0
%% ============================================================================================================================================================================
%% 
%% 
%% 
%% 184403.5 ns    Log    ID_LOG_HDR          TB seq.             SIMULATION COMPLETED
%% ----------------------------------------------------------------------------------------------------------------------------------------------------------------------------
