%%      0 ns    Log    ID_CONSTRUCTOR      AXISTREAM_VVC,3     VVC instantiated.
%%      0 ns    Log    ID_CONSTRUCTOR_SUB  AXISTREAM_VVC,3     Command queue instantiated and will give a warning when reaching 1000 elements in queue.
%%      0 ns    Log    ID_CONSTRUCTOR_SUB  AXISTREAM_VVC,3     Result queue instantiated and will give a warning when reaching 1000 elements in queue.
%%      0 ns    Log    ID_CONSTRUCTOR      AXISTREAM_VVC,2     VVC instantiated.
%%      0 ns    Log    ID_CONSTRUCTOR_SUB  AXISTREAM_VVC,2     Command queue instantiated and will give a warning when reaching 1000 elements in queue.
%%      0 ns    Log    ID_CONSTRUCTOR_SUB  AXISTREAM_VVC,2     Result queue instantiated and will give a warning when reaching 1000 elements in queue.
%%      0 ns    Log    ID_CONSTRUCTOR      AXISTREAM_VVC,1     VVC instantiated.
%%      0 ns    Log    ID_CONSTRUCTOR_SUB  AXISTREAM_VVC,1     Command queue instantiated and will give a warning when reaching 1000 elements in queue.
%%      0 ns    Log    ID_CONSTRUCTOR_SUB  AXISTREAM_VVC,1     Result queue instantiated and will give a warning when reaching 1000 elements in queue.
%%      0 ns    Log    ID_CONSTRUCTOR      AXISTREAM_VVC,0     VVC instantiated.
%%      0 ns    Log    ID_CONSTRUCTOR_SUB  AXISTREAM_VVC,0     Command queue instantiated and will give a warning when reaching 1000 elements in queue.
%%      0 ns    Log    ID_CONSTRUCTOR_SUB  AXISTREAM_VVC,0     Result queue instantiated and will give a warning when reaching 1000 elements in queue.
%%      0 ns    Log    ID_CMD_INTERPRETER  AXISTREAM_VVC,3     Interpreter: Waiting for command
%%      0 ns    Log    ID_CMD_INTERPRETER  AXISTREAM_VVC,2     Interpreter: Waiting for command
%%      0 ns    Log    ID_CMD_INTERPRETER  AXISTREAM_VVC,1     Interpreter: Waiting for command
%%      0 ns    Log    ID_CMD_INTERPRETER  AXISTREAM_VVC,0     Interpreter: Waiting for command
%%      
%%      -----------------------------------------------------------------------------------------------------------------------------------------------------------------------
%%      ***  REPORT OF GLOBAL CTRL ***
%%      -----------------------------------------------------------------------------------------------------------------------------------------------------------------------
%%                                IGNORE    STOP_LIMIT
%%                NOTE         :  REGARD    integer'high
%%                TB_NOTE      :  REGARD    integer'high
%%                WARNING      :  REGARD    integer'high
%%                TB_WARNING   :  REGARD    integer'high
%%                MANUAL_CHECK :  REGARD    integer'high
%%                ERROR        :  REGARD    integer'high
%%                TB_ERROR     :  REGARD    integer'high
%%                FAILURE      :  REGARD         1
%%                TB_FAILURE   :  REGARD         1
%%      -----------------------------------------------------------------------------------------------------------------------------------------------------------------------
%%      
%%      
%%      -----------------------------------------------------------------------------------------------------------------------------------------------------------------------
%%      ***  REPORT OF MSG ID PANEL ***
%%      -----------------------------------------------------------------------------------------------------------------------------------------------------------------------
%%                ID                             Status
%%                ------------------------       ------
%%                ID_UTIL_BURIED               : DISABLED
%%                ID_BITVIS_DEBUG              : DISABLED
%%                ID_UTIL_SETUP                : ENABLED
%%                ID_LOG_MSG_CTRL              : ENABLED
%%                ID_ALERT_CTRL                : ENABLED
%%                ID_FINISH_OR_STOP            : ENABLED
%%                ID_CLOCK_GEN                 : ENABLED
%%                ID_GEN_PULSE                 : ENABLED
%%                ID_BLOCKING                  : ENABLED
%%                ID_WATCHDOG                  : ENABLED
%%                ID_RAND_GEN                  : DISABLED
%%                ID_RAND_CONF                 : DISABLED
%%                ID_FUNC_COV_BINS             : DISABLED
%%                ID_FUNC_COV_BINS_INFO        : DISABLED
%%                ID_FUNC_COV_RAND             : DISABLED
%%                ID_FUNC_COV_SAMPLE           : DISABLED
%%                ID_FUNC_COV_CONFIG           : DISABLED
%%                ID_POS_ACK                   : ENABLED
%%                ID_UVVM_ASSERTION            : ENABLED
%%                ID_LOG_HDR                   : ENABLED
%%                ID_LOG_HDR_LARGE             : ENABLED
%%                ID_LOG_HDR_XL                : ENABLED
%%                ID_SEQUENCER                 : ENABLED
%%                ID_SEQUENCER_SUB             : ENABLED
%%                ID_BFM                       : ENABLED
%%                ID_BFM_WAIT                  : ENABLED
%%                ID_BFM_POLL                  : ENABLED
%%                ID_BFM_POLL_SUMMARY          : ENABLED
%%                ID_CHANNEL_BFM               : ENABLED
%%                ID_TERMINATE_CMD             : ENABLED
%%                ID_SEGMENT_INITIATE          : ENABLED
%%                ID_SEGMENT_COMPLETE          : ENABLED
%%                ID_SEGMENT_HDR               : ENABLED
%%                ID_SEGMENT_DATA              : ENABLED
%%                ID_PACKET_INITIATE           : ENABLED
%%                ID_PACKET_PREAMBLE           : ENABLED
%%                ID_PACKET_COMPLETE           : ENABLED
%%                ID_PACKET_HDR                : ENABLED
%%                ID_PACKET_DATA               : ENABLED
%%                ID_PACKET_CHECKSUM           : ENABLED
%%                ID_PACKET_GAP                : ENABLED
%%                ID_PACKET_PAYLOAD            : ENABLED
%%                ID_FRAME_INITIATE            : ENABLED
%%                ID_FRAME_COMPLETE            : ENABLED
%%                ID_FRAME_HDR                 : ENABLED
%%                ID_FRAME_DATA                : ENABLED
%%                ID_COVERAGE_MAKEBIN          : DISABLED
%%                ID_COVERAGE_ADDBIN           : DISABLED
%%                ID_COVERAGE_ICOVER           : DISABLED
%%                ID_COVERAGE_CONFIG           : ENABLED
%%                ID_COVERAGE_SUMMARY          : ENABLED
%%                ID_COVERAGE_HOLES            : ENABLED
%%                ID_UVVM_SEND_CMD             : ENABLED
%%                ID_UVVM_CMD_ACK              : ENABLED
%%                ID_UVVM_CMD_RESULT           : ENABLED
%%                ID_CMD_INTERPRETER           : ENABLED
%%                ID_CMD_INTERPRETER_WAIT      : ENABLED
%%                ID_IMMEDIATE_CMD             : ENABLED
%%                ID_IMMEDIATE_CMD_WAIT        : ENABLED
%%                ID_CMD_EXECUTOR              : ENABLED
%%                ID_CMD_EXECUTOR_WAIT         : ENABLED
%%                ID_CHANNEL_EXECUTOR          : ENABLED
%%                ID_CHANNEL_EXECUTOR_WAIT     : ENABLED
%%                ID_NEW_HVVC_CMD_SEQ          : ENABLED
%%                ID_INSERTED_DELAY            : ENABLED
%%                ID_OLD_AWAIT_COMPLETION      : ENABLED
%%                ID_AWAIT_COMPLETION          : ENABLED
%%                ID_AWAIT_COMPLETION_LIST     : ENABLED
%%                ID_AWAIT_COMPLETION_WAIT     : ENABLED
%%                ID_AWAIT_COMPLETION_END      : ENABLED
%%                ID_AWAIT_UVVM_COMPLETION     : ENABLED
%%                ID_UVVM_DATA_QUEUE           : ENABLED
%%                ID_CONSTRUCTOR               : ENABLED
%%                ID_CONSTRUCTOR_SUB           : ENABLED
%%                ID_VVC_ACTIVITY              : ENABLED
%%                ID_MONITOR                   : ENABLED
%%                ID_MONITOR_ERROR             : ENABLED
%%                ID_DATA                      : ENABLED
%%                ID_CTRL                      : ENABLED
%%                ID_SPEC_COV_INIT             : ENABLED
%%                ID_SPEC_COV_REQS             : ENABLED
%%                ID_SPEC_COV                  : ENABLED
%%                ID_FILE_OPEN_CLOSE           : ENABLED
%%                ID_FILE_PARSER               : ENABLED
%%      -----------------------------------------------------------------------------------------------------------------------------------------------------------------------
%%      
%%      0 ns    Log    ID_LOG_MSG_CTRL     TB seq.             disable_log_msg(ALL_MESSAGES).
%%      0 ns    Log    ID_LOG_MSG_CTRL     TB seq.             enable_log_msg(ID_LOG_HDR).
%%      0 ns    Log    ID_LOG_MSG_CTRL     TB seq.             enable_log_msg(ID_SEQUENCER).
%%      0 ns    Log    ID_CMD_EXECUTOR_WA  AXISTREAM_VVC,3     Executor: Waiting for command
%%      0 ns    Log    ID_CMD_EXECUTOR_WA  AXISTREAM_VVC,2     Executor: Waiting for command
%%      0 ns    Log    ID_CMD_EXECUTOR_WA  AXISTREAM_VVC,1     Executor: Waiting for command
%%      0 ns    Log    ID_CMD_EXECUTOR_WA  AXISTREAM_VVC,0     Executor: Waiting for command
%%      0 ns    Log    ID_CMD_INTERPRETER  AXISTREAM_VVC,0     disable_log_msg(AXISTREAM_VVC,0, ALL_MESSAGES). Command received  [1]
%%      0 ns    Log    ID_LOG_MSG_CTRL     AXISTREAM_VVC,0     disable_log_msg(ALL_MESSAGES). ' [1]'
%%      0 ns    Log    ID_CMD_INTERPRETER  AXISTREAM_VVC,1     disable_log_msg(AXISTREAM_VVC,1, ALL_MESSAGES). Command received  [2]
%%      0 ns    Log    ID_LOG_MSG_CTRL     AXISTREAM_VVC,1     disable_log_msg(ALL_MESSAGES). ' [2]'
%%      0 ns    Log    ID_CMD_INTERPRETER  AXISTREAM_VVC,2     disable_log_msg(AXISTREAM_VVC,2, ALL_MESSAGES). Command received  [3]
%%      0 ns    Log    ID_LOG_MSG_CTRL     AXISTREAM_VVC,2     disable_log_msg(ALL_MESSAGES). ' [3]'
%%      0 ns    Log    ID_CMD_INTERPRETER  AXISTREAM_VVC,3     disable_log_msg(AXISTREAM_VVC,3, ALL_MESSAGES). Command received  [4]
%%      0 ns    Log    ID_LOG_MSG_CTRL     AXISTREAM_VVC,3     disable_log_msg(ALL_MESSAGES). ' [4]'
%%      0 ns    Log    ID_LOG_MSG_CTRL     AXISTREAM_VVC,0     enable_log_msg(ID_PACKET_INITIATE). ' [5]'
%%      0 ns    Log    ID_LOG_MSG_CTRL     AXISTREAM_VVC,1     enable_log_msg(ID_PACKET_INITIATE). ' [6]'
%%      0 ns    Log    ID_LOG_MSG_CTRL     AXISTREAM_VVC,2     enable_log_msg(ID_PACKET_INITIATE). ' [7]'
%%      0 ns    Log    ID_LOG_MSG_CTRL     AXISTREAM_VVC,3     enable_log_msg(ID_PACKET_INITIATE). ' [8]'
%%      0 ns    Log    ID_LOG_MSG_CTRL     AXISTREAM_VVC,1     enable_log_msg(ID_PACKET_COMPLETE). ' [9]'
%%      0 ns    Log    ID_LOG_MSG_CTRL     AXISTREAM_VVC,3     enable_log_msg(ID_PACKET_COMPLETE). ' [10]'
%% 
%% 
%%      0 ns    Log    ID_LOG_HDR          TB seq.             Start Simulation of AXI-Stream
%% ----------------------------------------------------------------------------------------------------------------------------------------------------------------------------
%% 
%% 
%%    100 ns    Log    ID_LOG_HDR          TB seq.             TC: axistream VVC Master (VVC_IDX=2) transmits directly to VVC Slave (VVC_IDX=3)
%% ----------------------------------------------------------------------------------------------------------------------------------------------------------------------------
%%    100 ns    Alert  WARNING             TB seq.             Sub-program axistream_transmit_bytes is outdated and has been replaced by another sub-program.
data_array as t_byte_array has been deprecated. Use data_array as t_slv_array.
%%    100 ns    Alert  WARNING             TB seq.             Sub-program axistream_expect_bytes is outdated and has been replaced by another sub-program.
data_array as t_byte_array has been deprecated. Use data_array as t_slv_array.
%%    105 ns    Log    ID_PACKET_INITIATE  AXISTREAM_VVC,2     axistream_transmit(96 words[8b])=> ' 'transmit VVC2VVC. Default tuser etc, i=1'  [11]'
%%    105 ns    Log    ID_PACKET_INITIATE  AXISTREAM_VVC,3     axistream_expect(96 words[8b]) while executing axistream_receive=> Receive packet. ' 'expect  VVC2VVC. Default tuser etc, i=1'  [12]'
%%  372.5 ns    Log    ID_PACKET_COMPLETE  AXISTREAM_VVC,3     axistream_expect(96 words[8b])=> OK, received 96 words[8b]). ' 'expect  VVC2VVC. Default tuser etc, i=1'  [12]'
%%    375 ns    Log    ID_PACKET_INITIATE  AXISTREAM_VVC,2     axistream_transmit(96 words[8b])=> ' 'transmit VVC2VVC, tuser set, but default tstrb etc'  [13]'
%%    375 ns    Log    ID_PACKET_INITIATE  AXISTREAM_VVC,3     axistream_expect(96 words[8b]) while executing axistream_receive=> Receive packet. ' 'expect VVC2VVC,   tuser set, but default tstrb etc'  [14]'
%%  642.5 ns    Log    ID_PACKET_COMPLETE  AXISTREAM_VVC,3     axistream_expect(96 words[8b])=> OK, received 96 words[8b]). ' 'expect VVC2VVC,   tuser set, but default tstrb etc'  [14]'
%%    645 ns    Log    ID_PACKET_INITIATE  AXISTREAM_VVC,2     axistream_transmit(96 words[8b])=> ' 'transmit VVC2VVC, tuser tstrb etc are set'  [15]'
%%    645 ns    Log    ID_PACKET_INITIATE  AXISTREAM_VVC,3     axistream_expect(96 words[8b]) while executing axistream_receive=> Receive packet. ' 'expect VVC2VVC,   tuser set, but default tstrb etc'  [16]'
%%  912.5 ns    Log    ID_PACKET_COMPLETE  AXISTREAM_VVC,3     axistream_expect(96 words[8b])=> OK, received 96 words[8b]). ' 'expect VVC2VVC,   tuser set, but default tstrb etc'  [16]'
%%    915 ns    Log    ID_PACKET_INITIATE  AXISTREAM_VVC,2     axistream_transmit(96 words[8b])=> ' 'transmit before receive, Check that tuser is fetched correctly,i=1'  [17]'
%%    915 ns    Log    ID_PACKET_INITIATE  AXISTREAM_VVC,3     axistream_receive()=> Receive packet. ' 'test axistream_receive / fetch_result (with tuser) '  [18]'
%% 1182.5 ns    Log    ID_PACKET_COMPLETE  AXISTREAM_VVC,3     axistream_receive()=> Rx DONE (96 words[8b]). ' 'test axistream_receive / fetch_result (with tuser) '  [18]'
%%   1185 ns    Log    ID_PACKET_INITIATE  AXISTREAM_VVC,2     axistream_transmit(96 words[8b])=> ' 'transmit, data wrong ,i=1'  [22]'
%%   1185 ns    Log    ID_PACKET_INITIATE  AXISTREAM_VVC,3     axistream_expect(96 words[8b]) while executing axistream_receive=> Receive packet. ' 'expect,   data wrong ,i=1'  [23]'
%% 1452.5 ns    Alert  WARNING             AXISTREAM_VVC,3     
axistream_expect(96 words[8b])=> Failed in 8 data bits. First mismatch in word# 88. Was x"51". Expected x"AE". ' 'expect,   data wrong ,i=1'  [23]'
Was:
(47, 14, 3B, 25, 93, 22, E3, 70, 99, 2B, 11, 2C, 9C, 80, CB, 64, 4F, 21, 92, 60, 7B, 60, 8B, C5, 88, 06, 5D, 56, 65, 6B, 1C, 1F, 12, B1, B6, 8B, BB, 8E, 71, A2, EE, 50, FF, B7, 51, 2F, AC, 10, 09, 99, F7, 3A, 00, ED, C1, 3B, 40, D5, DC, E6, A6, 1F, E3, D8, 04, C4, EA, 63, 2C, D0, 02, 25, 92, E1, 29, A3, E0, 4D, D4, 01, 41, D2, C1, 78, 8A, 72, 3F, 51, B5, 63, 65, C5, 4A, 9A, C5, 35)
Expected:
(47, 14, 3B, 25, 93, 22, E3, 70, 99, 2B, 11, 2C, 9C, 80, CB, 64, 4F, 21, 92, 60, 7B, 60, 8B, C5, 88, 06, 5D, 56, 65, 6B, 1C, 1F, 12, B1, B6, 8B, BB, 8E, 71, A2, EE, 50, FF, B7, 51, 2F, AC, 10, 09, 99, F7, 3A, 00, ED, C1, 3B, 40, D5, DC, E6, A6, 1F, E3, D8, 04, C4, EA, 63, 2C, D0, 02, 25, 92, E1, 29, A3, E0, 4D, D4, 01, 41, D2, C1, 78, 8A, 72, 3F, AE, B5, 63, 65, C5, 4A, 9A, C5, 35)

Summary of errors in expected transaction. Failed in: 
8 data bits.
0 tuser bits.
0 tstrb bits.
0 tid bits.
0 tdest bits.

%%   1455 ns    Log    ID_PACKET_INITIATE  AXISTREAM_VVC,2     axistream_transmit(96 words[8b])=> ' 'transmit, tuser wrong ,i=1'  [24]'
%%   1455 ns    Log    ID_PACKET_INITIATE  AXISTREAM_VVC,3     axistream_expect(96 words[8b]) while executing axistream_receive=> Receive packet. ' 'expect,   tuser wrong ,i=1'  [25]'
%% 1722.5 ns    Alert  WARNING             AXISTREAM_VVC,3     
axistream_expect(96 words[8b])=> Failed in 1 tuser bits. First mismatch in word# 19. Was x"1". Expected x"0". ' 'expect,   tuser wrong ,i=1'  [25]'
Was:
(1, 0, 0, 1, 0, 1, 1, 0, 0, 1, 0, 1, 1, 1, 1, 1, 0, 0, 1, 0, 0, 0, 0, 1)
Expected:
(1, 0, 0, 1, 0, 1, 1, 0, 0, 1, 0, 1, 1, 1, 1, 1, 0, 0, 0, 0, 0, 0, 0, 1)

Summary of errors in expected transaction. Failed in: 
0 data bits.
1 tuser bits.
0 tstrb bits.
0 tid bits.
0 tdest bits.

%%   1725 ns    Log    ID_PACKET_INITIATE  AXISTREAM_VVC,2     axistream_transmit(96 words[8b])=> ' 'transmit, tstrb wrong ,i=1'  [26]'
%%   1725 ns    Log    ID_PACKET_INITIATE  AXISTREAM_VVC,3     axistream_expect(96 words[8b]) while executing axistream_receive=> Receive packet. ' 'expect,   tstrb wrong ,i=1'  [27]'
%% 1992.5 ns    Alert  WARNING             AXISTREAM_VVC,3     
axistream_expect(96 words[8b])=> Failed in 4 tstrb bits. First mismatch in word# 9. Was x"3". Expected x"C". ' 'expect,   tstrb wrong ,i=1'  [27]'
Was:
(2, 4, D, 1, F, 0, 4, 0, 3, B, A, 2, B, 6, 2, 2, 8, E, B, 7, 3, D, 9, 5)
Expected:
(2, 4, D, 1, F, 0, 4, 0, C, B, A, 2, B, 6, 2, 2, 8, E, B, 7, 3, D, 9, 5)

Summary of errors in expected transaction. Failed in: 
0 data bits.
0 tuser bits.
4 tstrb bits.
0 tid bits.
0 tdest bits.

%%   1995 ns    Log    ID_PACKET_INITIATE  AXISTREAM_VVC,2     axistream_transmit(96 words[8b])=> ' 'transmit, tid wrong ,i=1'  [28]'
%%   1995 ns    Log    ID_PACKET_INITIATE  AXISTREAM_VVC,3     axistream_expect(96 words[8b]) while executing axistream_receive=> Receive packet. ' 'expect,   tid wrong ,i=1'  [29]'
%% 2262.5 ns    Alert  WARNING             AXISTREAM_VVC,3     
axistream_expect(96 words[8b])=> Failed in 1 tid bits. First mismatch in word# 22. Was x"1". Expected x"0". ' 'expect,   tid wrong ,i=1'  [29]'
Was:
(0, 0, 0, 0, 0, 0, 1, 0, 0, 1, 0, 1, 0, 1, 1, 0, 0, 1, 1, 1, 0, 1, 0, 1)
Expected:
(0, 0, 0, 0, 0, 0, 1, 0, 0, 1, 0, 1, 0, 1, 1, 0, 0, 1, 1, 1, 0, 0, 0, 1)

Summary of errors in expected transaction. Failed in: 
0 data bits.
0 tuser bits.
0 tstrb bits.
1 tid bits.
0 tdest bits.

%%   2265 ns    Log    ID_PACKET_INITIATE  AXISTREAM_VVC,2     axistream_transmit(96 words[8b])=> ' 'transmit, tdest wrong ,i=1'  [30]'
%%   2265 ns    Log    ID_PACKET_INITIATE  AXISTREAM_VVC,3     axistream_expect(96 words[8b]) while executing axistream_receive=> Receive packet. ' 'expect,   tdest wrong ,i=1'  [31]'
%% 2532.5 ns    Alert  WARNING             AXISTREAM_VVC,3     
axistream_expect(96 words[8b])=> Failed in 1 tdest bits. First mismatch in word# 10. Was x"0". Expected x"1". ' 'expect,   tdest wrong ,i=1'  [31]'
Was:
(0, 1, 0, 0, 1, 1, 1, 0, 1, 0, 1, 1, 0, 1, 1, 1, 0, 0, 0, 0, 0, 0, 1, 0)
Expected:
(0, 1, 0, 0, 1, 1, 1, 0, 1, 1, 1, 1, 0, 1, 1, 1, 0, 0, 0, 0, 0, 0, 1, 0)

Summary of errors in expected transaction. Failed in: 
0 data bits.
0 tuser bits.
0 tstrb bits.
0 tid bits.
1 tdest bits.

%%   2535 ns    Log    ID_PACKET_INITIATE  AXISTREAM_VVC,2     axistream_transmit(96 words[8b])=> ' 'transmit VVC2VVC. Default tuser etc, i=2'  [33]'
%%   2535 ns    Log    ID_PACKET_INITIATE  AXISTREAM_VVC,3     axistream_expect(96 words[8b]) while executing axistream_receive=> Receive packet. ' 'expect  VVC2VVC. Default tuser etc, i=2'  [34]'
%% 2792.5 ns    Log    ID_PACKET_COMPLETE  AXISTREAM_VVC,3     axistream_expect(96 words[8b])=> OK, received 96 words[8b]). ' 'expect  VVC2VVC. Default tuser etc, i=2'  [34]'
%%   2795 ns    Log    ID_PACKET_INITIATE  AXISTREAM_VVC,2     axistream_transmit(96 words[8b])=> ' 'transmit VVC2VVC, tuser set, but default tstrb etc'  [35]'
%%   2795 ns    Log    ID_PACKET_INITIATE  AXISTREAM_VVC,3     axistream_expect(96 words[8b]) while executing axistream_receive=> Receive packet. ' 'expect VVC2VVC,   tuser set, but default tstrb etc'  [36]'
%% 3052.5 ns    Log    ID_PACKET_COMPLETE  AXISTREAM_VVC,3     axistream_expect(96 words[8b])=> OK, received 96 words[8b]). ' 'expect VVC2VVC,   tuser set, but default tstrb etc'  [36]'
%%   3055 ns    Log    ID_PACKET_INITIATE  AXISTREAM_VVC,2     axistream_transmit(96 words[8b])=> ' 'transmit VVC2VVC, tuser tstrb etc are set'  [37]'
%%   3055 ns    Log    ID_PACKET_INITIATE  AXISTREAM_VVC,3     axistream_expect(96 words[8b]) while executing axistream_receive=> Receive packet. ' 'expect VVC2VVC,   tuser set, but default tstrb etc'  [38]'
%% 3312.5 ns    Log    ID_PACKET_COMPLETE  AXISTREAM_VVC,3     axistream_expect(96 words[8b])=> OK, received 96 words[8b]). ' 'expect VVC2VVC,   tuser set, but default tstrb etc'  [38]'
%%   3315 ns    Log    ID_PACKET_INITIATE  AXISTREAM_VVC,2     axistream_transmit(96 words[8b])=> ' 'transmit before receive, Check that tuser is fetched correctly,i=2'  [39]'
%%   3315 ns    Log    ID_PACKET_INITIATE  AXISTREAM_VVC,3     axistream_receive()=> Receive packet. ' 'test axistream_receive / fetch_result (with tuser) '  [40]'
%% 3572.5 ns    Log    ID_PACKET_COMPLETE  AXISTREAM_VVC,3     axistream_receive()=> Rx DONE (96 words[8b]). ' 'test axistream_receive / fetch_result (with tuser) '  [40]'
%%   3575 ns    Log    ID_PACKET_INITIATE  AXISTREAM_VVC,2     axistream_transmit(96 words[8b])=> ' 'transmit, data wrong ,i=2'  [44]'
%%   3575 ns    Log    ID_PACKET_INITIATE  AXISTREAM_VVC,3     axistream_expect(96 words[8b]) while executing axistream_receive=> Receive packet. ' 'expect,   data wrong ,i=2'  [45]'
%% 3832.5 ns    Alert  WARNING             AXISTREAM_VVC,3     
axistream_expect(96 words[8b])=> Failed in 8 data bits. First mismatch in word# 83. Was x"1D". Expected x"E2". ' 'expect,   data wrong ,i=2'  [45]'
Was:
(50, 51, 9F, B5, CF, 3D, 5A, 0D, 87, CD, A3, 20, BC, B3, FF, FB, 98, 84, 76, 3D, F4, FC, B4, 61, 68, 4E, B2, 8D, 1B, 6F, E9, D9, 56, 0A, BC, 8E, 7B, 6F, AC, 41, 8B, EC, EB, 0A, E3, FA, 0E, 90, 8C, 9B, 71, 6A, A1, 6C, 7A, C6, 5F, 82, EB, D4, 91, 5A, 62, F1, 08, 8C, FC, 8C, 2F, 6D, DE, 1E, 8A, 1E, 8D, 02, 8B, D6, 01, 82, 20, 82, 1D, BE, DE, E2, 47, 9C, 2F, 58, 8F, 97, FD, D7, AC, A6)
Expected:
(50, 51, 9F, B5, CF, 3D, 5A, 0D, 87, CD, A3, 20, BC, B3, FF, FB, 98, 84, 76, 3D, F4, FC, B4, 61, 68, 4E, B2, 8D, 1B, 6F, E9, D9, 56, 0A, BC, 8E, 7B, 6F, AC, 41, 8B, EC, EB, 0A, E3, FA, 0E, 90, 8C, 9B, 71, 6A, A1, 6C, 7A, C6, 5F, 82, EB, D4, 91, 5A, 62, F1, 08, 8C, FC, 8C, 2F, 6D, DE, 1E, 8A, 1E, 8D, 02, 8B, D6, 01, 82, 20, 82, E2, BE, DE, E2, 47, 9C, 2F, 58, 8F, 97, FD, D7, AC, A6)

Summary of errors in expected transaction. Failed in: 
8 data bits.
0 tuser bits.
0 tstrb bits.
0 tid bits.
0 tdest bits.

%%   3835 ns    Log    ID_PACKET_INITIATE  AXISTREAM_VVC,2     axistream_transmit(96 words[8b])=> ' 'transmit, tuser wrong ,i=2'  [46]'
%%   3835 ns    Log    ID_PACKET_INITIATE  AXISTREAM_VVC,3     axistream_expect(96 words[8b]) while executing axistream_receive=> Receive packet. ' 'expect,   tuser wrong ,i=2'  [47]'
%% 4092.5 ns    Alert  WARNING             AXISTREAM_VVC,3     
axistream_expect(96 words[8b])=> Failed in 1 tuser bits. First mismatch in word# 18. Was x"0". Expected x"1". ' 'expect,   tuser wrong ,i=2'  [47]'
Was:
(0, 0, 1, 0, 0, 0, 1, 1, 0, 1, 0, 0, 1, 0, 0, 1, 1, 0, 1, 0, 0, 0, 0, 0)
Expected:
(0, 0, 1, 0, 0, 0, 1, 1, 0, 1, 0, 0, 1, 0, 0, 1, 1, 1, 1, 0, 0, 0, 0, 0)

Summary of errors in expected transaction. Failed in: 
0 data bits.
1 tuser bits.
0 tstrb bits.
0 tid bits.
0 tdest bits.

%%   4095 ns    Log    ID_PACKET_INITIATE  AXISTREAM_VVC,2     axistream_transmit(96 words[8b])=> ' 'transmit, tstrb wrong ,i=2'  [48]'
%%   4095 ns    Log    ID_PACKET_INITIATE  AXISTREAM_VVC,3     axistream_expect(96 words[8b]) while executing axistream_receive=> Receive packet. ' 'expect,   tstrb wrong ,i=2'  [49]'
%% 4352.5 ns    Alert  WARNING             AXISTREAM_VVC,3     
axistream_expect(96 words[8b])=> Failed in 4 tstrb bits. First mismatch in word# 10. Was x"A". Expected x"5". ' 'expect,   tstrb wrong ,i=2'  [49]'
Was:
(E, 3, E, D, 9, B, E, 0, D, A, C, A, 0, 7, 4, E, 1, 3, 3, F, 9, 8, D, F)
Expected:
(E, 3, E, D, 9, B, E, 0, D, 5, C, A, 0, 7, 4, E, 1, 3, 3, F, 9, 8, D, F)

Summary of errors in expected transaction. Failed in: 
0 data bits.
0 tuser bits.
4 tstrb bits.
0 tid bits.
0 tdest bits.

%%   4355 ns    Log    ID_PACKET_INITIATE  AXISTREAM_VVC,2     axistream_transmit(96 words[8b])=> ' 'transmit, tid wrong ,i=2'  [50]'
%%   4355 ns    Log    ID_PACKET_INITIATE  AXISTREAM_VVC,3     axistream_expect(96 words[8b]) while executing axistream_receive=> Receive packet. ' 'expect,   tid wrong ,i=2'  [51]'
%% 4612.5 ns    Alert  WARNING             AXISTREAM_VVC,3     
axistream_expect(96 words[8b])=> Failed in 1 tid bits. First mismatch in word# 7. Was x"1". Expected x"0". ' 'expect,   tid wrong ,i=2'  [51]'
Was:
(0, 1, 0, 1, 1, 1, 1, 1, 1, 0, 1, 0, 1, 0, 0, 0, 0, 1, 0, 1, 1, 0, 1, 0)
Expected:
(0, 1, 0, 1, 1, 1, 0, 1, 1, 0, 1, 0, 1, 0, 0, 0, 0, 1, 0, 1, 1, 0, 1, 0)

Summary of errors in expected transaction. Failed in: 
0 data bits.
0 tuser bits.
0 tstrb bits.
1 tid bits.
0 tdest bits.

%%   4615 ns    Log    ID_PACKET_INITIATE  AXISTREAM_VVC,2     axistream_transmit(96 words[8b])=> ' 'transmit, tdest wrong ,i=2'  [52]'
%%   4615 ns    Log    ID_PACKET_INITIATE  AXISTREAM_VVC,3     axistream_expect(96 words[8b]) while executing axistream_receive=> Receive packet. ' 'expect,   tdest wrong ,i=2'  [53]'
%% 4872.5 ns    Alert  WARNING             AXISTREAM_VVC,3     
axistream_expect(96 words[8b])=> Failed in 1 tdest bits. First mismatch in word# 2. Was x"0". Expected x"1". ' 'expect,   tdest wrong ,i=2'  [53]'
Was:
(1, 0, 1, 0, 0, 0, 0, 0, 1, 0, 0, 0, 1, 0, 1, 0, 1, 1, 0, 0, 1, 1, 0, 1)
Expected:
(1, 1, 1, 0, 0, 0, 0, 0, 1, 0, 0, 0, 1, 0, 1, 0, 1, 1, 0, 0, 1, 1, 0, 1)

Summary of errors in expected transaction. Failed in: 
0 data bits.
0 tuser bits.
0 tstrb bits.
0 tid bits.
1 tdest bits.

%%   4875 ns    Log    ID_PACKET_INITIATE  AXISTREAM_VVC,2     axistream_transmit(96 words[8b])=> ' 'transmit VVC2VVC. Default tuser etc, i=3'  [55]'
%%   4875 ns    Log    ID_PACKET_INITIATE  AXISTREAM_VVC,3     axistream_expect(96 words[8b]) while executing axistream_receive=> Receive packet. ' 'expect  VVC2VVC. Default tuser etc, i=3'  [56]'
%% 5112.5 ns    Log    ID_PACKET_COMPLETE  AXISTREAM_VVC,3     axistream_expect(96 words[8b])=> OK, received 96 words[8b]). ' 'expect  VVC2VVC. Default tuser etc, i=3'  [56]'
%%   5115 ns    Log    ID_PACKET_INITIATE  AXISTREAM_VVC,2     axistream_transmit(96 words[8b])=> ' 'transmit VVC2VVC, tuser set, but default tstrb etc'  [57]'
%%   5115 ns    Log    ID_PACKET_INITIATE  AXISTREAM_VVC,3     axistream_expect(96 words[8b]) while executing axistream_receive=> Receive packet. ' 'expect VVC2VVC,   tuser set, but default tstrb etc'  [58]'
%% 5352.5 ns    Log    ID_PACKET_COMPLETE  AXISTREAM_VVC,3     axistream_expect(96 words[8b])=> OK, received 96 words[8b]). ' 'expect VVC2VVC,   tuser set, but default tstrb etc'  [58]'
%%   5355 ns    Log    ID_PACKET_INITIATE  AXISTREAM_VVC,2     axistream_transmit(96 words[8b])=> ' 'transmit VVC2VVC, tuser tstrb etc are set'  [59]'
%%   5355 ns    Log    ID_PACKET_INITIATE  AXISTREAM_VVC,3     axistream_expect(96 words[8b]) while executing axistream_receive=> Receive packet. ' 'expect VVC2VVC,   tuser set, but default tstrb etc'  [60]'
%% 5592.5 ns    Log    ID_PACKET_COMPLETE  AXISTREAM_VVC,3     axistream_expect(96 words[8b])=> OK, received 96 words[8b]). ' 'expect VVC2VVC,   tuser set, but default tstrb etc'  [60]'
%%   5595 ns    Log    ID_PACKET_INITIATE  AXISTREAM_VVC,2     axistream_transmit(96 words[8b])=> ' 'transmit before receive, Check that tuser is fetched correctly,i=3'  [61]'
%%   5595 ns    Log    ID_PACKET_INITIATE  AXISTREAM_VVC,3     axistream_receive()=> Receive packet. ' 'test axistream_receive / fetch_result (with tuser) '  [62]'
%% 5832.5 ns    Log    ID_PACKET_COMPLETE  AXISTREAM_VVC,3     axistream_receive()=> Rx DONE (96 words[8b]). ' 'test axistream_receive / fetch_result (with tuser) '  [62]'
%%   5835 ns    Log    ID_PACKET_INITIATE  AXISTREAM_VVC,2     axistream_transmit(96 words[8b])=> ' 'transmit, data wrong ,i=3'  [66]'
%%   5835 ns    Log    ID_PACKET_INITIATE  AXISTREAM_VVC,3     axistream_expect(96 words[8b]) while executing axistream_receive=> Receive packet. ' 'expect,   data wrong ,i=3'  [67]'
%% 6072.5 ns    Alert  WARNING             AXISTREAM_VVC,3     
axistream_expect(96 words[8b])=> Failed in 8 data bits. First mismatch in word# 18. Was x"25". Expected x"DA". ' 'expect,   data wrong ,i=3'  [67]'
Was:
(F9, 74, 03, 8F, 4F, 14, 32, DA, 4E, 3C, 62, 48, A5, 5F, 56, E6, 58, 25, 71, 36, AE, 5B, 96, 0A, C7, 71, E2, 36, B3, E3, 69, 29, F6, AE, 0D, B1, 3E, E9, 8E, 90, 3E, 5B, 05, A6, AC, C8, 37, 54, 63, 9E, 1A, 00, 33, 1D, EB, 8C, BC, EE, AB, FE, CD, 16, 22, 5A, B9, 55, D1, 5B, 44, D5, CB, 5A, AE, BD, 03, F2, 5E, 50, 8A, 75, 59, BD, 94, C0, 35, 34, 3D, BC, 46, 9B, EE, 50, 2D, 7C, 93, 5C)
Expected:
(F9, 74, 03, 8F, 4F, 14, 32, DA, 4E, 3C, 62, 48, A5, 5F, 56, E6, 58, DA, 71, 36, AE, 5B, 96, 0A, C7, 71, E2, 36, B3, E3, 69, 29, F6, AE, 0D, B1, 3E, E9, 8E, 90, 3E, 5B, 05, A6, AC, C8, 37, 54, 63, 9E, 1A, 00, 33, 1D, EB, 8C, BC, EE, AB, FE, CD, 16, 22, 5A, B9, 55, D1, 5B, 44, D5, CB, 5A, AE, BD, 03, F2, 5E, 50, 8A, 75, 59, BD, 94, C0, 35, 34, 3D, BC, 46, 9B, EE, 50, 2D, 7C, 93, 5C)

Summary of errors in expected transaction. Failed in: 
8 data bits.
0 tuser bits.
0 tstrb bits.
0 tid bits.
0 tdest bits.

%%   6075 ns    Log    ID_PACKET_INITIATE  AXISTREAM_VVC,2     axistream_transmit(96 words[8b])=> ' 'transmit, tuser wrong ,i=3'  [68]'
%%   6075 ns    Log    ID_PACKET_INITIATE  AXISTREAM_VVC,3     axistream_expect(96 words[8b]) while executing axistream_receive=> Receive packet. ' 'expect,   tuser wrong ,i=3'  [69]'
%% 6312.5 ns    Alert  WARNING             AXISTREAM_VVC,3     
axistream_expect(96 words[8b])=> Failed in 1 tuser bits. First mismatch in word# 1. Was x"0". Expected x"1". ' 'expect,   tuser wrong ,i=3'  [69]'
Was:
(0, 0, 1, 0, 0, 1, 0, 0, 0, 0, 1, 0, 1, 0, 1, 1, 1, 0, 0, 0, 0, 0, 0, 0)
Expected:
(1, 0, 1, 0, 0, 1, 0, 0, 0, 0, 1, 0, 1, 0, 1, 1, 1, 0, 0, 0, 0, 0, 0, 0)

Summary of errors in expected transaction. Failed in: 
0 data bits.
1 tuser bits.
0 tstrb bits.
0 tid bits.
0 tdest bits.

%%   6315 ns    Log    ID_PACKET_INITIATE  AXISTREAM_VVC,2     axistream_transmit(96 words[8b])=> ' 'transmit, tstrb wrong ,i=3'  [70]'
%%   6315 ns    Log    ID_PACKET_INITIATE  AXISTREAM_VVC,3     axistream_expect(96 words[8b]) while executing axistream_receive=> Receive packet. ' 'expect,   tstrb wrong ,i=3'  [71]'
%% 6552.5 ns    Alert  WARNING             AXISTREAM_VVC,3     
axistream_expect(96 words[8b])=> Failed in 4 tstrb bits. First mismatch in word# 20. Was x"8". Expected x"7". ' 'expect,   tstrb wrong ,i=3'  [71]'
Was:
(5, 9, 0, D, 8, 1, E, 8, 8, D, 8, F, 5, 5, 2, A, 2, C, B, 8, 9, C, 7, 6)
Expected:
(5, 9, 0, D, 8, 1, E, 8, 8, D, 8, F, 5, 5, 2, A, 2, C, B, 7, 9, C, 7, 6)

Summary of errors in expected transaction. Failed in: 
0 data bits.
0 tuser bits.
4 tstrb bits.
0 tid bits.
0 tdest bits.

%%   6555 ns    Log    ID_PACKET_INITIATE  AXISTREAM_VVC,2     axistream_transmit(96 words[8b])=> ' 'transmit, tid wrong ,i=3'  [72]'
%%   6555 ns    Log    ID_PACKET_INITIATE  AXISTREAM_VVC,3     axistream_expect(96 words[8b]) while executing axistream_receive=> Receive packet. ' 'expect,   tid wrong ,i=3'  [73]'
%% 6792.5 ns    Alert  WARNING             AXISTREAM_VVC,3     
axistream_expect(96 words[8b])=> Failed in 1 tid bits. First mismatch in word# 2. Was x"1". Expected x"0". ' 'expect,   tid wrong ,i=3'  [73]'
Was:
(0, 1, 1, 0, 1, 0, 1, 0, 0, 1, 1, 0, 1, 0, 1, 1, 0, 0, 1, 1, 1, 1, 1, 0)
Expected:
(0, 0, 1, 0, 1, 0, 1, 0, 0, 1, 1, 0, 1, 0, 1, 1, 0, 0, 1, 1, 1, 1, 1, 0)

Summary of errors in expected transaction. Failed in: 
0 data bits.
0 tuser bits.
0 tstrb bits.
1 tid bits.
0 tdest bits.

%%   6795 ns    Log    ID_PACKET_INITIATE  AXISTREAM_VVC,2     axistream_transmit(96 words[8b])=> ' 'transmit, tdest wrong ,i=3'  [74]'
%%   6795 ns    Log    ID_PACKET_INITIATE  AXISTREAM_VVC,3     axistream_expect(96 words[8b]) while executing axistream_receive=> Receive packet. ' 'expect,   tdest wrong ,i=3'  [75]'
%% 7032.5 ns    Alert  WARNING             AXISTREAM_VVC,3     
axistream_expect(96 words[8b])=> Failed in 1 tdest bits. First mismatch in word# 3. Was x"1". Expected x"0". ' 'expect,   tdest wrong ,i=3'  [75]'
Was:
(0, 0, 1, 1, 1, 0, 1, 0, 1, 0, 1, 0, 0, 1, 1, 0, 1, 1, 0, 0, 0, 1, 0, 0)
Expected:
(0, 0, 0, 1, 1, 0, 1, 0, 1, 0, 1, 0, 0, 1, 1, 0, 1, 1, 0, 0, 0, 1, 0, 0)

Summary of errors in expected transaction. Failed in: 
0 data bits.
0 tuser bits.
0 tstrb bits.
0 tid bits.
1 tdest bits.

%%   7035 ns    Log    ID_PACKET_INITIATE  AXISTREAM_VVC,2     axistream_transmit(96 words[8b])=> ' 'transmit VVC2VVC. Default tuser etc, i=4'  [77]'
%%   7035 ns    Log    ID_PACKET_INITIATE  AXISTREAM_VVC,3     axistream_expect(96 words[8b]) while executing axistream_receive=> Receive packet. ' 'expect  VVC2VVC. Default tuser etc, i=4'  [78]'
%% 7332.5 ns    Log    ID_PACKET_COMPLETE  AXISTREAM_VVC,3     axistream_expect(96 words[8b])=> OK, received 96 words[8b]). ' 'expect  VVC2VVC. Default tuser etc, i=4'  [78]'
%%   7335 ns    Log    ID_PACKET_INITIATE  AXISTREAM_VVC,2     axistream_transmit(96 words[8b])=> ' 'transmit VVC2VVC, tuser set, but default tstrb etc'  [79]'
%%   7335 ns    Log    ID_PACKET_INITIATE  AXISTREAM_VVC,3     axistream_expect(96 words[8b]) while executing axistream_receive=> Receive packet. ' 'expect VVC2VVC,   tuser set, but default tstrb etc'  [80]'
%% 7632.5 ns    Log    ID_PACKET_COMPLETE  AXISTREAM_VVC,3     axistream_expect(96 words[8b])=> OK, received 96 words[8b]). ' 'expect VVC2VVC,   tuser set, but default tstrb etc'  [80]'
%%   7635 ns    Log    ID_PACKET_INITIATE  AXISTREAM_VVC,2     axistream_transmit(96 words[8b])=> ' 'transmit VVC2VVC, tuser tstrb etc are set'  [81]'
%%   7635 ns    Log    ID_PACKET_INITIATE  AXISTREAM_VVC,3     axistream_expect(96 words[8b]) while executing axistream_receive=> Receive packet. ' 'expect VVC2VVC,   tuser set, but default tstrb etc'  [82]'
%% 7932.5 ns    Log    ID_PACKET_COMPLETE  AXISTREAM_VVC,3     axistream_expect(96 words[8b])=> OK, received 96 words[8b]). ' 'expect VVC2VVC,   tuser set, but default tstrb etc'  [82]'
%%   7935 ns    Log    ID_PACKET_INITIATE  AXISTREAM_VVC,2     axistream_transmit(96 words[8b])=> ' 'transmit before receive, Check that tuser is fetched correctly,i=4'  [83]'
%%   7935 ns    Log    ID_PACKET_INITIATE  AXISTREAM_VVC,3     axistream_receive()=> Receive packet. ' 'test axistream_receive / fetch_result (with tuser) '  [84]'
%% 8232.5 ns    Log    ID_PACKET_COMPLETE  AXISTREAM_VVC,3     axistream_receive()=> Rx DONE (96 words[8b]). ' 'test axistream_receive / fetch_result (with tuser) '  [84]'
%%   8235 ns    Log    ID_PACKET_INITIATE  AXISTREAM_VVC,2     axistream_transmit(96 words[8b])=> ' 'transmit, data wrong ,i=4'  [88]'
%%   8235 ns    Log    ID_PACKET_INITIATE  AXISTREAM_VVC,3     axistream_expect(96 words[8b]) while executing axistream_receive=> Receive packet. ' 'expect,   data wrong ,i=4'  [89]'
%% 8532.5 ns    Alert  WARNING             AXISTREAM_VVC,3     
axistream_expect(96 words[8b])=> Failed in 8 data bits. First mismatch in word# 51. Was x"20". Expected x"DF". ' 'expect,   data wrong ,i=4'  [89]'
Was:
(19, 5F, 6E, AC, BA, 42, 97, B5, 53, DD, DF, F0, 41, 86, 9A, FE, C1, C2, 7A, B8, B8, 97, 83, 4A, A7, FF, 41, 23, 7C, 03, BF, 38, F6, 75, 7C, 59, 82, 70, 7F, DD, 6C, 9E, 11, 0C, F5, 8C, C6, A9, D5, A3, 20, 78, 93, AC, 02, 29, F9, 13, 08, 58, 43, C5, CD, 4C, 42, 3A, D1, 8B, 2B, 6B, BE, 58, 4E, 8A, D9, 86, F0, CA, D0, 41, 93, 14, 4B, 48, C4, A0, F0, 99, 16, 6B, 81, 3A, 2C, 70, A7, 92)
Expected:
(19, 5F, 6E, AC, BA, 42, 97, B5, 53, DD, DF, F0, 41, 86, 9A, FE, C1, C2, 7A, B8, B8, 97, 83, 4A, A7, FF, 41, 23, 7C, 03, BF, 38, F6, 75, 7C, 59, 82, 70, 7F, DD, 6C, 9E, 11, 0C, F5, 8C, C6, A9, D5, A3, DF, 78, 93, AC, 02, 29, F9, 13, 08, 58, 43, C5, CD, 4C, 42, 3A, D1, 8B, 2B, 6B, BE, 58, 4E, 8A, D9, 86, F0, CA, D0, 41, 93, 14, 4B, 48, C4, A0, F0, 99, 16, 6B, 81, 3A, 2C, 70, A7, 92)

Summary of errors in expected transaction. Failed in: 
8 data bits.
0 tuser bits.
0 tstrb bits.
0 tid bits.
0 tdest bits.

%%   8535 ns    Log    ID_PACKET_INITIATE  AXISTREAM_VVC,2     axistream_transmit(96 words[8b])=> ' 'transmit, tuser wrong ,i=4'  [90]'
%%   8535 ns    Log    ID_PACKET_INITIATE  AXISTREAM_VVC,3     axistream_expect(96 words[8b]) while executing axistream_receive=> Receive packet. ' 'expect,   tuser wrong ,i=4'  [91]'
%% 8832.5 ns    Alert  WARNING             AXISTREAM_VVC,3     
axistream_expect(96 words[8b])=> Failed in 1 tuser bits. First mismatch in word# 24. Was x"0". Expected x"1". ' 'expect,   tuser wrong ,i=4'  [91]'
Was:
(1, 1, 1, 0, 1, 1, 1, 1, 1, 1, 1, 1, 0, 1, 0, 0, 0, 1, 1, 1, 1, 0, 1, 0)
Expected:
(1, 1, 1, 0, 1, 1, 1, 1, 1, 1, 1, 1, 0, 1, 0, 0, 0, 1, 1, 1, 1, 0, 1, 1)

Summary of errors in expected transaction. Failed in: 
0 data bits.
1 tuser bits.
0 tstrb bits.
0 tid bits.
0 tdest bits.

%%   8835 ns    Log    ID_PACKET_INITIATE  AXISTREAM_VVC,2     axistream_transmit(96 words[8b])=> ' 'transmit, tstrb wrong ,i=4'  [92]'
%%   8835 ns    Log    ID_PACKET_INITIATE  AXISTREAM_VVC,3     axistream_expect(96 words[8b]) while executing axistream_receive=> Receive packet. ' 'expect,   tstrb wrong ,i=4'  [93]'
%% 9132.5 ns    Alert  WARNING             AXISTREAM_VVC,3     
axistream_expect(96 words[8b])=> Failed in 4 tstrb bits. First mismatch in word# 14. Was x"6". Expected x"9". ' 'expect,   tstrb wrong ,i=4'  [93]'
Was:
(5, 8, 8, 8, F, C, 8, 5, 9, 9, 8, A, 1, 6, D, 3, F, 1, D, 4, A, B, B, 1)
Expected:
(5, 8, 8, 8, F, C, 8, 5, 9, 9, 8, A, 1, 9, D, 3, F, 1, D, 4, A, B, B, 1)

Summary of errors in expected transaction. Failed in: 
0 data bits.
0 tuser bits.
4 tstrb bits.
0 tid bits.
0 tdest bits.

%%   9135 ns    Log    ID_PACKET_INITIATE  AXISTREAM_VVC,2     axistream_transmit(96 words[8b])=> ' 'transmit, tid wrong ,i=4'  [94]'
%%   9135 ns    Log    ID_PACKET_INITIATE  AXISTREAM_VVC,3     axistream_expect(96 words[8b]) while executing axistream_receive=> Receive packet. ' 'expect,   tid wrong ,i=4'  [95]'
%% 9432.5 ns    Alert  WARNING             AXISTREAM_VVC,3     
axistream_expect(96 words[8b])=> Failed in 1 tid bits. First mismatch in word# 14. Was x"1". Expected x"0". ' 'expect,   tid wrong ,i=4'  [95]'
Was:
(0, 0, 1, 0, 1, 1, 0, 1, 0, 0, 0, 0, 0, 1, 0, 0, 1, 0, 0, 1, 0, 1, 1, 0)
Expected:
(0, 0, 1, 0, 1, 1, 0, 1, 0, 0, 0, 0, 0, 0, 0, 0, 1, 0, 0, 1, 0, 1, 1, 0)

Summary of errors in expected transaction. Failed in: 
0 data bits.
0 tuser bits.
0 tstrb bits.
1 tid bits.
0 tdest bits.

%%   9435 ns    Log    ID_PACKET_INITIATE  AXISTREAM_VVC,2     axistream_transmit(96 words[8b])=> ' 'transmit, tdest wrong ,i=4'  [96]'
%%   9435 ns    Log    ID_PACKET_INITIATE  AXISTREAM_VVC,3     axistream_expect(96 words[8b]) while executing axistream_receive=> Receive packet. ' 'expect,   tdest wrong ,i=4'  [97]'
%% 9732.5 ns    Alert  WARNING             AXISTREAM_VVC,3     
axistream_expect(96 words[8b])=> Failed in 1 tdest bits. First mismatch in word# 23. Was x"1". Expected x"0". ' 'expect,   tdest wrong ,i=4'  [97]'
Was:
(1, 1, 1, 1, 1, 1, 1, 0, 1, 1, 1, 0, 0, 1, 0, 1, 1, 0, 1, 1, 1, 0, 1, 0)
Expected:
(1, 1, 1, 1, 1, 1, 1, 0, 1, 1, 1, 0, 0, 1, 0, 1, 1, 0, 1, 1, 1, 0, 0, 0)

Summary of errors in expected transaction. Failed in: 
0 data bits.
0 tuser bits.
0 tstrb bits.
0 tid bits.
1 tdest bits.

%%   9735 ns    Log    ID_PACKET_INITIATE  AXISTREAM_VVC,2     axistream_transmit(96 words[8b])=> ' 'transmit VVC2VVC. Default tuser etc, i=5'  [99]'
%%   9735 ns    Log    ID_PACKET_INITIATE  AXISTREAM_VVC,3     axistream_expect(96 words[8b]) while executing axistream_receive=> Receive packet. ' 'expect  VVC2VVC. Default tuser etc, i=5'  [100]'
%% 10012.5 ns    Log    ID_PACKET_COMPLETE  AXISTREAM_VVC,3     axistream_expect(96 words[8b])=> OK, received 96 words[8b]). ' 'expect  VVC2VVC. Default tuser etc, i=5'  [100]'
%%  10015 ns    Log    ID_PACKET_INITIATE  AXISTREAM_VVC,2     axistream_transmit(96 words[8b])=> ' 'transmit VVC2VVC, tuser set, but default tstrb etc'  [101]'
%%  10015 ns    Log    ID_PACKET_INITIATE  AXISTREAM_VVC,3     axistream_expect(96 words[8b]) while executing axistream_receive=> Receive packet. ' 'expect VVC2VVC,   tuser set, but default tstrb etc'  [102]'
%% 10292.5 ns    Log    ID_PACKET_COMPLETE  AXISTREAM_VVC,3     axistream_expect(96 words[8b])=> OK, received 96 words[8b]). ' 'expect VVC2VVC,   tuser set, but default tstrb etc'  [102]'
%%  10295 ns    Log    ID_PACKET_INITIATE  AXISTREAM_VVC,2     axistream_transmit(96 words[8b])=> ' 'transmit VVC2VVC, tuser tstrb etc are set'  [103]'
%%  10295 ns    Log    ID_PACKET_INITIATE  AXISTREAM_VVC,3     axistream_expect(96 words[8b]) while executing axistream_receive=> Receive packet. ' 'expect VVC2VVC,   tuser set, but default tstrb etc'  [104]'
%% 10572.5 ns    Log    ID_PACKET_COMPLETE  AXISTREAM_VVC,3     axistream_expect(96 words[8b])=> OK, received 96 words[8b]). ' 'expect VVC2VVC,   tuser set, but default tstrb etc'  [104]'
%%  10575 ns    Log    ID_PACKET_INITIATE  AXISTREAM_VVC,2     axistream_transmit(96 words[8b])=> ' 'transmit before receive, Check that tuser is fetched correctly,i=5'  [105]'
%%  10575 ns    Log    ID_PACKET_INITIATE  AXISTREAM_VVC,3     axistream_receive()=> Receive packet. ' 'test axistream_receive / fetch_result (with tuser) '  [106]'
%% 10852.5 ns    Log    ID_PACKET_COMPLETE  AXISTREAM_VVC,3     axistream_receive()=> Rx DONE (96 words[8b]). ' 'test axistream_receive / fetch_result (with tuser) '  [106]'
%%  10855 ns    Log    ID_PACKET_INITIATE  AXISTREAM_VVC,2     axistream_transmit(96 words[8b])=> ' 'transmit, data wrong ,i=5'  [110]'
%%  10855 ns    Log    ID_PACKET_INITIATE  AXISTREAM_VVC,3     axistream_expect(96 words[8b]) while executing axistream_receive=> Receive packet. ' 'expect,   data wrong ,i=5'  [111]'
%% 11132.5 ns    Alert  WARNING             AXISTREAM_VVC,3     
axistream_expect(96 words[8b])=> Failed in 8 data bits. First mismatch in word# 2. Was x"1D". Expected x"E2". ' 'expect,   data wrong ,i=5'  [111]'
Was:
(A5, 1D, 5C, DE, 59, 82, 7C, BB, 6C, 14, 21, 09, D7, 67, F1, 83, 17, E3, B4, 84, 17, C3, 08, 2B, 65, 1E, BD, ED, 85, FC, D3, 30, 70, 78, 40, F7, 12, 05, D9, AA, 6E, 18, 1B, 04, B4, 8A, 9D, C4, EA, 03, 59, BC, 8D, DB, 2A, 48, FC, 21, 42, 71, F0, 4C, 23, 38, 28, 4C, 71, 6C, CE, 43, F1, 18, 7D, 31, B7, FA, 90, 6D, D7, 3D, D4, EC, BE, F1, D7, 65, A7, B1, BB, C8, B8, ED, 91, EB, B1, 4D)
Expected:
(A5, E2, 5C, DE, 59, 82, 7C, BB, 6C, 14, 21, 09, D7, 67, F1, 83, 17, E3, B4, 84, 17, C3, 08, 2B, 65, 1E, BD, ED, 85, FC, D3, 30, 70, 78, 40, F7, 12, 05, D9, AA, 6E, 18, 1B, 04, B4, 8A, 9D, C4, EA, 03, 59, BC, 8D, DB, 2A, 48, FC, 21, 42, 71, F0, 4C, 23, 38, 28, 4C, 71, 6C, CE, 43, F1, 18, 7D, 31, B7, FA, 90, 6D, D7, 3D, D4, EC, BE, F1, D7, 65, A7, B1, BB, C8, B8, ED, 91, EB, B1, 4D)

Summary of errors in expected transaction. Failed in: 
8 data bits.
0 tuser bits.
0 tstrb bits.
0 tid bits.
0 tdest bits.

%%  11135 ns    Log    ID_PACKET_INITIATE  AXISTREAM_VVC,2     axistream_transmit(96 words[8b])=> ' 'transmit, tuser wrong ,i=5'  [112]'
%%  11135 ns    Log    ID_PACKET_INITIATE  AXISTREAM_VVC,3     axistream_expect(96 words[8b]) while executing axistream_receive=> Receive packet. ' 'expect,   tuser wrong ,i=5'  [113]'
%% 11412.5 ns    Alert  WARNING             AXISTREAM_VVC,3     
axistream_expect(96 words[8b])=> Failed in 1 tuser bits. First mismatch in word# 16. Was x"0". Expected x"1". ' 'expect,   tuser wrong ,i=5'  [113]'
Was:
(1, 0, 0, 0, 1, 1, 0, 1, 1, 1, 1, 0, 1, 1, 0, 0, 0, 0, 1, 0, 0, 0, 1, 0)
Expected:
(1, 0, 0, 0, 1, 1, 0, 1, 1, 1, 1, 0, 1, 1, 0, 1, 0, 0, 1, 0, 0, 0, 1, 0)

Summary of errors in expected transaction. Failed in: 
0 data bits.
1 tuser bits.
0 tstrb bits.
0 tid bits.
0 tdest bits.

%%  11415 ns    Log    ID_PACKET_INITIATE  AXISTREAM_VVC,2     axistream_transmit(96 words[8b])=> ' 'transmit, tstrb wrong ,i=5'  [114]'
%%  11415 ns    Log    ID_PACKET_INITIATE  AXISTREAM_VVC,3     axistream_expect(96 words[8b]) while executing axistream_receive=> Receive packet. ' 'expect,   tstrb wrong ,i=5'  [115]'
%% 11692.5 ns    Alert  WARNING             AXISTREAM_VVC,3     
axistream_expect(96 words[8b])=> Failed in 4 tstrb bits. First mismatch in word# 21. Was x"8". Expected x"7". ' 'expect,   tstrb wrong ,i=5'  [115]'
Was:
(E, 4, 9, F, A, 3, 1, 3, 1, 5, 4, 0, 5, 2, 5, 2, 6, 0, E, 6, 8, 1, 7, 6)
Expected:
(E, 4, 9, F, A, 3, 1, 3, 1, 5, 4, 0, 5, 2, 5, 2, 6, 0, E, 6, 7, 1, 7, 6)

Summary of errors in expected transaction. Failed in: 
0 data bits.
0 tuser bits.
4 tstrb bits.
0 tid bits.
0 tdest bits.

%%  11695 ns    Log    ID_PACKET_INITIATE  AXISTREAM_VVC,2     axistream_transmit(96 words[8b])=> ' 'transmit, tid wrong ,i=5'  [116]'
%%  11695 ns    Log    ID_PACKET_INITIATE  AXISTREAM_VVC,3     axistream_expect(96 words[8b]) while executing axistream_receive=> Receive packet. ' 'expect,   tid wrong ,i=5'  [117]'
%% 11972.5 ns    Alert  WARNING             AXISTREAM_VVC,3     
axistream_expect(96 words[8b])=> Failed in 1 tid bits. First mismatch in word# 16. Was x"0". Expected x"1". ' 'expect,   tid wrong ,i=5'  [117]'
Was:
(0, 0, 1, 1, 0, 0, 1, 0, 0, 1, 0, 0, 1, 0, 1, 0, 1, 1, 0, 1, 1, 0, 1, 0)
Expected:
(0, 0, 1, 1, 0, 0, 1, 0, 0, 1, 0, 0, 1, 0, 1, 1, 1, 1, 0, 1, 1, 0, 1, 0)

Summary of errors in expected transaction. Failed in: 
0 data bits.
0 tuser bits.
0 tstrb bits.
1 tid bits.
0 tdest bits.

%%  11975 ns    Log    ID_PACKET_INITIATE  AXISTREAM_VVC,2     axistream_transmit(96 words[8b])=> ' 'transmit, tdest wrong ,i=5'  [118]'
%%  11975 ns    Log    ID_PACKET_INITIATE  AXISTREAM_VVC,3     axistream_expect(96 words[8b]) while executing axistream_receive=> Receive packet. ' 'expect,   tdest wrong ,i=5'  [119]'
%% 12252.5 ns    Alert  WARNING             AXISTREAM_VVC,3     
axistream_expect(96 words[8b])=> Failed in 1 tdest bits. First mismatch in word# 2. Was x"0". Expected x"1". ' 'expect,   tdest wrong ,i=5'  [119]'
Was:
(1, 0, 1, 0, 0, 0, 0, 1, 0, 0, 0, 1, 0, 1, 1, 0, 1, 1, 0, 0, 0, 1, 1, 1)
Expected:
(1, 1, 1, 0, 0, 0, 0, 1, 0, 0, 0, 1, 0, 1, 1, 0, 1, 1, 0, 0, 0, 1, 1, 1)

Summary of errors in expected transaction. Failed in: 
0 data bits.
0 tuser bits.
0 tstrb bits.
0 tid bits.
1 tdest bits.

%%  12255 ns    Log    ID_PACKET_INITIATE  AXISTREAM_VVC,2     axistream_transmit(96 words[8b])=> ' 'transmit VVC2VVC. Default tuser etc, i=6'  [121]'
%%  12255 ns    Log    ID_PACKET_INITIATE  AXISTREAM_VVC,3     axistream_expect(96 words[8b]) while executing axistream_receive=> Receive packet. ' 'expect  VVC2VVC. Default tuser etc, i=6'  [122]'
%% 12532.5 ns    Log    ID_PACKET_COMPLETE  AXISTREAM_VVC,3     axistream_expect(96 words[8b])=> OK, received 96 words[8b]). ' 'expect  VVC2VVC. Default tuser etc, i=6'  [122]'
%%  12535 ns    Log    ID_PACKET_INITIATE  AXISTREAM_VVC,2     axistream_transmit(96 words[8b])=> ' 'transmit VVC2VVC, tuser set, but default tstrb etc'  [123]'
%%  12535 ns    Log    ID_PACKET_INITIATE  AXISTREAM_VVC,3     axistream_expect(96 words[8b]) while executing axistream_receive=> Receive packet. ' 'expect VVC2VVC,   tuser set, but default tstrb etc'  [124]'
%% 12812.5 ns    Log    ID_PACKET_COMPLETE  AXISTREAM_VVC,3     axistream_expect(96 words[8b])=> OK, received 96 words[8b]). ' 'expect VVC2VVC,   tuser set, but default tstrb etc'  [124]'
%%  12815 ns    Log    ID_PACKET_INITIATE  AXISTREAM_VVC,2     axistream_transmit(96 words[8b])=> ' 'transmit VVC2VVC, tuser tstrb etc are set'  [125]'
%%  12815 ns    Log    ID_PACKET_INITIATE  AXISTREAM_VVC,3     axistream_expect(96 words[8b]) while executing axistream_receive=> Receive packet. ' 'expect VVC2VVC,   tuser set, but default tstrb etc'  [126]'
%% 13092.5 ns    Log    ID_PACKET_COMPLETE  AXISTREAM_VVC,3     axistream_expect(96 words[8b])=> OK, received 96 words[8b]). ' 'expect VVC2VVC,   tuser set, but default tstrb etc'  [126]'
%%  13095 ns    Log    ID_PACKET_INITIATE  AXISTREAM_VVC,2     axistream_transmit(96 words[8b])=> ' 'transmit before receive, Check that tuser is fetched correctly,i=6'  [127]'
%%  13095 ns    Log    ID_PACKET_INITIATE  AXISTREAM_VVC,3     axistream_receive()=> Receive packet. ' 'test axistream_receive / fetch_result (with tuser) '  [128]'
%% 13372.5 ns    Log    ID_PACKET_COMPLETE  AXISTREAM_VVC,3     axistream_receive()=> Rx DONE (96 words[8b]). ' 'test axistream_receive / fetch_result (with tuser) '  [128]'
%%  13375 ns    Log    ID_PACKET_INITIATE  AXISTREAM_VVC,2     axistream_transmit(96 words[8b])=> ' 'transmit, data wrong ,i=6'  [132]'
%%  13375 ns    Log    ID_PACKET_INITIATE  AXISTREAM_VVC,3     axistream_expect(96 words[8b]) while executing axistream_receive=> Receive packet. ' 'expect,   data wrong ,i=6'  [133]'
%% 13652.5 ns    Alert  WARNING             AXISTREAM_VVC,3     
axistream_expect(96 words[8b])=> Failed in 8 data bits. First mismatch in word# 60. Was x"E2". Expected x"1D". ' 'expect,   data wrong ,i=6'  [133]'
Was:
(3B, 9D, 57, 33, 85, FB, 4D, D6, 77, 47, 3D, 8C, 58, 81, 34, 41, E5, 8F, 48, 3A, 12, E4, E2, C0, 19, B0, 0A, 5B, 0A, 97, BD, 00, 0E, 1B, 08, 5A, 92, FE, 31, 5F, 02, 6F, 9E, 59, E8, 7F, B3, 1C, D9, 28, EE, 96, F3, 6B, B8, 6B, DF, C0, FA, E2, BD, 39, F0, 38, 5D, 22, EF, D9, 6D, EA, 99, 4D, 16, 6C, 7C, 0C, 37, 46, 4E, 1A, 7E, 45, 25, 5D, F5, 1F, B2, 74, 9C, A2, D4, 50, 7F, 49, B9, 31)
Expected:
(3B, 9D, 57, 33, 85, FB, 4D, D6, 77, 47, 3D, 8C, 58, 81, 34, 41, E5, 8F, 48, 3A, 12, E4, E2, C0, 19, B0, 0A, 5B, 0A, 97, BD, 00, 0E, 1B, 08, 5A, 92, FE, 31, 5F, 02, 6F, 9E, 59, E8, 7F, B3, 1C, D9, 28, EE, 96, F3, 6B, B8, 6B, DF, C0, FA, 1D, BD, 39, F0, 38, 5D, 22, EF, D9, 6D, EA, 99, 4D, 16, 6C, 7C, 0C, 37, 46, 4E, 1A, 7E, 45, 25, 5D, F5, 1F, B2, 74, 9C, A2, D4, 50, 7F, 49, B9, 31)

Summary of errors in expected transaction. Failed in: 
8 data bits.
0 tuser bits.
0 tstrb bits.
0 tid bits.
0 tdest bits.

%%  13655 ns    Log    ID_PACKET_INITIATE  AXISTREAM_VVC,2     axistream_transmit(96 words[8b])=> ' 'transmit, tuser wrong ,i=6'  [134]'
%%  13655 ns    Log    ID_PACKET_INITIATE  AXISTREAM_VVC,3     axistream_expect(96 words[8b]) while executing axistream_receive=> Receive packet. ' 'expect,   tuser wrong ,i=6'  [135]'
%% 13932.5 ns    Alert  WARNING             AXISTREAM_VVC,3     
axistream_expect(96 words[8b])=> Failed in 1 tuser bits. First mismatch in word# 20. Was x"1". Expected x"0". ' 'expect,   tuser wrong ,i=6'  [135]'
Was:
(1, 0, 0, 0, 0, 0, 1, 0, 0, 1, 0, 1, 0, 1, 1, 0, 1, 0, 0, 1, 1, 1, 0, 0)
Expected:
(1, 0, 0, 0, 0, 0, 1, 0, 0, 1, 0, 1, 0, 1, 1, 0, 1, 0, 0, 0, 1, 1, 0, 0)

Summary of errors in expected transaction. Failed in: 
0 data bits.
1 tuser bits.
0 tstrb bits.
0 tid bits.
0 tdest bits.

%%  13935 ns    Log    ID_PACKET_INITIATE  AXISTREAM_VVC,2     axistream_transmit(96 words[8b])=> ' 'transmit, tstrb wrong ,i=6'  [136]'
%%  13935 ns    Log    ID_PACKET_INITIATE  AXISTREAM_VVC,3     axistream_expect(96 words[8b]) while executing axistream_receive=> Receive packet. ' 'expect,   tstrb wrong ,i=6'  [137]'
%% 14212.5 ns    Alert  WARNING             AXISTREAM_VVC,3     
axistream_expect(96 words[8b])=> Failed in 4 tstrb bits. First mismatch in word# 8. Was x"D". Expected x"2". ' 'expect,   tstrb wrong ,i=6'  [137]'
Was:
(D, A, D, D, 0, E, 2, D, 2, 5, 4, D, 0, D, 6, 7, A, 4, 0, 1, 5, 4, 5, F)
Expected:
(D, A, D, D, 0, E, 2, 2, 2, 5, 4, D, 0, D, 6, 7, A, 4, 0, 1, 5, 4, 5, F)

Summary of errors in expected transaction. Failed in: 
0 data bits.
0 tuser bits.
4 tstrb bits.
0 tid bits.
0 tdest bits.

%%  14215 ns    Log    ID_PACKET_INITIATE  AXISTREAM_VVC,2     axistream_transmit(96 words[8b])=> ' 'transmit, tid wrong ,i=6'  [138]'
%%  14215 ns    Log    ID_PACKET_INITIATE  AXISTREAM_VVC,3     axistream_expect(96 words[8b]) while executing axistream_receive=> Receive packet. ' 'expect,   tid wrong ,i=6'  [139]'
%% 14492.5 ns    Alert  WARNING             AXISTREAM_VVC,3     
axistream_expect(96 words[8b])=> Failed in 1 tid bits. First mismatch in word# 8. Was x"1". Expected x"0". ' 'expect,   tid wrong ,i=6'  [139]'
Was:
(0, 0, 0, 1, 0, 1, 1, 1, 1, 0, 1, 1, 1, 1, 1, 1, 0, 0, 1, 1, 1, 0, 0, 1)
Expected:
(0, 0, 0, 1, 0, 1, 1, 0, 1, 0, 1, 1, 1, 1, 1, 1, 0, 0, 1, 1, 1, 0, 0, 1)

Summary of errors in expected transaction. Failed in: 
0 data bits.
0 tuser bits.
0 tstrb bits.
1 tid bits.
0 tdest bits.

%%  14495 ns    Log    ID_PACKET_INITIATE  AXISTREAM_VVC,2     axistream_transmit(96 words[8b])=> ' 'transmit, tdest wrong ,i=6'  [140]'
%%  14495 ns    Log    ID_PACKET_INITIATE  AXISTREAM_VVC,3     axistream_expect(96 words[8b]) while executing axistream_receive=> Receive packet. ' 'expect,   tdest wrong ,i=6'  [141]'
%% 14772.5 ns    Alert  WARNING             AXISTREAM_VVC,3     
axistream_expect(96 words[8b])=> Failed in 1 tdest bits. First mismatch in word# 19. Was x"0". Expected x"1". ' 'expect,   tdest wrong ,i=6'  [141]'
Was:
(0, 1, 0, 1, 1, 0, 1, 0, 1, 0, 0, 0, 1, 0, 1, 1, 0, 1, 0, 1, 0, 1, 1, 1)
Expected:
(0, 1, 0, 1, 1, 0, 1, 0, 1, 0, 0, 0, 1, 0, 1, 1, 0, 1, 1, 1, 0, 1, 1, 1)

Summary of errors in expected transaction. Failed in: 
0 data bits.
0 tuser bits.
0 tstrb bits.
0 tid bits.
1 tdest bits.

%%  14775 ns    Log    ID_PACKET_INITIATE  AXISTREAM_VVC,2     axistream_transmit(96 words[8b])=> ' 'transmit VVC2VVC. Default tuser etc, i=7'  [143]'
%%  14775 ns    Log    ID_PACKET_INITIATE  AXISTREAM_VVC,3     axistream_expect(96 words[8b]) while executing axistream_receive=> Receive packet. ' 'expect  VVC2VVC. Default tuser etc, i=7'  [144]'
%% 15062.5 ns    Log    ID_PACKET_COMPLETE  AXISTREAM_VVC,3     axistream_expect(96 words[8b])=> OK, received 96 words[8b]). ' 'expect  VVC2VVC. Default tuser etc, i=7'  [144]'
%%  15065 ns    Log    ID_PACKET_INITIATE  AXISTREAM_VVC,2     axistream_transmit(96 words[8b])=> ' 'transmit VVC2VVC, tuser set, but default tstrb etc'  [145]'
%%  15065 ns    Log    ID_PACKET_INITIATE  AXISTREAM_VVC,3     axistream_expect(96 words[8b]) while executing axistream_receive=> Receive packet. ' 'expect VVC2VVC,   tuser set, but default tstrb etc'  [146]'
%% 15352.5 ns    Log    ID_PACKET_COMPLETE  AXISTREAM_VVC,3     axistream_expect(96 words[8b])=> OK, received 96 words[8b]). ' 'expect VVC2VVC,   tuser set, but default tstrb etc'  [146]'
%%  15355 ns    Log    ID_PACKET_INITIATE  AXISTREAM_VVC,2     axistream_transmit(96 words[8b])=> ' 'transmit VVC2VVC, tuser tstrb etc are set'  [147]'
%%  15355 ns    Log    ID_PACKET_INITIATE  AXISTREAM_VVC,3     axistream_expect(96 words[8b]) while executing axistream_receive=> Receive packet. ' 'expect VVC2VVC,   tuser set, but default tstrb etc'  [148]'
%% 15642.5 ns    Log    ID_PACKET_COMPLETE  AXISTREAM_VVC,3     axistream_expect(96 words[8b])=> OK, received 96 words[8b]). ' 'expect VVC2VVC,   tuser set, but default tstrb etc'  [148]'
%%  15645 ns    Log    ID_PACKET_INITIATE  AXISTREAM_VVC,2     axistream_transmit(96 words[8b])=> ' 'transmit before receive, Check that tuser is fetched correctly,i=7'  [149]'
%%  15645 ns    Log    ID_PACKET_INITIATE  AXISTREAM_VVC,3     axistream_receive()=> Receive packet. ' 'test axistream_receive / fetch_result (with tuser) '  [150]'
%% 15932.5 ns    Log    ID_PACKET_COMPLETE  AXISTREAM_VVC,3     axistream_receive()=> Rx DONE (96 words[8b]). ' 'test axistream_receive / fetch_result (with tuser) '  [150]'
%%  15935 ns    Log    ID_PACKET_INITIATE  AXISTREAM_VVC,2     axistream_transmit(96 words[8b])=> ' 'transmit, data wrong ,i=7'  [154]'
%%  15935 ns    Log    ID_PACKET_INITIATE  AXISTREAM_VVC,3     axistream_expect(96 words[8b]) while executing axistream_receive=> Receive packet. ' 'expect,   data wrong ,i=7'  [155]'
%% 16222.5 ns    Alert  WARNING             AXISTREAM_VVC,3     
axistream_expect(96 words[8b])=> Failed in 8 data bits. First mismatch in word# 35. Was x"F5". Expected x"0A". ' 'expect,   data wrong ,i=7'  [155]'
Was:
(D6, C7, AB, 2A, 20, 7E, 1D, E8, 20, DA, 79, AD, A0, 73, 07, F3, 88, 1B, 97, E4, 18, 71, B3, 51, 3C, 38, 11, 8F, D7, 07, AE, ED, DA, 19, F5, 21, FA, E5, 5E, 94, 47, C9, F3, 66, 3C, 2B, F1, 78, 5D, 6E, A4, 22, 9A, 78, FC, CB, 72, B5, 4F, 55, BB, E2, 17, C9, 45, 7E, 25, A8, 51, CE, 9A, 59, 35, A5, D3, D2, 63, 7B, 9C, D9, 1A, D9, 15, 2D, 2A, 37, 8F, E1, AB, EE, 78, AE, 92, 71, 56, 80)
Expected:
(D6, C7, AB, 2A, 20, 7E, 1D, E8, 20, DA, 79, AD, A0, 73, 07, F3, 88, 1B, 97, E4, 18, 71, B3, 51, 3C, 38, 11, 8F, D7, 07, AE, ED, DA, 19, 0A, 21, FA, E5, 5E, 94, 47, C9, F3, 66, 3C, 2B, F1, 78, 5D, 6E, A4, 22, 9A, 78, FC, CB, 72, B5, 4F, 55, BB, E2, 17, C9, 45, 7E, 25, A8, 51, CE, 9A, 59, 35, A5, D3, D2, 63, 7B, 9C, D9, 1A, D9, 15, 2D, 2A, 37, 8F, E1, AB, EE, 78, AE, 92, 71, 56, 80)

Summary of errors in expected transaction. Failed in: 
8 data bits.
0 tuser bits.
0 tstrb bits.
0 tid bits.
0 tdest bits.

%%  16225 ns    Log    ID_PACKET_INITIATE  AXISTREAM_VVC,2     axistream_transmit(96 words[8b])=> ' 'transmit, tuser wrong ,i=7'  [156]'
%%  16225 ns    Log    ID_PACKET_INITIATE  AXISTREAM_VVC,3     axistream_expect(96 words[8b]) while executing axistream_receive=> Receive packet. ' 'expect,   tuser wrong ,i=7'  [157]'
%% 16512.5 ns    Alert  WARNING             AXISTREAM_VVC,3     
axistream_expect(96 words[8b])=> Failed in 1 tuser bits. First mismatch in word# 19. Was x"1". Expected x"0". ' 'expect,   tuser wrong ,i=7'  [157]'
Was:
(0, 1, 1, 0, 0, 0, 1, 1, 1, 1, 0, 1, 0, 1, 0, 0, 0, 1, 1, 1, 1, 1, 1, 1)
Expected:
(0, 1, 1, 0, 0, 0, 1, 1, 1, 1, 0, 1, 0, 1, 0, 0, 0, 1, 0, 1, 1, 1, 1, 1)

Summary of errors in expected transaction. Failed in: 
0 data bits.
1 tuser bits.
0 tstrb bits.
0 tid bits.
0 tdest bits.

%%  16515 ns    Log    ID_PACKET_INITIATE  AXISTREAM_VVC,2     axistream_transmit(96 words[8b])=> ' 'transmit, tstrb wrong ,i=7'  [158]'
%%  16515 ns    Log    ID_PACKET_INITIATE  AXISTREAM_VVC,3     axistream_expect(96 words[8b]) while executing axistream_receive=> Receive packet. ' 'expect,   tstrb wrong ,i=7'  [159]'
%% 16802.5 ns    Alert  WARNING             AXISTREAM_VVC,3     
axistream_expect(96 words[8b])=> Failed in 4 tstrb bits. First mismatch in word# 9. Was x"3". Expected x"C". ' 'expect,   tstrb wrong ,i=7'  [159]'
Was:
(5, 2, 7, 0, 8, D, 0, 9, 3, 9, 7, 3, E, 4, E, 1, E, 6, 5, 5, 0, 5, 4, E)
Expected:
(5, 2, 7, 0, 8, D, 0, 9, C, 9, 7, 3, E, 4, E, 1, E, 6, 5, 5, 0, 5, 4, E)

Summary of errors in expected transaction. Failed in: 
0 data bits.
0 tuser bits.
4 tstrb bits.
0 tid bits.
0 tdest bits.

%%  16805 ns    Log    ID_PACKET_INITIATE  AXISTREAM_VVC,2     axistream_transmit(96 words[8b])=> ' 'transmit, tid wrong ,i=7'  [160]'
%%  16805 ns    Log    ID_PACKET_INITIATE  AXISTREAM_VVC,3     axistream_expect(96 words[8b]) while executing axistream_receive=> Receive packet. ' 'expect,   tid wrong ,i=7'  [161]'
%% 17092.5 ns    Alert  WARNING             AXISTREAM_VVC,3     
axistream_expect(96 words[8b])=> Failed in 1 tid bits. First mismatch in word# 2. Was x"0". Expected x"1". ' 'expect,   tid wrong ,i=7'  [161]'
Was:
(1, 0, 1, 1, 1, 1, 1, 0, 0, 1, 0, 1, 0, 0, 0, 0, 0, 1, 1, 0, 1, 0, 1, 0)
Expected:
(1, 1, 1, 1, 1, 1, 1, 0, 0, 1, 0, 1, 0, 0, 0, 0, 0, 1, 1, 0, 1, 0, 1, 0)

Summary of errors in expected transaction. Failed in: 
0 data bits.
0 tuser bits.
0 tstrb bits.
1 tid bits.
0 tdest bits.

%%  17095 ns    Log    ID_PACKET_INITIATE  AXISTREAM_VVC,2     axistream_transmit(96 words[8b])=> ' 'transmit, tdest wrong ,i=7'  [162]'
%%  17095 ns    Log    ID_PACKET_INITIATE  AXISTREAM_VVC,3     axistream_expect(96 words[8b]) while executing axistream_receive=> Receive packet. ' 'expect,   tdest wrong ,i=7'  [163]'
%% 17382.5 ns    Alert  WARNING             AXISTREAM_VVC,3     
axistream_expect(96 words[8b])=> Failed in 1 tdest bits. First mismatch in word# 7. Was x"0". Expected x"1". ' 'expect,   tdest wrong ,i=7'  [163]'
Was:
(1, 1, 1, 0, 1, 1, 0, 0, 0, 1, 1, 0, 0, 0, 0, 0, 0, 1, 0, 1, 1, 1, 0, 0)
Expected:
(1, 1, 1, 0, 1, 1, 1, 0, 0, 1, 1, 0, 0, 0, 0, 0, 0, 1, 0, 1, 1, 1, 0, 0)

Summary of errors in expected transaction. Failed in: 
0 data bits.
0 tuser bits.
0 tstrb bits.
0 tid bits.
1 tdest bits.

%%  17385 ns    Log    ID_PACKET_INITIATE  AXISTREAM_VVC,2     axistream_transmit(96 words[8b])=> ' 'transmit VVC2VVC. Default tuser etc, i=8'  [165]'
%%  17385 ns    Log    ID_PACKET_INITIATE  AXISTREAM_VVC,3     axistream_expect(96 words[8b]) while executing axistream_receive=> Receive packet. ' 'expect  VVC2VVC. Default tuser etc, i=8'  [166]'
%% 17662.5 ns    Log    ID_PACKET_COMPLETE  AXISTREAM_VVC,3     axistream_expect(96 words[8b])=> OK, received 96 words[8b]). ' 'expect  VVC2VVC. Default tuser etc, i=8'  [166]'
%%  17665 ns    Log    ID_PACKET_INITIATE  AXISTREAM_VVC,2     axistream_transmit(96 words[8b])=> ' 'transmit VVC2VVC, tuser set, but default tstrb etc'  [167]'
%%  17665 ns    Log    ID_PACKET_INITIATE  AXISTREAM_VVC,3     axistream_expect(96 words[8b]) while executing axistream_receive=> Receive packet. ' 'expect VVC2VVC,   tuser set, but default tstrb etc'  [168]'
%% 17942.5 ns    Log    ID_PACKET_COMPLETE  AXISTREAM_VVC,3     axistream_expect(96 words[8b])=> OK, received 96 words[8b]). ' 'expect VVC2VVC,   tuser set, but default tstrb etc'  [168]'
%%  17945 ns    Log    ID_PACKET_INITIATE  AXISTREAM_VVC,2     axistream_transmit(96 words[8b])=> ' 'transmit VVC2VVC, tuser tstrb etc are set'  [169]'
%%  17945 ns    Log    ID_PACKET_INITIATE  AXISTREAM_VVC,3     axistream_expect(96 words[8b]) while executing axistream_receive=> Receive packet. ' 'expect VVC2VVC,   tuser set, but default tstrb etc'  [170]'
%% 18222.5 ns    Log    ID_PACKET_COMPLETE  AXISTREAM_VVC,3     axistream_expect(96 words[8b])=> OK, received 96 words[8b]). ' 'expect VVC2VVC,   tuser set, but default tstrb etc'  [170]'
%%  18225 ns    Log    ID_PACKET_INITIATE  AXISTREAM_VVC,2     axistream_transmit(96 words[8b])=> ' 'transmit before receive, Check that tuser is fetched correctly,i=8'  [171]'
%%  18225 ns    Log    ID_PACKET_INITIATE  AXISTREAM_VVC,3     axistream_receive()=> Receive packet. ' 'test axistream_receive / fetch_result (with tuser) '  [172]'
%% 18502.5 ns    Log    ID_PACKET_COMPLETE  AXISTREAM_VVC,3     axistream_receive()=> Rx DONE (96 words[8b]). ' 'test axistream_receive / fetch_result (with tuser) '  [172]'
%%  18505 ns    Log    ID_PACKET_INITIATE  AXISTREAM_VVC,2     axistream_transmit(96 words[8b])=> ' 'transmit, data wrong ,i=8'  [176]'
%%  18505 ns    Log    ID_PACKET_INITIATE  AXISTREAM_VVC,3     axistream_expect(96 words[8b]) while executing axistream_receive=> Receive packet. ' 'expect,   data wrong ,i=8'  [177]'
%% 18782.5 ns    Alert  WARNING             AXISTREAM_VVC,3     
axistream_expect(96 words[8b])=> Failed in 8 data bits. First mismatch in word# 96. Was x"65". Expected x"9A". ' 'expect,   data wrong ,i=8'  [177]'
Was:
(19, 8D, 5A, 30, 8F, AE, 1A, 79, 90, 98, 90, FF, F4, 11, 88, 00, 2E, E7, E3, B1, 50, 52, 29, 46, 67, 57, 35, 6D, 63, 9E, 26, FA, F6, 64, CA, 3D, CA, 11, 81, 04, 2C, 59, 6C, 27, FD, FE, 85, 0E, 8E, 38, 46, 5E, 1F, 6A, B9, 52, 2C, B9, CF, B8, 6D, 54, E3, F7, B1, 3C, 24, EF, 6E, E8, 53, CE, DA, 78, 21, 90, 65, 4D, 67, 4B, 64, B1, 4C, 80, 84, 15, 80, D1, 3A, A5, DE, 26, FA, DB, DA, 65)
Expected:
(19, 8D, 5A, 30, 8F, AE, 1A, 79, 90, 98, 90, FF, F4, 11, 88, 00, 2E, E7, E3, B1, 50, 52, 29, 46, 67, 57, 35, 6D, 63, 9E, 26, FA, F6, 64, CA, 3D, CA, 11, 81, 04, 2C, 59, 6C, 27, FD, FE, 85, 0E, 8E, 38, 46, 5E, 1F, 6A, B9, 52, 2C, B9, CF, B8, 6D, 54, E3, F7, B1, 3C, 24, EF, 6E, E8, 53, CE, DA, 78, 21, 90, 65, 4D, 67, 4B, 64, B1, 4C, 80, 84, 15, 80, D1, 3A, A5, DE, 26, FA, DB, DA, 9A)

Summary of errors in expected transaction. Failed in: 
8 data bits.
0 tuser bits.
0 tstrb bits.
0 tid bits.
0 tdest bits.

%%  18785 ns    Log    ID_PACKET_INITIATE  AXISTREAM_VVC,2     axistream_transmit(96 words[8b])=> ' 'transmit, tuser wrong ,i=8'  [178]'
%%  18785 ns    Log    ID_PACKET_INITIATE  AXISTREAM_VVC,3     axistream_expect(96 words[8b]) while executing axistream_receive=> Receive packet. ' 'expect,   tuser wrong ,i=8'  [179]'
%% 19062.5 ns    Alert  WARNING             AXISTREAM_VVC,3     
axistream_expect(96 words[8b])=> Failed in 1 tuser bits. First mismatch in word# 8. Was x"1". Expected x"0". ' 'expect,   tuser wrong ,i=8'  [179]'
Was:
(0, 0, 1, 0, 1, 1, 0, 1, 0, 0, 1, 1, 0, 0, 0, 0, 1, 1, 0, 1, 1, 0, 0, 0)
Expected:
(0, 0, 1, 0, 1, 1, 0, 0, 0, 0, 1, 1, 0, 0, 0, 0, 1, 1, 0, 1, 1, 0, 0, 0)

Summary of errors in expected transaction. Failed in: 
0 data bits.
1 tuser bits.
0 tstrb bits.
0 tid bits.
0 tdest bits.

%%  19065 ns    Log    ID_PACKET_INITIATE  AXISTREAM_VVC,2     axistream_transmit(96 words[8b])=> ' 'transmit, tstrb wrong ,i=8'  [180]'
%%  19065 ns    Log    ID_PACKET_INITIATE  AXISTREAM_VVC,3     axistream_expect(96 words[8b]) while executing axistream_receive=> Receive packet. ' 'expect,   tstrb wrong ,i=8'  [181]'
%% 19342.5 ns    Alert  WARNING             AXISTREAM_VVC,3     
axistream_expect(96 words[8b])=> Failed in 4 tstrb bits. First mismatch in word# 7. Was x"C". Expected x"3". ' 'expect,   tstrb wrong ,i=8'  [181]'
Was:
(9, B, D, F, 2, F, C, 2, E, 4, 7, D, 1, A, D, 9, 2, 3, 2, C, 5, E, 8, F)
Expected:
(9, B, D, F, 2, F, 3, 2, E, 4, 7, D, 1, A, D, 9, 2, 3, 2, C, 5, E, 8, F)

Summary of errors in expected transaction. Failed in: 
0 data bits.
0 tuser bits.
4 tstrb bits.
0 tid bits.
0 tdest bits.

%%  19345 ns    Log    ID_PACKET_INITIATE  AXISTREAM_VVC,2     axistream_transmit(96 words[8b])=> ' 'transmit, tid wrong ,i=8'  [182]'
%%  19345 ns    Log    ID_PACKET_INITIATE  AXISTREAM_VVC,3     axistream_expect(96 words[8b]) while executing axistream_receive=> Receive packet. ' 'expect,   tid wrong ,i=8'  [183]'
%% 19622.5 ns    Alert  WARNING             AXISTREAM_VVC,3     
axistream_expect(96 words[8b])=> Failed in 1 tid bits. First mismatch in word# 23. Was x"0". Expected x"1". ' 'expect,   tid wrong ,i=8'  [183]'
Was:
(0, 1, 1, 1, 0, 1, 0, 1, 0, 1, 1, 1, 1, 1, 0, 1, 0, 1, 0, 0, 1, 0, 0, 1)
Expected:
(0, 1, 1, 1, 0, 1, 0, 1, 0, 1, 1, 1, 1, 1, 0, 1, 0, 1, 0, 0, 1, 0, 1, 1)

Summary of errors in expected transaction. Failed in: 
0 data bits.
0 tuser bits.
0 tstrb bits.
1 tid bits.
0 tdest bits.

%%  19625 ns    Log    ID_PACKET_INITIATE  AXISTREAM_VVC,2     axistream_transmit(96 words[8b])=> ' 'transmit, tdest wrong ,i=8'  [184]'
%%  19625 ns    Log    ID_PACKET_INITIATE  AXISTREAM_VVC,3     axistream_expect(96 words[8b]) while executing axistream_receive=> Receive packet. ' 'expect,   tdest wrong ,i=8'  [185]'
%% 19902.5 ns    Alert  WARNING             AXISTREAM_VVC,3     
axistream_expect(96 words[8b])=> Failed in 1 tdest bits. First mismatch in word# 8. Was x"1". Expected x"0". ' 'expect,   tdest wrong ,i=8'  [185]'
Was:
(1, 1, 1, 0, 1, 1, 1, 1, 1, 0, 0, 1, 1, 1, 1, 1, 0, 1, 1, 1, 0, 1, 0, 0)
Expected:
(1, 1, 1, 0, 1, 1, 1, 0, 1, 0, 0, 1, 1, 1, 1, 1, 0, 1, 1, 1, 0, 1, 0, 0)

Summary of errors in expected transaction. Failed in: 
0 data bits.
0 tuser bits.
0 tstrb bits.
0 tid bits.
1 tdest bits.

%%  19905 ns    Log    ID_PACKET_INITIATE  AXISTREAM_VVC,2     axistream_transmit(96 words[8b])=> ' 'transmit VVC2VVC. Default tuser etc, i=9'  [187]'
%%  19905 ns    Log    ID_PACKET_INITIATE  AXISTREAM_VVC,3     axistream_expect(96 words[8b]) while executing axistream_receive=> Receive packet. ' 'expect  VVC2VVC. Default tuser etc, i=9'  [188]'
%% 20172.5 ns    Log    ID_PACKET_COMPLETE  AXISTREAM_VVC,3     axistream_expect(96 words[8b])=> OK, received 96 words[8b]). ' 'expect  VVC2VVC. Default tuser etc, i=9'  [188]'
%%  20175 ns    Log    ID_PACKET_INITIATE  AXISTREAM_VVC,2     axistream_transmit(96 words[8b])=> ' 'transmit VVC2VVC, tuser set, but default tstrb etc'  [189]'
%%  20175 ns    Log    ID_PACKET_INITIATE  AXISTREAM_VVC,3     axistream_expect(96 words[8b]) while executing axistream_receive=> Receive packet. ' 'expect VVC2VVC,   tuser set, but default tstrb etc'  [190]'
%% 20442.5 ns    Log    ID_PACKET_COMPLETE  AXISTREAM_VVC,3     axistream_expect(96 words[8b])=> OK, received 96 words[8b]). ' 'expect VVC2VVC,   tuser set, but default tstrb etc'  [190]'
%%  20445 ns    Log    ID_PACKET_INITIATE  AXISTREAM_VVC,2     axistream_transmit(96 words[8b])=> ' 'transmit VVC2VVC, tuser tstrb etc are set'  [191]'
%%  20445 ns    Log    ID_PACKET_INITIATE  AXISTREAM_VVC,3     axistream_expect(96 words[8b]) while executing axistream_receive=> Receive packet. ' 'expect VVC2VVC,   tuser set, but default tstrb etc'  [192]'
%% 20712.5 ns    Log    ID_PACKET_COMPLETE  AXISTREAM_VVC,3     axistream_expect(96 words[8b])=> OK, received 96 words[8b]). ' 'expect VVC2VVC,   tuser set, but default tstrb etc'  [192]'
%%  20715 ns    Log    ID_PACKET_INITIATE  AXISTREAM_VVC,2     axistream_transmit(96 words[8b])=> ' 'transmit before receive, Check that tuser is fetched correctly,i=9'  [193]'
%%  20715 ns    Log    ID_PACKET_INITIATE  AXISTREAM_VVC,3     axistream_receive()=> Receive packet. ' 'test axistream_receive / fetch_result (with tuser) '  [194]'
%% 20982.5 ns    Log    ID_PACKET_COMPLETE  AXISTREAM_VVC,3     axistream_receive()=> Rx DONE (96 words[8b]). ' 'test axistream_receive / fetch_result (with tuser) '  [194]'
%%  20985 ns    Log    ID_PACKET_INITIATE  AXISTREAM_VVC,2     axistream_transmit(96 words[8b])=> ' 'transmit, data wrong ,i=9'  [198]'
%%  20985 ns    Log    ID_PACKET_INITIATE  AXISTREAM_VVC,3     axistream_expect(96 words[8b]) while executing axistream_receive=> Receive packet. ' 'expect,   data wrong ,i=9'  [199]'
%% 21252.5 ns    Alert  WARNING             AXISTREAM_VVC,3     
axistream_expect(96 words[8b])=> Failed in 8 data bits. First mismatch in word# 50. Was x"82". Expected x"7D". ' 'expect,   data wrong ,i=9'  [199]'
Was:
(BE, 02, 46, BF, 95, 8D, FD, D6, 68, E0, 43, 1B, 46, 3D, 04, FA, 90, 25, 26, 8D, 14, 21, A3, FB, F3, AF, 17, 6F, A5, 6E, F7, 01, 7E, DA, 92, E6, 91, 98, 50, 22, 91, 49, BA, 0E, E5, 99, DB, 08, 2D, 82, BC, 3E, 0C, 13, 01, B2, 0B, 02, 41, 32, A3, B8, 71, 18, EB, 13, E1, 28, 65, 2D, DB, 81, 16, 82, 9C, 6C, FE, 24, 80, 6B, 41, 84, 59, EF, 8D, 69, BA, 5B, 30, 0F, C0, AB, 09, 0F, D2, 70)
Expected:
(BE, 02, 46, BF, 95, 8D, FD, D6, 68, E0, 43, 1B, 46, 3D, 04, FA, 90, 25, 26, 8D, 14, 21, A3, FB, F3, AF, 17, 6F, A5, 6E, F7, 01, 7E, DA, 92, E6, 91, 98, 50, 22, 91, 49, BA, 0E, E5, 99, DB, 08, 2D, 7D, BC, 3E, 0C, 13, 01, B2, 0B, 02, 41, 32, A3, B8, 71, 18, EB, 13, E1, 28, 65, 2D, DB, 81, 16, 82, 9C, 6C, FE, 24, 80, 6B, 41, 84, 59, EF, 8D, 69, BA, 5B, 30, 0F, C0, AB, 09, 0F, D2, 70)

Summary of errors in expected transaction. Failed in: 
8 data bits.
0 tuser bits.
0 tstrb bits.
0 tid bits.
0 tdest bits.

%%  21255 ns    Log    ID_PACKET_INITIATE  AXISTREAM_VVC,2     axistream_transmit(96 words[8b])=> ' 'transmit, tuser wrong ,i=9'  [200]'
%%  21255 ns    Log    ID_PACKET_INITIATE  AXISTREAM_VVC,3     axistream_expect(96 words[8b]) while executing axistream_receive=> Receive packet. ' 'expect,   tuser wrong ,i=9'  [201]'
%% 21522.5 ns    Alert  WARNING             AXISTREAM_VVC,3     
axistream_expect(96 words[8b])=> Failed in 1 tuser bits. First mismatch in word# 7. Was x"0". Expected x"1". ' 'expect,   tuser wrong ,i=9'  [201]'
Was:
(0, 1, 0, 1, 1, 1, 0, 0, 0, 0, 0, 1, 0, 0, 1, 1, 0, 1, 0, 1, 0, 1, 1, 1)
Expected:
(0, 1, 0, 1, 1, 1, 1, 0, 0, 0, 0, 1, 0, 0, 1, 1, 0, 1, 0, 1, 0, 1, 1, 1)

Summary of errors in expected transaction. Failed in: 
0 data bits.
1 tuser bits.
0 tstrb bits.
0 tid bits.
0 tdest bits.

%%  21525 ns    Log    ID_PACKET_INITIATE  AXISTREAM_VVC,2     axistream_transmit(96 words[8b])=> ' 'transmit, tstrb wrong ,i=9'  [202]'
%%  21525 ns    Log    ID_PACKET_INITIATE  AXISTREAM_VVC,3     axistream_expect(96 words[8b]) while executing axistream_receive=> Receive packet. ' 'expect,   tstrb wrong ,i=9'  [203]'
%% 21792.5 ns    Alert  WARNING             AXISTREAM_VVC,3     
axistream_expect(96 words[8b])=> Failed in 4 tstrb bits. First mismatch in word# 4. Was x"9". Expected x"6". ' 'expect,   tstrb wrong ,i=9'  [203]'
Was:
(6, 2, 3, 9, F, C, 4, 5, 1, 1, 4, A, 0, 6, 6, 5, F, B, D, 1, C, C, B, B)
Expected:
(6, 2, 3, 6, F, C, 4, 5, 1, 1, 4, A, 0, 6, 6, 5, F, B, D, 1, C, C, B, B)

Summary of errors in expected transaction. Failed in: 
0 data bits.
0 tuser bits.
4 tstrb bits.
0 tid bits.
0 tdest bits.

%%  21795 ns    Log    ID_PACKET_INITIATE  AXISTREAM_VVC,2     axistream_transmit(96 words[8b])=> ' 'transmit, tid wrong ,i=9'  [204]'
%%  21795 ns    Log    ID_PACKET_INITIATE  AXISTREAM_VVC,3     axistream_expect(96 words[8b]) while executing axistream_receive=> Receive packet. ' 'expect,   tid wrong ,i=9'  [205]'
%% 22062.5 ns    Alert  WARNING             AXISTREAM_VVC,3     
axistream_expect(96 words[8b])=> Failed in 1 tid bits. First mismatch in word# 6. Was x"1". Expected x"0". ' 'expect,   tid wrong ,i=9'  [205]'
Was:
(1, 1, 0, 0, 1, 1, 0, 0, 1, 0, 1, 0, 0, 0, 1, 1, 0, 1, 0, 1, 1, 0, 0, 1)
Expected:
(1, 1, 0, 0, 1, 0, 0, 0, 1, 0, 1, 0, 0, 0, 1, 1, 0, 1, 0, 1, 1, 0, 0, 1)

Summary of errors in expected transaction. Failed in: 
0 data bits.
0 tuser bits.
0 tstrb bits.
1 tid bits.
0 tdest bits.

%%  22065 ns    Log    ID_PACKET_INITIATE  AXISTREAM_VVC,2     axistream_transmit(96 words[8b])=> ' 'transmit, tdest wrong ,i=9'  [206]'
%%  22065 ns    Log    ID_PACKET_INITIATE  AXISTREAM_VVC,3     axistream_expect(96 words[8b]) while executing axistream_receive=> Receive packet. ' 'expect,   tdest wrong ,i=9'  [207]'
%% 22332.5 ns    Alert  WARNING             AXISTREAM_VVC,3     
axistream_expect(96 words[8b])=> Failed in 1 tdest bits. First mismatch in word# 11. Was x"1". Expected x"0". ' 'expect,   tdest wrong ,i=9'  [207]'
Was:
(0, 1, 1, 0, 1, 0, 1, 1, 1, 0, 1, 1, 1, 1, 0, 1, 1, 1, 0, 1, 1, 0, 0, 0)
Expected:
(0, 1, 1, 0, 1, 0, 1, 1, 1, 0, 0, 1, 1, 1, 0, 1, 1, 1, 0, 1, 1, 0, 0, 0)

Summary of errors in expected transaction. Failed in: 
0 data bits.
0 tuser bits.
0 tstrb bits.
0 tid bits.
1 tdest bits.

%%  22335 ns    Log    ID_PACKET_INITIATE  AXISTREAM_VVC,2     axistream_transmit(96 words[8b])=> ' 'transmit VVC2VVC. Default tuser etc, i=10'  [209]'
%%  22335 ns    Log    ID_PACKET_INITIATE  AXISTREAM_VVC,3     axistream_expect(96 words[8b]) while executing axistream_receive=> Receive packet. ' 'expect  VVC2VVC. Default tuser etc, i=10'  [210]'
%% 22572.5 ns    Log    ID_PACKET_COMPLETE  AXISTREAM_VVC,3     axistream_expect(96 words[8b])=> OK, received 96 words[8b]). ' 'expect  VVC2VVC. Default tuser etc, i=10'  [210]'
%%  22575 ns    Log    ID_PACKET_INITIATE  AXISTREAM_VVC,2     axistream_transmit(96 words[8b])=> ' 'transmit VVC2VVC, tuser set, but default tstrb etc'  [211]'
%%  22575 ns    Log    ID_PACKET_INITIATE  AXISTREAM_VVC,3     axistream_expect(96 words[8b]) while executing axistream_receive=> Receive packet. ' 'expect VVC2VVC,   tuser set, but default tstrb etc'  [212]'
%% 22812.5 ns    Log    ID_PACKET_COMPLETE  AXISTREAM_VVC,3     axistream_expect(96 words[8b])=> OK, received 96 words[8b]). ' 'expect VVC2VVC,   tuser set, but default tstrb etc'  [212]'
%%  22815 ns    Log    ID_PACKET_INITIATE  AXISTREAM_VVC,2     axistream_transmit(96 words[8b])=> ' 'transmit VVC2VVC, tuser tstrb etc are set'  [213]'
%%  22815 ns    Log    ID_PACKET_INITIATE  AXISTREAM_VVC,3     axistream_expect(96 words[8b]) while executing axistream_receive=> Receive packet. ' 'expect VVC2VVC,   tuser set, but default tstrb etc'  [214]'
%% 23052.5 ns    Log    ID_PACKET_COMPLETE  AXISTREAM_VVC,3     axistream_expect(96 words[8b])=> OK, received 96 words[8b]). ' 'expect VVC2VVC,   tuser set, but default tstrb etc'  [214]'
%%  23055 ns    Log    ID_PACKET_INITIATE  AXISTREAM_VVC,2     axistream_transmit(96 words[8b])=> ' 'transmit before receive, Check that tuser is fetched correctly,i=10'  [215]'
%%  23055 ns    Log    ID_PACKET_INITIATE  AXISTREAM_VVC,3     axistream_receive()=> Receive packet. ' 'test axistream_receive / fetch_result (with tuser) '  [216]'
%% 23292.5 ns    Log    ID_PACKET_COMPLETE  AXISTREAM_VVC,3     axistream_receive()=> Rx DONE (96 words[8b]). ' 'test axistream_receive / fetch_result (with tuser) '  [216]'
%%  23295 ns    Log    ID_PACKET_INITIATE  AXISTREAM_VVC,2     axistream_transmit(96 words[8b])=> ' 'transmit, data wrong ,i=10'  [220]'
%%  23295 ns    Log    ID_PACKET_INITIATE  AXISTREAM_VVC,3     axistream_expect(96 words[8b]) while executing axistream_receive=> Receive packet. ' 'expect,   data wrong ,i=10'  [221]'
%% 23532.5 ns    Alert  WARNING             AXISTREAM_VVC,3     
axistream_expect(96 words[8b])=> Failed in 8 data bits. First mismatch in word# 2. Was x"D9". Expected x"26". ' 'expect,   data wrong ,i=10'  [221]'
Was:
(DE, D9, 8E, 75, 10, 45, 6F, 55, 8A, 55, F3, F9, 9E, 87, B3, 34, 25, 65, 8F, 08, 62, 6E, 61, D8, 77, EA, 3B, 4D, D5, DF, 23, D8, EE, A6, 1B, 52, 29, D0, 4D, 7B, BE, C1, AF, C6, 40, 46, 6D, ED, 55, E3, 55, 1D, F1, E5, 34, F5, 31, 7D, 96, 82, 1F, 52, 96, 9A, 81, 57, 8F, 81, 30, C6, D2, 42, EC, 7D, 79, F9, 10, 02, 9B, 49, 2E, 25, 9A, CA, 6A, AC, 30, F0, 77, 5E, FC, 1C, 4A, 9A, 14, E3)
Expected:
(DE, 26, 8E, 75, 10, 45, 6F, 55, 8A, 55, F3, F9, 9E, 87, B3, 34, 25, 65, 8F, 08, 62, 6E, 61, D8, 77, EA, 3B, 4D, D5, DF, 23, D8, EE, A6, 1B, 52, 29, D0, 4D, 7B, BE, C1, AF, C6, 40, 46, 6D, ED, 55, E3, 55, 1D, F1, E5, 34, F5, 31, 7D, 96, 82, 1F, 52, 96, 9A, 81, 57, 8F, 81, 30, C6, D2, 42, EC, 7D, 79, F9, 10, 02, 9B, 49, 2E, 25, 9A, CA, 6A, AC, 30, F0, 77, 5E, FC, 1C, 4A, 9A, 14, E3)

Summary of errors in expected transaction. Failed in: 
8 data bits.
0 tuser bits.
0 tstrb bits.
0 tid bits.
0 tdest bits.

%%  23535 ns    Log    ID_PACKET_INITIATE  AXISTREAM_VVC,2     axistream_transmit(96 words[8b])=> ' 'transmit, tuser wrong ,i=10'  [222]'
%%  23535 ns    Log    ID_PACKET_INITIATE  AXISTREAM_VVC,3     axistream_expect(96 words[8b]) while executing axistream_receive=> Receive packet. ' 'expect,   tuser wrong ,i=10'  [223]'
%% 23772.5 ns    Alert  WARNING             AXISTREAM_VVC,3     
axistream_expect(96 words[8b])=> Failed in 1 tuser bits. First mismatch in word# 23. Was x"1". Expected x"0". ' 'expect,   tuser wrong ,i=10'  [223]'
Was:
(1, 0, 1, 0, 0, 1, 0, 1, 1, 1, 0, 0, 0, 0, 0, 1, 1, 1, 1, 1, 0, 1, 1, 0)
Expected:
(1, 0, 1, 0, 0, 1, 0, 1, 1, 1, 0, 0, 0, 0, 0, 1, 1, 1, 1, 1, 0, 1, 0, 0)

Summary of errors in expected transaction. Failed in: 
0 data bits.
1 tuser bits.
0 tstrb bits.
0 tid bits.
0 tdest bits.

%%  23775 ns    Log    ID_PACKET_INITIATE  AXISTREAM_VVC,2     axistream_transmit(96 words[8b])=> ' 'transmit, tstrb wrong ,i=10'  [224]'
%%  23775 ns    Log    ID_PACKET_INITIATE  AXISTREAM_VVC,3     axistream_expect(96 words[8b]) while executing axistream_receive=> Receive packet. ' 'expect,   tstrb wrong ,i=10'  [225]'
%% 24012.5 ns    Alert  WARNING             AXISTREAM_VVC,3     
axistream_expect(96 words[8b])=> Failed in 4 tstrb bits. First mismatch in word# 9. Was x"1". Expected x"E". ' 'expect,   tstrb wrong ,i=10'  [225]'
Was:
(5, 3, E, B, D, B, 8, 9, 1, 2, 2, A, C, 3, D, 7, F, A, 8, 0, 3, E, 2, 6)
Expected:
(5, 3, E, B, D, B, 8, 9, E, 2, 2, A, C, 3, D, 7, F, A, 8, 0, 3, E, 2, 6)

Summary of errors in expected transaction. Failed in: 
0 data bits.
0 tuser bits.
4 tstrb bits.
0 tid bits.
0 tdest bits.

%%  24015 ns    Log    ID_PACKET_INITIATE  AXISTREAM_VVC,2     axistream_transmit(96 words[8b])=> ' 'transmit, tid wrong ,i=10'  [226]'
%%  24015 ns    Log    ID_PACKET_INITIATE  AXISTREAM_VVC,3     axistream_expect(96 words[8b]) while executing axistream_receive=> Receive packet. ' 'expect,   tid wrong ,i=10'  [227]'
%% 24252.5 ns    Alert  WARNING             AXISTREAM_VVC,3     
axistream_expect(96 words[8b])=> Failed in 1 tid bits. First mismatch in word# 16. Was x"0". Expected x"1". ' 'expect,   tid wrong ,i=10'  [227]'
Was:
(1, 1, 1, 0, 0, 0, 0, 1, 0, 1, 1, 1, 0, 0, 0, 0, 1, 0, 0, 1, 1, 0, 1, 0)
Expected:
(1, 1, 1, 0, 0, 0, 0, 1, 0, 1, 1, 1, 0, 0, 0, 1, 1, 0, 0, 1, 1, 0, 1, 0)

Summary of errors in expected transaction. Failed in: 
0 data bits.
0 tuser bits.
0 tstrb bits.
1 tid bits.
0 tdest bits.

%%  24255 ns    Log    ID_PACKET_INITIATE  AXISTREAM_VVC,2     axistream_transmit(96 words[8b])=> ' 'transmit, tdest wrong ,i=10'  [228]'
%%  24255 ns    Log    ID_PACKET_INITIATE  AXISTREAM_VVC,3     axistream_expect(96 words[8b]) while executing axistream_receive=> Receive packet. ' 'expect,   tdest wrong ,i=10'  [229]'
%% 24492.5 ns    Alert  WARNING             AXISTREAM_VVC,3     
axistream_expect(96 words[8b])=> Failed in 1 tdest bits. First mismatch in word# 12. Was x"1". Expected x"0". ' 'expect,   tdest wrong ,i=10'  [229]'
Was:
(0, 0, 1, 1, 0, 1, 1, 1, 0, 0, 0, 1, 1, 0, 1, 1, 0, 1, 1, 0, 0, 0, 1, 1)
Expected:
(0, 0, 1, 1, 0, 1, 1, 1, 0, 0, 0, 0, 1, 0, 1, 1, 0, 1, 1, 0, 0, 0, 1, 1)

Summary of errors in expected transaction. Failed in: 
0 data bits.
0 tuser bits.
0 tstrb bits.
0 tid bits.
1 tdest bits.

%% 
%% 
%% 24492.5 ns    Log    ID_LOG_HDR          TB seq.             TC: axistream_receive and fetch_result 
%% ----------------------------------------------------------------------------------------------------------------------------------------------------------------------------
%%  24495 ns    Log    ID_PACKET_INITIATE  AXISTREAM_VVC,0     axistream_transmit(36 words[8b])=> ' 'transmit'  [231]'
%%  24495 ns    Log    ID_PACKET_INITIATE  AXISTREAM_VVC,1     axistream_receive()=> Receive packet. ' 'test axistream_receive / fetch_result (without tuser) '  [232]'
%% 24602.5 ns    Log    ID_PACKET_COMPLETE  AXISTREAM_VVC,1     axistream_receive()=> Rx DONE (36 words[8b]). ' 'test axistream_receive / fetch_result (without tuser) '  [232]'
%% 24602.5 ns    Log    PASSED              TB seq.             check_value(bool, true) => OK. Value was true. 'Verifying that fetched data is as expected'
%% 24602.5 ns    Log    PASSED              TB seq.             check_value(int, 36) => OK. Value was 36. 'Verifying that fetched data_length is as expected'
%% 
%% 
%% 24602.5 ns    Log    ID_LOG_HDR          TB seq.             TC: axistream transmit when tready=0 from DUT at start of transfer  
%% ----------------------------------------------------------------------------------------------------------------------------------------------------------------------------
%%  24605 ns    Log    ID_PACKET_INITIATE  AXISTREAM_VVC,0     axistream_transmit(1 words[8b])=> ' 'transmit to fill DUT,i=0'  [235]'
%%  24615 ns    Log    ID_PACKET_INITIATE  AXISTREAM_VVC,0     axistream_transmit(1 words[8b])=> ' 'transmit to fill DUT,i=1'  [236]'
%%  24625 ns    Log    ID_PACKET_INITIATE  AXISTREAM_VVC,0     axistream_transmit(1 words[8b])=> ' 'transmit to fill DUT,i=2'  [237]'
%%  24635 ns    Log    ID_PACKET_INITIATE  AXISTREAM_VVC,0     axistream_transmit(1 words[8b])=> ' 'transmit to fill DUT,i=3'  [238]'
%%  24745 ns    Log    ID_PACKET_INITIATE  AXISTREAM_VVC,0     axistream_transmit(1 words[8b])=> ' 'start transmit while tready=0'  [240]'
%%  24745 ns    Log    ID_PACKET_INITIATE  AXISTREAM_VVC,1     axistream_expect(1 words[8b]) while executing axistream_receive=> Receive packet. ' 'expect '  [241]'
%% 24752.5 ns    Log    ID_PACKET_COMPLETE  AXISTREAM_VVC,1     axistream_expect(1 words[8b])=> OK, received 1 words[8b]). ' 'expect '  [241]'
%%  24755 ns    Log    ID_PACKET_INITIATE  AXISTREAM_VVC,1     axistream_expect(1 words[8b]) while executing axistream_receive=> Receive packet. ' 'expect '  [242]'
%% 24762.5 ns    Log    ID_PACKET_COMPLETE  AXISTREAM_VVC,1     axistream_expect(1 words[8b])=> OK, received 1 words[8b]). ' 'expect '  [242]'
%%  24765 ns    Log    ID_PACKET_INITIATE  AXISTREAM_VVC,1     axistream_expect(1 words[8b]) while executing axistream_receive=> Receive packet. ' 'expect '  [243]'
%% 24772.5 ns    Log    ID_PACKET_COMPLETE  AXISTREAM_VVC,1     axistream_expect(1 words[8b])=> OK, received 1 words[8b]). ' 'expect '  [243]'
%%  24775 ns    Log    ID_PACKET_INITIATE  AXISTREAM_VVC,1     axistream_expect(1 words[8b]) while executing axistream_receive=> Receive packet. ' 'expect '  [244]'
%% 24782.5 ns    Log    ID_PACKET_COMPLETE  AXISTREAM_VVC,1     axistream_expect(1 words[8b])=> OK, received 1 words[8b]). ' 'expect '  [244]'
%%  24785 ns    Log    ID_PACKET_INITIATE  AXISTREAM_VVC,1     axistream_expect(1 words[8b]) while executing axistream_receive=> Receive packet. ' 'expect '  [245]'
%% 24792.5 ns    Log    ID_PACKET_COMPLETE  AXISTREAM_VVC,1     axistream_expect(1 words[8b])=> OK, received 1 words[8b]). ' 'expect '  [245]'
%% 
%% 
%% 24842.5 ns    Log    ID_LOG_HDR          TB seq.             TC: axistream transmits: 
%% ----------------------------------------------------------------------------------------------------------------------------------------------------------------------------
%%  24845 ns    Log    ID_PACKET_INITIATE  AXISTREAM_VVC,0     axistream_transmit(19 words[8b])=> ' 'transmit,i=1'  [246]'
%%  24845 ns    Log    ID_PACKET_INITIATE  AXISTREAM_VVC,1     axistream_expect(19 words[8b]) while executing axistream_receive=> Receive packet. ' 'expect,  i=1'  [247]'
%%  24895 ns    Log    ID_PACKET_INITIATE  AXISTREAM_VVC,0     axistream_transmit(19 words[8b])=> ' 'transmit, tuser set,i=1'  [248]'
%% 24912.5 ns    Log    ID_PACKET_COMPLETE  AXISTREAM_VVC,1     axistream_expect(19 words[8b])=> OK, received 19 words[8b]). ' 'expect,  i=1'  [247]'
%%  24915 ns    Log    ID_PACKET_INITIATE  AXISTREAM_VVC,1     axistream_expect(19 words[8b]) while executing axistream_receive=> Receive packet. ' 'expect,   tuser set,i=1'  [249]'
%%  24945 ns    Log    ID_PACKET_INITIATE  AXISTREAM_VVC,0     axistream_transmit(19 words[8b])=> ' 'transmit before receive, Check that tuser is fetched correctly,i=1'  [250]'
%% 24962.5 ns    Log    ID_PACKET_COMPLETE  AXISTREAM_VVC,1     axistream_expect(19 words[8b])=> OK, received 19 words[8b]). ' 'expect,   tuser set,i=1'  [249]'
%%  24965 ns    Log    ID_PACKET_INITIATE  AXISTREAM_VVC,1     axistream_receive()=> Receive packet. ' 'test axistream_receive / fetch_result (with tuser) '  [251]'
%% 25012.5 ns    Log    ID_PACKET_COMPLETE  AXISTREAM_VVC,1     axistream_receive()=> Rx DONE (19 words[8b]). ' 'test axistream_receive / fetch_result (with tuser) '  [251]'
%%  25015 ns    Log    ID_PACKET_INITIATE  AXISTREAM_VVC,0     axistream_transmit(19 words[8b])=> ' 'transmit, data wrong ,i=1'  [255]'
%%  25015 ns    Log    ID_PACKET_INITIATE  AXISTREAM_VVC,1     axistream_expect(19 words[8b]) while executing axistream_receive=> Receive packet. ' 'expect,   data wrong ,i=1'  [256]'
%%  25065 ns    Log    ID_PACKET_INITIATE  AXISTREAM_VVC,0     axistream_transmit(19 words[8b])=> ' 'transmit, tuser wrong ,i=1'  [257]'
%% 25082.5 ns    Alert  WARNING             AXISTREAM_VVC,1     
axistream_expect(19 words[8b])=> Failed in 8 data bits. First mismatch in word# 5. Was x"05". Expected x"FA". ' 'expect,   data wrong ,i=1'  [256]'
Was:
(01, 02, 03, 04, 05, 06, 07, 08, 09, 0A, 0B, 0C, 0D, 0E, 0F, 10, 11, 12, 13)
Expected:
(01, 02, 03, 04, FA, 06, 07, 08, 09, 0A, 0B, 0C, 0D, 0E, 0F, 10, 11, 12, 13)

Summary of errors in expected transaction. Failed in: 
8 data bits.
0 tuser bits.
0 tstrb bits.
0 tid bits.
0 tdest bits.

%%  25085 ns    Log    ID_PACKET_INITIATE  AXISTREAM_VVC,1     axistream_expect(19 words[8b]) while executing axistream_receive=> Receive packet. ' 'expect,   tuser wrong ,i=1'  [258]'
%%  25115 ns    Log    ID_PACKET_INITIATE  AXISTREAM_VVC,0     axistream_transmit(9 words[8b])=> ' 'transmit,i=2'  [259]'
%% 25132.5 ns    Alert  WARNING             AXISTREAM_VVC,1     
axistream_expect(19 words[8b])=> Failed in 1 tuser bits. First mismatch in word# 3. Was x"1". Expected x"0". ' 'expect,   tuser wrong ,i=1'  [258]'
Was:
(1, 0, 1, 0, 1)
Expected:
(1, 0, 0, 0, 1)

Summary of errors in expected transaction. Failed in: 
0 data bits.
1 tuser bits.
0 tstrb bits.
0 tid bits.
0 tdest bits.

%%  25135 ns    Log    ID_PACKET_INITIATE  AXISTREAM_VVC,1     axistream_expect(9 words[8b]) while executing axistream_receive=> Receive packet. ' 'expect,  i=2'  [260]'
%%  25145 ns    Log    ID_PACKET_INITIATE  AXISTREAM_VVC,0     axistream_transmit(9 words[8b])=> ' 'transmit, tuser set,i=2'  [261]'
%% 25162.5 ns    Log    ID_PACKET_COMPLETE  AXISTREAM_VVC,1     axistream_expect(9 words[8b])=> OK, received 9 words[8b]). ' 'expect,  i=2'  [260]'
%%  25165 ns    Log    ID_PACKET_INITIATE  AXISTREAM_VVC,1     axistream_expect(9 words[8b]) while executing axistream_receive=> Receive packet. ' 'expect,   tuser set,i=2'  [262]'
%%  25175 ns    Log    ID_PACKET_INITIATE  AXISTREAM_VVC,0     axistream_transmit(9 words[8b])=> ' 'transmit before receive, Check that tuser is fetched correctly,i=2'  [263]'
%% 25192.5 ns    Log    ID_PACKET_COMPLETE  AXISTREAM_VVC,1     axistream_expect(9 words[8b])=> OK, received 9 words[8b]). ' 'expect,   tuser set,i=2'  [262]'
%%  25195 ns    Log    ID_PACKET_INITIATE  AXISTREAM_VVC,1     axistream_receive()=> Receive packet. ' 'test axistream_receive / fetch_result (with tuser) '  [264]'
%% 25222.5 ns    Log    ID_PACKET_COMPLETE  AXISTREAM_VVC,1     axistream_receive()=> Rx DONE (9 words[8b]). ' 'test axistream_receive / fetch_result (with tuser) '  [264]'
%%  25225 ns    Log    ID_PACKET_INITIATE  AXISTREAM_VVC,0     axistream_transmit(9 words[8b])=> ' 'transmit, data wrong ,i=2'  [268]'
%%  25225 ns    Log    ID_PACKET_INITIATE  AXISTREAM_VVC,1     axistream_expect(9 words[8b]) while executing axistream_receive=> Receive packet. ' 'expect,   data wrong ,i=2'  [269]'
%%  25255 ns    Log    ID_PACKET_INITIATE  AXISTREAM_VVC,0     axistream_transmit(9 words[8b])=> ' 'transmit, tuser wrong ,i=2'  [270]'
%% 25272.5 ns    Alert  WARNING             AXISTREAM_VVC,1     
axistream_expect(9 words[8b])=> Failed in 8 data bits. First mismatch in word# 8. Was x"09". Expected x"F6". ' 'expect,   data wrong ,i=2'  [269]'
Was:
(02, 03, 04, 05, 06, 07, 08, 09, 0A)
Expected:
(02, 03, 04, 05, 06, 07, 08, F6, 0A)

Summary of errors in expected transaction. Failed in: 
8 data bits.
0 tuser bits.
0 tstrb bits.
0 tid bits.
0 tdest bits.

%%  25275 ns    Log    ID_PACKET_INITIATE  AXISTREAM_VVC,1     axistream_expect(9 words[8b]) while executing axistream_receive=> Receive packet. ' 'expect,   tuser wrong ,i=2'  [271]'
%%  25285 ns    Log    ID_PACKET_INITIATE  AXISTREAM_VVC,0     axistream_transmit(52 words[8b])=> ' 'transmit,i=3'  [272]'
%% 25302.5 ns    Alert  WARNING             AXISTREAM_VVC,1     
axistream_expect(9 words[8b])=> Failed in 1 tuser bits. First mismatch in word# 2. Was x"1". Expected x"0". ' 'expect,   tuser wrong ,i=2'  [271]'
Was:
(0, 1, 0)
Expected:
(0, 0, 0)

Summary of errors in expected transaction. Failed in: 
0 data bits.
1 tuser bits.
0 tstrb bits.
0 tid bits.
0 tdest bits.

%%  25305 ns    Log    ID_PACKET_INITIATE  AXISTREAM_VVC,1     axistream_expect(52 words[8b]) while executing axistream_receive=> Receive packet. ' 'expect,  i=3'  [273]'
%%  25415 ns    Log    ID_PACKET_INITIATE  AXISTREAM_VVC,0     axistream_transmit(52 words[8b])=> ' 'transmit, tuser set,i=3'  [274]'
%% 25432.5 ns    Log    ID_PACKET_COMPLETE  AXISTREAM_VVC,1     axistream_expect(52 words[8b])=> OK, received 52 words[8b]). ' 'expect,  i=3'  [273]'
%%  25435 ns    Log    ID_PACKET_INITIATE  AXISTREAM_VVC,1     axistream_expect(52 words[8b]) while executing axistream_receive=> Receive packet. ' 'expect,   tuser set,i=3'  [275]'
%%  25545 ns    Log    ID_PACKET_INITIATE  AXISTREAM_VVC,0     axistream_transmit(52 words[8b])=> ' 'transmit before receive, Check that tuser is fetched correctly,i=3'  [276]'
%% 25562.5 ns    Log    ID_PACKET_COMPLETE  AXISTREAM_VVC,1     axistream_expect(52 words[8b])=> OK, received 52 words[8b]). ' 'expect,   tuser set,i=3'  [275]'
%%  25565 ns    Log    ID_PACKET_INITIATE  AXISTREAM_VVC,1     axistream_receive()=> Receive packet. ' 'test axistream_receive / fetch_result (with tuser) '  [277]'
%% 25692.5 ns    Log    ID_PACKET_COMPLETE  AXISTREAM_VVC,1     axistream_receive()=> Rx DONE (52 words[8b]). ' 'test axistream_receive / fetch_result (with tuser) '  [277]'
%%  25695 ns    Log    ID_PACKET_INITIATE  AXISTREAM_VVC,0     axistream_transmit(52 words[8b])=> ' 'transmit, data wrong ,i=3'  [281]'
%%  25695 ns    Log    ID_PACKET_INITIATE  AXISTREAM_VVC,1     axistream_expect(52 words[8b]) while executing axistream_receive=> Receive packet. ' 'expect,   data wrong ,i=3'  [282]'
%%  25825 ns    Log    ID_PACKET_INITIATE  AXISTREAM_VVC,0     axistream_transmit(52 words[8b])=> ' 'transmit, tuser wrong ,i=3'  [283]'
%% 25842.5 ns    Alert  WARNING             AXISTREAM_VVC,1     
axistream_expect(52 words[8b])=> Failed in 8 data bits. First mismatch in word# 52. Was x"36". Expected x"C9". ' 'expect,   data wrong ,i=3'  [282]'
Was:
(03, 04, 05, 06, 07, 08, 09, 0A, 0B, 0C, 0D, 0E, 0F, 10, 11, 12, 13, 14, 15, 16, 17, 18, 19, 1A, 1B, 1C, 1D, 1E, 1F, 20, 21, 22, 23, 24, 25, 26, 27, 28, 29, 2A, 2B, 2C, 2D, 2E, 2F, 30, 31, 32, 33, 34, 35, 36)
Expected:
(03, 04, 05, 06, 07, 08, 09, 0A, 0B, 0C, 0D, 0E, 0F, 10, 11, 12, 13, 14, 15, 16, 17, 18, 19, 1A, 1B, 1C, 1D, 1E, 1F, 20, 21, 22, 23, 24, 25, 26, 27, 28, 29, 2A, 2B, 2C, 2D, 2E, 2F, 30, 31, 32, 33, 34, 35, C9)

Summary of errors in expected transaction. Failed in: 
8 data bits.
0 tuser bits.
0 tstrb bits.
0 tid bits.
0 tdest bits.

%%  25845 ns    Log    ID_PACKET_INITIATE  AXISTREAM_VVC,1     axistream_expect(52 words[8b]) while executing axistream_receive=> Receive packet. ' 'expect,   tuser wrong ,i=3'  [284]'
%%  25955 ns    Log    ID_PACKET_INITIATE  AXISTREAM_VVC,0     axistream_transmit(95 words[8b])=> ' 'transmit,i=4'  [285]'
%% 25972.5 ns    Alert  WARNING             AXISTREAM_VVC,1     
axistream_expect(52 words[8b])=> Failed in 1 tuser bits. First mismatch in word# 5. Was x"1". Expected x"0". ' 'expect,   tuser wrong ,i=3'  [284]'
Was:
(1, 0, 1, 0, 1, 0, 1, 0, 1, 0, 1, 0, 1)
Expected:
(1, 0, 1, 0, 0, 0, 1, 0, 1, 0, 1, 0, 1)

Summary of errors in expected transaction. Failed in: 
0 data bits.
1 tuser bits.
0 tstrb bits.
0 tid bits.
0 tdest bits.

%%  25975 ns    Log    ID_PACKET_INITIATE  AXISTREAM_VVC,1     axistream_expect(95 words[8b]) while executing axistream_receive=> Receive packet. ' 'expect,  i=4'  [286]'
%%  26195 ns    Log    ID_PACKET_INITIATE  AXISTREAM_VVC,0     axistream_transmit(95 words[8b])=> ' 'transmit, tuser set,i=4'  [287]'
%% 26212.5 ns    Log    ID_PACKET_COMPLETE  AXISTREAM_VVC,1     axistream_expect(95 words[8b])=> OK, received 95 words[8b]). ' 'expect,  i=4'  [286]'
%%  26215 ns    Log    ID_PACKET_INITIATE  AXISTREAM_VVC,1     axistream_expect(95 words[8b]) while executing axistream_receive=> Receive packet. ' 'expect,   tuser set,i=4'  [288]'
%%  26435 ns    Log    ID_PACKET_INITIATE  AXISTREAM_VVC,0     axistream_transmit(95 words[8b])=> ' 'transmit before receive, Check that tuser is fetched correctly,i=4'  [289]'
%% 26452.5 ns    Log    ID_PACKET_COMPLETE  AXISTREAM_VVC,1     axistream_expect(95 words[8b])=> OK, received 95 words[8b]). ' 'expect,   tuser set,i=4'  [288]'
%%  26455 ns    Log    ID_PACKET_INITIATE  AXISTREAM_VVC,1     axistream_receive()=> Receive packet. ' 'test axistream_receive / fetch_result (with tuser) '  [290]'
%% 26692.5 ns    Log    ID_PACKET_COMPLETE  AXISTREAM_VVC,1     axistream_receive()=> Rx DONE (95 words[8b]). ' 'test axistream_receive / fetch_result (with tuser) '  [290]'
%%  26695 ns    Log    ID_PACKET_INITIATE  AXISTREAM_VVC,0     axistream_transmit(95 words[8b])=> ' 'transmit, data wrong ,i=4'  [294]'
%%  26695 ns    Log    ID_PACKET_INITIATE  AXISTREAM_VVC,1     axistream_expect(95 words[8b]) while executing axistream_receive=> Receive packet. ' 'expect,   data wrong ,i=4'  [295]'
%%  26935 ns    Log    ID_PACKET_INITIATE  AXISTREAM_VVC,0     axistream_transmit(95 words[8b])=> ' 'transmit, tuser wrong ,i=4'  [296]'
%% 26952.5 ns    Alert  WARNING             AXISTREAM_VVC,1     
axistream_expect(95 words[8b])=> Failed in 8 data bits. First mismatch in word# 51. Was x"36". Expected x"C9". ' 'expect,   data wrong ,i=4'  [295]'
Was:
(04, 05, 06, 07, 08, 09, 0A, 0B, 0C, 0D, 0E, 0F, 10, 11, 12, 13, 14, 15, 16, 17, 18, 19, 1A, 1B, 1C, 1D, 1E, 1F, 20, 21, 22, 23, 24, 25, 26, 27, 28, 29, 2A, 2B, 2C, 2D, 2E, 2F, 30, 31, 32, 33, 34, 35, 36, 37, 38, 39, 3A, 3B, 3C, 3D, 3E, 3F, 40, 41, 42, 43, 44, 45, 46, 47, 48, 49, 4A, 4B, 4C, 4D, 4E, 4F, 50, 51, 52, 53, 54, 55, 56, 57, 58, 59, 5A, 5B, 5C, 5D, 5E, 5F, 60, 61, 62)
Expected:
(04, 05, 06, 07, 08, 09, 0A, 0B, 0C, 0D, 0E, 0F, 10, 11, 12, 13, 14, 15, 16, 17, 18, 19, 1A, 1B, 1C, 1D, 1E, 1F, 20, 21, 22, 23, 24, 25, 26, 27, 28, 29, 2A, 2B, 2C, 2D, 2E, 2F, 30, 31, 32, 33, 34, 35, C9, 37, 38, 39, 3A, 3B, 3C, 3D, 3E, 3F, 40, 41, 42, 43, 44, 45, 46, 47, 48, 49, 4A, 4B, 4C, 4D, 4E, 4F, 50, 51, 52, 53, 54, 55, 56, 57, 58, 59, 5A, 5B, 5C, 5D, 5E, 5F, 60, 61, 62)

Summary of errors in expected transaction. Failed in: 
8 data bits.
0 tuser bits.
0 tstrb bits.
0 tid bits.
0 tdest bits.

%%  26955 ns    Log    ID_PACKET_INITIATE  AXISTREAM_VVC,1     axistream_expect(95 words[8b]) while executing axistream_receive=> Receive packet. ' 'expect,   tuser wrong ,i=4'  [297]'
%%  27175 ns    Log    ID_PACKET_INITIATE  AXISTREAM_VVC,0     axistream_transmit(3 words[8b])=> ' 'transmit,i=5'  [298]'
%%  27185 ns    Log    ID_PACKET_INITIATE  AXISTREAM_VVC,0     axistream_transmit(3 words[8b])=> ' 'transmit, tuser set,i=5'  [300]'
%% 27192.5 ns    Alert  WARNING             AXISTREAM_VVC,1     
axistream_expect(95 words[8b])=> Failed in 1 tuser bits. First mismatch in word# 12. Was x"1". Expected x"0". ' 'expect,   tuser wrong ,i=4'  [297]'
Was:
(0, 1, 0, 1, 0, 1, 0, 1, 0, 1, 0, 1, 0, 1, 0, 1, 0, 1, 0, 1, 0, 1, 0, 1)
Expected:
(0, 1, 0, 1, 0, 1, 0, 1, 0, 1, 0, 0, 0, 1, 0, 1, 0, 1, 0, 1, 0, 1, 0, 1)

Summary of errors in expected transaction. Failed in: 
0 data bits.
1 tuser bits.
0 tstrb bits.
0 tid bits.
0 tdest bits.

%%  27195 ns    Log    ID_PACKET_INITIATE  AXISTREAM_VVC,1     axistream_expect(3 words[8b]) while executing axistream_receive=> Receive packet. ' 'expect,  i=5'  [299]'
%%  27195 ns    Log    ID_PACKET_INITIATE  AXISTREAM_VVC,0     axistream_transmit(3 words[8b])=> ' 'transmit before receive, Check that tuser is fetched correctly,i=5'  [302]'
%% 27202.5 ns    Log    ID_PACKET_COMPLETE  AXISTREAM_VVC,1     axistream_expect(3 words[8b])=> OK, received 3 words[8b]). ' 'expect,  i=5'  [299]'
%%  27205 ns    Log    ID_PACKET_INITIATE  AXISTREAM_VVC,1     axistream_expect(3 words[8b]) while executing axistream_receive=> Receive packet. ' 'expect,   tuser set,i=5'  [301]'
%% 27212.5 ns    Log    ID_PACKET_COMPLETE  AXISTREAM_VVC,1     axistream_expect(3 words[8b])=> OK, received 3 words[8b]). ' 'expect,   tuser set,i=5'  [301]'
%%  27215 ns    Log    ID_PACKET_INITIATE  AXISTREAM_VVC,1     axistream_receive()=> Receive packet. ' 'test axistream_receive / fetch_result (with tuser) '  [303]'
%% 27222.5 ns    Log    ID_PACKET_COMPLETE  AXISTREAM_VVC,1     axistream_receive()=> Rx DONE (3 words[8b]). ' 'test axistream_receive / fetch_result (with tuser) '  [303]'
%%  27225 ns    Log    ID_PACKET_INITIATE  AXISTREAM_VVC,0     axistream_transmit(3 words[8b])=> ' 'transmit, data wrong ,i=5'  [307]'
%%  27225 ns    Log    ID_PACKET_INITIATE  AXISTREAM_VVC,1     axistream_expect(3 words[8b]) while executing axistream_receive=> Receive packet. ' 'expect,   data wrong ,i=5'  [308]'
%%  27235 ns    Log    ID_PACKET_INITIATE  AXISTREAM_VVC,0     axistream_transmit(3 words[8b])=> ' 'transmit, tuser wrong ,i=5'  [309]'
%%  27245 ns    Log    ID_PACKET_INITIATE  AXISTREAM_VVC,0     axistream_transmit(65 words[8b])=> ' 'transmit,i=6'  [311]'
%% 27252.5 ns    Alert  WARNING             AXISTREAM_VVC,1     
axistream_expect(3 words[8b])=> Failed in 8 data bits. First mismatch in word# 1. Was x"05". Expected x"FA". ' 'expect,   data wrong ,i=5'  [308]'
Was:
(05, 06, 07)
Expected:
(FA, 06, 07)

Summary of errors in expected transaction. Failed in: 
8 data bits.
0 tuser bits.
0 tstrb bits.
0 tid bits.
0 tdest bits.

%%  27255 ns    Log    ID_PACKET_INITIATE  AXISTREAM_VVC,1     axistream_expect(3 words[8b]) while executing axistream_receive=> Receive packet. ' 'expect,   tuser wrong ,i=5'  [310]'
%% 27262.5 ns    Alert  WARNING             AXISTREAM_VVC,1     
axistream_expect(3 words[8b])=> Failed in 1 tuser bits. First mismatch in word# 1. Was x"1". Expected x"0". ' 'expect,   tuser wrong ,i=5'  [310]'
Was:
(1)
Expected:
(0)

Summary of errors in expected transaction. Failed in: 
0 data bits.
1 tuser bits.
0 tstrb bits.
0 tid bits.
0 tdest bits.

%%  27265 ns    Log    ID_PACKET_INITIATE  AXISTREAM_VVC,1     axistream_expect(65 words[8b]) while executing axistream_receive=> Receive packet. ' 'expect,  i=6'  [312]'
%%  27415 ns    Log    ID_PACKET_INITIATE  AXISTREAM_VVC,0     axistream_transmit(65 words[8b])=> ' 'transmit, tuser set,i=6'  [313]'
%% 27432.5 ns    Log    ID_PACKET_COMPLETE  AXISTREAM_VVC,1     axistream_expect(65 words[8b])=> OK, received 65 words[8b]). ' 'expect,  i=6'  [312]'
%%  27435 ns    Log    ID_PACKET_INITIATE  AXISTREAM_VVC,1     axistream_expect(65 words[8b]) while executing axistream_receive=> Receive packet. ' 'expect,   tuser set,i=6'  [314]'
%%  27585 ns    Log    ID_PACKET_INITIATE  AXISTREAM_VVC,0     axistream_transmit(65 words[8b])=> ' 'transmit before receive, Check that tuser is fetched correctly,i=6'  [315]'
%% 27602.5 ns    Log    ID_PACKET_COMPLETE  AXISTREAM_VVC,1     axistream_expect(65 words[8b])=> OK, received 65 words[8b]). ' 'expect,   tuser set,i=6'  [314]'
%%  27605 ns    Log    ID_PACKET_INITIATE  AXISTREAM_VVC,1     axistream_receive()=> Receive packet. ' 'test axistream_receive / fetch_result (with tuser) '  [316]'
%% 27772.5 ns    Log    ID_PACKET_COMPLETE  AXISTREAM_VVC,1     axistream_receive()=> Rx DONE (65 words[8b]). ' 'test axistream_receive / fetch_result (with tuser) '  [316]'
%%  27775 ns    Log    ID_PACKET_INITIATE  AXISTREAM_VVC,0     axistream_transmit(65 words[8b])=> ' 'transmit, data wrong ,i=6'  [320]'
%%  27775 ns    Log    ID_PACKET_INITIATE  AXISTREAM_VVC,1     axistream_expect(65 words[8b]) while executing axistream_receive=> Receive packet. ' 'expect,   data wrong ,i=6'  [321]'
%%  27945 ns    Log    ID_PACKET_INITIATE  AXISTREAM_VVC,0     axistream_transmit(65 words[8b])=> ' 'transmit, tuser wrong ,i=6'  [322]'
%% 27962.5 ns    Alert  WARNING             AXISTREAM_VVC,1     
axistream_expect(65 words[8b])=> Failed in 8 data bits. First mismatch in word# 11. Was x"10". Expected x"EF". ' 'expect,   data wrong ,i=6'  [321]'
Was:
(06, 07, 08, 09, 0A, 0B, 0C, 0D, 0E, 0F, 10, 11, 12, 13, 14, 15, 16, 17, 18, 19, 1A, 1B, 1C, 1D, 1E, 1F, 20, 21, 22, 23, 24, 25, 26, 27, 28, 29, 2A, 2B, 2C, 2D, 2E, 2F, 30, 31, 32, 33, 34, 35, 36, 37, 38, 39, 3A, 3B, 3C, 3D, 3E, 3F, 40, 41, 42, 43, 44, 45, 46)
Expected:
(06, 07, 08, 09, 0A, 0B, 0C, 0D, 0E, 0F, EF, 11, 12, 13, 14, 15, 16, 17, 18, 19, 1A, 1B, 1C, 1D, 1E, 1F, 20, 21, 22, 23, 24, 25, 26, 27, 28, 29, 2A, 2B, 2C, 2D, 2E, 2F, 30, 31, 32, 33, 34, 35, 36, 37, 38, 39, 3A, 3B, 3C, 3D, 3E, 3F, 40, 41, 42, 43, 44, 45, 46)

Summary of errors in expected transaction. Failed in: 
8 data bits.
0 tuser bits.
0 tstrb bits.
0 tid bits.
0 tdest bits.

%%  27965 ns    Log    ID_PACKET_INITIATE  AXISTREAM_VVC,1     axistream_expect(65 words[8b]) while executing axistream_receive=> Receive packet. ' 'expect,   tuser wrong ,i=6'  [323]'
%%  28115 ns    Log    ID_PACKET_INITIATE  AXISTREAM_VVC,0     axistream_transmit(64 words[8b])=> ' 'transmit,i=7'  [324]'
%% 28132.5 ns    Alert  WARNING             AXISTREAM_VVC,1     
axistream_expect(65 words[8b])=> Failed in 1 tuser bits. First mismatch in word# 2. Was x"1". Expected x"0". ' 'expect,   tuser wrong ,i=6'  [323]'
Was:
(0, 1, 0, 1, 0, 1, 0, 1, 0, 1, 0, 1, 0, 1, 0, 1, 0)
Expected:
(0, 0, 0, 1, 0, 1, 0, 1, 0, 1, 0, 1, 0, 1, 0, 1, 0)

Summary of errors in expected transaction. Failed in: 
0 data bits.
1 tuser bits.
0 tstrb bits.
0 tid bits.
0 tdest bits.

%%  28135 ns    Log    ID_PACKET_INITIATE  AXISTREAM_VVC,1     axistream_expect(64 words[8b]) while executing axistream_receive=> Receive packet. ' 'expect,  i=7'  [325]'
%%  28275 ns    Log    ID_PACKET_INITIATE  AXISTREAM_VVC,0     axistream_transmit(64 words[8b])=> ' 'transmit, tuser set,i=7'  [326]'
%% 28292.5 ns    Log    ID_PACKET_COMPLETE  AXISTREAM_VVC,1     axistream_expect(64 words[8b])=> OK, received 64 words[8b]). ' 'expect,  i=7'  [325]'
%%  28295 ns    Log    ID_PACKET_INITIATE  AXISTREAM_VVC,1     axistream_expect(64 words[8b]) while executing axistream_receive=> Receive packet. ' 'expect,   tuser set,i=7'  [327]'
%%  28435 ns    Log    ID_PACKET_INITIATE  AXISTREAM_VVC,0     axistream_transmit(64 words[8b])=> ' 'transmit before receive, Check that tuser is fetched correctly,i=7'  [328]'
%% 28452.5 ns    Log    ID_PACKET_COMPLETE  AXISTREAM_VVC,1     axistream_expect(64 words[8b])=> OK, received 64 words[8b]). ' 'expect,   tuser set,i=7'  [327]'
%%  28455 ns    Log    ID_PACKET_INITIATE  AXISTREAM_VVC,1     axistream_receive()=> Receive packet. ' 'test axistream_receive / fetch_result (with tuser) '  [329]'
%% 28612.5 ns    Log    ID_PACKET_COMPLETE  AXISTREAM_VVC,1     axistream_receive()=> Rx DONE (64 words[8b]). ' 'test axistream_receive / fetch_result (with tuser) '  [329]'
%%  28615 ns    Log    ID_PACKET_INITIATE  AXISTREAM_VVC,0     axistream_transmit(64 words[8b])=> ' 'transmit, data wrong ,i=7'  [333]'
%%  28615 ns    Log    ID_PACKET_INITIATE  AXISTREAM_VVC,1     axistream_expect(64 words[8b]) while executing axistream_receive=> Receive packet. ' 'expect,   data wrong ,i=7'  [334]'
%%  28775 ns    Log    ID_PACKET_INITIATE  AXISTREAM_VVC,0     axistream_transmit(64 words[8b])=> ' 'transmit, tuser wrong ,i=7'  [335]'
%% 28792.5 ns    Alert  WARNING             AXISTREAM_VVC,1     
axistream_expect(64 words[8b])=> Failed in 8 data bits. First mismatch in word# 48. Was x"36". Expected x"C9". ' 'expect,   data wrong ,i=7'  [334]'
Was:
(07, 08, 09, 0A, 0B, 0C, 0D, 0E, 0F, 10, 11, 12, 13, 14, 15, 16, 17, 18, 19, 1A, 1B, 1C, 1D, 1E, 1F, 20, 21, 22, 23, 24, 25, 26, 27, 28, 29, 2A, 2B, 2C, 2D, 2E, 2F, 30, 31, 32, 33, 34, 35, 36, 37, 38, 39, 3A, 3B, 3C, 3D, 3E, 3F, 40, 41, 42, 43, 44, 45, 46)
Expected:
(07, 08, 09, 0A, 0B, 0C, 0D, 0E, 0F, 10, 11, 12, 13, 14, 15, 16, 17, 18, 19, 1A, 1B, 1C, 1D, 1E, 1F, 20, 21, 22, 23, 24, 25, 26, 27, 28, 29, 2A, 2B, 2C, 2D, 2E, 2F, 30, 31, 32, 33, 34, 35, C9, 37, 38, 39, 3A, 3B, 3C, 3D, 3E, 3F, 40, 41, 42, 43, 44, 45, 46)

Summary of errors in expected transaction. Failed in: 
8 data bits.
0 tuser bits.
0 tstrb bits.
0 tid bits.
0 tdest bits.

%%  28795 ns    Log    ID_PACKET_INITIATE  AXISTREAM_VVC,1     axistream_expect(64 words[8b]) while executing axistream_receive=> Receive packet. ' 'expect,   tuser wrong ,i=7'  [336]'
%%  28935 ns    Log    ID_PACKET_INITIATE  AXISTREAM_VVC,0     axistream_transmit(19 words[8b])=> ' 'transmit,i=8'  [337]'
%% 28952.5 ns    Alert  WARNING             AXISTREAM_VVC,1     
axistream_expect(64 words[8b])=> Failed in 1 tuser bits. First mismatch in word# 9. Was x"1". Expected x"0". ' 'expect,   tuser wrong ,i=7'  [336]'
Was:
(1, 0, 1, 0, 1, 0, 1, 0, 1, 0, 1, 0, 1, 0, 1, 0)
Expected:
(1, 0, 1, 0, 1, 0, 1, 0, 0, 0, 1, 0, 1, 0, 1, 0)

Summary of errors in expected transaction. Failed in: 
0 data bits.
1 tuser bits.
0 tstrb bits.
0 tid bits.
0 tdest bits.

%%  28955 ns    Log    ID_PACKET_INITIATE  AXISTREAM_VVC,1     axistream_expect(19 words[8b]) while executing axistream_receive=> Receive packet. ' 'expect,  i=8'  [338]'
%%  28985 ns    Log    ID_PACKET_INITIATE  AXISTREAM_VVC,0     axistream_transmit(19 words[8b])=> ' 'transmit, tuser set,i=8'  [339]'
%% 29002.5 ns    Log    ID_PACKET_COMPLETE  AXISTREAM_VVC,1     axistream_expect(19 words[8b])=> OK, received 19 words[8b]). ' 'expect,  i=8'  [338]'
%%  29005 ns    Log    ID_PACKET_INITIATE  AXISTREAM_VVC,1     axistream_expect(19 words[8b]) while executing axistream_receive=> Receive packet. ' 'expect,   tuser set,i=8'  [340]'
%%  29035 ns    Log    ID_PACKET_INITIATE  AXISTREAM_VVC,0     axistream_transmit(19 words[8b])=> ' 'transmit before receive, Check that tuser is fetched correctly,i=8'  [341]'
%% 29052.5 ns    Log    ID_PACKET_COMPLETE  AXISTREAM_VVC,1     axistream_expect(19 words[8b])=> OK, received 19 words[8b]). ' 'expect,   tuser set,i=8'  [340]'
%%  29055 ns    Log    ID_PACKET_INITIATE  AXISTREAM_VVC,1     axistream_receive()=> Receive packet. ' 'test axistream_receive / fetch_result (with tuser) '  [342]'
%% 29102.5 ns    Log    ID_PACKET_COMPLETE  AXISTREAM_VVC,1     axistream_receive()=> Rx DONE (19 words[8b]). ' 'test axistream_receive / fetch_result (with tuser) '  [342]'
%%  29105 ns    Log    ID_PACKET_INITIATE  AXISTREAM_VVC,0     axistream_transmit(19 words[8b])=> ' 'transmit, data wrong ,i=8'  [346]'
%%  29105 ns    Log    ID_PACKET_INITIATE  AXISTREAM_VVC,1     axistream_expect(19 words[8b]) while executing axistream_receive=> Receive packet. ' 'expect,   data wrong ,i=8'  [347]'
%%  29155 ns    Log    ID_PACKET_INITIATE  AXISTREAM_VVC,0     axistream_transmit(19 words[8b])=> ' 'transmit, tuser wrong ,i=8'  [348]'
%% 29172.5 ns    Alert  WARNING             AXISTREAM_VVC,1     
axistream_expect(19 words[8b])=> Failed in 8 data bits. First mismatch in word# 12. Was x"13". Expected x"EC". ' 'expect,   data wrong ,i=8'  [347]'
Was:
(08, 09, 0A, 0B, 0C, 0D, 0E, 0F, 10, 11, 12, 13, 14, 15, 16, 17, 18, 19, 1A)
Expected:
(08, 09, 0A, 0B, 0C, 0D, 0E, 0F, 10, 11, 12, EC, 14, 15, 16, 17, 18, 19, 1A)

Summary of errors in expected transaction. Failed in: 
8 data bits.
0 tuser bits.
0 tstrb bits.
0 tid bits.
0 tdest bits.

%%  29175 ns    Log    ID_PACKET_INITIATE  AXISTREAM_VVC,1     axistream_expect(19 words[8b]) while executing axistream_receive=> Receive packet. ' 'expect,   tuser wrong ,i=8'  [349]'
%%  29205 ns    Log    ID_PACKET_INITIATE  AXISTREAM_VVC,0     axistream_transmit(53 words[8b])=> ' 'transmit,i=9'  [350]'
%% 29222.5 ns    Alert  WARNING             AXISTREAM_VVC,1     
axistream_expect(19 words[8b])=> Failed in 1 tuser bits. First mismatch in word# 2. Was x"1". Expected x"0". ' 'expect,   tuser wrong ,i=8'  [349]'
Was:
(0, 1, 0, 1, 0)
Expected:
(0, 0, 0, 1, 0)

Summary of errors in expected transaction. Failed in: 
0 data bits.
1 tuser bits.
0 tstrb bits.
0 tid bits.
0 tdest bits.

%%  29225 ns    Log    ID_PACKET_INITIATE  AXISTREAM_VVC,1     axistream_expect(53 words[8b]) while executing axistream_receive=> Receive packet. ' 'expect,  i=9'  [351]'
%%  29345 ns    Log    ID_PACKET_INITIATE  AXISTREAM_VVC,0     axistream_transmit(53 words[8b])=> ' 'transmit, tuser set,i=9'  [352]'
%% 29362.5 ns    Log    ID_PACKET_COMPLETE  AXISTREAM_VVC,1     axistream_expect(53 words[8b])=> OK, received 53 words[8b]). ' 'expect,  i=9'  [351]'
%%  29365 ns    Log    ID_PACKET_INITIATE  AXISTREAM_VVC,1     axistream_expect(53 words[8b]) while executing axistream_receive=> Receive packet. ' 'expect,   tuser set,i=9'  [353]'
%%  29485 ns    Log    ID_PACKET_INITIATE  AXISTREAM_VVC,0     axistream_transmit(53 words[8b])=> ' 'transmit before receive, Check that tuser is fetched correctly,i=9'  [354]'
%% 29502.5 ns    Log    ID_PACKET_COMPLETE  AXISTREAM_VVC,1     axistream_expect(53 words[8b])=> OK, received 53 words[8b]). ' 'expect,   tuser set,i=9'  [353]'
%%  29505 ns    Log    ID_PACKET_INITIATE  AXISTREAM_VVC,1     axistream_receive()=> Receive packet. ' 'test axistream_receive / fetch_result (with tuser) '  [355]'
%% 29642.5 ns    Log    ID_PACKET_COMPLETE  AXISTREAM_VVC,1     axistream_receive()=> Rx DONE (53 words[8b]). ' 'test axistream_receive / fetch_result (with tuser) '  [355]'
%%  29645 ns    Log    ID_PACKET_INITIATE  AXISTREAM_VVC,0     axistream_transmit(53 words[8b])=> ' 'transmit, data wrong ,i=9'  [359]'
%%  29645 ns    Log    ID_PACKET_INITIATE  AXISTREAM_VVC,1     axistream_expect(53 words[8b]) while executing axistream_receive=> Receive packet. ' 'expect,   data wrong ,i=9'  [360]'
%%  29785 ns    Log    ID_PACKET_INITIATE  AXISTREAM_VVC,0     axistream_transmit(53 words[8b])=> ' 'transmit, tuser wrong ,i=9'  [361]'
%% 29802.5 ns    Alert  WARNING             AXISTREAM_VVC,1     
axistream_expect(53 words[8b])=> Failed in 8 data bits. First mismatch in word# 18. Was x"1A". Expected x"E5". ' 'expect,   data wrong ,i=9'  [360]'
Was:
(09, 0A, 0B, 0C, 0D, 0E, 0F, 10, 11, 12, 13, 14, 15, 16, 17, 18, 19, 1A, 1B, 1C, 1D, 1E, 1F, 20, 21, 22, 23, 24, 25, 26, 27, 28, 29, 2A, 2B, 2C, 2D, 2E, 2F, 30, 31, 32, 33, 34, 35, 36, 37, 38, 39, 3A, 3B, 3C, 3D)
Expected:
(09, 0A, 0B, 0C, 0D, 0E, 0F, 10, 11, 12, 13, 14, 15, 16, 17, 18, 19, E5, 1B, 1C, 1D, 1E, 1F, 20, 21, 22, 23, 24, 25, 26, 27, 28, 29, 2A, 2B, 2C, 2D, 2E, 2F, 30, 31, 32, 33, 34, 35, 36, 37, 38, 39, 3A, 3B, 3C, 3D)

Summary of errors in expected transaction. Failed in: 
8 data bits.
0 tuser bits.
0 tstrb bits.
0 tid bits.
0 tdest bits.

%%  29805 ns    Log    ID_PACKET_INITIATE  AXISTREAM_VVC,1     axistream_expect(53 words[8b]) while executing axistream_receive=> Receive packet. ' 'expect,   tuser wrong ,i=9'  [362]'
%%  29925 ns    Log    ID_PACKET_INITIATE  AXISTREAM_VVC,0     axistream_transmit(17 words[8b])=> ' 'transmit,i=10'  [363]'
%% 29942.5 ns    Alert  WARNING             AXISTREAM_VVC,1     
axistream_expect(53 words[8b])=> Failed in 1 tuser bits. First mismatch in word# 14. Was x"0". Expected x"1". ' 'expect,   tuser wrong ,i=9'  [362]'
Was:
(1, 0, 1, 0, 1, 0, 1, 0, 1, 0, 1, 0, 1, 0)
Expected:
(1, 0, 1, 0, 1, 0, 1, 0, 1, 0, 1, 0, 1, 1)

Summary of errors in expected transaction. Failed in: 
0 data bits.
1 tuser bits.
0 tstrb bits.
0 tid bits.
0 tdest bits.

%%  29945 ns    Log    ID_PACKET_INITIATE  AXISTREAM_VVC,1     axistream_expect(17 words[8b]) while executing axistream_receive=> Receive packet. ' 'expect,  i=10'  [364]'
%%  29975 ns    Log    ID_PACKET_INITIATE  AXISTREAM_VVC,0     axistream_transmit(17 words[8b])=> ' 'transmit, tuser set,i=10'  [365]'
%% 29992.5 ns    Log    ID_PACKET_COMPLETE  AXISTREAM_VVC,1     axistream_expect(17 words[8b])=> OK, received 17 words[8b]). ' 'expect,  i=10'  [364]'
%%  29995 ns    Log    ID_PACKET_INITIATE  AXISTREAM_VVC,1     axistream_expect(17 words[8b]) while executing axistream_receive=> Receive packet. ' 'expect,   tuser set,i=10'  [366]'
%%  30025 ns    Log    ID_PACKET_INITIATE  AXISTREAM_VVC,0     axistream_transmit(17 words[8b])=> ' 'transmit before receive, Check that tuser is fetched correctly,i=10'  [367]'
%% 30042.5 ns    Log    ID_PACKET_COMPLETE  AXISTREAM_VVC,1     axistream_expect(17 words[8b])=> OK, received 17 words[8b]). ' 'expect,   tuser set,i=10'  [366]'
%%  30045 ns    Log    ID_PACKET_INITIATE  AXISTREAM_VVC,1     axistream_receive()=> Receive packet. ' 'test axistream_receive / fetch_result (with tuser) '  [368]'
%% 30092.5 ns    Log    ID_PACKET_COMPLETE  AXISTREAM_VVC,1     axistream_receive()=> Rx DONE (17 words[8b]). ' 'test axistream_receive / fetch_result (with tuser) '  [368]'
%%  30095 ns    Log    ID_PACKET_INITIATE  AXISTREAM_VVC,0     axistream_transmit(17 words[8b])=> ' 'transmit, data wrong ,i=10'  [372]'
%%  30095 ns    Log    ID_PACKET_INITIATE  AXISTREAM_VVC,1     axistream_expect(17 words[8b]) while executing axistream_receive=> Receive packet. ' 'expect,   data wrong ,i=10'  [373]'
%%  30145 ns    Log    ID_PACKET_INITIATE  AXISTREAM_VVC,0     axistream_transmit(17 words[8b])=> ' 'transmit, tuser wrong ,i=10'  [374]'
%% 30162.5 ns    Alert  WARNING             AXISTREAM_VVC,1     
axistream_expect(17 words[8b])=> Failed in 8 data bits. First mismatch in word# 6. Was x"0F". Expected x"F0". ' 'expect,   data wrong ,i=10'  [373]'
Was:
(0A, 0B, 0C, 0D, 0E, 0F, 10, 11, 12, 13, 14, 15, 16, 17, 18, 19, 1A)
Expected:
(0A, 0B, 0C, 0D, 0E, F0, 10, 11, 12, 13, 14, 15, 16, 17, 18, 19, 1A)

Summary of errors in expected transaction. Failed in: 
8 data bits.
0 tuser bits.
0 tstrb bits.
0 tid bits.
0 tdest bits.

%%  30165 ns    Log    ID_PACKET_INITIATE  AXISTREAM_VVC,1     axistream_expect(17 words[8b]) while executing axistream_receive=> Receive packet. ' 'expect,   tuser wrong ,i=10'  [375]'
%%  30195 ns    Log    ID_PACKET_INITIATE  AXISTREAM_VVC,0     axistream_transmit(82 words[8b])=> ' 'transmit,i=11'  [376]'
%% 30212.5 ns    Alert  WARNING             AXISTREAM_VVC,1     
axistream_expect(17 words[8b])=> Failed in 1 tuser bits. First mismatch in word# 2. Was x"1". Expected x"0". ' 'expect,   tuser wrong ,i=10'  [375]'
Was:
(0, 1, 0, 1, 0)
Expected:
(0, 0, 0, 1, 0)

Summary of errors in expected transaction. Failed in: 
0 data bits.
1 tuser bits.
0 tstrb bits.
0 tid bits.
0 tdest bits.

%%  30215 ns    Log    ID_PACKET_INITIATE  AXISTREAM_VVC,1     axistream_expect(82 words[8b]) while executing axistream_receive=> Receive packet. ' 'expect,  i=11'  [377]'
%%  30405 ns    Log    ID_PACKET_INITIATE  AXISTREAM_VVC,0     axistream_transmit(82 words[8b])=> ' 'transmit, tuser set,i=11'  [378]'
%% 30422.5 ns    Log    ID_PACKET_COMPLETE  AXISTREAM_VVC,1     axistream_expect(82 words[8b])=> OK, received 82 words[8b]). ' 'expect,  i=11'  [377]'
%%  30425 ns    Log    ID_PACKET_INITIATE  AXISTREAM_VVC,1     axistream_expect(82 words[8b]) while executing axistream_receive=> Receive packet. ' 'expect,   tuser set,i=11'  [379]'
%%  30615 ns    Log    ID_PACKET_INITIATE  AXISTREAM_VVC,0     axistream_transmit(82 words[8b])=> ' 'transmit before receive, Check that tuser is fetched correctly,i=11'  [380]'
%% 30632.5 ns    Log    ID_PACKET_COMPLETE  AXISTREAM_VVC,1     axistream_expect(82 words[8b])=> OK, received 82 words[8b]). ' 'expect,   tuser set,i=11'  [379]'
%%  30635 ns    Log    ID_PACKET_INITIATE  AXISTREAM_VVC,1     axistream_receive()=> Receive packet. ' 'test axistream_receive / fetch_result (with tuser) '  [381]'
%% 30842.5 ns    Log    ID_PACKET_COMPLETE  AXISTREAM_VVC,1     axistream_receive()=> Rx DONE (82 words[8b]). ' 'test axistream_receive / fetch_result (with tuser) '  [381]'
%%  30845 ns    Log    ID_PACKET_INITIATE  AXISTREAM_VVC,0     axistream_transmit(82 words[8b])=> ' 'transmit, data wrong ,i=11'  [385]'
%%  30845 ns    Log    ID_PACKET_INITIATE  AXISTREAM_VVC,1     axistream_expect(82 words[8b]) while executing axistream_receive=> Receive packet. ' 'expect,   data wrong ,i=11'  [386]'
%%  31055 ns    Log    ID_PACKET_INITIATE  AXISTREAM_VVC,0     axistream_transmit(82 words[8b])=> ' 'transmit, tuser wrong ,i=11'  [387]'
%% 31072.5 ns    Alert  WARNING             AXISTREAM_VVC,1     
axistream_expect(82 words[8b])=> Failed in 8 data bits. First mismatch in word# 43. Was x"35". Expected x"CA". ' 'expect,   data wrong ,i=11'  [386]'
Was:
(0B, 0C, 0D, 0E, 0F, 10, 11, 12, 13, 14, 15, 16, 17, 18, 19, 1A, 1B, 1C, 1D, 1E, 1F, 20, 21, 22, 23, 24, 25, 26, 27, 28, 29, 2A, 2B, 2C, 2D, 2E, 2F, 30, 31, 32, 33, 34, 35, 36, 37, 38, 39, 3A, 3B, 3C, 3D, 3E, 3F, 40, 41, 42, 43, 44, 45, 46, 47, 48, 49, 4A, 4B, 4C, 4D, 4E, 4F, 50, 51, 52, 53, 54, 55, 56, 57, 58, 59, 5A, 5B, 5C)
Expected:
(0B, 0C, 0D, 0E, 0F, 10, 11, 12, 13, 14, 15, 16, 17, 18, 19, 1A, 1B, 1C, 1D, 1E, 1F, 20, 21, 22, 23, 24, 25, 26, 27, 28, 29, 2A, 2B, 2C, 2D, 2E, 2F, 30, 31, 32, 33, 34, CA, 36, 37, 38, 39, 3A, 3B, 3C, 3D, 3E, 3F, 40, 41, 42, 43, 44, 45, 46, 47, 48, 49, 4A, 4B, 4C, 4D, 4E, 4F, 50, 51, 52, 53, 54, 55, 56, 57, 58, 59, 5A, 5B, 5C)

Summary of errors in expected transaction. Failed in: 
8 data bits.
0 tuser bits.
0 tstrb bits.
0 tid bits.
0 tdest bits.

%%  31075 ns    Log    ID_PACKET_INITIATE  AXISTREAM_VVC,1     axistream_expect(82 words[8b]) while executing axistream_receive=> Receive packet. ' 'expect,   tuser wrong ,i=11'  [388]'
%%  31265 ns    Log    ID_PACKET_INITIATE  AXISTREAM_VVC,0     axistream_transmit(99 words[8b])=> ' 'transmit,i=12'  [389]'
%% 31282.5 ns    Alert  WARNING             AXISTREAM_VVC,1     
axistream_expect(82 words[8b])=> Failed in 1 tuser bits. First mismatch in word# 12. Was x"0". Expected x"1". ' 'expect,   tuser wrong ,i=11'  [388]'
Was:
(1, 0, 1, 0, 1, 0, 1, 0, 1, 0, 1, 0, 1, 0, 1, 0, 1, 0, 1, 0, 1)
Expected:
(1, 0, 1, 0, 1, 0, 1, 0, 1, 0, 1, 1, 1, 0, 1, 0, 1, 0, 1, 0, 1)

Summary of errors in expected transaction. Failed in: 
0 data bits.
1 tuser bits.
0 tstrb bits.
0 tid bits.
0 tdest bits.

%%  31285 ns    Log    ID_PACKET_INITIATE  AXISTREAM_VVC,1     axistream_expect(99 words[8b]) while executing axistream_receive=> Receive packet. ' 'expect,  i=12'  [390]'
%%  31515 ns    Log    ID_PACKET_INITIATE  AXISTREAM_VVC,0     axistream_transmit(99 words[8b])=> ' 'transmit, tuser set,i=12'  [391]'
%% 31532.5 ns    Log    ID_PACKET_COMPLETE  AXISTREAM_VVC,1     axistream_expect(99 words[8b])=> OK, received 99 words[8b]). ' 'expect,  i=12'  [390]'
%%  31535 ns    Log    ID_PACKET_INITIATE  AXISTREAM_VVC,1     axistream_expect(99 words[8b]) while executing axistream_receive=> Receive packet. ' 'expect,   tuser set,i=12'  [392]'
%%  31765 ns    Log    ID_PACKET_INITIATE  AXISTREAM_VVC,0     axistream_transmit(99 words[8b])=> ' 'transmit before receive, Check that tuser is fetched correctly,i=12'  [393]'
%% 31782.5 ns    Log    ID_PACKET_COMPLETE  AXISTREAM_VVC,1     axistream_expect(99 words[8b])=> OK, received 99 words[8b]). ' 'expect,   tuser set,i=12'  [392]'
%%  31785 ns    Log    ID_PACKET_INITIATE  AXISTREAM_VVC,1     axistream_receive()=> Receive packet. ' 'test axistream_receive / fetch_result (with tuser) '  [394]'
%% 32032.5 ns    Log    ID_PACKET_COMPLETE  AXISTREAM_VVC,1     axistream_receive()=> Rx DONE (99 words[8b]). ' 'test axistream_receive / fetch_result (with tuser) '  [394]'
%%  32035 ns    Log    ID_PACKET_INITIATE  AXISTREAM_VVC,0     axistream_transmit(99 words[8b])=> ' 'transmit, data wrong ,i=12'  [398]'
%%  32035 ns    Log    ID_PACKET_INITIATE  AXISTREAM_VVC,1     axistream_expect(99 words[8b]) while executing axistream_receive=> Receive packet. ' 'expect,   data wrong ,i=12'  [399]'
%%  32285 ns    Log    ID_PACKET_INITIATE  AXISTREAM_VVC,0     axistream_transmit(99 words[8b])=> ' 'transmit, tuser wrong ,i=12'  [400]'
%% 32302.5 ns    Alert  WARNING             AXISTREAM_VVC,1     
axistream_expect(99 words[8b])=> Failed in 8 data bits. First mismatch in word# 57. Was x"44". Expected x"BB". ' 'expect,   data wrong ,i=12'  [399]'
Was:
(0C, 0D, 0E, 0F, 10, 11, 12, 13, 14, 15, 16, 17, 18, 19, 1A, 1B, 1C, 1D, 1E, 1F, 20, 21, 22, 23, 24, 25, 26, 27, 28, 29, 2A, 2B, 2C, 2D, 2E, 2F, 30, 31, 32, 33, 34, 35, 36, 37, 38, 39, 3A, 3B, 3C, 3D, 3E, 3F, 40, 41, 42, 43, 44, 45, 46, 47, 48, 49, 4A, 4B, 4C, 4D, 4E, 4F, 50, 51, 52, 53, 54, 55, 56, 57, 58, 59, 5A, 5B, 5C, 5D, 5E, 5F, 60, 61, 62, 63, 64, 65, 66, 67, 68, 69, 6A, 6B, 6C, 6D, 6E)
Expected:
(0C, 0D, 0E, 0F, 10, 11, 12, 13, 14, 15, 16, 17, 18, 19, 1A, 1B, 1C, 1D, 1E, 1F, 20, 21, 22, 23, 24, 25, 26, 27, 28, 29, 2A, 2B, 2C, 2D, 2E, 2F, 30, 31, 32, 33, 34, 35, 36, 37, 38, 39, 3A, 3B, 3C, 3D, 3E, 3F, 40, 41, 42, 43, BB, 45, 46, 47, 48, 49, 4A, 4B, 4C, 4D, 4E, 4F, 50, 51, 52, 53, 54, 55, 56, 57, 58, 59, 5A, 5B, 5C, 5D, 5E, 5F, 60, 61, 62, 63, 64, 65, 66, 67, 68, 69, 6A, 6B, 6C, 6D, 6E)

Summary of errors in expected transaction. Failed in: 
8 data bits.
0 tuser bits.
0 tstrb bits.
0 tid bits.
0 tdest bits.

%%  32305 ns    Log    ID_PACKET_INITIATE  AXISTREAM_VVC,1     axistream_expect(99 words[8b]) while executing axistream_receive=> Receive packet. ' 'expect,   tuser wrong ,i=12'  [401]'
%%  32535 ns    Log    ID_PACKET_INITIATE  AXISTREAM_VVC,0     axistream_transmit(11 words[8b])=> ' 'transmit,i=13'  [402]'
%% 32552.5 ns    Alert  WARNING             AXISTREAM_VVC,1     
axistream_expect(99 words[8b])=> Failed in 1 tuser bits. First mismatch in word# 20. Was x"1". Expected x"0". ' 'expect,   tuser wrong ,i=12'  [401]'
Was:
(0, 1, 0, 1, 0, 1, 0, 1, 0, 1, 0, 1, 0, 1, 0, 1, 0, 1, 0, 1, 0, 1, 0, 1, 0)
Expected:
(0, 1, 0, 1, 0, 1, 0, 1, 0, 1, 0, 1, 0, 1, 0, 1, 0, 1, 0, 0, 0, 1, 0, 1, 0)

Summary of errors in expected transaction. Failed in: 
0 data bits.
1 tuser bits.
0 tstrb bits.
0 tid bits.
0 tdest bits.

%%  32555 ns    Log    ID_PACKET_INITIATE  AXISTREAM_VVC,1     axistream_expect(11 words[8b]) while executing axistream_receive=> Receive packet. ' 'expect,  i=13'  [403]'
%%  32565 ns    Log    ID_PACKET_INITIATE  AXISTREAM_VVC,0     axistream_transmit(11 words[8b])=> ' 'transmit, tuser set,i=13'  [404]'
%% 32582.5 ns    Log    ID_PACKET_COMPLETE  AXISTREAM_VVC,1     axistream_expect(11 words[8b])=> OK, received 11 words[8b]). ' 'expect,  i=13'  [403]'
%%  32585 ns    Log    ID_PACKET_INITIATE  AXISTREAM_VVC,1     axistream_expect(11 words[8b]) while executing axistream_receive=> Receive packet. ' 'expect,   tuser set,i=13'  [405]'
%%  32595 ns    Log    ID_PACKET_INITIATE  AXISTREAM_VVC,0     axistream_transmit(11 words[8b])=> ' 'transmit before receive, Check that tuser is fetched correctly,i=13'  [406]'
%% 32612.5 ns    Log    ID_PACKET_COMPLETE  AXISTREAM_VVC,1     axistream_expect(11 words[8b])=> OK, received 11 words[8b]). ' 'expect,   tuser set,i=13'  [405]'
%%  32615 ns    Log    ID_PACKET_INITIATE  AXISTREAM_VVC,1     axistream_receive()=> Receive packet. ' 'test axistream_receive / fetch_result (with tuser) '  [407]'
%% 32642.5 ns    Log    ID_PACKET_COMPLETE  AXISTREAM_VVC,1     axistream_receive()=> Rx DONE (11 words[8b]). ' 'test axistream_receive / fetch_result (with tuser) '  [407]'
%%  32645 ns    Log    ID_PACKET_INITIATE  AXISTREAM_VVC,0     axistream_transmit(11 words[8b])=> ' 'transmit, data wrong ,i=13'  [411]'
%%  32645 ns    Log    ID_PACKET_INITIATE  AXISTREAM_VVC,1     axistream_expect(11 words[8b]) while executing axistream_receive=> Receive packet. ' 'expect,   data wrong ,i=13'  [412]'
%%  32675 ns    Log    ID_PACKET_INITIATE  AXISTREAM_VVC,0     axistream_transmit(11 words[8b])=> ' 'transmit, tuser wrong ,i=13'  [413]'
%% 32692.5 ns    Alert  WARNING             AXISTREAM_VVC,1     
axistream_expect(11 words[8b])=> Failed in 8 data bits. First mismatch in word# 9. Was x"15". Expected x"EA". ' 'expect,   data wrong ,i=13'  [412]'
Was:
(0D, 0E, 0F, 10, 11, 12, 13, 14, 15, 16, 17)
Expected:
(0D, 0E, 0F, 10, 11, 12, 13, 14, EA, 16, 17)

Summary of errors in expected transaction. Failed in: 
8 data bits.
0 tuser bits.
0 tstrb bits.
0 tid bits.
0 tdest bits.

%%  32695 ns    Log    ID_PACKET_INITIATE  AXISTREAM_VVC,1     axistream_expect(11 words[8b]) while executing axistream_receive=> Receive packet. ' 'expect,   tuser wrong ,i=13'  [414]'
%%  32705 ns    Log    ID_PACKET_INITIATE  AXISTREAM_VVC,0     axistream_transmit(55 words[8b])=> ' 'transmit,i=14'  [415]'
%% 32722.5 ns    Alert  WARNING             AXISTREAM_VVC,1     
axistream_expect(11 words[8b])=> Failed in 1 tuser bits. First mismatch in word# 1. Was x"1". Expected x"0". ' 'expect,   tuser wrong ,i=13'  [414]'
Was:
(1, 0, 1)
Expected:
(0, 0, 1)

Summary of errors in expected transaction. Failed in: 
0 data bits.
1 tuser bits.
0 tstrb bits.
0 tid bits.
0 tdest bits.

%%  32725 ns    Log    ID_PACKET_INITIATE  AXISTREAM_VVC,1     axistream_expect(55 words[8b]) while executing axistream_receive=> Receive packet. ' 'expect,  i=14'  [416]'
%%  32845 ns    Log    ID_PACKET_INITIATE  AXISTREAM_VVC,0     axistream_transmit(55 words[8b])=> ' 'transmit, tuser set,i=14'  [417]'
%% 32862.5 ns    Log    ID_PACKET_COMPLETE  AXISTREAM_VVC,1     axistream_expect(55 words[8b])=> OK, received 55 words[8b]). ' 'expect,  i=14'  [416]'
%%  32865 ns    Log    ID_PACKET_INITIATE  AXISTREAM_VVC,1     axistream_expect(55 words[8b]) while executing axistream_receive=> Receive packet. ' 'expect,   tuser set,i=14'  [418]'
%%  32985 ns    Log    ID_PACKET_INITIATE  AXISTREAM_VVC,0     axistream_transmit(55 words[8b])=> ' 'transmit before receive, Check that tuser is fetched correctly,i=14'  [419]'
%% 33002.5 ns    Log    ID_PACKET_COMPLETE  AXISTREAM_VVC,1     axistream_expect(55 words[8b])=> OK, received 55 words[8b]). ' 'expect,   tuser set,i=14'  [418]'
%%  33005 ns    Log    ID_PACKET_INITIATE  AXISTREAM_VVC,1     axistream_receive()=> Receive packet. ' 'test axistream_receive / fetch_result (with tuser) '  [420]'
%% 33142.5 ns    Log    ID_PACKET_COMPLETE  AXISTREAM_VVC,1     axistream_receive()=> Rx DONE (55 words[8b]). ' 'test axistream_receive / fetch_result (with tuser) '  [420]'
%%  33145 ns    Log    ID_PACKET_INITIATE  AXISTREAM_VVC,0     axistream_transmit(55 words[8b])=> ' 'transmit, data wrong ,i=14'  [424]'
%%  33145 ns    Log    ID_PACKET_INITIATE  AXISTREAM_VVC,1     axistream_expect(55 words[8b]) while executing axistream_receive=> Receive packet. ' 'expect,   data wrong ,i=14'  [425]'
%%  33285 ns    Log    ID_PACKET_INITIATE  AXISTREAM_VVC,0     axistream_transmit(55 words[8b])=> ' 'transmit, tuser wrong ,i=14'  [426]'
%% 33302.5 ns    Alert  WARNING             AXISTREAM_VVC,1     
axistream_expect(55 words[8b])=> Failed in 8 data bits. First mismatch in word# 20. Was x"21". Expected x"DE". ' 'expect,   data wrong ,i=14'  [425]'
Was:
(0E, 0F, 10, 11, 12, 13, 14, 15, 16, 17, 18, 19, 1A, 1B, 1C, 1D, 1E, 1F, 20, 21, 22, 23, 24, 25, 26, 27, 28, 29, 2A, 2B, 2C, 2D, 2E, 2F, 30, 31, 32, 33, 34, 35, 36, 37, 38, 39, 3A, 3B, 3C, 3D, 3E, 3F, 40, 41, 42, 43, 44)
Expected:
(0E, 0F, 10, 11, 12, 13, 14, 15, 16, 17, 18, 19, 1A, 1B, 1C, 1D, 1E, 1F, 20, DE, 22, 23, 24, 25, 26, 27, 28, 29, 2A, 2B, 2C, 2D, 2E, 2F, 30, 31, 32, 33, 34, 35, 36, 37, 38, 39, 3A, 3B, 3C, 3D, 3E, 3F, 40, 41, 42, 43, 44)

Summary of errors in expected transaction. Failed in: 
8 data bits.
0 tuser bits.
0 tstrb bits.
0 tid bits.
0 tdest bits.

%%  33305 ns    Log    ID_PACKET_INITIATE  AXISTREAM_VVC,1     axistream_expect(55 words[8b]) while executing axistream_receive=> Receive packet. ' 'expect,   tuser wrong ,i=14'  [427]'
%%  33425 ns    Log    ID_PACKET_INITIATE  AXISTREAM_VVC,0     axistream_transmit(7 words[8b])=> ' 'transmit,i=15'  [428]'
%% 33442.5 ns    Alert  WARNING             AXISTREAM_VVC,1     
axistream_expect(55 words[8b])=> Failed in 1 tuser bits. First mismatch in word# 12. Was x"1". Expected x"0". ' 'expect,   tuser wrong ,i=14'  [427]'
Was:
(0, 1, 0, 1, 0, 1, 0, 1, 0, 1, 0, 1, 0, 1)
Expected:
(0, 1, 0, 1, 0, 1, 0, 1, 0, 1, 0, 0, 0, 1)

Summary of errors in expected transaction. Failed in: 
0 data bits.
1 tuser bits.
0 tstrb bits.
0 tid bits.
0 tdest bits.

%%  33445 ns    Log    ID_PACKET_INITIATE  AXISTREAM_VVC,0     axistream_transmit(7 words[8b])=> ' 'transmit, tuser set,i=15'  [430]'
%%  33445 ns    Log    ID_PACKET_INITIATE  AXISTREAM_VVC,1     axistream_expect(7 words[8b]) while executing axistream_receive=> Receive packet. ' 'expect,  i=15'  [429]'
%% 33462.5 ns    Log    ID_PACKET_COMPLETE  AXISTREAM_VVC,1     axistream_expect(7 words[8b])=> OK, received 7 words[8b]). ' 'expect,  i=15'  [429]'
%%  33465 ns    Log    ID_PACKET_INITIATE  AXISTREAM_VVC,0     axistream_transmit(7 words[8b])=> ' 'transmit before receive, Check that tuser is fetched correctly,i=15'  [432]'
%%  33465 ns    Log    ID_PACKET_INITIATE  AXISTREAM_VVC,1     axistream_expect(7 words[8b]) while executing axistream_receive=> Receive packet. ' 'expect,   tuser set,i=15'  [431]'
%% 33482.5 ns    Log    ID_PACKET_COMPLETE  AXISTREAM_VVC,1     axistream_expect(7 words[8b])=> OK, received 7 words[8b]). ' 'expect,   tuser set,i=15'  [431]'
%%  33485 ns    Log    ID_PACKET_INITIATE  AXISTREAM_VVC,1     axistream_receive()=> Receive packet. ' 'test axistream_receive / fetch_result (with tuser) '  [433]'
%% 33502.5 ns    Log    ID_PACKET_COMPLETE  AXISTREAM_VVC,1     axistream_receive()=> Rx DONE (7 words[8b]). ' 'test axistream_receive / fetch_result (with tuser) '  [433]'
%%  33505 ns    Log    ID_PACKET_INITIATE  AXISTREAM_VVC,0     axistream_transmit(7 words[8b])=> ' 'transmit, data wrong ,i=15'  [437]'
%%  33505 ns    Log    ID_PACKET_INITIATE  AXISTREAM_VVC,1     axistream_expect(7 words[8b]) while executing axistream_receive=> Receive packet. ' 'expect,   data wrong ,i=15'  [438]'
%%  33525 ns    Log    ID_PACKET_INITIATE  AXISTREAM_VVC,0     axistream_transmit(7 words[8b])=> ' 'transmit, tuser wrong ,i=15'  [439]'
%% 33542.5 ns    Alert  WARNING             AXISTREAM_VVC,1     
axistream_expect(7 words[8b])=> Failed in 8 data bits. First mismatch in word# 5. Was x"13". Expected x"EC". ' 'expect,   data wrong ,i=15'  [438]'
Was:
(0F, 10, 11, 12, 13, 14, 15)
Expected:
(0F, 10, 11, 12, EC, 14, 15)

Summary of errors in expected transaction. Failed in: 
8 data bits.
0 tuser bits.
0 tstrb bits.
0 tid bits.
0 tdest bits.

%%  33545 ns    Log    ID_PACKET_INITIATE  AXISTREAM_VVC,0     axistream_transmit(51 words[8b])=> ' 'transmit,i=16'  [441]'
%%  33545 ns    Log    ID_PACKET_INITIATE  AXISTREAM_VVC,1     axistream_expect(7 words[8b]) while executing axistream_receive=> Receive packet. ' 'expect,   tuser wrong ,i=15'  [440]'
%% 33562.5 ns    Alert  WARNING             AXISTREAM_VVC,1     
axistream_expect(7 words[8b])=> Failed in 1 tuser bits. First mismatch in word# 2. Was x"0". Expected x"1". ' 'expect,   tuser wrong ,i=15'  [440]'
Was:
(1, 0)
Expected:
(1, 1)

Summary of errors in expected transaction. Failed in: 
0 data bits.
1 tuser bits.
0 tstrb bits.
0 tid bits.
0 tdest bits.

%%  33565 ns    Log    ID_PACKET_INITIATE  AXISTREAM_VVC,1     axistream_expect(51 words[8b]) while executing axistream_receive=> Receive packet. ' 'expect,  i=16'  [442]'
%%  33675 ns    Log    ID_PACKET_INITIATE  AXISTREAM_VVC,0     axistream_transmit(51 words[8b])=> ' 'transmit, tuser set,i=16'  [443]'
%% 33692.5 ns    Log    ID_PACKET_COMPLETE  AXISTREAM_VVC,1     axistream_expect(51 words[8b])=> OK, received 51 words[8b]). ' 'expect,  i=16'  [442]'
%%  33695 ns    Log    ID_PACKET_INITIATE  AXISTREAM_VVC,1     axistream_expect(51 words[8b]) while executing axistream_receive=> Receive packet. ' 'expect,   tuser set,i=16'  [444]'
%%  33805 ns    Log    ID_PACKET_INITIATE  AXISTREAM_VVC,0     axistream_transmit(51 words[8b])=> ' 'transmit before receive, Check that tuser is fetched correctly,i=16'  [445]'
%% 33822.5 ns    Log    ID_PACKET_COMPLETE  AXISTREAM_VVC,1     axistream_expect(51 words[8b])=> OK, received 51 words[8b]). ' 'expect,   tuser set,i=16'  [444]'
%%  33825 ns    Log    ID_PACKET_INITIATE  AXISTREAM_VVC,1     axistream_receive()=> Receive packet. ' 'test axistream_receive / fetch_result (with tuser) '  [446]'
%% 33952.5 ns    Log    ID_PACKET_COMPLETE  AXISTREAM_VVC,1     axistream_receive()=> Rx DONE (51 words[8b]). ' 'test axistream_receive / fetch_result (with tuser) '  [446]'
%%  33955 ns    Log    ID_PACKET_INITIATE  AXISTREAM_VVC,0     axistream_transmit(51 words[8b])=> ' 'transmit, data wrong ,i=16'  [450]'
%%  33955 ns    Log    ID_PACKET_INITIATE  AXISTREAM_VVC,1     axistream_expect(51 words[8b]) while executing axistream_receive=> Receive packet. ' 'expect,   data wrong ,i=16'  [451]'
%%  34085 ns    Log    ID_PACKET_INITIATE  AXISTREAM_VVC,0     axistream_transmit(51 words[8b])=> ' 'transmit, tuser wrong ,i=16'  [452]'
%% 34102.5 ns    Alert  WARNING             AXISTREAM_VVC,1     
axistream_expect(51 words[8b])=> Failed in 8 data bits. First mismatch in word# 42. Was x"39". Expected x"C6". ' 'expect,   data wrong ,i=16'  [451]'
Was:
(10, 11, 12, 13, 14, 15, 16, 17, 18, 19, 1A, 1B, 1C, 1D, 1E, 1F, 20, 21, 22, 23, 24, 25, 26, 27, 28, 29, 2A, 2B, 2C, 2D, 2E, 2F, 30, 31, 32, 33, 34, 35, 36, 37, 38, 39, 3A, 3B, 3C, 3D, 3E, 3F, 40, 41, 42)
Expected:
(10, 11, 12, 13, 14, 15, 16, 17, 18, 19, 1A, 1B, 1C, 1D, 1E, 1F, 20, 21, 22, 23, 24, 25, 26, 27, 28, 29, 2A, 2B, 2C, 2D, 2E, 2F, 30, 31, 32, 33, 34, 35, 36, 37, 38, C6, 3A, 3B, 3C, 3D, 3E, 3F, 40, 41, 42)

Summary of errors in expected transaction. Failed in: 
8 data bits.
0 tuser bits.
0 tstrb bits.
0 tid bits.
0 tdest bits.

%%  34105 ns    Log    ID_PACKET_INITIATE  AXISTREAM_VVC,1     axistream_expect(51 words[8b]) while executing axistream_receive=> Receive packet. ' 'expect,   tuser wrong ,i=16'  [453]'
%%  34215 ns    Log    ID_PACKET_INITIATE  AXISTREAM_VVC,0     axistream_transmit(97 words[8b])=> ' 'transmit,i=17'  [454]'
%% 34232.5 ns    Alert  WARNING             AXISTREAM_VVC,1     
axistream_expect(51 words[8b])=> Failed in 1 tuser bits. First mismatch in word# 1. Was x"0". Expected x"1". ' 'expect,   tuser wrong ,i=16'  [453]'
Was:
(0, 1, 0, 1, 0, 1, 0, 1, 0, 1, 0, 1, 0)
Expected:
(1, 1, 0, 1, 0, 1, 0, 1, 0, 1, 0, 1, 0)

Summary of errors in expected transaction. Failed in: 
0 data bits.
1 tuser bits.
0 tstrb bits.
0 tid bits.
0 tdest bits.

%%  34235 ns    Log    ID_PACKET_INITIATE  AXISTREAM_VVC,1     axistream_expect(97 words[8b]) while executing axistream_receive=> Receive packet. ' 'expect,  i=17'  [455]'
%%  34465 ns    Log    ID_PACKET_INITIATE  AXISTREAM_VVC,0     axistream_transmit(97 words[8b])=> ' 'transmit, tuser set,i=17'  [456]'
%% 34482.5 ns    Log    ID_PACKET_COMPLETE  AXISTREAM_VVC,1     axistream_expect(97 words[8b])=> OK, received 97 words[8b]). ' 'expect,  i=17'  [455]'
%%  34485 ns    Log    ID_PACKET_INITIATE  AXISTREAM_VVC,1     axistream_expect(97 words[8b]) while executing axistream_receive=> Receive packet. ' 'expect,   tuser set,i=17'  [457]'
%%  34715 ns    Log    ID_PACKET_INITIATE  AXISTREAM_VVC,0     axistream_transmit(97 words[8b])=> ' 'transmit before receive, Check that tuser is fetched correctly,i=17'  [458]'
%% 34732.5 ns    Log    ID_PACKET_COMPLETE  AXISTREAM_VVC,1     axistream_expect(97 words[8b])=> OK, received 97 words[8b]). ' 'expect,   tuser set,i=17'  [457]'
%%  34735 ns    Log    ID_PACKET_INITIATE  AXISTREAM_VVC,1     axistream_receive()=> Receive packet. ' 'test axistream_receive / fetch_result (with tuser) '  [459]'
%% 34982.5 ns    Log    ID_PACKET_COMPLETE  AXISTREAM_VVC,1     axistream_receive()=> Rx DONE (97 words[8b]). ' 'test axistream_receive / fetch_result (with tuser) '  [459]'
%%  34985 ns    Log    ID_PACKET_INITIATE  AXISTREAM_VVC,0     axistream_transmit(97 words[8b])=> ' 'transmit, data wrong ,i=17'  [463]'
%%  34985 ns    Log    ID_PACKET_INITIATE  AXISTREAM_VVC,1     axistream_expect(97 words[8b]) while executing axistream_receive=> Receive packet. ' 'expect,   data wrong ,i=17'  [464]'
%%  35235 ns    Log    ID_PACKET_INITIATE  AXISTREAM_VVC,0     axistream_transmit(97 words[8b])=> ' 'transmit, tuser wrong ,i=17'  [465]'
%% 35252.5 ns    Alert  WARNING             AXISTREAM_VVC,1     
axistream_expect(97 words[8b])=> Failed in 8 data bits. First mismatch in word# 2. Was x"12". Expected x"ED". ' 'expect,   data wrong ,i=17'  [464]'
Was:
(11, 12, 13, 14, 15, 16, 17, 18, 19, 1A, 1B, 1C, 1D, 1E, 1F, 20, 21, 22, 23, 24, 25, 26, 27, 28, 29, 2A, 2B, 2C, 2D, 2E, 2F, 30, 31, 32, 33, 34, 35, 36, 37, 38, 39, 3A, 3B, 3C, 3D, 3E, 3F, 40, 41, 42, 43, 44, 45, 46, 47, 48, 49, 4A, 4B, 4C, 4D, 4E, 4F, 50, 51, 52, 53, 54, 55, 56, 57, 58, 59, 5A, 5B, 5C, 5D, 5E, 5F, 60, 61, 62, 63, 64, 65, 66, 67, 68, 69, 6A, 6B, 6C, 6D, 6E, 6F, 70, 71)
Expected:
(11, ED, 13, 14, 15, 16, 17, 18, 19, 1A, 1B, 1C, 1D, 1E, 1F, 20, 21, 22, 23, 24, 25, 26, 27, 28, 29, 2A, 2B, 2C, 2D, 2E, 2F, 30, 31, 32, 33, 34, 35, 36, 37, 38, 39, 3A, 3B, 3C, 3D, 3E, 3F, 40, 41, 42, 43, 44, 45, 46, 47, 48, 49, 4A, 4B, 4C, 4D, 4E, 4F, 50, 51, 52, 53, 54, 55, 56, 57, 58, 59, 5A, 5B, 5C, 5D, 5E, 5F, 60, 61, 62, 63, 64, 65, 66, 67, 68, 69, 6A, 6B, 6C, 6D, 6E, 6F, 70, 71)

Summary of errors in expected transaction. Failed in: 
8 data bits.
0 tuser bits.
0 tstrb bits.
0 tid bits.
0 tdest bits.

%%  35255 ns    Log    ID_PACKET_INITIATE  AXISTREAM_VVC,1     axistream_expect(97 words[8b]) while executing axistream_receive=> Receive packet. ' 'expect,   tuser wrong ,i=17'  [466]'
%%  35485 ns    Log    ID_PACKET_INITIATE  AXISTREAM_VVC,0     axistream_transmit(87 words[8b])=> ' 'transmit,i=18'  [467]'
%% 35502.5 ns    Alert  WARNING             AXISTREAM_VVC,1     
axistream_expect(97 words[8b])=> Failed in 1 tuser bits. First mismatch in word# 5. Was x"1". Expected x"0". ' 'expect,   tuser wrong ,i=17'  [466]'
Was:
(1, 0, 1, 0, 1, 0, 1, 0, 1, 0, 1, 0, 1, 0, 1, 0, 1, 0, 1, 0, 1, 0, 1, 0, 1)
Expected:
(1, 0, 1, 0, 0, 0, 1, 0, 1, 0, 1, 0, 1, 0, 1, 0, 1, 0, 1, 0, 1, 0, 1, 0, 1)

Summary of errors in expected transaction. Failed in: 
0 data bits.
1 tuser bits.
0 tstrb bits.
0 tid bits.
0 tdest bits.

%%  35505 ns    Log    ID_PACKET_INITIATE  AXISTREAM_VVC,1     axistream_expect(87 words[8b]) while executing axistream_receive=> Receive packet. ' 'expect,  i=18'  [468]'
%%  35705 ns    Log    ID_PACKET_INITIATE  AXISTREAM_VVC,0     axistream_transmit(87 words[8b])=> ' 'transmit, tuser set,i=18'  [469]'
%% 35722.5 ns    Log    ID_PACKET_COMPLETE  AXISTREAM_VVC,1     axistream_expect(87 words[8b])=> OK, received 87 words[8b]). ' 'expect,  i=18'  [468]'
%%  35725 ns    Log    ID_PACKET_INITIATE  AXISTREAM_VVC,1     axistream_expect(87 words[8b]) while executing axistream_receive=> Receive packet. ' 'expect,   tuser set,i=18'  [470]'
%%  35925 ns    Log    ID_PACKET_INITIATE  AXISTREAM_VVC,0     axistream_transmit(87 words[8b])=> ' 'transmit before receive, Check that tuser is fetched correctly,i=18'  [471]'
%% 35942.5 ns    Log    ID_PACKET_COMPLETE  AXISTREAM_VVC,1     axistream_expect(87 words[8b])=> OK, received 87 words[8b]). ' 'expect,   tuser set,i=18'  [470]'
%%  35945 ns    Log    ID_PACKET_INITIATE  AXISTREAM_VVC,1     axistream_receive()=> Receive packet. ' 'test axistream_receive / fetch_result (with tuser) '  [472]'
%% 36162.5 ns    Log    ID_PACKET_COMPLETE  AXISTREAM_VVC,1     axistream_receive()=> Rx DONE (87 words[8b]). ' 'test axistream_receive / fetch_result (with tuser) '  [472]'
%%  36165 ns    Log    ID_PACKET_INITIATE  AXISTREAM_VVC,0     axistream_transmit(87 words[8b])=> ' 'transmit, data wrong ,i=18'  [476]'
%%  36165 ns    Log    ID_PACKET_INITIATE  AXISTREAM_VVC,1     axistream_expect(87 words[8b]) while executing axistream_receive=> Receive packet. ' 'expect,   data wrong ,i=18'  [477]'
%%  36385 ns    Log    ID_PACKET_INITIATE  AXISTREAM_VVC,0     axistream_transmit(87 words[8b])=> ' 'transmit, tuser wrong ,i=18'  [478]'
%% 36402.5 ns    Alert  WARNING             AXISTREAM_VVC,1     
axistream_expect(87 words[8b])=> Failed in 8 data bits. First mismatch in word# 44. Was x"3D". Expected x"C2". ' 'expect,   data wrong ,i=18'  [477]'
Was:
(12, 13, 14, 15, 16, 17, 18, 19, 1A, 1B, 1C, 1D, 1E, 1F, 20, 21, 22, 23, 24, 25, 26, 27, 28, 29, 2A, 2B, 2C, 2D, 2E, 2F, 30, 31, 32, 33, 34, 35, 36, 37, 38, 39, 3A, 3B, 3C, 3D, 3E, 3F, 40, 41, 42, 43, 44, 45, 46, 47, 48, 49, 4A, 4B, 4C, 4D, 4E, 4F, 50, 51, 52, 53, 54, 55, 56, 57, 58, 59, 5A, 5B, 5C, 5D, 5E, 5F, 60, 61, 62, 63, 64, 65, 66, 67, 68)
Expected:
(12, 13, 14, 15, 16, 17, 18, 19, 1A, 1B, 1C, 1D, 1E, 1F, 20, 21, 22, 23, 24, 25, 26, 27, 28, 29, 2A, 2B, 2C, 2D, 2E, 2F, 30, 31, 32, 33, 34, 35, 36, 37, 38, 39, 3A, 3B, 3C, C2, 3E, 3F, 40, 41, 42, 43, 44, 45, 46, 47, 48, 49, 4A, 4B, 4C, 4D, 4E, 4F, 50, 51, 52, 53, 54, 55, 56, 57, 58, 59, 5A, 5B, 5C, 5D, 5E, 5F, 60, 61, 62, 63, 64, 65, 66, 67, 68)

Summary of errors in expected transaction. Failed in: 
8 data bits.
0 tuser bits.
0 tstrb bits.
0 tid bits.
0 tdest bits.

%%  36405 ns    Log    ID_PACKET_INITIATE  AXISTREAM_VVC,1     axistream_expect(87 words[8b]) while executing axistream_receive=> Receive packet. ' 'expect,   tuser wrong ,i=18'  [479]'
%%  36605 ns    Log    ID_PACKET_INITIATE  AXISTREAM_VVC,0     axistream_transmit(95 words[8b])=> ' 'transmit,i=19'  [480]'
%% 36622.5 ns    Alert  WARNING             AXISTREAM_VVC,1     
axistream_expect(87 words[8b])=> Failed in 1 tuser bits. First mismatch in word# 14. Was x"1". Expected x"0". ' 'expect,   tuser wrong ,i=18'  [479]'
Was:
(0, 1, 0, 1, 0, 1, 0, 1, 0, 1, 0, 1, 0, 1, 0, 1, 0, 1, 0, 1, 0, 1)
Expected:
(0, 1, 0, 1, 0, 1, 0, 1, 0, 1, 0, 1, 0, 0, 0, 1, 0, 1, 0, 1, 0, 1)

Summary of errors in expected transaction. Failed in: 
0 data bits.
1 tuser bits.
0 tstrb bits.
0 tid bits.
0 tdest bits.

%%  36625 ns    Log    ID_PACKET_INITIATE  AXISTREAM_VVC,1     axistream_expect(95 words[8b]) while executing axistream_receive=> Receive packet. ' 'expect,  i=19'  [481]'
%%  36845 ns    Log    ID_PACKET_INITIATE  AXISTREAM_VVC,0     axistream_transmit(95 words[8b])=> ' 'transmit, tuser set,i=19'  [482]'
%% 36862.5 ns    Log    ID_PACKET_COMPLETE  AXISTREAM_VVC,1     axistream_expect(95 words[8b])=> OK, received 95 words[8b]). ' 'expect,  i=19'  [481]'
%%  36865 ns    Log    ID_PACKET_INITIATE  AXISTREAM_VVC,1     axistream_expect(95 words[8b]) while executing axistream_receive=> Receive packet. ' 'expect,   tuser set,i=19'  [483]'
%%  37085 ns    Log    ID_PACKET_INITIATE  AXISTREAM_VVC,0     axistream_transmit(95 words[8b])=> ' 'transmit before receive, Check that tuser is fetched correctly,i=19'  [484]'
%% 37102.5 ns    Log    ID_PACKET_COMPLETE  AXISTREAM_VVC,1     axistream_expect(95 words[8b])=> OK, received 95 words[8b]). ' 'expect,   tuser set,i=19'  [483]'
%%  37105 ns    Log    ID_PACKET_INITIATE  AXISTREAM_VVC,1     axistream_receive()=> Receive packet. ' 'test axistream_receive / fetch_result (with tuser) '  [485]'
%% 37342.5 ns    Log    ID_PACKET_COMPLETE  AXISTREAM_VVC,1     axistream_receive()=> Rx DONE (95 words[8b]). ' 'test axistream_receive / fetch_result (with tuser) '  [485]'
%%  37345 ns    Log    ID_PACKET_INITIATE  AXISTREAM_VVC,0     axistream_transmit(95 words[8b])=> ' 'transmit, data wrong ,i=19'  [489]'
%%  37345 ns    Log    ID_PACKET_INITIATE  AXISTREAM_VVC,1     axistream_expect(95 words[8b]) while executing axistream_receive=> Receive packet. ' 'expect,   data wrong ,i=19'  [490]'
%%  37585 ns    Log    ID_PACKET_INITIATE  AXISTREAM_VVC,0     axistream_transmit(95 words[8b])=> ' 'transmit, tuser wrong ,i=19'  [491]'
%% 37602.5 ns    Alert  WARNING             AXISTREAM_VVC,1     
axistream_expect(95 words[8b])=> Failed in 8 data bits. First mismatch in word# 64. Was x"52". Expected x"AD". ' 'expect,   data wrong ,i=19'  [490]'
Was:
(13, 14, 15, 16, 17, 18, 19, 1A, 1B, 1C, 1D, 1E, 1F, 20, 21, 22, 23, 24, 25, 26, 27, 28, 29, 2A, 2B, 2C, 2D, 2E, 2F, 30, 31, 32, 33, 34, 35, 36, 37, 38, 39, 3A, 3B, 3C, 3D, 3E, 3F, 40, 41, 42, 43, 44, 45, 46, 47, 48, 49, 4A, 4B, 4C, 4D, 4E, 4F, 50, 51, 52, 53, 54, 55, 56, 57, 58, 59, 5A, 5B, 5C, 5D, 5E, 5F, 60, 61, 62, 63, 64, 65, 66, 67, 68, 69, 6A, 6B, 6C, 6D, 6E, 6F, 70, 71)
Expected:
(13, 14, 15, 16, 17, 18, 19, 1A, 1B, 1C, 1D, 1E, 1F, 20, 21, 22, 23, 24, 25, 26, 27, 28, 29, 2A, 2B, 2C, 2D, 2E, 2F, 30, 31, 32, 33, 34, 35, 36, 37, 38, 39, 3A, 3B, 3C, 3D, 3E, 3F, 40, 41, 42, 43, 44, 45, 46, 47, 48, 49, 4A, 4B, 4C, 4D, 4E, 4F, 50, 51, AD, 53, 54, 55, 56, 57, 58, 59, 5A, 5B, 5C, 5D, 5E, 5F, 60, 61, 62, 63, 64, 65, 66, 67, 68, 69, 6A, 6B, 6C, 6D, 6E, 6F, 70, 71)

Summary of errors in expected transaction. Failed in: 
8 data bits.
0 tuser bits.
0 tstrb bits.
0 tid bits.
0 tdest bits.

%%  37605 ns    Log    ID_PACKET_INITIATE  AXISTREAM_VVC,1     axistream_expect(95 words[8b]) while executing axistream_receive=> Receive packet. ' 'expect,   tuser wrong ,i=19'  [492]'
%%  37825 ns    Log    ID_PACKET_INITIATE  AXISTREAM_VVC,0     axistream_transmit(24 words[8b])=> ' 'transmit,i=20'  [493]'
%% 37842.5 ns    Alert  WARNING             AXISTREAM_VVC,1     
axistream_expect(95 words[8b])=> Failed in 1 tuser bits. First mismatch in word# 17. Was x"1". Expected x"0". ' 'expect,   tuser wrong ,i=19'  [492]'
Was:
(1, 0, 1, 0, 1, 0, 1, 0, 1, 0, 1, 0, 1, 0, 1, 0, 1, 0, 1, 0, 1, 0, 1, 0)
Expected:
(1, 0, 1, 0, 1, 0, 1, 0, 1, 0, 1, 0, 1, 0, 1, 0, 0, 0, 1, 0, 1, 0, 1, 0)

Summary of errors in expected transaction. Failed in: 
0 data bits.
1 tuser bits.
0 tstrb bits.
0 tid bits.
0 tdest bits.

%%  37845 ns    Log    ID_PACKET_INITIATE  AXISTREAM_VVC,1     axistream_expect(24 words[8b]) while executing axistream_receive=> Receive packet. ' 'expect,  i=20'  [494]'
%%  37885 ns    Log    ID_PACKET_INITIATE  AXISTREAM_VVC,0     axistream_transmit(24 words[8b])=> ' 'transmit, tuser set,i=20'  [495]'
%% 37902.5 ns    Log    ID_PACKET_COMPLETE  AXISTREAM_VVC,1     axistream_expect(24 words[8b])=> OK, received 24 words[8b]). ' 'expect,  i=20'  [494]'
%%  37905 ns    Log    ID_PACKET_INITIATE  AXISTREAM_VVC,1     axistream_expect(24 words[8b]) while executing axistream_receive=> Receive packet. ' 'expect,   tuser set,i=20'  [496]'
%%  37945 ns    Log    ID_PACKET_INITIATE  AXISTREAM_VVC,0     axistream_transmit(24 words[8b])=> ' 'transmit before receive, Check that tuser is fetched correctly,i=20'  [497]'
%% 37962.5 ns    Log    ID_PACKET_COMPLETE  AXISTREAM_VVC,1     axistream_expect(24 words[8b])=> OK, received 24 words[8b]). ' 'expect,   tuser set,i=20'  [496]'
%%  37965 ns    Log    ID_PACKET_INITIATE  AXISTREAM_VVC,1     axistream_receive()=> Receive packet. ' 'test axistream_receive / fetch_result (with tuser) '  [498]'
%% 38022.5 ns    Log    ID_PACKET_COMPLETE  AXISTREAM_VVC,1     axistream_receive()=> Rx DONE (24 words[8b]). ' 'test axistream_receive / fetch_result (with tuser) '  [498]'
%%  38025 ns    Log    ID_PACKET_INITIATE  AXISTREAM_VVC,0     axistream_transmit(24 words[8b])=> ' 'transmit, data wrong ,i=20'  [502]'
%%  38025 ns    Log    ID_PACKET_INITIATE  AXISTREAM_VVC,1     axistream_expect(24 words[8b]) while executing axistream_receive=> Receive packet. ' 'expect,   data wrong ,i=20'  [503]'
%%  38085 ns    Log    ID_PACKET_INITIATE  AXISTREAM_VVC,0     axistream_transmit(24 words[8b])=> ' 'transmit, tuser wrong ,i=20'  [504]'
%% 38102.5 ns    Alert  WARNING             AXISTREAM_VVC,1     
axistream_expect(24 words[8b])=> Failed in 8 data bits. First mismatch in word# 10. Was x"1D". Expected x"E2". ' 'expect,   data wrong ,i=20'  [503]'
Was:
(14, 15, 16, 17, 18, 19, 1A, 1B, 1C, 1D, 1E, 1F, 20, 21, 22, 23, 24, 25, 26, 27, 28, 29, 2A, 2B)
Expected:
(14, 15, 16, 17, 18, 19, 1A, 1B, 1C, E2, 1E, 1F, 20, 21, 22, 23, 24, 25, 26, 27, 28, 29, 2A, 2B)

Summary of errors in expected transaction. Failed in: 
8 data bits.
0 tuser bits.
0 tstrb bits.
0 tid bits.
0 tdest bits.

%%  38105 ns    Log    ID_PACKET_INITIATE  AXISTREAM_VVC,1     axistream_expect(24 words[8b]) while executing axistream_receive=> Receive packet. ' 'expect,   tuser wrong ,i=20'  [505]'
%% 38162.5 ns    Alert  WARNING             AXISTREAM_VVC,1     
axistream_expect(24 words[8b])=> Failed in 1 tuser bits. First mismatch in word# 4. Was x"1". Expected x"0". ' 'expect,   tuser wrong ,i=20'  [505]'
Was:
(0, 1, 0, 1, 0, 1)
Expected:
(0, 1, 0, 0, 0, 1)

Summary of errors in expected transaction. Failed in: 
0 data bits.
1 tuser bits.
0 tstrb bits.
0 tid bits.
0 tdest bits.

%% 
%% ============================================================================================================================================================================
%%  *** INTERMEDIATE SUMMARY OF ALL ALERTS ***
%% ============================================================================================================================================================================
%% 38162.5 ns    DONE   PASSED   axistream_vvc_tb  Passed: 2  Affirmations Checked: 422
%%    Expected      Failures: 0  Errors: 0  Warnings: -92  Passed: 0
%%    VHDL Asserts  Failures: 0  Errors: 0  Warnings: 0  Passed: 0
%%    Default       Failures: 0  Errors: 0  Warnings: 92  Passed: 0
%%    OSVVM         Failures: 0  Errors: 0  Warnings: 0  Passed: 0
%% ============================================================================================================================================================================
%% 
%%  38165 ns    Log    ID_PACKET_INITIATE  AXISTREAM_VVC,0     axistream_transmit(47 words[8b])=> ' 'transmit,i=1'  [508]'
%%  38165 ns    Log    ID_PACKET_INITIATE  AXISTREAM_VVC,1     axistream_expect(47 words[8b]) while executing axistream_receive=> Receive packet. ' 'expect,  i=1'  [509]'
%%  38295 ns    Log    ID_PACKET_INITIATE  AXISTREAM_VVC,0     axistream_transmit(47 words[8b])=> ' 'transmit, tuser set,i=1'  [510]'
%% 38302.5 ns    Log    ID_PACKET_COMPLETE  AXISTREAM_VVC,1     axistream_expect(47 words[8b])=> OK, received 47 words[8b]). ' 'expect,  i=1'  [509]'
%%  38305 ns    Log    ID_PACKET_INITIATE  AXISTREAM_VVC,1     axistream_expect(47 words[8b]) while executing axistream_receive=> Receive packet. ' 'expect,   tuser set,i=1'  [511]'
%%  38425 ns    Log    ID_PACKET_INITIATE  AXISTREAM_VVC,0     axistream_transmit(47 words[8b])=> ' 'transmit before receive, Check that tuser is fetched correctly,i=1'  [512]'
%% 38432.5 ns    Log    ID_PACKET_COMPLETE  AXISTREAM_VVC,1     axistream_expect(47 words[8b])=> OK, received 47 words[8b]). ' 'expect,   tuser set,i=1'  [511]'
%%  38435 ns    Log    ID_PACKET_INITIATE  AXISTREAM_VVC,1     axistream_receive()=> Receive packet. ' 'test axistream_receive / fetch_result (with tuser) '  [513]'
%% 38562.5 ns    Log    ID_PACKET_COMPLETE  AXISTREAM_VVC,1     axistream_receive()=> Rx DONE (47 words[8b]). ' 'test axistream_receive / fetch_result (with tuser) '  [513]'
%%  38565 ns    Log    ID_PACKET_INITIATE  AXISTREAM_VVC,0     axistream_transmit(47 words[8b])=> ' 'transmit, data wrong ,i=1'  [517]'
%%  38565 ns    Log    ID_PACKET_INITIATE  AXISTREAM_VVC,1     axistream_expect(47 words[8b]) while executing axistream_receive=> Receive packet. ' 'expect,   data wrong ,i=1'  [518]'
%%  38695 ns    Log    ID_PACKET_INITIATE  AXISTREAM_VVC,0     axistream_transmit(47 words[8b])=> ' 'transmit, tuser wrong ,i=1'  [519]'
%% 38702.5 ns    Alert  WARNING             AXISTREAM_VVC,1     
axistream_expect(47 words[8b])=> Failed in 8 data bits. First mismatch in word# 36. Was x"24". Expected x"DB". ' 'expect,   data wrong ,i=1'  [518]'
Was:
(01, 02, 03, 04, 05, 06, 07, 08, 09, 0A, 0B, 0C, 0D, 0E, 0F, 10, 11, 12, 13, 14, 15, 16, 17, 18, 19, 1A, 1B, 1C, 1D, 1E, 1F, 20, 21, 22, 23, 24, 25, 26, 27, 28, 29, 2A, 2B, 2C, 2D, 2E, 2F)
Expected:
(01, 02, 03, 04, 05, 06, 07, 08, 09, 0A, 0B, 0C, 0D, 0E, 0F, 10, 11, 12, 13, 14, 15, 16, 17, 18, 19, 1A, 1B, 1C, 1D, 1E, 1F, 20, 21, 22, 23, DB, 25, 26, 27, 28, 29, 2A, 2B, 2C, 2D, 2E, 2F)

Summary of errors in expected transaction. Failed in: 
8 data bits.
0 tuser bits.
0 tstrb bits.
0 tid bits.
0 tdest bits.

%%  38705 ns    Log    ID_PACKET_INITIATE  AXISTREAM_VVC,1     axistream_expect(47 words[8b]) while executing axistream_receive=> Receive packet. ' 'expect,   tuser wrong ,i=1'  [520]'
%%  38825 ns    Log    ID_PACKET_INITIATE  AXISTREAM_VVC,0     axistream_transmit(59 words[8b])=> ' 'transmit,i=2'  [521]'
%% 38832.5 ns    Alert  WARNING             AXISTREAM_VVC,1     
axistream_expect(47 words[8b])=> Failed in 1 tuser bits. First mismatch in word# 2. Was x"0". Expected x"1". ' 'expect,   tuser wrong ,i=1'  [520]'
Was:
(1, 0, 1, 0, 1, 0, 1, 0, 1, 0, 1, 0)
Expected:
(1, 1, 1, 0, 1, 0, 1, 0, 1, 0, 1, 0)

Summary of errors in expected transaction. Failed in: 
0 data bits.
1 tuser bits.
0 tstrb bits.
0 tid bits.
0 tdest bits.

%%  38835 ns    Log    ID_PACKET_INITIATE  AXISTREAM_VVC,1     axistream_expect(59 words[8b]) while executing axistream_receive=> Receive packet. ' 'expect,  i=2'  [522]'
%%  38985 ns    Log    ID_PACKET_INITIATE  AXISTREAM_VVC,0     axistream_transmit(59 words[8b])=> ' 'transmit, tuser set,i=2'  [523]'
%% 38992.5 ns    Log    ID_PACKET_COMPLETE  AXISTREAM_VVC,1     axistream_expect(59 words[8b])=> OK, received 59 words[8b]). ' 'expect,  i=2'  [522]'
%%  38995 ns    Log    ID_PACKET_INITIATE  AXISTREAM_VVC,1     axistream_expect(59 words[8b]) while executing axistream_receive=> Receive packet. ' 'expect,   tuser set,i=2'  [524]'
%%  39145 ns    Log    ID_PACKET_INITIATE  AXISTREAM_VVC,0     axistream_transmit(59 words[8b])=> ' 'transmit before receive, Check that tuser is fetched correctly,i=2'  [525]'
%% 39152.5 ns    Log    ID_PACKET_COMPLETE  AXISTREAM_VVC,1     axistream_expect(59 words[8b])=> OK, received 59 words[8b]). ' 'expect,   tuser set,i=2'  [524]'
%%  39155 ns    Log    ID_PACKET_INITIATE  AXISTREAM_VVC,1     axistream_receive()=> Receive packet. ' 'test axistream_receive / fetch_result (with tuser) '  [526]'
%% 39312.5 ns    Log    ID_PACKET_COMPLETE  AXISTREAM_VVC,1     axistream_receive()=> Rx DONE (59 words[8b]). ' 'test axistream_receive / fetch_result (with tuser) '  [526]'
%%  39315 ns    Log    ID_PACKET_INITIATE  AXISTREAM_VVC,0     axistream_transmit(59 words[8b])=> ' 'transmit, data wrong ,i=2'  [530]'
%%  39315 ns    Log    ID_PACKET_INITIATE  AXISTREAM_VVC,1     axistream_expect(59 words[8b]) while executing axistream_receive=> Receive packet. ' 'expect,   data wrong ,i=2'  [531]'
%%  39475 ns    Log    ID_PACKET_INITIATE  AXISTREAM_VVC,0     axistream_transmit(59 words[8b])=> ' 'transmit, tuser wrong ,i=2'  [532]'
%% 39482.5 ns    Alert  WARNING             AXISTREAM_VVC,1     
axistream_expect(59 words[8b])=> Failed in 8 data bits. First mismatch in word# 16. Was x"11". Expected x"EE". ' 'expect,   data wrong ,i=2'  [531]'
Was:
(02, 03, 04, 05, 06, 07, 08, 09, 0A, 0B, 0C, 0D, 0E, 0F, 10, 11, 12, 13, 14, 15, 16, 17, 18, 19, 1A, 1B, 1C, 1D, 1E, 1F, 20, 21, 22, 23, 24, 25, 26, 27, 28, 29, 2A, 2B, 2C, 2D, 2E, 2F, 30, 31, 32, 33, 34, 35, 36, 37, 38, 39, 3A, 3B, 3C)
Expected:
(02, 03, 04, 05, 06, 07, 08, 09, 0A, 0B, 0C, 0D, 0E, 0F, 10, EE, 12, 13, 14, 15, 16, 17, 18, 19, 1A, 1B, 1C, 1D, 1E, 1F, 20, 21, 22, 23, 24, 25, 26, 27, 28, 29, 2A, 2B, 2C, 2D, 2E, 2F, 30, 31, 32, 33, 34, 35, 36, 37, 38, 39, 3A, 3B, 3C)

Summary of errors in expected transaction. Failed in: 
8 data bits.
0 tuser bits.
0 tstrb bits.
0 tid bits.
0 tdest bits.

%%  39485 ns    Log    ID_PACKET_INITIATE  AXISTREAM_VVC,1     axistream_expect(59 words[8b]) while executing axistream_receive=> Receive packet. ' 'expect,   tuser wrong ,i=2'  [533]'
%%  39635 ns    Log    ID_PACKET_INITIATE  AXISTREAM_VVC,0     axistream_transmit(25 words[8b])=> ' 'transmit,i=3'  [534]'
%% 39642.5 ns    Alert  WARNING             AXISTREAM_VVC,1     
axistream_expect(59 words[8b])=> Failed in 1 tuser bits. First mismatch in word# 7. Was x"0". Expected x"1". ' 'expect,   tuser wrong ,i=2'  [533]'
Was:
(0, 1, 0, 1, 0, 1, 0, 1, 0, 1, 0, 1, 0, 1, 0)
Expected:
(0, 1, 0, 1, 0, 1, 1, 1, 0, 1, 0, 1, 0, 1, 0)

Summary of errors in expected transaction. Failed in: 
0 data bits.
1 tuser bits.
0 tstrb bits.
0 tid bits.
0 tdest bits.

%%  39645 ns    Log    ID_PACKET_INITIATE  AXISTREAM_VVC,1     axistream_expect(25 words[8b]) while executing axistream_receive=> Receive packet. ' 'expect,  i=3'  [535]'
%%  39715 ns    Log    ID_PACKET_INITIATE  AXISTREAM_VVC,0     axistream_transmit(25 words[8b])=> ' 'transmit, tuser set,i=3'  [536]'
%% 39722.5 ns    Log    ID_PACKET_COMPLETE  AXISTREAM_VVC,1     axistream_expect(25 words[8b])=> OK, received 25 words[8b]). ' 'expect,  i=3'  [535]'
%%  39725 ns    Log    ID_PACKET_INITIATE  AXISTREAM_VVC,1     axistream_expect(25 words[8b]) while executing axistream_receive=> Receive packet. ' 'expect,   tuser set,i=3'  [537]'
%%  39795 ns    Log    ID_PACKET_INITIATE  AXISTREAM_VVC,0     axistream_transmit(25 words[8b])=> ' 'transmit before receive, Check that tuser is fetched correctly,i=3'  [538]'
%% 39802.5 ns    Log    ID_PACKET_COMPLETE  AXISTREAM_VVC,1     axistream_expect(25 words[8b])=> OK, received 25 words[8b]). ' 'expect,   tuser set,i=3'  [537]'
%%  39805 ns    Log    ID_PACKET_INITIATE  AXISTREAM_VVC,1     axistream_receive()=> Receive packet. ' 'test axistream_receive / fetch_result (with tuser) '  [539]'
%% 39882.5 ns    Log    ID_PACKET_COMPLETE  AXISTREAM_VVC,1     axistream_receive()=> Rx DONE (25 words[8b]). ' 'test axistream_receive / fetch_result (with tuser) '  [539]'
%%  39885 ns    Log    ID_PACKET_INITIATE  AXISTREAM_VVC,0     axistream_transmit(25 words[8b])=> ' 'transmit, data wrong ,i=3'  [543]'
%%  39885 ns    Log    ID_PACKET_INITIATE  AXISTREAM_VVC,1     axistream_expect(25 words[8b]) while executing axistream_receive=> Receive packet. ' 'expect,   data wrong ,i=3'  [544]'
%%  39965 ns    Log    ID_PACKET_INITIATE  AXISTREAM_VVC,0     axistream_transmit(25 words[8b])=> ' 'transmit, tuser wrong ,i=3'  [545]'
%% 39972.5 ns    Alert  WARNING             AXISTREAM_VVC,1     
axistream_expect(25 words[8b])=> Failed in 8 data bits. First mismatch in word# 13. Was x"0F". Expected x"F0". ' 'expect,   data wrong ,i=3'  [544]'
Was:
(03, 04, 05, 06, 07, 08, 09, 0A, 0B, 0C, 0D, 0E, 0F, 10, 11, 12, 13, 14, 15, 16, 17, 18, 19, 1A, 1B)
Expected:
(03, 04, 05, 06, 07, 08, 09, 0A, 0B, 0C, 0D, 0E, F0, 10, 11, 12, 13, 14, 15, 16, 17, 18, 19, 1A, 1B)

Summary of errors in expected transaction. Failed in: 
8 data bits.
0 tuser bits.
0 tstrb bits.
0 tid bits.
0 tdest bits.

%%  39975 ns    Log    ID_PACKET_INITIATE  AXISTREAM_VVC,1     axistream_expect(25 words[8b]) while executing axistream_receive=> Receive packet. ' 'expect,   tuser wrong ,i=3'  [546]'
%%  40045 ns    Log    ID_PACKET_INITIATE  AXISTREAM_VVC,0     axistream_transmit(96 words[8b])=> ' 'transmit,i=4'  [547]'
%% 40052.5 ns    Alert  WARNING             AXISTREAM_VVC,1     
axistream_expect(25 words[8b])=> Failed in 1 tuser bits. First mismatch in word# 7. Was x"1". Expected x"0". ' 'expect,   tuser wrong ,i=3'  [546]'
Was:
(1, 0, 1, 0, 1, 0, 1)
Expected:
(1, 0, 1, 0, 1, 0, 0)

Summary of errors in expected transaction. Failed in: 
0 data bits.
1 tuser bits.
0 tstrb bits.
0 tid bits.
0 tdest bits.

%%  40055 ns    Log    ID_PACKET_INITIATE  AXISTREAM_VVC,1     axistream_expect(96 words[8b]) while executing axistream_receive=> Receive packet. ' 'expect,  i=4'  [548]'
%%  40295 ns    Log    ID_PACKET_INITIATE  AXISTREAM_VVC,0     axistream_transmit(96 words[8b])=> ' 'transmit, tuser set,i=4'  [549]'
%% 40302.5 ns    Log    ID_PACKET_COMPLETE  AXISTREAM_VVC,1     axistream_expect(96 words[8b])=> OK, received 96 words[8b]). ' 'expect,  i=4'  [548]'
%%  40305 ns    Log    ID_PACKET_INITIATE  AXISTREAM_VVC,1     axistream_expect(96 words[8b]) while executing axistream_receive=> Receive packet. ' 'expect,   tuser set,i=4'  [550]'
%%  40545 ns    Log    ID_PACKET_INITIATE  AXISTREAM_VVC,0     axistream_transmit(96 words[8b])=> ' 'transmit before receive, Check that tuser is fetched correctly,i=4'  [551]'
%% 40552.5 ns    Log    ID_PACKET_COMPLETE  AXISTREAM_VVC,1     axistream_expect(96 words[8b])=> OK, received 96 words[8b]). ' 'expect,   tuser set,i=4'  [550]'
%%  40555 ns    Log    ID_PACKET_INITIATE  AXISTREAM_VVC,1     axistream_receive()=> Receive packet. ' 'test axistream_receive / fetch_result (with tuser) '  [552]'
%% 40802.5 ns    Log    ID_PACKET_COMPLETE  AXISTREAM_VVC,1     axistream_receive()=> Rx DONE (96 words[8b]). ' 'test axistream_receive / fetch_result (with tuser) '  [552]'
%%  40805 ns    Log    ID_PACKET_INITIATE  AXISTREAM_VVC,0     axistream_transmit(96 words[8b])=> ' 'transmit, data wrong ,i=4'  [556]'
%%  40805 ns    Log    ID_PACKET_INITIATE  AXISTREAM_VVC,1     axistream_expect(96 words[8b]) while executing axistream_receive=> Receive packet. ' 'expect,   data wrong ,i=4'  [557]'
%%  41055 ns    Log    ID_PACKET_INITIATE  AXISTREAM_VVC,0     axistream_transmit(96 words[8b])=> ' 'transmit, tuser wrong ,i=4'  [558]'
%% 41062.5 ns    Alert  WARNING             AXISTREAM_VVC,1     
axistream_expect(96 words[8b])=> Failed in 8 data bits. First mismatch in word# 66. Was x"45". Expected x"BA". ' 'expect,   data wrong ,i=4'  [557]'
Was:
(04, 05, 06, 07, 08, 09, 0A, 0B, 0C, 0D, 0E, 0F, 10, 11, 12, 13, 14, 15, 16, 17, 18, 19, 1A, 1B, 1C, 1D, 1E, 1F, 20, 21, 22, 23, 24, 25, 26, 27, 28, 29, 2A, 2B, 2C, 2D, 2E, 2F, 30, 31, 32, 33, 34, 35, 36, 37, 38, 39, 3A, 3B, 3C, 3D, 3E, 3F, 40, 41, 42, 43, 44, 45, 46, 47, 48, 49, 4A, 4B, 4C, 4D, 4E, 4F, 50, 51, 52, 53, 54, 55, 56, 57, 58, 59, 5A, 5B, 5C, 5D, 5E, 5F, 60, 61, 62, 63)
Expected:
(04, 05, 06, 07, 08, 09, 0A, 0B, 0C, 0D, 0E, 0F, 10, 11, 12, 13, 14, 15, 16, 17, 18, 19, 1A, 1B, 1C, 1D, 1E, 1F, 20, 21, 22, 23, 24, 25, 26, 27, 28, 29, 2A, 2B, 2C, 2D, 2E, 2F, 30, 31, 32, 33, 34, 35, 36, 37, 38, 39, 3A, 3B, 3C, 3D, 3E, 3F, 40, 41, 42, 43, 44, BA, 46, 47, 48, 49, 4A, 4B, 4C, 4D, 4E, 4F, 50, 51, 52, 53, 54, 55, 56, 57, 58, 59, 5A, 5B, 5C, 5D, 5E, 5F, 60, 61, 62, 63)

Summary of errors in expected transaction. Failed in: 
8 data bits.
0 tuser bits.
0 tstrb bits.
0 tid bits.
0 tdest bits.

%%  41065 ns    Log    ID_PACKET_INITIATE  AXISTREAM_VVC,1     axistream_expect(96 words[8b]) while executing axistream_receive=> Receive packet. ' 'expect,   tuser wrong ,i=4'  [559]'
%%  41305 ns    Log    ID_PACKET_INITIATE  AXISTREAM_VVC,0     axistream_transmit(68 words[8b])=> ' 'transmit,i=5'  [560]'
%% 41312.5 ns    Alert  WARNING             AXISTREAM_VVC,1     
axistream_expect(96 words[8b])=> Failed in 1 tuser bits. First mismatch in word# 19. Was x"0". Expected x"1". ' 'expect,   tuser wrong ,i=4'  [559]'
Was:
(0, 1, 0, 1, 0, 1, 0, 1, 0, 1, 0, 1, 0, 1, 0, 1, 0, 1, 0, 1, 0, 1, 0, 1)
Expected:
(0, 1, 0, 1, 0, 1, 0, 1, 0, 1, 0, 1, 0, 1, 0, 1, 0, 1, 1, 1, 0, 1, 0, 1)

Summary of errors in expected transaction. Failed in: 
0 data bits.
1 tuser bits.
0 tstrb bits.
0 tid bits.
0 tdest bits.

%%  41315 ns    Log    ID_PACKET_INITIATE  AXISTREAM_VVC,1     axistream_expect(68 words[8b]) while executing axistream_receive=> Receive packet. ' 'expect,  i=5'  [561]'
%%  41485 ns    Log    ID_PACKET_INITIATE  AXISTREAM_VVC,0     axistream_transmit(68 words[8b])=> ' 'transmit, tuser set,i=5'  [562]'
%% 41492.5 ns    Log    ID_PACKET_COMPLETE  AXISTREAM_VVC,1     axistream_expect(68 words[8b])=> OK, received 68 words[8b]). ' 'expect,  i=5'  [561]'
%%  41495 ns    Log    ID_PACKET_INITIATE  AXISTREAM_VVC,1     axistream_expect(68 words[8b]) while executing axistream_receive=> Receive packet. ' 'expect,   tuser set,i=5'  [563]'
%%  41665 ns    Log    ID_PACKET_INITIATE  AXISTREAM_VVC,0     axistream_transmit(68 words[8b])=> ' 'transmit before receive, Check that tuser is fetched correctly,i=5'  [564]'
%% 41672.5 ns    Log    ID_PACKET_COMPLETE  AXISTREAM_VVC,1     axistream_expect(68 words[8b])=> OK, received 68 words[8b]). ' 'expect,   tuser set,i=5'  [563]'
%%  41675 ns    Log    ID_PACKET_INITIATE  AXISTREAM_VVC,1     axistream_receive()=> Receive packet. ' 'test axistream_receive / fetch_result (with tuser) '  [565]'
%% 41852.5 ns    Log    ID_PACKET_COMPLETE  AXISTREAM_VVC,1     axistream_receive()=> Rx DONE (68 words[8b]). ' 'test axistream_receive / fetch_result (with tuser) '  [565]'
%%  41855 ns    Log    ID_PACKET_INITIATE  AXISTREAM_VVC,0     axistream_transmit(68 words[8b])=> ' 'transmit, data wrong ,i=5'  [569]'
%%  41855 ns    Log    ID_PACKET_INITIATE  AXISTREAM_VVC,1     axistream_expect(68 words[8b]) while executing axistream_receive=> Receive packet. ' 'expect,   data wrong ,i=5'  [570]'
%%  42035 ns    Log    ID_PACKET_INITIATE  AXISTREAM_VVC,0     axistream_transmit(68 words[8b])=> ' 'transmit, tuser wrong ,i=5'  [571]'
%% 42042.5 ns    Alert  WARNING             AXISTREAM_VVC,1     
axistream_expect(68 words[8b])=> Failed in 8 data bits. First mismatch in word# 37. Was x"29". Expected x"D6". ' 'expect,   data wrong ,i=5'  [570]'
Was:
(05, 06, 07, 08, 09, 0A, 0B, 0C, 0D, 0E, 0F, 10, 11, 12, 13, 14, 15, 16, 17, 18, 19, 1A, 1B, 1C, 1D, 1E, 1F, 20, 21, 22, 23, 24, 25, 26, 27, 28, 29, 2A, 2B, 2C, 2D, 2E, 2F, 30, 31, 32, 33, 34, 35, 36, 37, 38, 39, 3A, 3B, 3C, 3D, 3E, 3F, 40, 41, 42, 43, 44, 45, 46, 47, 48)
Expected:
(05, 06, 07, 08, 09, 0A, 0B, 0C, 0D, 0E, 0F, 10, 11, 12, 13, 14, 15, 16, 17, 18, 19, 1A, 1B, 1C, 1D, 1E, 1F, 20, 21, 22, 23, 24, 25, 26, 27, 28, D6, 2A, 2B, 2C, 2D, 2E, 2F, 30, 31, 32, 33, 34, 35, 36, 37, 38, 39, 3A, 3B, 3C, 3D, 3E, 3F, 40, 41, 42, 43, 44, 45, 46, 47, 48)

Summary of errors in expected transaction. Failed in: 
8 data bits.
0 tuser bits.
0 tstrb bits.
0 tid bits.
0 tdest bits.

%%  42045 ns    Log    ID_PACKET_INITIATE  AXISTREAM_VVC,1     axistream_expect(68 words[8b]) while executing axistream_receive=> Receive packet. ' 'expect,   tuser wrong ,i=5'  [572]'
%%  42215 ns    Log    ID_PACKET_INITIATE  AXISTREAM_VVC,0     axistream_transmit(55 words[8b])=> ' 'transmit,i=6'  [573]'
%% 42222.5 ns    Alert  WARNING             AXISTREAM_VVC,1     
axistream_expect(68 words[8b])=> Failed in 1 tuser bits. First mismatch in word# 2. Was x"0". Expected x"1". ' 'expect,   tuser wrong ,i=5'  [572]'
Was:
(1, 0, 1, 0, 1, 0, 1, 0, 1, 0, 1, 0, 1, 0, 1, 0, 1)
Expected:
(1, 1, 1, 0, 1, 0, 1, 0, 1, 0, 1, 0, 1, 0, 1, 0, 1)

Summary of errors in expected transaction. Failed in: 
0 data bits.
1 tuser bits.
0 tstrb bits.
0 tid bits.
0 tdest bits.

%%  42225 ns    Log    ID_PACKET_INITIATE  AXISTREAM_VVC,1     axistream_expect(55 words[8b]) while executing axistream_receive=> Receive packet. ' 'expect,  i=6'  [574]'
%%  42365 ns    Log    ID_PACKET_INITIATE  AXISTREAM_VVC,0     axistream_transmit(55 words[8b])=> ' 'transmit, tuser set,i=6'  [575]'
%% 42372.5 ns    Log    ID_PACKET_COMPLETE  AXISTREAM_VVC,1     axistream_expect(55 words[8b])=> OK, received 55 words[8b]). ' 'expect,  i=6'  [574]'
%%  42375 ns    Log    ID_PACKET_INITIATE  AXISTREAM_VVC,1     axistream_expect(55 words[8b]) while executing axistream_receive=> Receive packet. ' 'expect,   tuser set,i=6'  [576]'
%%  42515 ns    Log    ID_PACKET_INITIATE  AXISTREAM_VVC,0     axistream_transmit(55 words[8b])=> ' 'transmit before receive, Check that tuser is fetched correctly,i=6'  [577]'
%% 42522.5 ns    Log    ID_PACKET_COMPLETE  AXISTREAM_VVC,1     axistream_expect(55 words[8b])=> OK, received 55 words[8b]). ' 'expect,   tuser set,i=6'  [576]'
%%  42525 ns    Log    ID_PACKET_INITIATE  AXISTREAM_VVC,1     axistream_receive()=> Receive packet. ' 'test axistream_receive / fetch_result (with tuser) '  [578]'
%% 42672.5 ns    Log    ID_PACKET_COMPLETE  AXISTREAM_VVC,1     axistream_receive()=> Rx DONE (55 words[8b]). ' 'test axistream_receive / fetch_result (with tuser) '  [578]'
%%  42675 ns    Log    ID_PACKET_INITIATE  AXISTREAM_VVC,0     axistream_transmit(55 words[8b])=> ' 'transmit, data wrong ,i=6'  [582]'
%%  42675 ns    Log    ID_PACKET_INITIATE  AXISTREAM_VVC,1     axistream_expect(55 words[8b]) while executing axistream_receive=> Receive packet. ' 'expect,   data wrong ,i=6'  [583]'
%%  42825 ns    Log    ID_PACKET_INITIATE  AXISTREAM_VVC,0     axistream_transmit(55 words[8b])=> ' 'transmit, tuser wrong ,i=6'  [584]'
%% 42832.5 ns    Alert  WARNING             AXISTREAM_VVC,1     
axistream_expect(55 words[8b])=> Failed in 8 data bits. First mismatch in word# 37. Was x"2A". Expected x"D5". ' 'expect,   data wrong ,i=6'  [583]'
Was:
(06, 07, 08, 09, 0A, 0B, 0C, 0D, 0E, 0F, 10, 11, 12, 13, 14, 15, 16, 17, 18, 19, 1A, 1B, 1C, 1D, 1E, 1F, 20, 21, 22, 23, 24, 25, 26, 27, 28, 29, 2A, 2B, 2C, 2D, 2E, 2F, 30, 31, 32, 33, 34, 35, 36, 37, 38, 39, 3A, 3B, 3C)
Expected:
(06, 07, 08, 09, 0A, 0B, 0C, 0D, 0E, 0F, 10, 11, 12, 13, 14, 15, 16, 17, 18, 19, 1A, 1B, 1C, 1D, 1E, 1F, 20, 21, 22, 23, 24, 25, 26, 27, 28, 29, D5, 2B, 2C, 2D, 2E, 2F, 30, 31, 32, 33, 34, 35, 36, 37, 38, 39, 3A, 3B, 3C)

Summary of errors in expected transaction. Failed in: 
8 data bits.
0 tuser bits.
0 tstrb bits.
0 tid bits.
0 tdest bits.

%%  42835 ns    Log    ID_PACKET_INITIATE  AXISTREAM_VVC,1     axistream_expect(55 words[8b]) while executing axistream_receive=> Receive packet. ' 'expect,   tuser wrong ,i=6'  [585]'
%%  42975 ns    Log    ID_PACKET_INITIATE  AXISTREAM_VVC,0     axistream_transmit(93 words[8b])=> ' 'transmit,i=7'  [586]'
%% 42982.5 ns    Alert  WARNING             AXISTREAM_VVC,1     
axistream_expect(55 words[8b])=> Failed in 1 tuser bits. First mismatch in word# 12. Was x"1". Expected x"0". ' 'expect,   tuser wrong ,i=6'  [585]'
Was:
(0, 1, 0, 1, 0, 1, 0, 1, 0, 1, 0, 1, 0, 1)
Expected:
(0, 1, 0, 1, 0, 1, 0, 1, 0, 1, 0, 0, 0, 1)

Summary of errors in expected transaction. Failed in: 
0 data bits.
1 tuser bits.
0 tstrb bits.
0 tid bits.
0 tdest bits.

%%  42985 ns    Log    ID_PACKET_INITIATE  AXISTREAM_VVC,1     axistream_expect(93 words[8b]) while executing axistream_receive=> Receive packet. ' 'expect,  i=7'  [587]'
%%  43225 ns    Log    ID_PACKET_INITIATE  AXISTREAM_VVC,0     axistream_transmit(93 words[8b])=> ' 'transmit, tuser set,i=7'  [588]'
%% 43232.5 ns    Log    ID_PACKET_COMPLETE  AXISTREAM_VVC,1     axistream_expect(93 words[8b])=> OK, received 93 words[8b]). ' 'expect,  i=7'  [587]'
%%  43235 ns    Log    ID_PACKET_INITIATE  AXISTREAM_VVC,1     axistream_expect(93 words[8b]) while executing axistream_receive=> Receive packet. ' 'expect,   tuser set,i=7'  [589]'
%%  43475 ns    Log    ID_PACKET_INITIATE  AXISTREAM_VVC,0     axistream_transmit(93 words[8b])=> ' 'transmit before receive, Check that tuser is fetched correctly,i=7'  [590]'
%% 43482.5 ns    Log    ID_PACKET_COMPLETE  AXISTREAM_VVC,1     axistream_expect(93 words[8b])=> OK, received 93 words[8b]). ' 'expect,   tuser set,i=7'  [589]'
%%  43485 ns    Log    ID_PACKET_INITIATE  AXISTREAM_VVC,1     axistream_receive()=> Receive packet. ' 'test axistream_receive / fetch_result (with tuser) '  [591]'
%% 43732.5 ns    Log    ID_PACKET_COMPLETE  AXISTREAM_VVC,1     axistream_receive()=> Rx DONE (93 words[8b]). ' 'test axistream_receive / fetch_result (with tuser) '  [591]'
%%  43735 ns    Log    ID_PACKET_INITIATE  AXISTREAM_VVC,0     axistream_transmit(93 words[8b])=> ' 'transmit, data wrong ,i=7'  [595]'
%%  43735 ns    Log    ID_PACKET_INITIATE  AXISTREAM_VVC,1     axistream_expect(93 words[8b]) while executing axistream_receive=> Receive packet. ' 'expect,   data wrong ,i=7'  [596]'
%%  43985 ns    Log    ID_PACKET_INITIATE  AXISTREAM_VVC,0     axistream_transmit(93 words[8b])=> ' 'transmit, tuser wrong ,i=7'  [597]'
%% 43992.5 ns    Alert  WARNING             AXISTREAM_VVC,1     
axistream_expect(93 words[8b])=> Failed in 8 data bits. First mismatch in word# 41. Was x"2F". Expected x"D0". ' 'expect,   data wrong ,i=7'  [596]'
Was:
(07, 08, 09, 0A, 0B, 0C, 0D, 0E, 0F, 10, 11, 12, 13, 14, 15, 16, 17, 18, 19, 1A, 1B, 1C, 1D, 1E, 1F, 20, 21, 22, 23, 24, 25, 26, 27, 28, 29, 2A, 2B, 2C, 2D, 2E, 2F, 30, 31, 32, 33, 34, 35, 36, 37, 38, 39, 3A, 3B, 3C, 3D, 3E, 3F, 40, 41, 42, 43, 44, 45, 46, 47, 48, 49, 4A, 4B, 4C, 4D, 4E, 4F, 50, 51, 52, 53, 54, 55, 56, 57, 58, 59, 5A, 5B, 5C, 5D, 5E, 5F, 60, 61, 62, 63)
Expected:
(07, 08, 09, 0A, 0B, 0C, 0D, 0E, 0F, 10, 11, 12, 13, 14, 15, 16, 17, 18, 19, 1A, 1B, 1C, 1D, 1E, 1F, 20, 21, 22, 23, 24, 25, 26, 27, 28, 29, 2A, 2B, 2C, 2D, 2E, D0, 30, 31, 32, 33, 34, 35, 36, 37, 38, 39, 3A, 3B, 3C, 3D, 3E, 3F, 40, 41, 42, 43, 44, 45, 46, 47, 48, 49, 4A, 4B, 4C, 4D, 4E, 4F, 50, 51, 52, 53, 54, 55, 56, 57, 58, 59, 5A, 5B, 5C, 5D, 5E, 5F, 60, 61, 62, 63)

Summary of errors in expected transaction. Failed in: 
8 data bits.
0 tuser bits.
0 tstrb bits.
0 tid bits.
0 tdest bits.

%%  43995 ns    Log    ID_PACKET_INITIATE  AXISTREAM_VVC,1     axistream_expect(93 words[8b]) while executing axistream_receive=> Receive packet. ' 'expect,   tuser wrong ,i=7'  [598]'
%%  44235 ns    Log    ID_PACKET_INITIATE  AXISTREAM_VVC,0     axistream_transmit(29 words[8b])=> ' 'transmit,i=8'  [599]'
%% 44242.5 ns    Alert  WARNING             AXISTREAM_VVC,1     
axistream_expect(93 words[8b])=> Failed in 1 tuser bits. First mismatch in word# 14. Was x"0". Expected x"1". ' 'expect,   tuser wrong ,i=7'  [598]'
Was:
(1, 0, 1, 0, 1, 0, 1, 0, 1, 0, 1, 0, 1, 0, 1, 0, 1, 0, 1, 0, 1, 0, 1, 0)
Expected:
(1, 0, 1, 0, 1, 0, 1, 0, 1, 0, 1, 0, 1, 1, 1, 0, 1, 0, 1, 0, 1, 0, 1, 0)

Summary of errors in expected transaction. Failed in: 
0 data bits.
1 tuser bits.
0 tstrb bits.
0 tid bits.
0 tdest bits.

%%  44245 ns    Log    ID_PACKET_INITIATE  AXISTREAM_VVC,1     axistream_expect(29 words[8b]) while executing axistream_receive=> Receive packet. ' 'expect,  i=8'  [600]'
%%  44325 ns    Log    ID_PACKET_INITIATE  AXISTREAM_VVC,0     axistream_transmit(29 words[8b])=> ' 'transmit, tuser set,i=8'  [601]'
%% 44332.5 ns    Log    ID_PACKET_COMPLETE  AXISTREAM_VVC,1     axistream_expect(29 words[8b])=> OK, received 29 words[8b]). ' 'expect,  i=8'  [600]'
%%  44335 ns    Log    ID_PACKET_INITIATE  AXISTREAM_VVC,1     axistream_expect(29 words[8b]) while executing axistream_receive=> Receive packet. ' 'expect,   tuser set,i=8'  [602]'
%%  44415 ns    Log    ID_PACKET_INITIATE  AXISTREAM_VVC,0     axistream_transmit(29 words[8b])=> ' 'transmit before receive, Check that tuser is fetched correctly,i=8'  [603]'
%% 44422.5 ns    Log    ID_PACKET_COMPLETE  AXISTREAM_VVC,1     axistream_expect(29 words[8b])=> OK, received 29 words[8b]). ' 'expect,   tuser set,i=8'  [602]'
%%  44425 ns    Log    ID_PACKET_INITIATE  AXISTREAM_VVC,1     axistream_receive()=> Receive packet. ' 'test axistream_receive / fetch_result (with tuser) '  [604]'
%% 44512.5 ns    Log    ID_PACKET_COMPLETE  AXISTREAM_VVC,1     axistream_receive()=> Rx DONE (29 words[8b]). ' 'test axistream_receive / fetch_result (with tuser) '  [604]'
%%  44515 ns    Log    ID_PACKET_INITIATE  AXISTREAM_VVC,0     axistream_transmit(29 words[8b])=> ' 'transmit, data wrong ,i=8'  [608]'
%%  44515 ns    Log    ID_PACKET_INITIATE  AXISTREAM_VVC,1     axistream_expect(29 words[8b]) while executing axistream_receive=> Receive packet. ' 'expect,   data wrong ,i=8'  [609]'
%%  44605 ns    Log    ID_PACKET_INITIATE  AXISTREAM_VVC,0     axistream_transmit(29 words[8b])=> ' 'transmit, tuser wrong ,i=8'  [610]'
%% 44612.5 ns    Alert  WARNING             AXISTREAM_VVC,1     
axistream_expect(29 words[8b])=> Failed in 8 data bits. First mismatch in word# 27. Was x"22". Expected x"DD". ' 'expect,   data wrong ,i=8'  [609]'
Was:
(08, 09, 0A, 0B, 0C, 0D, 0E, 0F, 10, 11, 12, 13, 14, 15, 16, 17, 18, 19, 1A, 1B, 1C, 1D, 1E, 1F, 20, 21, 22, 23, 24)
Expected:
(08, 09, 0A, 0B, 0C, 0D, 0E, 0F, 10, 11, 12, 13, 14, 15, 16, 17, 18, 19, 1A, 1B, 1C, 1D, 1E, 1F, 20, 21, DD, 23, 24)

Summary of errors in expected transaction. Failed in: 
8 data bits.
0 tuser bits.
0 tstrb bits.
0 tid bits.
0 tdest bits.

%%  44615 ns    Log    ID_PACKET_INITIATE  AXISTREAM_VVC,1     axistream_expect(29 words[8b]) while executing axistream_receive=> Receive packet. ' 'expect,   tuser wrong ,i=8'  [611]'
%%  44695 ns    Log    ID_PACKET_INITIATE  AXISTREAM_VVC,0     axistream_transmit(3 words[8b])=> ' 'transmit,i=9'  [612]'
%% 44702.5 ns    Alert  WARNING             AXISTREAM_VVC,1     
axistream_expect(29 words[8b])=> Failed in 1 tuser bits. First mismatch in word# 2. Was x"1". Expected x"0". ' 'expect,   tuser wrong ,i=8'  [611]'
Was:
(0, 1, 0, 1, 0, 1, 0, 1)
Expected:
(0, 0, 0, 1, 0, 1, 0, 1)

Summary of errors in expected transaction. Failed in: 
0 data bits.
1 tuser bits.
0 tstrb bits.
0 tid bits.
0 tdest bits.

%%  44705 ns    Log    ID_PACKET_INITIATE  AXISTREAM_VVC,1     axistream_expect(3 words[8b]) while executing axistream_receive=> Receive packet. ' 'expect,  i=9'  [613]'
%%  44715 ns    Log    ID_PACKET_INITIATE  AXISTREAM_VVC,0     axistream_transmit(3 words[8b])=> ' 'transmit, tuser set,i=9'  [614]'
%% 44722.5 ns    Log    ID_PACKET_COMPLETE  AXISTREAM_VVC,1     axistream_expect(3 words[8b])=> OK, received 3 words[8b]). ' 'expect,  i=9'  [613]'
%%  44725 ns    Log    ID_PACKET_INITIATE  AXISTREAM_VVC,1     axistream_expect(3 words[8b]) while executing axistream_receive=> Receive packet. ' 'expect,   tuser set,i=9'  [615]'
%%  44735 ns    Log    ID_PACKET_INITIATE  AXISTREAM_VVC,0     axistream_transmit(3 words[8b])=> ' 'transmit before receive, Check that tuser is fetched correctly,i=9'  [616]'
%% 44742.5 ns    Log    ID_PACKET_COMPLETE  AXISTREAM_VVC,1     axistream_expect(3 words[8b])=> OK, received 3 words[8b]). ' 'expect,   tuser set,i=9'  [615]'
%%  44745 ns    Log    ID_PACKET_INITIATE  AXISTREAM_VVC,1     axistream_receive()=> Receive packet. ' 'test axistream_receive / fetch_result (with tuser) '  [617]'
%% 44762.5 ns    Log    ID_PACKET_COMPLETE  AXISTREAM_VVC,1     axistream_receive()=> Rx DONE (3 words[8b]). ' 'test axistream_receive / fetch_result (with tuser) '  [617]'
%%  44765 ns    Log    ID_PACKET_INITIATE  AXISTREAM_VVC,0     axistream_transmit(3 words[8b])=> ' 'transmit, data wrong ,i=9'  [621]'
%%  44765 ns    Log    ID_PACKET_INITIATE  AXISTREAM_VVC,1     axistream_expect(3 words[8b]) while executing axistream_receive=> Receive packet. ' 'expect,   data wrong ,i=9'  [622]'
%%  44785 ns    Log    ID_PACKET_INITIATE  AXISTREAM_VVC,0     axistream_transmit(3 words[8b])=> ' 'transmit, tuser wrong ,i=9'  [623]'
%% 44792.5 ns    Alert  WARNING             AXISTREAM_VVC,1     
axistream_expect(3 words[8b])=> Failed in 8 data bits. First mismatch in word# 1. Was x"09". Expected x"F6". ' 'expect,   data wrong ,i=9'  [622]'
Was:
(09, 0A, 0B)
Expected:
(F6, 0A, 0B)

Summary of errors in expected transaction. Failed in: 
8 data bits.
0 tuser bits.
0 tstrb bits.
0 tid bits.
0 tdest bits.

%%  44795 ns    Log    ID_PACKET_INITIATE  AXISTREAM_VVC,1     axistream_expect(3 words[8b]) while executing axistream_receive=> Receive packet. ' 'expect,   tuser wrong ,i=9'  [624]'
%%  44805 ns    Log    ID_PACKET_INITIATE  AXISTREAM_VVC,0     axistream_transmit(38 words[8b])=> ' 'transmit,i=10'  [625]'
%% 44812.5 ns    Alert  WARNING             AXISTREAM_VVC,1     
axistream_expect(3 words[8b])=> Failed in 1 tuser bits. First mismatch in word# 1. Was x"1". Expected x"0". ' 'expect,   tuser wrong ,i=9'  [624]'
Was:
(1)
Expected:
(0)

Summary of errors in expected transaction. Failed in: 
0 data bits.
1 tuser bits.
0 tstrb bits.
0 tid bits.
0 tdest bits.

%%  44815 ns    Log    ID_PACKET_INITIATE  AXISTREAM_VVC,1     axistream_expect(38 words[8b]) while executing axistream_receive=> Receive packet. ' 'expect,  i=10'  [626]'
%%  44915 ns    Log    ID_PACKET_INITIATE  AXISTREAM_VVC,0     axistream_transmit(38 words[8b])=> ' 'transmit, tuser set,i=10'  [627]'
%% 44922.5 ns    Log    ID_PACKET_COMPLETE  AXISTREAM_VVC,1     axistream_expect(38 words[8b])=> OK, received 38 words[8b]). ' 'expect,  i=10'  [626]'
%%  44925 ns    Log    ID_PACKET_INITIATE  AXISTREAM_VVC,1     axistream_expect(38 words[8b]) while executing axistream_receive=> Receive packet. ' 'expect,   tuser set,i=10'  [628]'
%%  45025 ns    Log    ID_PACKET_INITIATE  AXISTREAM_VVC,0     axistream_transmit(38 words[8b])=> ' 'transmit before receive, Check that tuser is fetched correctly,i=10'  [629]'
%% 45032.5 ns    Log    ID_PACKET_COMPLETE  AXISTREAM_VVC,1     axistream_expect(38 words[8b])=> OK, received 38 words[8b]). ' 'expect,   tuser set,i=10'  [628]'
%%  45035 ns    Log    ID_PACKET_INITIATE  AXISTREAM_VVC,1     axistream_receive()=> Receive packet. ' 'test axistream_receive / fetch_result (with tuser) '  [630]'
%% 45142.5 ns    Log    ID_PACKET_COMPLETE  AXISTREAM_VVC,1     axistream_receive()=> Rx DONE (38 words[8b]). ' 'test axistream_receive / fetch_result (with tuser) '  [630]'
%%  45145 ns    Log    ID_PACKET_INITIATE  AXISTREAM_VVC,0     axistream_transmit(38 words[8b])=> ' 'transmit, data wrong ,i=10'  [634]'
%%  45145 ns    Log    ID_PACKET_INITIATE  AXISTREAM_VVC,1     axistream_expect(38 words[8b]) while executing axistream_receive=> Receive packet. ' 'expect,   data wrong ,i=10'  [635]'
%%  45255 ns    Log    ID_PACKET_INITIATE  AXISTREAM_VVC,0     axistream_transmit(38 words[8b])=> ' 'transmit, tuser wrong ,i=10'  [636]'
%% 45262.5 ns    Alert  WARNING             AXISTREAM_VVC,1     
axistream_expect(38 words[8b])=> Failed in 8 data bits. First mismatch in word# 22. Was x"1F". Expected x"E0". ' 'expect,   data wrong ,i=10'  [635]'
Was:
(0A, 0B, 0C, 0D, 0E, 0F, 10, 11, 12, 13, 14, 15, 16, 17, 18, 19, 1A, 1B, 1C, 1D, 1E, 1F, 20, 21, 22, 23, 24, 25, 26, 27, 28, 29, 2A, 2B, 2C, 2D, 2E, 2F)
Expected:
(0A, 0B, 0C, 0D, 0E, 0F, 10, 11, 12, 13, 14, 15, 16, 17, 18, 19, 1A, 1B, 1C, 1D, 1E, E0, 20, 21, 22, 23, 24, 25, 26, 27, 28, 29, 2A, 2B, 2C, 2D, 2E, 2F)

Summary of errors in expected transaction. Failed in: 
8 data bits.
0 tuser bits.
0 tstrb bits.
0 tid bits.
0 tdest bits.

%%  45265 ns    Log    ID_PACKET_INITIATE  AXISTREAM_VVC,1     axistream_expect(38 words[8b]) while executing axistream_receive=> Receive packet. ' 'expect,   tuser wrong ,i=10'  [637]'
%%  45365 ns    Log    ID_PACKET_INITIATE  AXISTREAM_VVC,0     axistream_transmit(8 words[8b])=> ' 'transmit,i=11'  [638]'
%% 45372.5 ns    Alert  WARNING             AXISTREAM_VVC,1     
axistream_expect(38 words[8b])=> Failed in 1 tuser bits. First mismatch in word# 1. Was x"0". Expected x"1". ' 'expect,   tuser wrong ,i=10'  [637]'
Was:
(0, 1, 0, 1, 0, 1, 0, 1, 0, 1)
Expected:
(1, 1, 0, 1, 0, 1, 0, 1, 0, 1)

Summary of errors in expected transaction. Failed in: 
0 data bits.
1 tuser bits.
0 tstrb bits.
0 tid bits.
0 tdest bits.

%%  45375 ns    Log    ID_PACKET_INITIATE  AXISTREAM_VVC,1     axistream_expect(8 words[8b]) while executing axistream_receive=> Receive packet. ' 'expect,  i=11'  [639]'
%%  45395 ns    Log    ID_PACKET_INITIATE  AXISTREAM_VVC,0     axistream_transmit(8 words[8b])=> ' 'transmit, tuser set,i=11'  [640]'
%% 45402.5 ns    Log    ID_PACKET_COMPLETE  AXISTREAM_VVC,1     axistream_expect(8 words[8b])=> OK, received 8 words[8b]). ' 'expect,  i=11'  [639]'
%%  45405 ns    Log    ID_PACKET_INITIATE  AXISTREAM_VVC,1     axistream_expect(8 words[8b]) while executing axistream_receive=> Receive packet. ' 'expect,   tuser set,i=11'  [641]'
%%  45425 ns    Log    ID_PACKET_INITIATE  AXISTREAM_VVC,0     axistream_transmit(8 words[8b])=> ' 'transmit before receive, Check that tuser is fetched correctly,i=11'  [642]'
%% 45432.5 ns    Log    ID_PACKET_COMPLETE  AXISTREAM_VVC,1     axistream_expect(8 words[8b])=> OK, received 8 words[8b]). ' 'expect,   tuser set,i=11'  [641]'
%%  45435 ns    Log    ID_PACKET_INITIATE  AXISTREAM_VVC,1     axistream_receive()=> Receive packet. ' 'test axistream_receive / fetch_result (with tuser) '  [643]'
%% 45462.5 ns    Log    ID_PACKET_COMPLETE  AXISTREAM_VVC,1     axistream_receive()=> Rx DONE (8 words[8b]). ' 'test axistream_receive / fetch_result (with tuser) '  [643]'
%%  45465 ns    Log    ID_PACKET_INITIATE  AXISTREAM_VVC,0     axistream_transmit(8 words[8b])=> ' 'transmit, data wrong ,i=11'  [647]'
%%  45465 ns    Log    ID_PACKET_INITIATE  AXISTREAM_VVC,1     axistream_expect(8 words[8b]) while executing axistream_receive=> Receive packet. ' 'expect,   data wrong ,i=11'  [648]'
%%  45495 ns    Log    ID_PACKET_INITIATE  AXISTREAM_VVC,0     axistream_transmit(8 words[8b])=> ' 'transmit, tuser wrong ,i=11'  [649]'
%% 45502.5 ns    Alert  WARNING             AXISTREAM_VVC,1     
axistream_expect(8 words[8b])=> Failed in 8 data bits. First mismatch in word# 8. Was x"12". Expected x"ED". ' 'expect,   data wrong ,i=11'  [648]'
Was:
(0B, 0C, 0D, 0E, 0F, 10, 11, 12)
Expected:
(0B, 0C, 0D, 0E, 0F, 10, 11, ED)

Summary of errors in expected transaction. Failed in: 
8 data bits.
0 tuser bits.
0 tstrb bits.
0 tid bits.
0 tdest bits.

%%  45505 ns    Log    ID_PACKET_INITIATE  AXISTREAM_VVC,1     axistream_expect(8 words[8b]) while executing axistream_receive=> Receive packet. ' 'expect,   tuser wrong ,i=11'  [650]'
%%  45525 ns    Log    ID_PACKET_INITIATE  AXISTREAM_VVC,0     axistream_transmit(98 words[8b])=> ' 'transmit,i=12'  [651]'
%% 45532.5 ns    Alert  WARNING             AXISTREAM_VVC,1     
axistream_expect(8 words[8b])=> Failed in 1 tuser bits. First mismatch in word# 1. Was x"1". Expected x"0". ' 'expect,   tuser wrong ,i=11'  [650]'
Was:
(1, 0)
Expected:
(0, 0)

Summary of errors in expected transaction. Failed in: 
0 data bits.
1 tuser bits.
0 tstrb bits.
0 tid bits.
0 tdest bits.

%%  45535 ns    Log    ID_PACKET_INITIATE  AXISTREAM_VVC,1     axistream_expect(98 words[8b]) while executing axistream_receive=> Receive packet. ' 'expect,  i=12'  [652]'
%%  45785 ns    Log    ID_PACKET_INITIATE  AXISTREAM_VVC,0     axistream_transmit(98 words[8b])=> ' 'transmit, tuser set,i=12'  [653]'
%% 45792.5 ns    Log    ID_PACKET_COMPLETE  AXISTREAM_VVC,1     axistream_expect(98 words[8b])=> OK, received 98 words[8b]). ' 'expect,  i=12'  [652]'
%%  45795 ns    Log    ID_PACKET_INITIATE  AXISTREAM_VVC,1     axistream_expect(98 words[8b]) while executing axistream_receive=> Receive packet. ' 'expect,   tuser set,i=12'  [654]'
%%  46045 ns    Log    ID_PACKET_INITIATE  AXISTREAM_VVC,0     axistream_transmit(98 words[8b])=> ' 'transmit before receive, Check that tuser is fetched correctly,i=12'  [655]'
%% 46052.5 ns    Log    ID_PACKET_COMPLETE  AXISTREAM_VVC,1     axistream_expect(98 words[8b])=> OK, received 98 words[8b]). ' 'expect,   tuser set,i=12'  [654]'
%%  46055 ns    Log    ID_PACKET_INITIATE  AXISTREAM_VVC,1     axistream_receive()=> Receive packet. ' 'test axistream_receive / fetch_result (with tuser) '  [656]'
%% 46312.5 ns    Log    ID_PACKET_COMPLETE  AXISTREAM_VVC,1     axistream_receive()=> Rx DONE (98 words[8b]). ' 'test axistream_receive / fetch_result (with tuser) '  [656]'
%%  46315 ns    Log    ID_PACKET_INITIATE  AXISTREAM_VVC,0     axistream_transmit(98 words[8b])=> ' 'transmit, data wrong ,i=12'  [660]'
%%  46315 ns    Log    ID_PACKET_INITIATE  AXISTREAM_VVC,1     axistream_expect(98 words[8b]) while executing axistream_receive=> Receive packet. ' 'expect,   data wrong ,i=12'  [661]'
%%  46575 ns    Log    ID_PACKET_INITIATE  AXISTREAM_VVC,0     axistream_transmit(98 words[8b])=> ' 'transmit, tuser wrong ,i=12'  [662]'
%% 46582.5 ns    Alert  WARNING             AXISTREAM_VVC,1     
axistream_expect(98 words[8b])=> Failed in 8 data bits. First mismatch in word# 79. Was x"5A". Expected x"A5". ' 'expect,   data wrong ,i=12'  [661]'
Was:
(0C, 0D, 0E, 0F, 10, 11, 12, 13, 14, 15, 16, 17, 18, 19, 1A, 1B, 1C, 1D, 1E, 1F, 20, 21, 22, 23, 24, 25, 26, 27, 28, 29, 2A, 2B, 2C, 2D, 2E, 2F, 30, 31, 32, 33, 34, 35, 36, 37, 38, 39, 3A, 3B, 3C, 3D, 3E, 3F, 40, 41, 42, 43, 44, 45, 46, 47, 48, 49, 4A, 4B, 4C, 4D, 4E, 4F, 50, 51, 52, 53, 54, 55, 56, 57, 58, 59, 5A, 5B, 5C, 5D, 5E, 5F, 60, 61, 62, 63, 64, 65, 66, 67, 68, 69, 6A, 6B, 6C, 6D)
Expected:
(0C, 0D, 0E, 0F, 10, 11, 12, 13, 14, 15, 16, 17, 18, 19, 1A, 1B, 1C, 1D, 1E, 1F, 20, 21, 22, 23, 24, 25, 26, 27, 28, 29, 2A, 2B, 2C, 2D, 2E, 2F, 30, 31, 32, 33, 34, 35, 36, 37, 38, 39, 3A, 3B, 3C, 3D, 3E, 3F, 40, 41, 42, 43, 44, 45, 46, 47, 48, 49, 4A, 4B, 4C, 4D, 4E, 4F, 50, 51, 52, 53, 54, 55, 56, 57, 58, 59, A5, 5B, 5C, 5D, 5E, 5F, 60, 61, 62, 63, 64, 65, 66, 67, 68, 69, 6A, 6B, 6C, 6D)

Summary of errors in expected transaction. Failed in: 
8 data bits.
0 tuser bits.
0 tstrb bits.
0 tid bits.
0 tdest bits.

%%  46585 ns    Log    ID_PACKET_INITIATE  AXISTREAM_VVC,1     axistream_expect(98 words[8b]) while executing axistream_receive=> Receive packet. ' 'expect,   tuser wrong ,i=12'  [663]'
%%  46835 ns    Log    ID_PACKET_INITIATE  AXISTREAM_VVC,0     axistream_transmit(34 words[8b])=> ' 'transmit,i=13'  [664]'
%% 46842.5 ns    Alert  WARNING             AXISTREAM_VVC,1     
axistream_expect(98 words[8b])=> Failed in 1 tuser bits. First mismatch in word# 11. Was x"0". Expected x"1". ' 'expect,   tuser wrong ,i=12'  [663]'
Was:
(0, 1, 0, 1, 0, 1, 0, 1, 0, 1, 0, 1, 0, 1, 0, 1, 0, 1, 0, 1, 0, 1, 0, 1, 0)
Expected:
(0, 1, 0, 1, 0, 1, 0, 1, 0, 1, 1, 1, 0, 1, 0, 1, 0, 1, 0, 1, 0, 1, 0, 1, 0)

Summary of errors in expected transaction. Failed in: 
0 data bits.
1 tuser bits.
0 tstrb bits.
0 tid bits.
0 tdest bits.

%%  46845 ns    Log    ID_PACKET_INITIATE  AXISTREAM_VVC,1     axistream_expect(34 words[8b]) while executing axistream_receive=> Receive packet. ' 'expect,  i=13'  [665]'
%%  46935 ns    Log    ID_PACKET_INITIATE  AXISTREAM_VVC,0     axistream_transmit(34 words[8b])=> ' 'transmit, tuser set,i=13'  [666]'
%% 46942.5 ns    Log    ID_PACKET_COMPLETE  AXISTREAM_VVC,1     axistream_expect(34 words[8b])=> OK, received 34 words[8b]). ' 'expect,  i=13'  [665]'
%%  46945 ns    Log    ID_PACKET_INITIATE  AXISTREAM_VVC,1     axistream_expect(34 words[8b]) while executing axistream_receive=> Receive packet. ' 'expect,   tuser set,i=13'  [667]'
%%  47035 ns    Log    ID_PACKET_INITIATE  AXISTREAM_VVC,0     axistream_transmit(34 words[8b])=> ' 'transmit before receive, Check that tuser is fetched correctly,i=13'  [668]'
%% 47042.5 ns    Log    ID_PACKET_COMPLETE  AXISTREAM_VVC,1     axistream_expect(34 words[8b])=> OK, received 34 words[8b]). ' 'expect,   tuser set,i=13'  [667]'
%%  47045 ns    Log    ID_PACKET_INITIATE  AXISTREAM_VVC,1     axistream_receive()=> Receive packet. ' 'test axistream_receive / fetch_result (with tuser) '  [669]'
%% 47142.5 ns    Log    ID_PACKET_COMPLETE  AXISTREAM_VVC,1     axistream_receive()=> Rx DONE (34 words[8b]). ' 'test axistream_receive / fetch_result (with tuser) '  [669]'
%%  47145 ns    Log    ID_PACKET_INITIATE  AXISTREAM_VVC,0     axistream_transmit(34 words[8b])=> ' 'transmit, data wrong ,i=13'  [673]'
%%  47145 ns    Log    ID_PACKET_INITIATE  AXISTREAM_VVC,1     axistream_expect(34 words[8b]) while executing axistream_receive=> Receive packet. ' 'expect,   data wrong ,i=13'  [674]'
%%  47245 ns    Log    ID_PACKET_INITIATE  AXISTREAM_VVC,0     axistream_transmit(34 words[8b])=> ' 'transmit, tuser wrong ,i=13'  [675]'
%% 47252.5 ns    Alert  WARNING             AXISTREAM_VVC,1     
axistream_expect(34 words[8b])=> Failed in 8 data bits. First mismatch in word# 7. Was x"13". Expected x"EC". ' 'expect,   data wrong ,i=13'  [674]'
Was:
(0D, 0E, 0F, 10, 11, 12, 13, 14, 15, 16, 17, 18, 19, 1A, 1B, 1C, 1D, 1E, 1F, 20, 21, 22, 23, 24, 25, 26, 27, 28, 29, 2A, 2B, 2C, 2D, 2E)
Expected:
(0D, 0E, 0F, 10, 11, 12, EC, 14, 15, 16, 17, 18, 19, 1A, 1B, 1C, 1D, 1E, 1F, 20, 21, 22, 23, 24, 25, 26, 27, 28, 29, 2A, 2B, 2C, 2D, 2E)

Summary of errors in expected transaction. Failed in: 
8 data bits.
0 tuser bits.
0 tstrb bits.
0 tid bits.
0 tdest bits.

%%  47255 ns    Log    ID_PACKET_INITIATE  AXISTREAM_VVC,1     axistream_expect(34 words[8b]) while executing axistream_receive=> Receive packet. ' 'expect,   tuser wrong ,i=13'  [676]'
%%  47345 ns    Log    ID_PACKET_INITIATE  AXISTREAM_VVC,0     axistream_transmit(67 words[8b])=> ' 'transmit,i=14'  [677]'
%% 47352.5 ns    Alert  WARNING             AXISTREAM_VVC,1     
axistream_expect(34 words[8b])=> Failed in 1 tuser bits. First mismatch in word# 9. Was x"1". Expected x"0". ' 'expect,   tuser wrong ,i=13'  [676]'
Was:
(1, 0, 1, 0, 1, 0, 1, 0, 1)
Expected:
(1, 0, 1, 0, 1, 0, 1, 0, 0)

Summary of errors in expected transaction. Failed in: 
0 data bits.
1 tuser bits.
0 tstrb bits.
0 tid bits.
0 tdest bits.

%%  47355 ns    Log    ID_PACKET_INITIATE  AXISTREAM_VVC,1     axistream_expect(67 words[8b]) while executing axistream_receive=> Receive packet. ' 'expect,  i=14'  [678]'
%%  47525 ns    Log    ID_PACKET_INITIATE  AXISTREAM_VVC,0     axistream_transmit(67 words[8b])=> ' 'transmit, tuser set,i=14'  [679]'
%% 47532.5 ns    Log    ID_PACKET_COMPLETE  AXISTREAM_VVC,1     axistream_expect(67 words[8b])=> OK, received 67 words[8b]). ' 'expect,  i=14'  [678]'
%%  47535 ns    Log    ID_PACKET_INITIATE  AXISTREAM_VVC,1     axistream_expect(67 words[8b]) while executing axistream_receive=> Receive packet. ' 'expect,   tuser set,i=14'  [680]'
%%  47705 ns    Log    ID_PACKET_INITIATE  AXISTREAM_VVC,0     axistream_transmit(67 words[8b])=> ' 'transmit before receive, Check that tuser is fetched correctly,i=14'  [681]'
%% 47712.5 ns    Log    ID_PACKET_COMPLETE  AXISTREAM_VVC,1     axistream_expect(67 words[8b])=> OK, received 67 words[8b]). ' 'expect,   tuser set,i=14'  [680]'
%%  47715 ns    Log    ID_PACKET_INITIATE  AXISTREAM_VVC,1     axistream_receive()=> Receive packet. ' 'test axistream_receive / fetch_result (with tuser) '  [682]'
%% 47892.5 ns    Log    ID_PACKET_COMPLETE  AXISTREAM_VVC,1     axistream_receive()=> Rx DONE (67 words[8b]). ' 'test axistream_receive / fetch_result (with tuser) '  [682]'
%%  47895 ns    Log    ID_PACKET_INITIATE  AXISTREAM_VVC,0     axistream_transmit(67 words[8b])=> ' 'transmit, data wrong ,i=14'  [686]'
%%  47895 ns    Log    ID_PACKET_INITIATE  AXISTREAM_VVC,1     axistream_expect(67 words[8b]) while executing axistream_receive=> Receive packet. ' 'expect,   data wrong ,i=14'  [687]'
%%  48075 ns    Log    ID_PACKET_INITIATE  AXISTREAM_VVC,0     axistream_transmit(67 words[8b])=> ' 'transmit, tuser wrong ,i=14'  [688]'
%% 48082.5 ns    Alert  WARNING             AXISTREAM_VVC,1     
axistream_expect(67 words[8b])=> Failed in 8 data bits. First mismatch in word# 5. Was x"12". Expected x"ED". ' 'expect,   data wrong ,i=14'  [687]'
Was:
(0E, 0F, 10, 11, 12, 13, 14, 15, 16, 17, 18, 19, 1A, 1B, 1C, 1D, 1E, 1F, 20, 21, 22, 23, 24, 25, 26, 27, 28, 29, 2A, 2B, 2C, 2D, 2E, 2F, 30, 31, 32, 33, 34, 35, 36, 37, 38, 39, 3A, 3B, 3C, 3D, 3E, 3F, 40, 41, 42, 43, 44, 45, 46, 47, 48, 49, 4A, 4B, 4C, 4D, 4E, 4F, 50)
Expected:
(0E, 0F, 10, 11, ED, 13, 14, 15, 16, 17, 18, 19, 1A, 1B, 1C, 1D, 1E, 1F, 20, 21, 22, 23, 24, 25, 26, 27, 28, 29, 2A, 2B, 2C, 2D, 2E, 2F, 30, 31, 32, 33, 34, 35, 36, 37, 38, 39, 3A, 3B, 3C, 3D, 3E, 3F, 40, 41, 42, 43, 44, 45, 46, 47, 48, 49, 4A, 4B, 4C, 4D, 4E, 4F, 50)

Summary of errors in expected transaction. Failed in: 
8 data bits.
0 tuser bits.
0 tstrb bits.
0 tid bits.
0 tdest bits.

%%  48085 ns    Log    ID_PACKET_INITIATE  AXISTREAM_VVC,1     axistream_expect(67 words[8b]) while executing axistream_receive=> Receive packet. ' 'expect,   tuser wrong ,i=14'  [689]'
%%  48255 ns    Log    ID_PACKET_INITIATE  AXISTREAM_VVC,0     axistream_transmit(83 words[8b])=> ' 'transmit,i=15'  [690]'
%% 48262.5 ns    Alert  WARNING             AXISTREAM_VVC,1     
axistream_expect(67 words[8b])=> Failed in 1 tuser bits. First mismatch in word# 15. Was x"0". Expected x"1". ' 'expect,   tuser wrong ,i=14'  [689]'
Was:
(0, 1, 0, 1, 0, 1, 0, 1, 0, 1, 0, 1, 0, 1, 0, 1, 0)
Expected:
(0, 1, 0, 1, 0, 1, 0, 1, 0, 1, 0, 1, 0, 1, 1, 1, 0)

Summary of errors in expected transaction. Failed in: 
0 data bits.
1 tuser bits.
0 tstrb bits.
0 tid bits.
0 tdest bits.

%%  48265 ns    Log    ID_PACKET_INITIATE  AXISTREAM_VVC,1     axistream_expect(83 words[8b]) while executing axistream_receive=> Receive packet. ' 'expect,  i=15'  [691]'
%%  48475 ns    Log    ID_PACKET_INITIATE  AXISTREAM_VVC,0     axistream_transmit(83 words[8b])=> ' 'transmit, tuser set,i=15'  [692]'
%% 48482.5 ns    Log    ID_PACKET_COMPLETE  AXISTREAM_VVC,1     axistream_expect(83 words[8b])=> OK, received 83 words[8b]). ' 'expect,  i=15'  [691]'
%%  48485 ns    Log    ID_PACKET_INITIATE  AXISTREAM_VVC,1     axistream_expect(83 words[8b]) while executing axistream_receive=> Receive packet. ' 'expect,   tuser set,i=15'  [693]'
%%  48695 ns    Log    ID_PACKET_INITIATE  AXISTREAM_VVC,0     axistream_transmit(83 words[8b])=> ' 'transmit before receive, Check that tuser is fetched correctly,i=15'  [694]'
%% 48702.5 ns    Log    ID_PACKET_COMPLETE  AXISTREAM_VVC,1     axistream_expect(83 words[8b])=> OK, received 83 words[8b]). ' 'expect,   tuser set,i=15'  [693]'
%%  48705 ns    Log    ID_PACKET_INITIATE  AXISTREAM_VVC,1     axistream_receive()=> Receive packet. ' 'test axistream_receive / fetch_result (with tuser) '  [695]'
%% 48922.5 ns    Log    ID_PACKET_COMPLETE  AXISTREAM_VVC,1     axistream_receive()=> Rx DONE (83 words[8b]). ' 'test axistream_receive / fetch_result (with tuser) '  [695]'
%%  48925 ns    Log    ID_PACKET_INITIATE  AXISTREAM_VVC,0     axistream_transmit(83 words[8b])=> ' 'transmit, data wrong ,i=15'  [699]'
%%  48925 ns    Log    ID_PACKET_INITIATE  AXISTREAM_VVC,1     axistream_expect(83 words[8b]) while executing axistream_receive=> Receive packet. ' 'expect,   data wrong ,i=15'  [700]'
%%  49145 ns    Log    ID_PACKET_INITIATE  AXISTREAM_VVC,0     axistream_transmit(83 words[8b])=> ' 'transmit, tuser wrong ,i=15'  [701]'
%% 49152.5 ns    Alert  WARNING             AXISTREAM_VVC,1     
axistream_expect(83 words[8b])=> Failed in 8 data bits. First mismatch in word# 6. Was x"14". Expected x"EB". ' 'expect,   data wrong ,i=15'  [700]'
Was:
(0F, 10, 11, 12, 13, 14, 15, 16, 17, 18, 19, 1A, 1B, 1C, 1D, 1E, 1F, 20, 21, 22, 23, 24, 25, 26, 27, 28, 29, 2A, 2B, 2C, 2D, 2E, 2F, 30, 31, 32, 33, 34, 35, 36, 37, 38, 39, 3A, 3B, 3C, 3D, 3E, 3F, 40, 41, 42, 43, 44, 45, 46, 47, 48, 49, 4A, 4B, 4C, 4D, 4E, 4F, 50, 51, 52, 53, 54, 55, 56, 57, 58, 59, 5A, 5B, 5C, 5D, 5E, 5F, 60, 61)
Expected:
(0F, 10, 11, 12, 13, EB, 15, 16, 17, 18, 19, 1A, 1B, 1C, 1D, 1E, 1F, 20, 21, 22, 23, 24, 25, 26, 27, 28, 29, 2A, 2B, 2C, 2D, 2E, 2F, 30, 31, 32, 33, 34, 35, 36, 37, 38, 39, 3A, 3B, 3C, 3D, 3E, 3F, 40, 41, 42, 43, 44, 45, 46, 47, 48, 49, 4A, 4B, 4C, 4D, 4E, 4F, 50, 51, 52, 53, 54, 55, 56, 57, 58, 59, 5A, 5B, 5C, 5D, 5E, 5F, 60, 61)

Summary of errors in expected transaction. Failed in: 
8 data bits.
0 tuser bits.
0 tstrb bits.
0 tid bits.
0 tdest bits.

%%  49155 ns    Log    ID_PACKET_INITIATE  AXISTREAM_VVC,1     axistream_expect(83 words[8b]) while executing axistream_receive=> Receive packet. ' 'expect,   tuser wrong ,i=15'  [702]'
%%  49365 ns    Log    ID_PACKET_INITIATE  AXISTREAM_VVC,0     axistream_transmit(99 words[8b])=> ' 'transmit,i=16'  [703]'
%% 49372.5 ns    Alert  WARNING             AXISTREAM_VVC,1     
axistream_expect(83 words[8b])=> Failed in 1 tuser bits. First mismatch in word# 16. Was x"0". Expected x"1". ' 'expect,   tuser wrong ,i=15'  [702]'
Was:
(1, 0, 1, 0, 1, 0, 1, 0, 1, 0, 1, 0, 1, 0, 1, 0, 1, 0, 1, 0, 1)
Expected:
(1, 0, 1, 0, 1, 0, 1, 0, 1, 0, 1, 0, 1, 0, 1, 1, 1, 0, 1, 0, 1)

Summary of errors in expected transaction. Failed in: 
0 data bits.
1 tuser bits.
0 tstrb bits.
0 tid bits.
0 tdest bits.

%%  49375 ns    Log    ID_PACKET_INITIATE  AXISTREAM_VVC,1     axistream_expect(99 words[8b]) while executing axistream_receive=> Receive packet. ' 'expect,  i=16'  [704]'
%%  49625 ns    Log    ID_PACKET_INITIATE  AXISTREAM_VVC,0     axistream_transmit(99 words[8b])=> ' 'transmit, tuser set,i=16'  [705]'
%% 49632.5 ns    Log    ID_PACKET_COMPLETE  AXISTREAM_VVC,1     axistream_expect(99 words[8b])=> OK, received 99 words[8b]). ' 'expect,  i=16'  [704]'
%%  49635 ns    Log    ID_PACKET_INITIATE  AXISTREAM_VVC,1     axistream_expect(99 words[8b]) while executing axistream_receive=> Receive packet. ' 'expect,   tuser set,i=16'  [706]'
%%  49885 ns    Log    ID_PACKET_INITIATE  AXISTREAM_VVC,0     axistream_transmit(99 words[8b])=> ' 'transmit before receive, Check that tuser is fetched correctly,i=16'  [707]'
%% 49892.5 ns    Log    ID_PACKET_COMPLETE  AXISTREAM_VVC,1     axistream_expect(99 words[8b])=> OK, received 99 words[8b]). ' 'expect,   tuser set,i=16'  [706]'
%%  49895 ns    Log    ID_PACKET_INITIATE  AXISTREAM_VVC,1     axistream_receive()=> Receive packet. ' 'test axistream_receive / fetch_result (with tuser) '  [708]'
%% 50152.5 ns    Log    ID_PACKET_COMPLETE  AXISTREAM_VVC,1     axistream_receive()=> Rx DONE (99 words[8b]). ' 'test axistream_receive / fetch_result (with tuser) '  [708]'
%%  50155 ns    Log    ID_PACKET_INITIATE  AXISTREAM_VVC,0     axistream_transmit(99 words[8b])=> ' 'transmit, data wrong ,i=16'  [712]'
%%  50155 ns    Log    ID_PACKET_INITIATE  AXISTREAM_VVC,1     axistream_expect(99 words[8b]) while executing axistream_receive=> Receive packet. ' 'expect,   data wrong ,i=16'  [713]'
%%  50415 ns    Log    ID_PACKET_INITIATE  AXISTREAM_VVC,0     axistream_transmit(99 words[8b])=> ' 'transmit, tuser wrong ,i=16'  [714]'
%% 50422.5 ns    Alert  WARNING             AXISTREAM_VVC,1     
axistream_expect(99 words[8b])=> Failed in 8 data bits. First mismatch in word# 11. Was x"1A". Expected x"E5". ' 'expect,   data wrong ,i=16'  [713]'
Was:
(10, 11, 12, 13, 14, 15, 16, 17, 18, 19, 1A, 1B, 1C, 1D, 1E, 1F, 20, 21, 22, 23, 24, 25, 26, 27, 28, 29, 2A, 2B, 2C, 2D, 2E, 2F, 30, 31, 32, 33, 34, 35, 36, 37, 38, 39, 3A, 3B, 3C, 3D, 3E, 3F, 40, 41, 42, 43, 44, 45, 46, 47, 48, 49, 4A, 4B, 4C, 4D, 4E, 4F, 50, 51, 52, 53, 54, 55, 56, 57, 58, 59, 5A, 5B, 5C, 5D, 5E, 5F, 60, 61, 62, 63, 64, 65, 66, 67, 68, 69, 6A, 6B, 6C, 6D, 6E, 6F, 70, 71, 72)
Expected:
(10, 11, 12, 13, 14, 15, 16, 17, 18, 19, E5, 1B, 1C, 1D, 1E, 1F, 20, 21, 22, 23, 24, 25, 26, 27, 28, 29, 2A, 2B, 2C, 2D, 2E, 2F, 30, 31, 32, 33, 34, 35, 36, 37, 38, 39, 3A, 3B, 3C, 3D, 3E, 3F, 40, 41, 42, 43, 44, 45, 46, 47, 48, 49, 4A, 4B, 4C, 4D, 4E, 4F, 50, 51, 52, 53, 54, 55, 56, 57, 58, 59, 5A, 5B, 5C, 5D, 5E, 5F, 60, 61, 62, 63, 64, 65, 66, 67, 68, 69, 6A, 6B, 6C, 6D, 6E, 6F, 70, 71, 72)

Summary of errors in expected transaction. Failed in: 
8 data bits.
0 tuser bits.
0 tstrb bits.
0 tid bits.
0 tdest bits.

%%  50425 ns    Log    ID_PACKET_INITIATE  AXISTREAM_VVC,1     axistream_expect(99 words[8b]) while executing axistream_receive=> Receive packet. ' 'expect,   tuser wrong ,i=16'  [715]'
%%  50675 ns    Log    ID_PACKET_INITIATE  AXISTREAM_VVC,0     axistream_transmit(94 words[8b])=> ' 'transmit,i=17'  [716]'
%% 50682.5 ns    Alert  WARNING             AXISTREAM_VVC,1     
axistream_expect(99 words[8b])=> Failed in 1 tuser bits. First mismatch in word# 2. Was x"1". Expected x"0". ' 'expect,   tuser wrong ,i=16'  [715]'
Was:
(0, 1, 0, 1, 0, 1, 0, 1, 0, 1, 0, 1, 0, 1, 0, 1, 0, 1, 0, 1, 0, 1, 0, 1, 0)
Expected:
(0, 0, 0, 1, 0, 1, 0, 1, 0, 1, 0, 1, 0, 1, 0, 1, 0, 1, 0, 1, 0, 1, 0, 1, 0)

Summary of errors in expected transaction. Failed in: 
0 data bits.
1 tuser bits.
0 tstrb bits.
0 tid bits.
0 tdest bits.

%%  50685 ns    Log    ID_PACKET_INITIATE  AXISTREAM_VVC,1     axistream_expect(94 words[8b]) while executing axistream_receive=> Receive packet. ' 'expect,  i=17'  [717]'
%%  50925 ns    Log    ID_PACKET_INITIATE  AXISTREAM_VVC,0     axistream_transmit(94 words[8b])=> ' 'transmit, tuser set,i=17'  [718]'
%% 50932.5 ns    Log    ID_PACKET_COMPLETE  AXISTREAM_VVC,1     axistream_expect(94 words[8b])=> OK, received 94 words[8b]). ' 'expect,  i=17'  [717]'
%%  50935 ns    Log    ID_PACKET_INITIATE  AXISTREAM_VVC,1     axistream_expect(94 words[8b]) while executing axistream_receive=> Receive packet. ' 'expect,   tuser set,i=17'  [719]'
%%  51175 ns    Log    ID_PACKET_INITIATE  AXISTREAM_VVC,0     axistream_transmit(94 words[8b])=> ' 'transmit before receive, Check that tuser is fetched correctly,i=17'  [720]'
%% 51182.5 ns    Log    ID_PACKET_COMPLETE  AXISTREAM_VVC,1     axistream_expect(94 words[8b])=> OK, received 94 words[8b]). ' 'expect,   tuser set,i=17'  [719]'
%%  51185 ns    Log    ID_PACKET_INITIATE  AXISTREAM_VVC,1     axistream_receive()=> Receive packet. ' 'test axistream_receive / fetch_result (with tuser) '  [721]'
%% 51432.5 ns    Log    ID_PACKET_COMPLETE  AXISTREAM_VVC,1     axistream_receive()=> Rx DONE (94 words[8b]). ' 'test axistream_receive / fetch_result (with tuser) '  [721]'
%%  51435 ns    Log    ID_PACKET_INITIATE  AXISTREAM_VVC,0     axistream_transmit(94 words[8b])=> ' 'transmit, data wrong ,i=17'  [725]'
%%  51435 ns    Log    ID_PACKET_INITIATE  AXISTREAM_VVC,1     axistream_expect(94 words[8b]) while executing axistream_receive=> Receive packet. ' 'expect,   data wrong ,i=17'  [726]'
%%  51685 ns    Log    ID_PACKET_INITIATE  AXISTREAM_VVC,0     axistream_transmit(94 words[8b])=> ' 'transmit, tuser wrong ,i=17'  [727]'
%% 51692.5 ns    Alert  WARNING             AXISTREAM_VVC,1     
axistream_expect(94 words[8b])=> Failed in 8 data bits. First mismatch in word# 45. Was x"3D". Expected x"C2". ' 'expect,   data wrong ,i=17'  [726]'
Was:
(11, 12, 13, 14, 15, 16, 17, 18, 19, 1A, 1B, 1C, 1D, 1E, 1F, 20, 21, 22, 23, 24, 25, 26, 27, 28, 29, 2A, 2B, 2C, 2D, 2E, 2F, 30, 31, 32, 33, 34, 35, 36, 37, 38, 39, 3A, 3B, 3C, 3D, 3E, 3F, 40, 41, 42, 43, 44, 45, 46, 47, 48, 49, 4A, 4B, 4C, 4D, 4E, 4F, 50, 51, 52, 53, 54, 55, 56, 57, 58, 59, 5A, 5B, 5C, 5D, 5E, 5F, 60, 61, 62, 63, 64, 65, 66, 67, 68, 69, 6A, 6B, 6C, 6D, 6E)
Expected:
(11, 12, 13, 14, 15, 16, 17, 18, 19, 1A, 1B, 1C, 1D, 1E, 1F, 20, 21, 22, 23, 24, 25, 26, 27, 28, 29, 2A, 2B, 2C, 2D, 2E, 2F, 30, 31, 32, 33, 34, 35, 36, 37, 38, 39, 3A, 3B, 3C, C2, 3E, 3F, 40, 41, 42, 43, 44, 45, 46, 47, 48, 49, 4A, 4B, 4C, 4D, 4E, 4F, 50, 51, 52, 53, 54, 55, 56, 57, 58, 59, 5A, 5B, 5C, 5D, 5E, 5F, 60, 61, 62, 63, 64, 65, 66, 67, 68, 69, 6A, 6B, 6C, 6D, 6E)

Summary of errors in expected transaction. Failed in: 
8 data bits.
0 tuser bits.
0 tstrb bits.
0 tid bits.
0 tdest bits.

%%  51695 ns    Log    ID_PACKET_INITIATE  AXISTREAM_VVC,1     axistream_expect(94 words[8b]) while executing axistream_receive=> Receive packet. ' 'expect,   tuser wrong ,i=17'  [728]'
%%  51935 ns    Log    ID_PACKET_INITIATE  AXISTREAM_VVC,0     axistream_transmit(22 words[8b])=> ' 'transmit,i=18'  [729]'
%% 51942.5 ns    Alert  WARNING             AXISTREAM_VVC,1     
axistream_expect(94 words[8b])=> Failed in 1 tuser bits. First mismatch in word# 11. Was x"1". Expected x"0". ' 'expect,   tuser wrong ,i=17'  [728]'
Was:
(1, 0, 1, 0, 1, 0, 1, 0, 1, 0, 1, 0, 1, 0, 1, 0, 1, 0, 1, 0, 1, 0, 1, 0)
Expected:
(1, 0, 1, 0, 1, 0, 1, 0, 1, 0, 0, 0, 1, 0, 1, 0, 1, 0, 1, 0, 1, 0, 1, 0)

Summary of errors in expected transaction. Failed in: 
0 data bits.
1 tuser bits.
0 tstrb bits.
0 tid bits.
0 tdest bits.

%%  51945 ns    Log    ID_PACKET_INITIATE  AXISTREAM_VVC,1     axistream_expect(22 words[8b]) while executing axistream_receive=> Receive packet. ' 'expect,  i=18'  [730]'
%%  52005 ns    Log    ID_PACKET_INITIATE  AXISTREAM_VVC,0     axistream_transmit(22 words[8b])=> ' 'transmit, tuser set,i=18'  [731]'
%% 52012.5 ns    Log    ID_PACKET_COMPLETE  AXISTREAM_VVC,1     axistream_expect(22 words[8b])=> OK, received 22 words[8b]). ' 'expect,  i=18'  [730]'
%%  52015 ns    Log    ID_PACKET_INITIATE  AXISTREAM_VVC,1     axistream_expect(22 words[8b]) while executing axistream_receive=> Receive packet. ' 'expect,   tuser set,i=18'  [732]'
%%  52075 ns    Log    ID_PACKET_INITIATE  AXISTREAM_VVC,0     axistream_transmit(22 words[8b])=> ' 'transmit before receive, Check that tuser is fetched correctly,i=18'  [733]'
%% 52082.5 ns    Log    ID_PACKET_COMPLETE  AXISTREAM_VVC,1     axistream_expect(22 words[8b])=> OK, received 22 words[8b]). ' 'expect,   tuser set,i=18'  [732]'
%%  52085 ns    Log    ID_PACKET_INITIATE  AXISTREAM_VVC,1     axistream_receive()=> Receive packet. ' 'test axistream_receive / fetch_result (with tuser) '  [734]'
%% 52152.5 ns    Log    ID_PACKET_COMPLETE  AXISTREAM_VVC,1     axistream_receive()=> Rx DONE (22 words[8b]). ' 'test axistream_receive / fetch_result (with tuser) '  [734]'
%%  52155 ns    Log    ID_PACKET_INITIATE  AXISTREAM_VVC,0     axistream_transmit(22 words[8b])=> ' 'transmit, data wrong ,i=18'  [738]'
%%  52155 ns    Log    ID_PACKET_INITIATE  AXISTREAM_VVC,1     axistream_expect(22 words[8b]) while executing axistream_receive=> Receive packet. ' 'expect,   data wrong ,i=18'  [739]'
%%  52225 ns    Log    ID_PACKET_INITIATE  AXISTREAM_VVC,0     axistream_transmit(22 words[8b])=> ' 'transmit, tuser wrong ,i=18'  [740]'
%% 52232.5 ns    Alert  WARNING             AXISTREAM_VVC,1     
axistream_expect(22 words[8b])=> Failed in 8 data bits. First mismatch in word# 9. Was x"1A". Expected x"E5". ' 'expect,   data wrong ,i=18'  [739]'
Was:
(12, 13, 14, 15, 16, 17, 18, 19, 1A, 1B, 1C, 1D, 1E, 1F, 20, 21, 22, 23, 24, 25, 26, 27)
Expected:
(12, 13, 14, 15, 16, 17, 18, 19, E5, 1B, 1C, 1D, 1E, 1F, 20, 21, 22, 23, 24, 25, 26, 27)

Summary of errors in expected transaction. Failed in: 
8 data bits.
0 tuser bits.
0 tstrb bits.
0 tid bits.
0 tdest bits.

%%  52235 ns    Log    ID_PACKET_INITIATE  AXISTREAM_VVC,1     axistream_expect(22 words[8b]) while executing axistream_receive=> Receive packet. ' 'expect,   tuser wrong ,i=18'  [741]'
%%  52295 ns    Log    ID_PACKET_INITIATE  AXISTREAM_VVC,0     axistream_transmit(30 words[8b])=> ' 'transmit,i=19'  [742]'
%% 52302.5 ns    Alert  WARNING             AXISTREAM_VVC,1     
axistream_expect(22 words[8b])=> Failed in 1 tuser bits. First mismatch in word# 2. Was x"1". Expected x"0". ' 'expect,   tuser wrong ,i=18'  [741]'
Was:
(0, 1, 0, 1, 0, 1)
Expected:
(0, 0, 0, 1, 0, 1)

Summary of errors in expected transaction. Failed in: 
0 data bits.
1 tuser bits.
0 tstrb bits.
0 tid bits.
0 tdest bits.

%%  52305 ns    Log    ID_PACKET_INITIATE  AXISTREAM_VVC,1     axistream_expect(30 words[8b]) while executing axistream_receive=> Receive packet. ' 'expect,  i=19'  [743]'
%%  52385 ns    Log    ID_PACKET_INITIATE  AXISTREAM_VVC,0     axistream_transmit(30 words[8b])=> ' 'transmit, tuser set,i=19'  [744]'
%% 52392.5 ns    Log    ID_PACKET_COMPLETE  AXISTREAM_VVC,1     axistream_expect(30 words[8b])=> OK, received 30 words[8b]). ' 'expect,  i=19'  [743]'
%%  52395 ns    Log    ID_PACKET_INITIATE  AXISTREAM_VVC,1     axistream_expect(30 words[8b]) while executing axistream_receive=> Receive packet. ' 'expect,   tuser set,i=19'  [745]'
%%  52475 ns    Log    ID_PACKET_INITIATE  AXISTREAM_VVC,0     axistream_transmit(30 words[8b])=> ' 'transmit before receive, Check that tuser is fetched correctly,i=19'  [746]'
%% 52482.5 ns    Log    ID_PACKET_COMPLETE  AXISTREAM_VVC,1     axistream_expect(30 words[8b])=> OK, received 30 words[8b]). ' 'expect,   tuser set,i=19'  [745]'
%%  52485 ns    Log    ID_PACKET_INITIATE  AXISTREAM_VVC,1     axistream_receive()=> Receive packet. ' 'test axistream_receive / fetch_result (with tuser) '  [747]'
%% 52572.5 ns    Log    ID_PACKET_COMPLETE  AXISTREAM_VVC,1     axistream_receive()=> Rx DONE (30 words[8b]). ' 'test axistream_receive / fetch_result (with tuser) '  [747]'
%%  52575 ns    Log    ID_PACKET_INITIATE  AXISTREAM_VVC,0     axistream_transmit(30 words[8b])=> ' 'transmit, data wrong ,i=19'  [751]'
%%  52575 ns    Log    ID_PACKET_INITIATE  AXISTREAM_VVC,1     axistream_expect(30 words[8b]) while executing axistream_receive=> Receive packet. ' 'expect,   data wrong ,i=19'  [752]'
%%  52665 ns    Log    ID_PACKET_INITIATE  AXISTREAM_VVC,0     axistream_transmit(30 words[8b])=> ' 'transmit, tuser wrong ,i=19'  [753]'
%% 52672.5 ns    Alert  WARNING             AXISTREAM_VVC,1     
axistream_expect(30 words[8b])=> Failed in 8 data bits. First mismatch in word# 19. Was x"25". Expected x"DA". ' 'expect,   data wrong ,i=19'  [752]'
Was:
(13, 14, 15, 16, 17, 18, 19, 1A, 1B, 1C, 1D, 1E, 1F, 20, 21, 22, 23, 24, 25, 26, 27, 28, 29, 2A, 2B, 2C, 2D, 2E, 2F, 30)
Expected:
(13, 14, 15, 16, 17, 18, 19, 1A, 1B, 1C, 1D, 1E, 1F, 20, 21, 22, 23, 24, DA, 26, 27, 28, 29, 2A, 2B, 2C, 2D, 2E, 2F, 30)

Summary of errors in expected transaction. Failed in: 
8 data bits.
0 tuser bits.
0 tstrb bits.
0 tid bits.
0 tdest bits.

%%  52675 ns    Log    ID_PACKET_INITIATE  AXISTREAM_VVC,1     axistream_expect(30 words[8b]) while executing axistream_receive=> Receive packet. ' 'expect,   tuser wrong ,i=19'  [754]'
%%  52755 ns    Log    ID_PACKET_INITIATE  AXISTREAM_VVC,0     axistream_transmit(82 words[8b])=> ' 'transmit,i=20'  [755]'
%% 52762.5 ns    Alert  WARNING             AXISTREAM_VVC,1     
axistream_expect(30 words[8b])=> Failed in 1 tuser bits. First mismatch in word# 1. Was x"1". Expected x"0". ' 'expect,   tuser wrong ,i=19'  [754]'
Was:
(1, 0, 1, 0, 1, 0, 1, 0)
Expected:
(0, 0, 1, 0, 1, 0, 1, 0)

Summary of errors in expected transaction. Failed in: 
0 data bits.
1 tuser bits.
0 tstrb bits.
0 tid bits.
0 tdest bits.

%%  52765 ns    Log    ID_PACKET_INITIATE  AXISTREAM_VVC,1     axistream_expect(82 words[8b]) while executing axistream_receive=> Receive packet. ' 'expect,  i=20'  [756]'
%%  52975 ns    Log    ID_PACKET_INITIATE  AXISTREAM_VVC,0     axistream_transmit(82 words[8b])=> ' 'transmit, tuser set,i=20'  [757]'
%% 52982.5 ns    Log    ID_PACKET_COMPLETE  AXISTREAM_VVC,1     axistream_expect(82 words[8b])=> OK, received 82 words[8b]). ' 'expect,  i=20'  [756]'
%%  52985 ns    Log    ID_PACKET_INITIATE  AXISTREAM_VVC,1     axistream_expect(82 words[8b]) while executing axistream_receive=> Receive packet. ' 'expect,   tuser set,i=20'  [758]'
%%  53195 ns    Log    ID_PACKET_INITIATE  AXISTREAM_VVC,0     axistream_transmit(82 words[8b])=> ' 'transmit before receive, Check that tuser is fetched correctly,i=20'  [759]'
%% 53202.5 ns    Log    ID_PACKET_COMPLETE  AXISTREAM_VVC,1     axistream_expect(82 words[8b])=> OK, received 82 words[8b]). ' 'expect,   tuser set,i=20'  [758]'
%%  53205 ns    Log    ID_PACKET_INITIATE  AXISTREAM_VVC,1     axistream_receive()=> Receive packet. ' 'test axistream_receive / fetch_result (with tuser) '  [760]'
%% 53422.5 ns    Log    ID_PACKET_COMPLETE  AXISTREAM_VVC,1     axistream_receive()=> Rx DONE (82 words[8b]). ' 'test axistream_receive / fetch_result (with tuser) '  [760]'
%%  53425 ns    Log    ID_PACKET_INITIATE  AXISTREAM_VVC,0     axistream_transmit(82 words[8b])=> ' 'transmit, data wrong ,i=20'  [764]'
%%  53425 ns    Log    ID_PACKET_INITIATE  AXISTREAM_VVC,1     axistream_expect(82 words[8b]) while executing axistream_receive=> Receive packet. ' 'expect,   data wrong ,i=20'  [765]'
%%  53645 ns    Log    ID_PACKET_INITIATE  AXISTREAM_VVC,0     axistream_transmit(82 words[8b])=> ' 'transmit, tuser wrong ,i=20'  [766]'
%% 53652.5 ns    Alert  WARNING             AXISTREAM_VVC,1     
axistream_expect(82 words[8b])=> Failed in 8 data bits. First mismatch in word# 16. Was x"23". Expected x"DC". ' 'expect,   data wrong ,i=20'  [765]'
Was:
(14, 15, 16, 17, 18, 19, 1A, 1B, 1C, 1D, 1E, 1F, 20, 21, 22, 23, 24, 25, 26, 27, 28, 29, 2A, 2B, 2C, 2D, 2E, 2F, 30, 31, 32, 33, 34, 35, 36, 37, 38, 39, 3A, 3B, 3C, 3D, 3E, 3F, 40, 41, 42, 43, 44, 45, 46, 47, 48, 49, 4A, 4B, 4C, 4D, 4E, 4F, 50, 51, 52, 53, 54, 55, 56, 57, 58, 59, 5A, 5B, 5C, 5D, 5E, 5F, 60, 61, 62, 63, 64, 65)
Expected:
(14, 15, 16, 17, 18, 19, 1A, 1B, 1C, 1D, 1E, 1F, 20, 21, 22, DC, 24, 25, 26, 27, 28, 29, 2A, 2B, 2C, 2D, 2E, 2F, 30, 31, 32, 33, 34, 35, 36, 37, 38, 39, 3A, 3B, 3C, 3D, 3E, 3F, 40, 41, 42, 43, 44, 45, 46, 47, 48, 49, 4A, 4B, 4C, 4D, 4E, 4F, 50, 51, 52, 53, 54, 55, 56, 57, 58, 59, 5A, 5B, 5C, 5D, 5E, 5F, 60, 61, 62, 63, 64, 65)

Summary of errors in expected transaction. Failed in: 
8 data bits.
0 tuser bits.
0 tstrb bits.
0 tid bits.
0 tdest bits.

%%  53655 ns    Log    ID_PACKET_INITIATE  AXISTREAM_VVC,1     axistream_expect(82 words[8b]) while executing axistream_receive=> Receive packet. ' 'expect,   tuser wrong ,i=20'  [767]'
%% 53872.5 ns    Alert  WARNING             AXISTREAM_VVC,1     
axistream_expect(82 words[8b])=> Failed in 1 tuser bits. First mismatch in word# 20. Was x"1". Expected x"0". ' 'expect,   tuser wrong ,i=20'  [767]'
Was:
(0, 1, 0, 1, 0, 1, 0, 1, 0, 1, 0, 1, 0, 1, 0, 1, 0, 1, 0, 1, 0)
Expected:
(0, 1, 0, 1, 0, 1, 0, 1, 0, 1, 0, 1, 0, 1, 0, 1, 0, 1, 0, 0, 0)

Summary of errors in expected transaction. Failed in: 
0 data bits.
1 tuser bits.
0 tstrb bits.
0 tid bits.
0 tdest bits.

%% 
%% ============================================================================================================================================================================
%%  *** INTERMEDIATE SUMMARY OF ALL ALERTS ***
%% ============================================================================================================================================================================
%% 53872.5 ns    DONE   PASSED   axistream_vvc_tb  Passed: 2  Affirmations Checked: 642
%%    Expected      Failures: 0  Errors: 0  Warnings: -132  Passed: 0
%%    VHDL Asserts  Failures: 0  Errors: 0  Warnings: 0  Passed: 0
%%    Default       Failures: 0  Errors: 0  Warnings: 132  Passed: 0
%%    OSVVM         Failures: 0  Errors: 0  Warnings: 0  Passed: 0
%% ============================================================================================================================================================================
%% 
%%  53875 ns    Log    ID_PACKET_INITIATE  AXISTREAM_VVC,0     axistream_transmit(44 words[8b])=> ' 'transmit,i=1'  [770]'
%%  53875 ns    Log    ID_PACKET_INITIATE  AXISTREAM_VVC,1     axistream_expect(44 words[8b]) while executing axistream_receive=> Receive packet. ' 'expect,  i=1'  [771]'
%% 54002.5 ns    Log    ID_PACKET_COMPLETE  AXISTREAM_VVC,1     axistream_expect(44 words[8b])=> OK, received 44 words[8b]). ' 'expect,  i=1'  [771]'
%%  54005 ns    Log    ID_PACKET_INITIATE  AXISTREAM_VVC,0     axistream_transmit(44 words[8b])=> ' 'transmit, tuser set,i=1'  [772]'
%%  54005 ns    Log    ID_PACKET_INITIATE  AXISTREAM_VVC,1     axistream_expect(44 words[8b]) while executing axistream_receive=> Receive packet. ' 'expect,   tuser set,i=1'  [773]'
%% 54132.5 ns    Log    ID_PACKET_COMPLETE  AXISTREAM_VVC,1     axistream_expect(44 words[8b])=> OK, received 44 words[8b]). ' 'expect,   tuser set,i=1'  [773]'
%%  54135 ns    Log    ID_PACKET_INITIATE  AXISTREAM_VVC,0     axistream_transmit(44 words[8b])=> ' 'transmit before receive, Check that tuser is fetched correctly,i=1'  [774]'
%%  54135 ns    Log    ID_PACKET_INITIATE  AXISTREAM_VVC,1     axistream_receive()=> Receive packet. ' 'test axistream_receive / fetch_result (with tuser) '  [775]'
%% 54262.5 ns    Log    ID_PACKET_COMPLETE  AXISTREAM_VVC,1     axistream_receive()=> Rx DONE (44 words[8b]). ' 'test axistream_receive / fetch_result (with tuser) '  [775]'
%%  54265 ns    Log    ID_PACKET_INITIATE  AXISTREAM_VVC,0     axistream_transmit(44 words[8b])=> ' 'transmit, data wrong ,i=1'  [779]'
%%  54265 ns    Log    ID_PACKET_INITIATE  AXISTREAM_VVC,1     axistream_expect(44 words[8b]) while executing axistream_receive=> Receive packet. ' 'expect,   data wrong ,i=1'  [780]'
%% 54392.5 ns    Alert  WARNING             AXISTREAM_VVC,1     
axistream_expect(44 words[8b])=> Failed in 8 data bits. First mismatch in word# 24. Was x"18". Expected x"E7". ' 'expect,   data wrong ,i=1'  [780]'
Was:
(01, 02, 03, 04, 05, 06, 07, 08, 09, 0A, 0B, 0C, 0D, 0E, 0F, 10, 11, 12, 13, 14, 15, 16, 17, 18, 19, 1A, 1B, 1C, 1D, 1E, 1F, 20, 21, 22, 23, 24, 25, 26, 27, 28, 29, 2A, 2B, 2C)
Expected:
(01, 02, 03, 04, 05, 06, 07, 08, 09, 0A, 0B, 0C, 0D, 0E, 0F, 10, 11, 12, 13, 14, 15, 16, 17, E7, 19, 1A, 1B, 1C, 1D, 1E, 1F, 20, 21, 22, 23, 24, 25, 26, 27, 28, 29, 2A, 2B, 2C)

Summary of errors in expected transaction. Failed in: 
8 data bits.
0 tuser bits.
0 tstrb bits.
0 tid bits.
0 tdest bits.

%%  54395 ns    Log    ID_PACKET_INITIATE  AXISTREAM_VVC,0     axistream_transmit(44 words[8b])=> ' 'transmit, tuser wrong ,i=1'  [781]'
%%  54395 ns    Log    ID_PACKET_INITIATE  AXISTREAM_VVC,1     axistream_expect(44 words[8b]) while executing axistream_receive=> Receive packet. ' 'expect,   tuser wrong ,i=1'  [782]'
%% 54522.5 ns    Alert  WARNING             AXISTREAM_VVC,1     
axistream_expect(44 words[8b])=> Failed in 1 tuser bits. First mismatch in word# 1. Was x"1". Expected x"0". ' 'expect,   tuser wrong ,i=1'  [782]'
Was:
(1, 0, 1, 0, 1, 0, 1, 0, 1, 0, 1)
Expected:
(0, 0, 1, 0, 1, 0, 1, 0, 1, 0, 1)

Summary of errors in expected transaction. Failed in: 
0 data bits.
1 tuser bits.
0 tstrb bits.
0 tid bits.
0 tdest bits.

%%  54525 ns    Log    ID_PACKET_INITIATE  AXISTREAM_VVC,0     axistream_transmit(8 words[8b])=> ' 'transmit,i=2'  [783]'
%%  54525 ns    Log    ID_PACKET_INITIATE  AXISTREAM_VVC,1     axistream_expect(8 words[8b]) while executing axistream_receive=> Receive packet. ' 'expect,  i=2'  [784]'
%% 54562.5 ns    Log    ID_PACKET_COMPLETE  AXISTREAM_VVC,1     axistream_expect(8 words[8b])=> OK, received 8 words[8b]). ' 'expect,  i=2'  [784]'
%%  54565 ns    Log    ID_PACKET_INITIATE  AXISTREAM_VVC,0     axistream_transmit(8 words[8b])=> ' 'transmit, tuser set,i=2'  [785]'
%%  54565 ns    Log    ID_PACKET_INITIATE  AXISTREAM_VVC,1     axistream_expect(8 words[8b]) while executing axistream_receive=> Receive packet. ' 'expect,   tuser set,i=2'  [786]'
%% 54602.5 ns    Log    ID_PACKET_COMPLETE  AXISTREAM_VVC,1     axistream_expect(8 words[8b])=> OK, received 8 words[8b]). ' 'expect,   tuser set,i=2'  [786]'
%%  54605 ns    Log    ID_PACKET_INITIATE  AXISTREAM_VVC,0     axistream_transmit(8 words[8b])=> ' 'transmit before receive, Check that tuser is fetched correctly,i=2'  [787]'
%%  54605 ns    Log    ID_PACKET_INITIATE  AXISTREAM_VVC,1     axistream_receive()=> Receive packet. ' 'test axistream_receive / fetch_result (with tuser) '  [788]'
%% 54642.5 ns    Log    ID_PACKET_COMPLETE  AXISTREAM_VVC,1     axistream_receive()=> Rx DONE (8 words[8b]). ' 'test axistream_receive / fetch_result (with tuser) '  [788]'
%%  54645 ns    Log    ID_PACKET_INITIATE  AXISTREAM_VVC,0     axistream_transmit(8 words[8b])=> ' 'transmit, data wrong ,i=2'  [792]'
%%  54645 ns    Log    ID_PACKET_INITIATE  AXISTREAM_VVC,1     axistream_expect(8 words[8b]) while executing axistream_receive=> Receive packet. ' 'expect,   data wrong ,i=2'  [793]'
%% 54682.5 ns    Alert  WARNING             AXISTREAM_VVC,1     
axistream_expect(8 words[8b])=> Failed in 8 data bits. First mismatch in word# 7. Was x"08". Expected x"F7". ' 'expect,   data wrong ,i=2'  [793]'
Was:
(02, 03, 04, 05, 06, 07, 08, 09)
Expected:
(02, 03, 04, 05, 06, 07, F7, 09)

Summary of errors in expected transaction. Failed in: 
8 data bits.
0 tuser bits.
0 tstrb bits.
0 tid bits.
0 tdest bits.

%%  54685 ns    Log    ID_PACKET_INITIATE  AXISTREAM_VVC,0     axistream_transmit(8 words[8b])=> ' 'transmit, tuser wrong ,i=2'  [794]'
%%  54685 ns    Log    ID_PACKET_INITIATE  AXISTREAM_VVC,1     axistream_expect(8 words[8b]) while executing axistream_receive=> Receive packet. ' 'expect,   tuser wrong ,i=2'  [795]'
%% 54722.5 ns    Alert  WARNING             AXISTREAM_VVC,1     
axistream_expect(8 words[8b])=> Failed in 1 tuser bits. First mismatch in word# 2. Was x"1". Expected x"0". ' 'expect,   tuser wrong ,i=2'  [795]'
Was:
(0, 1)
Expected:
(0, 0)

Summary of errors in expected transaction. Failed in: 
0 data bits.
1 tuser bits.
0 tstrb bits.
0 tid bits.
0 tdest bits.

%%  54725 ns    Log    ID_PACKET_INITIATE  AXISTREAM_VVC,0     axistream_transmit(76 words[8b])=> ' 'transmit,i=3'  [796]'
%%  54725 ns    Log    ID_PACKET_INITIATE  AXISTREAM_VVC,1     axistream_expect(76 words[8b]) while executing axistream_receive=> Receive packet. ' 'expect,  i=3'  [797]'
%% 54932.5 ns    Log    ID_PACKET_COMPLETE  AXISTREAM_VVC,1     axistream_expect(76 words[8b])=> OK, received 76 words[8b]). ' 'expect,  i=3'  [797]'
%%  54935 ns    Log    ID_PACKET_INITIATE  AXISTREAM_VVC,0     axistream_transmit(76 words[8b])=> ' 'transmit, tuser set,i=3'  [798]'
%%  54935 ns    Log    ID_PACKET_INITIATE  AXISTREAM_VVC,1     axistream_expect(76 words[8b]) while executing axistream_receive=> Receive packet. ' 'expect,   tuser set,i=3'  [799]'
%% 55142.5 ns    Log    ID_PACKET_COMPLETE  AXISTREAM_VVC,1     axistream_expect(76 words[8b])=> OK, received 76 words[8b]). ' 'expect,   tuser set,i=3'  [799]'
%%  55145 ns    Log    ID_PACKET_INITIATE  AXISTREAM_VVC,0     axistream_transmit(76 words[8b])=> ' 'transmit before receive, Check that tuser is fetched correctly,i=3'  [800]'
%%  55145 ns    Log    ID_PACKET_INITIATE  AXISTREAM_VVC,1     axistream_receive()=> Receive packet. ' 'test axistream_receive / fetch_result (with tuser) '  [801]'
%% 55352.5 ns    Log    ID_PACKET_COMPLETE  AXISTREAM_VVC,1     axistream_receive()=> Rx DONE (76 words[8b]). ' 'test axistream_receive / fetch_result (with tuser) '  [801]'
%%  55355 ns    Log    ID_PACKET_INITIATE  AXISTREAM_VVC,0     axistream_transmit(76 words[8b])=> ' 'transmit, data wrong ,i=3'  [805]'
%%  55355 ns    Log    ID_PACKET_INITIATE  AXISTREAM_VVC,1     axistream_expect(76 words[8b]) while executing axistream_receive=> Receive packet. ' 'expect,   data wrong ,i=3'  [806]'
%% 55562.5 ns    Alert  WARNING             AXISTREAM_VVC,1     
axistream_expect(76 words[8b])=> Failed in 8 data bits. First mismatch in word# 15. Was x"11". Expected x"EE". ' 'expect,   data wrong ,i=3'  [806]'
Was:
(03, 04, 05, 06, 07, 08, 09, 0A, 0B, 0C, 0D, 0E, 0F, 10, 11, 12, 13, 14, 15, 16, 17, 18, 19, 1A, 1B, 1C, 1D, 1E, 1F, 20, 21, 22, 23, 24, 25, 26, 27, 28, 29, 2A, 2B, 2C, 2D, 2E, 2F, 30, 31, 32, 33, 34, 35, 36, 37, 38, 39, 3A, 3B, 3C, 3D, 3E, 3F, 40, 41, 42, 43, 44, 45, 46, 47, 48, 49, 4A, 4B, 4C, 4D, 4E)
Expected:
(03, 04, 05, 06, 07, 08, 09, 0A, 0B, 0C, 0D, 0E, 0F, 10, EE, 12, 13, 14, 15, 16, 17, 18, 19, 1A, 1B, 1C, 1D, 1E, 1F, 20, 21, 22, 23, 24, 25, 26, 27, 28, 29, 2A, 2B, 2C, 2D, 2E, 2F, 30, 31, 32, 33, 34, 35, 36, 37, 38, 39, 3A, 3B, 3C, 3D, 3E, 3F, 40, 41, 42, 43, 44, 45, 46, 47, 48, 49, 4A, 4B, 4C, 4D, 4E)

Summary of errors in expected transaction. Failed in: 
8 data bits.
0 tuser bits.
0 tstrb bits.
0 tid bits.
0 tdest bits.

%%  55565 ns    Log    ID_PACKET_INITIATE  AXISTREAM_VVC,0     axistream_transmit(76 words[8b])=> ' 'transmit, tuser wrong ,i=3'  [807]'
%%  55565 ns    Log    ID_PACKET_INITIATE  AXISTREAM_VVC,1     axistream_expect(76 words[8b]) while executing axistream_receive=> Receive packet. ' 'expect,   tuser wrong ,i=3'  [808]'
%% 55772.5 ns    Alert  WARNING             AXISTREAM_VVC,1     
axistream_expect(76 words[8b])=> Failed in 1 tuser bits. First mismatch in word# 6. Was x"0". Expected x"1". ' 'expect,   tuser wrong ,i=3'  [808]'
Was:
(1, 0, 1, 0, 1, 0, 1, 0, 1, 0, 1, 0, 1, 0, 1, 0, 1, 0, 1)
Expected:
(1, 0, 1, 0, 1, 1, 1, 0, 1, 0, 1, 0, 1, 0, 1, 0, 1, 0, 1)

Summary of errors in expected transaction. Failed in: 
0 data bits.
1 tuser bits.
0 tstrb bits.
0 tid bits.
0 tdest bits.

%%  55775 ns    Log    ID_PACKET_INITIATE  AXISTREAM_VVC,0     axistream_transmit(56 words[8b])=> ' 'transmit,i=4'  [809]'
%%  55775 ns    Log    ID_PACKET_INITIATE  AXISTREAM_VVC,1     axistream_expect(56 words[8b]) while executing axistream_receive=> Receive packet. ' 'expect,  i=4'  [810]'
%% 55932.5 ns    Log    ID_PACKET_COMPLETE  AXISTREAM_VVC,1     axistream_expect(56 words[8b])=> OK, received 56 words[8b]). ' 'expect,  i=4'  [810]'
%%  55935 ns    Log    ID_PACKET_INITIATE  AXISTREAM_VVC,0     axistream_transmit(56 words[8b])=> ' 'transmit, tuser set,i=4'  [811]'
%%  55935 ns    Log    ID_PACKET_INITIATE  AXISTREAM_VVC,1     axistream_expect(56 words[8b]) while executing axistream_receive=> Receive packet. ' 'expect,   tuser set,i=4'  [812]'
%% 56092.5 ns    Log    ID_PACKET_COMPLETE  AXISTREAM_VVC,1     axistream_expect(56 words[8b])=> OK, received 56 words[8b]). ' 'expect,   tuser set,i=4'  [812]'
%%  56095 ns    Log    ID_PACKET_INITIATE  AXISTREAM_VVC,0     axistream_transmit(56 words[8b])=> ' 'transmit before receive, Check that tuser is fetched correctly,i=4'  [813]'
%%  56095 ns    Log    ID_PACKET_INITIATE  AXISTREAM_VVC,1     axistream_receive()=> Receive packet. ' 'test axistream_receive / fetch_result (with tuser) '  [814]'
%% 56252.5 ns    Log    ID_PACKET_COMPLETE  AXISTREAM_VVC,1     axistream_receive()=> Rx DONE (56 words[8b]). ' 'test axistream_receive / fetch_result (with tuser) '  [814]'
%%  56255 ns    Log    ID_PACKET_INITIATE  AXISTREAM_VVC,0     axistream_transmit(56 words[8b])=> ' 'transmit, data wrong ,i=4'  [818]'
%%  56255 ns    Log    ID_PACKET_INITIATE  AXISTREAM_VVC,1     axistream_expect(56 words[8b]) while executing axistream_receive=> Receive packet. ' 'expect,   data wrong ,i=4'  [819]'
%% 56412.5 ns    Alert  WARNING             AXISTREAM_VVC,1     
axistream_expect(56 words[8b])=> Failed in 8 data bits. First mismatch in word# 42. Was x"2D". Expected x"D2". ' 'expect,   data wrong ,i=4'  [819]'
Was:
(04, 05, 06, 07, 08, 09, 0A, 0B, 0C, 0D, 0E, 0F, 10, 11, 12, 13, 14, 15, 16, 17, 18, 19, 1A, 1B, 1C, 1D, 1E, 1F, 20, 21, 22, 23, 24, 25, 26, 27, 28, 29, 2A, 2B, 2C, 2D, 2E, 2F, 30, 31, 32, 33, 34, 35, 36, 37, 38, 39, 3A, 3B)
Expected:
(04, 05, 06, 07, 08, 09, 0A, 0B, 0C, 0D, 0E, 0F, 10, 11, 12, 13, 14, 15, 16, 17, 18, 19, 1A, 1B, 1C, 1D, 1E, 1F, 20, 21, 22, 23, 24, 25, 26, 27, 28, 29, 2A, 2B, 2C, D2, 2E, 2F, 30, 31, 32, 33, 34, 35, 36, 37, 38, 39, 3A, 3B)

Summary of errors in expected transaction. Failed in: 
8 data bits.
0 tuser bits.
0 tstrb bits.
0 tid bits.
0 tdest bits.

%%  56415 ns    Log    ID_PACKET_INITIATE  AXISTREAM_VVC,0     axistream_transmit(56 words[8b])=> ' 'transmit, tuser wrong ,i=4'  [820]'
%%  56415 ns    Log    ID_PACKET_INITIATE  AXISTREAM_VVC,1     axistream_expect(56 words[8b]) while executing axistream_receive=> Receive packet. ' 'expect,   tuser wrong ,i=4'  [821]'
%% 56572.5 ns    Alert  WARNING             AXISTREAM_VVC,1     
axistream_expect(56 words[8b])=> Failed in 1 tuser bits. First mismatch in word# 3. Was x"0". Expected x"1". ' 'expect,   tuser wrong ,i=4'  [821]'
Was:
(0, 1, 0, 1, 0, 1, 0, 1, 0, 1, 0, 1, 0, 1)
Expected:
(0, 1, 1, 1, 0, 1, 0, 1, 0, 1, 0, 1, 0, 1)

Summary of errors in expected transaction. Failed in: 
0 data bits.
1 tuser bits.
0 tstrb bits.
0 tid bits.
0 tdest bits.

%%  56575 ns    Log    ID_PACKET_INITIATE  AXISTREAM_VVC,0     axistream_transmit(14 words[8b])=> ' 'transmit,i=5'  [822]'
%%  56575 ns    Log    ID_PACKET_INITIATE  AXISTREAM_VVC,1     axistream_expect(14 words[8b]) while executing axistream_receive=> Receive packet. ' 'expect,  i=5'  [823]'
%% 56632.5 ns    Log    ID_PACKET_COMPLETE  AXISTREAM_VVC,1     axistream_expect(14 words[8b])=> OK, received 14 words[8b]). ' 'expect,  i=5'  [823]'
%%  56635 ns    Log    ID_PACKET_INITIATE  AXISTREAM_VVC,0     axistream_transmit(14 words[8b])=> ' 'transmit, tuser set,i=5'  [824]'
%%  56635 ns    Log    ID_PACKET_INITIATE  AXISTREAM_VVC,1     axistream_expect(14 words[8b]) while executing axistream_receive=> Receive packet. ' 'expect,   tuser set,i=5'  [825]'
%% 56692.5 ns    Log    ID_PACKET_COMPLETE  AXISTREAM_VVC,1     axistream_expect(14 words[8b])=> OK, received 14 words[8b]). ' 'expect,   tuser set,i=5'  [825]'
%%  56695 ns    Log    ID_PACKET_INITIATE  AXISTREAM_VVC,0     axistream_transmit(14 words[8b])=> ' 'transmit before receive, Check that tuser is fetched correctly,i=5'  [826]'
%%  56695 ns    Log    ID_PACKET_INITIATE  AXISTREAM_VVC,1     axistream_receive()=> Receive packet. ' 'test axistream_receive / fetch_result (with tuser) '  [827]'
%% 56752.5 ns    Log    ID_PACKET_COMPLETE  AXISTREAM_VVC,1     axistream_receive()=> Rx DONE (14 words[8b]). ' 'test axistream_receive / fetch_result (with tuser) '  [827]'
%%  56755 ns    Log    ID_PACKET_INITIATE  AXISTREAM_VVC,0     axistream_transmit(14 words[8b])=> ' 'transmit, data wrong ,i=5'  [831]'
%%  56755 ns    Log    ID_PACKET_INITIATE  AXISTREAM_VVC,1     axistream_expect(14 words[8b]) while executing axistream_receive=> Receive packet. ' 'expect,   data wrong ,i=5'  [832]'
%% 56812.5 ns    Alert  WARNING             AXISTREAM_VVC,1     
axistream_expect(14 words[8b])=> Failed in 8 data bits. First mismatch in word# 5. Was x"09". Expected x"F6". ' 'expect,   data wrong ,i=5'  [832]'
Was:
(05, 06, 07, 08, 09, 0A, 0B, 0C, 0D, 0E, 0F, 10, 11, 12)
Expected:
(05, 06, 07, 08, F6, 0A, 0B, 0C, 0D, 0E, 0F, 10, 11, 12)

Summary of errors in expected transaction. Failed in: 
8 data bits.
0 tuser bits.
0 tstrb bits.
0 tid bits.
0 tdest bits.

%%  56815 ns    Log    ID_PACKET_INITIATE  AXISTREAM_VVC,0     axistream_transmit(14 words[8b])=> ' 'transmit, tuser wrong ,i=5'  [833]'
%%  56815 ns    Log    ID_PACKET_INITIATE  AXISTREAM_VVC,1     axistream_expect(14 words[8b]) while executing axistream_receive=> Receive packet. ' 'expect,   tuser wrong ,i=5'  [834]'
%% 56872.5 ns    Alert  WARNING             AXISTREAM_VVC,1     
axistream_expect(14 words[8b])=> Failed in 1 tuser bits. First mismatch in word# 1. Was x"1". Expected x"0". ' 'expect,   tuser wrong ,i=5'  [834]'
Was:
(1, 0, 1, 0)
Expected:
(0, 0, 1, 0)

Summary of errors in expected transaction. Failed in: 
0 data bits.
1 tuser bits.
0 tstrb bits.
0 tid bits.
0 tdest bits.

%%  56875 ns    Log    ID_PACKET_INITIATE  AXISTREAM_VVC,0     axistream_transmit(34 words[8b])=> ' 'transmit,i=6'  [835]'
%%  56875 ns    Log    ID_PACKET_INITIATE  AXISTREAM_VVC,1     axistream_expect(34 words[8b]) while executing axistream_receive=> Receive packet. ' 'expect,  i=6'  [836]'
%% 56982.5 ns    Log    ID_PACKET_COMPLETE  AXISTREAM_VVC,1     axistream_expect(34 words[8b])=> OK, received 34 words[8b]). ' 'expect,  i=6'  [836]'
%%  56985 ns    Log    ID_PACKET_INITIATE  AXISTREAM_VVC,0     axistream_transmit(34 words[8b])=> ' 'transmit, tuser set,i=6'  [837]'
%%  56985 ns    Log    ID_PACKET_INITIATE  AXISTREAM_VVC,1     axistream_expect(34 words[8b]) while executing axistream_receive=> Receive packet. ' 'expect,   tuser set,i=6'  [838]'
%% 57092.5 ns    Log    ID_PACKET_COMPLETE  AXISTREAM_VVC,1     axistream_expect(34 words[8b])=> OK, received 34 words[8b]). ' 'expect,   tuser set,i=6'  [838]'
%%  57095 ns    Log    ID_PACKET_INITIATE  AXISTREAM_VVC,0     axistream_transmit(34 words[8b])=> ' 'transmit before receive, Check that tuser is fetched correctly,i=6'  [839]'
%%  57095 ns    Log    ID_PACKET_INITIATE  AXISTREAM_VVC,1     axistream_receive()=> Receive packet. ' 'test axistream_receive / fetch_result (with tuser) '  [840]'
%% 57202.5 ns    Log    ID_PACKET_COMPLETE  AXISTREAM_VVC,1     axistream_receive()=> Rx DONE (34 words[8b]). ' 'test axistream_receive / fetch_result (with tuser) '  [840]'
%%  57205 ns    Log    ID_PACKET_INITIATE  AXISTREAM_VVC,0     axistream_transmit(34 words[8b])=> ' 'transmit, data wrong ,i=6'  [844]'
%%  57205 ns    Log    ID_PACKET_INITIATE  AXISTREAM_VVC,1     axistream_expect(34 words[8b]) while executing axistream_receive=> Receive packet. ' 'expect,   data wrong ,i=6'  [845]'
%% 57312.5 ns    Alert  WARNING             AXISTREAM_VVC,1     
axistream_expect(34 words[8b])=> Failed in 8 data bits. First mismatch in word# 28. Was x"21". Expected x"DE". ' 'expect,   data wrong ,i=6'  [845]'
Was:
(06, 07, 08, 09, 0A, 0B, 0C, 0D, 0E, 0F, 10, 11, 12, 13, 14, 15, 16, 17, 18, 19, 1A, 1B, 1C, 1D, 1E, 1F, 20, 21, 22, 23, 24, 25, 26, 27)
Expected:
(06, 07, 08, 09, 0A, 0B, 0C, 0D, 0E, 0F, 10, 11, 12, 13, 14, 15, 16, 17, 18, 19, 1A, 1B, 1C, 1D, 1E, 1F, 20, DE, 22, 23, 24, 25, 26, 27)

Summary of errors in expected transaction. Failed in: 
8 data bits.
0 tuser bits.
0 tstrb bits.
0 tid bits.
0 tdest bits.

%%  57315 ns    Log    ID_PACKET_INITIATE  AXISTREAM_VVC,0     axistream_transmit(34 words[8b])=> ' 'transmit, tuser wrong ,i=6'  [846]'
%%  57315 ns    Log    ID_PACKET_INITIATE  AXISTREAM_VVC,1     axistream_expect(34 words[8b]) while executing axistream_receive=> Receive packet. ' 'expect,   tuser wrong ,i=6'  [847]'
%% 57422.5 ns    Alert  WARNING             AXISTREAM_VVC,1     
axistream_expect(34 words[8b])=> Failed in 1 tuser bits. First mismatch in word# 8. Was x"1". Expected x"0". ' 'expect,   tuser wrong ,i=6'  [847]'
Was:
(0, 1, 0, 1, 0, 1, 0, 1, 0)
Expected:
(0, 1, 0, 1, 0, 1, 0, 0, 0)

Summary of errors in expected transaction. Failed in: 
0 data bits.
1 tuser bits.
0 tstrb bits.
0 tid bits.
0 tdest bits.

%%  57425 ns    Log    ID_PACKET_INITIATE  AXISTREAM_VVC,0     axistream_transmit(3 words[8b])=> ' 'transmit,i=7'  [848]'
%%  57425 ns    Log    ID_PACKET_INITIATE  AXISTREAM_VVC,1     axistream_expect(3 words[8b]) while executing axistream_receive=> Receive packet. ' 'expect,  i=7'  [849]'
%% 57452.5 ns    Log    ID_PACKET_COMPLETE  AXISTREAM_VVC,1     axistream_expect(3 words[8b])=> OK, received 3 words[8b]). ' 'expect,  i=7'  [849]'
%%  57455 ns    Log    ID_PACKET_INITIATE  AXISTREAM_VVC,0     axistream_transmit(3 words[8b])=> ' 'transmit, tuser set,i=7'  [850]'
%%  57455 ns    Log    ID_PACKET_INITIATE  AXISTREAM_VVC,1     axistream_expect(3 words[8b]) while executing axistream_receive=> Receive packet. ' 'expect,   tuser set,i=7'  [851]'
%% 57482.5 ns    Log    ID_PACKET_COMPLETE  AXISTREAM_VVC,1     axistream_expect(3 words[8b])=> OK, received 3 words[8b]). ' 'expect,   tuser set,i=7'  [851]'
%%  57485 ns    Log    ID_PACKET_INITIATE  AXISTREAM_VVC,0     axistream_transmit(3 words[8b])=> ' 'transmit before receive, Check that tuser is fetched correctly,i=7'  [852]'
%%  57485 ns    Log    ID_PACKET_INITIATE  AXISTREAM_VVC,1     axistream_receive()=> Receive packet. ' 'test axistream_receive / fetch_result (with tuser) '  [853]'
%% 57512.5 ns    Log    ID_PACKET_COMPLETE  AXISTREAM_VVC,1     axistream_receive()=> Rx DONE (3 words[8b]). ' 'test axistream_receive / fetch_result (with tuser) '  [853]'
%%  57515 ns    Log    ID_PACKET_INITIATE  AXISTREAM_VVC,0     axistream_transmit(3 words[8b])=> ' 'transmit, data wrong ,i=7'  [857]'
%%  57515 ns    Log    ID_PACKET_INITIATE  AXISTREAM_VVC,1     axistream_expect(3 words[8b]) while executing axistream_receive=> Receive packet. ' 'expect,   data wrong ,i=7'  [858]'
%% 57542.5 ns    Alert  WARNING             AXISTREAM_VVC,1     
axistream_expect(3 words[8b])=> Failed in 8 data bits. First mismatch in word# 1. Was x"07". Expected x"F8". ' 'expect,   data wrong ,i=7'  [858]'
Was:
(07, 08, 09)
Expected:
(F8, 08, 09)

Summary of errors in expected transaction. Failed in: 
8 data bits.
0 tuser bits.
0 tstrb bits.
0 tid bits.
0 tdest bits.

%%  57545 ns    Log    ID_PACKET_INITIATE  AXISTREAM_VVC,0     axistream_transmit(3 words[8b])=> ' 'transmit, tuser wrong ,i=7'  [859]'
%%  57545 ns    Log    ID_PACKET_INITIATE  AXISTREAM_VVC,1     axistream_expect(3 words[8b]) while executing axistream_receive=> Receive packet. ' 'expect,   tuser wrong ,i=7'  [860]'
%% 57572.5 ns    Alert  WARNING             AXISTREAM_VVC,1     
axistream_expect(3 words[8b])=> Failed in 1 tuser bits. First mismatch in word# 1. Was x"1". Expected x"0". ' 'expect,   tuser wrong ,i=7'  [860]'
Was:
(1)
Expected:
(0)

Summary of errors in expected transaction. Failed in: 
0 data bits.
1 tuser bits.
0 tstrb bits.
0 tid bits.
0 tdest bits.

%%  57575 ns    Log    ID_PACKET_INITIATE  AXISTREAM_VVC,0     axistream_transmit(58 words[8b])=> ' 'transmit,i=8'  [861]'
%%  57575 ns    Log    ID_PACKET_INITIATE  AXISTREAM_VVC,1     axistream_expect(58 words[8b]) while executing axistream_receive=> Receive packet. ' 'expect,  i=8'  [862]'
%% 57742.5 ns    Log    ID_PACKET_COMPLETE  AXISTREAM_VVC,1     axistream_expect(58 words[8b])=> OK, received 58 words[8b]). ' 'expect,  i=8'  [862]'
%%  57745 ns    Log    ID_PACKET_INITIATE  AXISTREAM_VVC,0     axistream_transmit(58 words[8b])=> ' 'transmit, tuser set,i=8'  [863]'
%%  57745 ns    Log    ID_PACKET_INITIATE  AXISTREAM_VVC,1     axistream_expect(58 words[8b]) while executing axistream_receive=> Receive packet. ' 'expect,   tuser set,i=8'  [864]'
%% 57912.5 ns    Log    ID_PACKET_COMPLETE  AXISTREAM_VVC,1     axistream_expect(58 words[8b])=> OK, received 58 words[8b]). ' 'expect,   tuser set,i=8'  [864]'
%%  57915 ns    Log    ID_PACKET_INITIATE  AXISTREAM_VVC,0     axistream_transmit(58 words[8b])=> ' 'transmit before receive, Check that tuser is fetched correctly,i=8'  [865]'
%%  57915 ns    Log    ID_PACKET_INITIATE  AXISTREAM_VVC,1     axistream_receive()=> Receive packet. ' 'test axistream_receive / fetch_result (with tuser) '  [866]'
%% 58082.5 ns    Log    ID_PACKET_COMPLETE  AXISTREAM_VVC,1     axistream_receive()=> Rx DONE (58 words[8b]). ' 'test axistream_receive / fetch_result (with tuser) '  [866]'
%%  58085 ns    Log    ID_PACKET_INITIATE  AXISTREAM_VVC,0     axistream_transmit(58 words[8b])=> ' 'transmit, data wrong ,i=8'  [870]'
%%  58085 ns    Log    ID_PACKET_INITIATE  AXISTREAM_VVC,1     axistream_expect(58 words[8b]) while executing axistream_receive=> Receive packet. ' 'expect,   data wrong ,i=8'  [871]'
%% 58252.5 ns    Alert  WARNING             AXISTREAM_VVC,1     
axistream_expect(58 words[8b])=> Failed in 8 data bits. First mismatch in word# 20. Was x"1B". Expected x"E4". ' 'expect,   data wrong ,i=8'  [871]'
Was:
(08, 09, 0A, 0B, 0C, 0D, 0E, 0F, 10, 11, 12, 13, 14, 15, 16, 17, 18, 19, 1A, 1B, 1C, 1D, 1E, 1F, 20, 21, 22, 23, 24, 25, 26, 27, 28, 29, 2A, 2B, 2C, 2D, 2E, 2F, 30, 31, 32, 33, 34, 35, 36, 37, 38, 39, 3A, 3B, 3C, 3D, 3E, 3F, 40, 41)
Expected:
(08, 09, 0A, 0B, 0C, 0D, 0E, 0F, 10, 11, 12, 13, 14, 15, 16, 17, 18, 19, 1A, E4, 1C, 1D, 1E, 1F, 20, 21, 22, 23, 24, 25, 26, 27, 28, 29, 2A, 2B, 2C, 2D, 2E, 2F, 30, 31, 32, 33, 34, 35, 36, 37, 38, 39, 3A, 3B, 3C, 3D, 3E, 3F, 40, 41)

Summary of errors in expected transaction. Failed in: 
8 data bits.
0 tuser bits.
0 tstrb bits.
0 tid bits.
0 tdest bits.

%%  58255 ns    Log    ID_PACKET_INITIATE  AXISTREAM_VVC,0     axistream_transmit(58 words[8b])=> ' 'transmit, tuser wrong ,i=8'  [872]'
%%  58255 ns    Log    ID_PACKET_INITIATE  AXISTREAM_VVC,1     axistream_expect(58 words[8b]) while executing axistream_receive=> Receive packet. ' 'expect,   tuser wrong ,i=8'  [873]'
%% 58422.5 ns    Alert  WARNING             AXISTREAM_VVC,1     
axistream_expect(58 words[8b])=> Failed in 1 tuser bits. First mismatch in word# 5. Was x"0". Expected x"1". ' 'expect,   tuser wrong ,i=8'  [873]'
Was:
(0, 1, 0, 1, 0, 1, 0, 1, 0, 1, 0, 1, 0, 1, 0)
Expected:
(0, 1, 0, 1, 1, 1, 0, 1, 0, 1, 0, 1, 0, 1, 0)

Summary of errors in expected transaction. Failed in: 
0 data bits.
1 tuser bits.
0 tstrb bits.
0 tid bits.
0 tdest bits.

%%  58425 ns    Log    ID_PACKET_INITIATE  AXISTREAM_VVC,0     axistream_transmit(84 words[8b])=> ' 'transmit,i=9'  [874]'
%%  58425 ns    Log    ID_PACKET_INITIATE  AXISTREAM_VVC,1     axistream_expect(84 words[8b]) while executing axistream_receive=> Receive packet. ' 'expect,  i=9'  [875]'
%% 58652.5 ns    Log    ID_PACKET_COMPLETE  AXISTREAM_VVC,1     axistream_expect(84 words[8b])=> OK, received 84 words[8b]). ' 'expect,  i=9'  [875]'
%%  58655 ns    Log    ID_PACKET_INITIATE  AXISTREAM_VVC,0     axistream_transmit(84 words[8b])=> ' 'transmit, tuser set,i=9'  [876]'
%%  58655 ns    Log    ID_PACKET_INITIATE  AXISTREAM_VVC,1     axistream_expect(84 words[8b]) while executing axistream_receive=> Receive packet. ' 'expect,   tuser set,i=9'  [877]'
%% 58882.5 ns    Log    ID_PACKET_COMPLETE  AXISTREAM_VVC,1     axistream_expect(84 words[8b])=> OK, received 84 words[8b]). ' 'expect,   tuser set,i=9'  [877]'
%%  58885 ns    Log    ID_PACKET_INITIATE  AXISTREAM_VVC,0     axistream_transmit(84 words[8b])=> ' 'transmit before receive, Check that tuser is fetched correctly,i=9'  [878]'
%%  58885 ns    Log    ID_PACKET_INITIATE  AXISTREAM_VVC,1     axistream_receive()=> Receive packet. ' 'test axistream_receive / fetch_result (with tuser) '  [879]'
%% 59112.5 ns    Log    ID_PACKET_COMPLETE  AXISTREAM_VVC,1     axistream_receive()=> Rx DONE (84 words[8b]). ' 'test axistream_receive / fetch_result (with tuser) '  [879]'
%%  59115 ns    Log    ID_PACKET_INITIATE  AXISTREAM_VVC,0     axistream_transmit(84 words[8b])=> ' 'transmit, data wrong ,i=9'  [883]'
%%  59115 ns    Log    ID_PACKET_INITIATE  AXISTREAM_VVC,1     axistream_expect(84 words[8b]) while executing axistream_receive=> Receive packet. ' 'expect,   data wrong ,i=9'  [884]'
%% 59342.5 ns    Alert  WARNING             AXISTREAM_VVC,1     
axistream_expect(84 words[8b])=> Failed in 8 data bits. First mismatch in word# 21. Was x"1D". Expected x"E2". ' 'expect,   data wrong ,i=9'  [884]'
Was:
(09, 0A, 0B, 0C, 0D, 0E, 0F, 10, 11, 12, 13, 14, 15, 16, 17, 18, 19, 1A, 1B, 1C, 1D, 1E, 1F, 20, 21, 22, 23, 24, 25, 26, 27, 28, 29, 2A, 2B, 2C, 2D, 2E, 2F, 30, 31, 32, 33, 34, 35, 36, 37, 38, 39, 3A, 3B, 3C, 3D, 3E, 3F, 40, 41, 42, 43, 44, 45, 46, 47, 48, 49, 4A, 4B, 4C, 4D, 4E, 4F, 50, 51, 52, 53, 54, 55, 56, 57, 58, 59, 5A, 5B, 5C)
Expected:
(09, 0A, 0B, 0C, 0D, 0E, 0F, 10, 11, 12, 13, 14, 15, 16, 17, 18, 19, 1A, 1B, 1C, E2, 1E, 1F, 20, 21, 22, 23, 24, 25, 26, 27, 28, 29, 2A, 2B, 2C, 2D, 2E, 2F, 30, 31, 32, 33, 34, 35, 36, 37, 38, 39, 3A, 3B, 3C, 3D, 3E, 3F, 40, 41, 42, 43, 44, 45, 46, 47, 48, 49, 4A, 4B, 4C, 4D, 4E, 4F, 50, 51, 52, 53, 54, 55, 56, 57, 58, 59, 5A, 5B, 5C)

Summary of errors in expected transaction. Failed in: 
8 data bits.
0 tuser bits.
0 tstrb bits.
0 tid bits.
0 tdest bits.

%%  59345 ns    Log    ID_PACKET_INITIATE  AXISTREAM_VVC,0     axistream_transmit(84 words[8b])=> ' 'transmit, tuser wrong ,i=9'  [885]'
%%  59345 ns    Log    ID_PACKET_INITIATE  AXISTREAM_VVC,1     axistream_expect(84 words[8b]) while executing axistream_receive=> Receive packet. ' 'expect,   tuser wrong ,i=9'  [886]'
%% 59572.5 ns    Alert  WARNING             AXISTREAM_VVC,1     
axistream_expect(84 words[8b])=> Failed in 1 tuser bits. First mismatch in word# 9. Was x"1". Expected x"0". ' 'expect,   tuser wrong ,i=9'  [886]'
Was:
(1, 0, 1, 0, 1, 0, 1, 0, 1, 0, 1, 0, 1, 0, 1, 0, 1, 0, 1, 0, 1)
Expected:
(1, 0, 1, 0, 1, 0, 1, 0, 0, 0, 1, 0, 1, 0, 1, 0, 1, 0, 1, 0, 1)

Summary of errors in expected transaction. Failed in: 
0 data bits.
1 tuser bits.
0 tstrb bits.
0 tid bits.
0 tdest bits.

%%  59575 ns    Log    ID_PACKET_INITIATE  AXISTREAM_VVC,0     axistream_transmit(42 words[8b])=> ' 'transmit,i=10'  [887]'
%%  59575 ns    Log    ID_PACKET_INITIATE  AXISTREAM_VVC,1     axistream_expect(42 words[8b]) while executing axistream_receive=> Receive packet. ' 'expect,  i=10'  [888]'
%% 59702.5 ns    Log    ID_PACKET_COMPLETE  AXISTREAM_VVC,1     axistream_expect(42 words[8b])=> OK, received 42 words[8b]). ' 'expect,  i=10'  [888]'
%%  59705 ns    Log    ID_PACKET_INITIATE  AXISTREAM_VVC,0     axistream_transmit(42 words[8b])=> ' 'transmit, tuser set,i=10'  [889]'
%%  59705 ns    Log    ID_PACKET_INITIATE  AXISTREAM_VVC,1     axistream_expect(42 words[8b]) while executing axistream_receive=> Receive packet. ' 'expect,   tuser set,i=10'  [890]'
%% 59832.5 ns    Log    ID_PACKET_COMPLETE  AXISTREAM_VVC,1     axistream_expect(42 words[8b])=> OK, received 42 words[8b]). ' 'expect,   tuser set,i=10'  [890]'
%%  59835 ns    Log    ID_PACKET_INITIATE  AXISTREAM_VVC,0     axistream_transmit(42 words[8b])=> ' 'transmit before receive, Check that tuser is fetched correctly,i=10'  [891]'
%%  59835 ns    Log    ID_PACKET_INITIATE  AXISTREAM_VVC,1     axistream_receive()=> Receive packet. ' 'test axistream_receive / fetch_result (with tuser) '  [892]'
%% 59962.5 ns    Log    ID_PACKET_COMPLETE  AXISTREAM_VVC,1     axistream_receive()=> Rx DONE (42 words[8b]). ' 'test axistream_receive / fetch_result (with tuser) '  [892]'
%%  59965 ns    Log    ID_PACKET_INITIATE  AXISTREAM_VVC,0     axistream_transmit(42 words[8b])=> ' 'transmit, data wrong ,i=10'  [896]'
%%  59965 ns    Log    ID_PACKET_INITIATE  AXISTREAM_VVC,1     axistream_expect(42 words[8b]) while executing axistream_receive=> Receive packet. ' 'expect,   data wrong ,i=10'  [897]'
%% 60092.5 ns    Alert  WARNING             AXISTREAM_VVC,1     
axistream_expect(42 words[8b])=> Failed in 8 data bits. First mismatch in word# 13. Was x"16". Expected x"E9". ' 'expect,   data wrong ,i=10'  [897]'
Was:
(0A, 0B, 0C, 0D, 0E, 0F, 10, 11, 12, 13, 14, 15, 16, 17, 18, 19, 1A, 1B, 1C, 1D, 1E, 1F, 20, 21, 22, 23, 24, 25, 26, 27, 28, 29, 2A, 2B, 2C, 2D, 2E, 2F, 30, 31, 32, 33)
Expected:
(0A, 0B, 0C, 0D, 0E, 0F, 10, 11, 12, 13, 14, 15, E9, 17, 18, 19, 1A, 1B, 1C, 1D, 1E, 1F, 20, 21, 22, 23, 24, 25, 26, 27, 28, 29, 2A, 2B, 2C, 2D, 2E, 2F, 30, 31, 32, 33)

Summary of errors in expected transaction. Failed in: 
8 data bits.
0 tuser bits.
0 tstrb bits.
0 tid bits.
0 tdest bits.

%%  60095 ns    Log    ID_PACKET_INITIATE  AXISTREAM_VVC,0     axistream_transmit(42 words[8b])=> ' 'transmit, tuser wrong ,i=10'  [898]'
%%  60095 ns    Log    ID_PACKET_INITIATE  AXISTREAM_VVC,1     axistream_expect(42 words[8b]) while executing axistream_receive=> Receive packet. ' 'expect,   tuser wrong ,i=10'  [899]'
%% 60222.5 ns    Alert  WARNING             AXISTREAM_VVC,1     
axistream_expect(42 words[8b])=> Failed in 1 tuser bits. First mismatch in word# 4. Was x"1". Expected x"0". ' 'expect,   tuser wrong ,i=10'  [899]'
Was:
(0, 1, 0, 1, 0, 1, 0, 1, 0, 1, 0)
Expected:
(0, 1, 0, 0, 0, 1, 0, 1, 0, 1, 0)

Summary of errors in expected transaction. Failed in: 
0 data bits.
1 tuser bits.
0 tstrb bits.
0 tid bits.
0 tdest bits.

%%  60225 ns    Log    ID_PACKET_INITIATE  AXISTREAM_VVC,0     axistream_transmit(32 words[8b])=> ' 'transmit,i=11'  [900]'
%%  60225 ns    Log    ID_PACKET_INITIATE  AXISTREAM_VVC,1     axistream_expect(32 words[8b]) while executing axistream_receive=> Receive packet. ' 'expect,  i=11'  [901]'
%% 60322.5 ns    Log    ID_PACKET_COMPLETE  AXISTREAM_VVC,1     axistream_expect(32 words[8b])=> OK, received 32 words[8b]). ' 'expect,  i=11'  [901]'
%%  60325 ns    Log    ID_PACKET_INITIATE  AXISTREAM_VVC,0     axistream_transmit(32 words[8b])=> ' 'transmit, tuser set,i=11'  [902]'
%%  60325 ns    Log    ID_PACKET_INITIATE  AXISTREAM_VVC,1     axistream_expect(32 words[8b]) while executing axistream_receive=> Receive packet. ' 'expect,   tuser set,i=11'  [903]'
%% 60422.5 ns    Log    ID_PACKET_COMPLETE  AXISTREAM_VVC,1     axistream_expect(32 words[8b])=> OK, received 32 words[8b]). ' 'expect,   tuser set,i=11'  [903]'
%%  60425 ns    Log    ID_PACKET_INITIATE  AXISTREAM_VVC,0     axistream_transmit(32 words[8b])=> ' 'transmit before receive, Check that tuser is fetched correctly,i=11'  [904]'
%%  60425 ns    Log    ID_PACKET_INITIATE  AXISTREAM_VVC,1     axistream_receive()=> Receive packet. ' 'test axistream_receive / fetch_result (with tuser) '  [905]'
%% 60522.5 ns    Log    ID_PACKET_COMPLETE  AXISTREAM_VVC,1     axistream_receive()=> Rx DONE (32 words[8b]). ' 'test axistream_receive / fetch_result (with tuser) '  [905]'
%%  60525 ns    Log    ID_PACKET_INITIATE  AXISTREAM_VVC,0     axistream_transmit(32 words[8b])=> ' 'transmit, data wrong ,i=11'  [909]'
%%  60525 ns    Log    ID_PACKET_INITIATE  AXISTREAM_VVC,1     axistream_expect(32 words[8b]) while executing axistream_receive=> Receive packet. ' 'expect,   data wrong ,i=11'  [910]'
%% 60622.5 ns    Alert  WARNING             AXISTREAM_VVC,1     
axistream_expect(32 words[8b])=> Failed in 8 data bits. First mismatch in word# 11. Was x"15". Expected x"EA". ' 'expect,   data wrong ,i=11'  [910]'
Was:
(0B, 0C, 0D, 0E, 0F, 10, 11, 12, 13, 14, 15, 16, 17, 18, 19, 1A, 1B, 1C, 1D, 1E, 1F, 20, 21, 22, 23, 24, 25, 26, 27, 28, 29, 2A)
Expected:
(0B, 0C, 0D, 0E, 0F, 10, 11, 12, 13, 14, EA, 16, 17, 18, 19, 1A, 1B, 1C, 1D, 1E, 1F, 20, 21, 22, 23, 24, 25, 26, 27, 28, 29, 2A)

Summary of errors in expected transaction. Failed in: 
8 data bits.
0 tuser bits.
0 tstrb bits.
0 tid bits.
0 tdest bits.

%%  60625 ns    Log    ID_PACKET_INITIATE  AXISTREAM_VVC,0     axistream_transmit(32 words[8b])=> ' 'transmit, tuser wrong ,i=11'  [911]'
%%  60625 ns    Log    ID_PACKET_INITIATE  AXISTREAM_VVC,1     axistream_expect(32 words[8b]) while executing axistream_receive=> Receive packet. ' 'expect,   tuser wrong ,i=11'  [912]'
%% 60722.5 ns    Alert  WARNING             AXISTREAM_VVC,1     
axistream_expect(32 words[8b])=> Failed in 1 tuser bits. First mismatch in word# 4. Was x"0". Expected x"1". ' 'expect,   tuser wrong ,i=11'  [912]'
Was:
(1, 0, 1, 0, 1, 0, 1, 0)
Expected:
(1, 0, 1, 1, 1, 0, 1, 0)

Summary of errors in expected transaction. Failed in: 
0 data bits.
1 tuser bits.
0 tstrb bits.
0 tid bits.
0 tdest bits.

%%  60725 ns    Log    ID_PACKET_INITIATE  AXISTREAM_VVC,0     axistream_transmit(93 words[8b])=> ' 'transmit,i=12'  [913]'
%%  60725 ns    Log    ID_PACKET_INITIATE  AXISTREAM_VVC,1     axistream_expect(93 words[8b]) while executing axistream_receive=> Receive packet. ' 'expect,  i=12'  [914]'
%% 60982.5 ns    Log    ID_PACKET_COMPLETE  AXISTREAM_VVC,1     axistream_expect(93 words[8b])=> OK, received 93 words[8b]). ' 'expect,  i=12'  [914]'
%%  60985 ns    Log    ID_PACKET_INITIATE  AXISTREAM_VVC,0     axistream_transmit(93 words[8b])=> ' 'transmit, tuser set,i=12'  [915]'
%%  60985 ns    Log    ID_PACKET_INITIATE  AXISTREAM_VVC,1     axistream_expect(93 words[8b]) while executing axistream_receive=> Receive packet. ' 'expect,   tuser set,i=12'  [916]'
%% 61242.5 ns    Log    ID_PACKET_COMPLETE  AXISTREAM_VVC,1     axistream_expect(93 words[8b])=> OK, received 93 words[8b]). ' 'expect,   tuser set,i=12'  [916]'
%%  61245 ns    Log    ID_PACKET_INITIATE  AXISTREAM_VVC,0     axistream_transmit(93 words[8b])=> ' 'transmit before receive, Check that tuser is fetched correctly,i=12'  [917]'
%%  61245 ns    Log    ID_PACKET_INITIATE  AXISTREAM_VVC,1     axistream_receive()=> Receive packet. ' 'test axistream_receive / fetch_result (with tuser) '  [918]'
%% 61502.5 ns    Log    ID_PACKET_COMPLETE  AXISTREAM_VVC,1     axistream_receive()=> Rx DONE (93 words[8b]). ' 'test axistream_receive / fetch_result (with tuser) '  [918]'
%%  61505 ns    Log    ID_PACKET_INITIATE  AXISTREAM_VVC,0     axistream_transmit(93 words[8b])=> ' 'transmit, data wrong ,i=12'  [922]'
%%  61505 ns    Log    ID_PACKET_INITIATE  AXISTREAM_VVC,1     axistream_expect(93 words[8b]) while executing axistream_receive=> Receive packet. ' 'expect,   data wrong ,i=12'  [923]'
%% 61762.5 ns    Alert  WARNING             AXISTREAM_VVC,1     
axistream_expect(93 words[8b])=> Failed in 8 data bits. First mismatch in word# 27. Was x"26". Expected x"D9". ' 'expect,   data wrong ,i=12'  [923]'
Was:
(0C, 0D, 0E, 0F, 10, 11, 12, 13, 14, 15, 16, 17, 18, 19, 1A, 1B, 1C, 1D, 1E, 1F, 20, 21, 22, 23, 24, 25, 26, 27, 28, 29, 2A, 2B, 2C, 2D, 2E, 2F, 30, 31, 32, 33, 34, 35, 36, 37, 38, 39, 3A, 3B, 3C, 3D, 3E, 3F, 40, 41, 42, 43, 44, 45, 46, 47, 48, 49, 4A, 4B, 4C, 4D, 4E, 4F, 50, 51, 52, 53, 54, 55, 56, 57, 58, 59, 5A, 5B, 5C, 5D, 5E, 5F, 60, 61, 62, 63, 64, 65, 66, 67, 68)
Expected:
(0C, 0D, 0E, 0F, 10, 11, 12, 13, 14, 15, 16, 17, 18, 19, 1A, 1B, 1C, 1D, 1E, 1F, 20, 21, 22, 23, 24, 25, D9, 27, 28, 29, 2A, 2B, 2C, 2D, 2E, 2F, 30, 31, 32, 33, 34, 35, 36, 37, 38, 39, 3A, 3B, 3C, 3D, 3E, 3F, 40, 41, 42, 43, 44, 45, 46, 47, 48, 49, 4A, 4B, 4C, 4D, 4E, 4F, 50, 51, 52, 53, 54, 55, 56, 57, 58, 59, 5A, 5B, 5C, 5D, 5E, 5F, 60, 61, 62, 63, 64, 65, 66, 67, 68)

Summary of errors in expected transaction. Failed in: 
8 data bits.
0 tuser bits.
0 tstrb bits.
0 tid bits.
0 tdest bits.

%%  61765 ns    Log    ID_PACKET_INITIATE  AXISTREAM_VVC,0     axistream_transmit(93 words[8b])=> ' 'transmit, tuser wrong ,i=12'  [924]'
%%  61765 ns    Log    ID_PACKET_INITIATE  AXISTREAM_VVC,1     axistream_expect(93 words[8b]) while executing axistream_receive=> Receive packet. ' 'expect,   tuser wrong ,i=12'  [925]'
%% 62022.5 ns    Alert  WARNING             AXISTREAM_VVC,1     
axistream_expect(93 words[8b])=> Failed in 1 tuser bits. First mismatch in word# 14. Was x"1". Expected x"0". ' 'expect,   tuser wrong ,i=12'  [925]'
Was:
(0, 1, 0, 1, 0, 1, 0, 1, 0, 1, 0, 1, 0, 1, 0, 1, 0, 1, 0, 1, 0, 1, 0, 1)
Expected:
(0, 1, 0, 1, 0, 1, 0, 1, 0, 1, 0, 1, 0, 0, 0, 1, 0, 1, 0, 1, 0, 1, 0, 1)

Summary of errors in expected transaction. Failed in: 
0 data bits.
1 tuser bits.
0 tstrb bits.
0 tid bits.
0 tdest bits.

%%  62025 ns    Log    ID_PACKET_INITIATE  AXISTREAM_VVC,0     axistream_transmit(23 words[8b])=> ' 'transmit,i=13'  [926]'
%%  62025 ns    Log    ID_PACKET_INITIATE  AXISTREAM_VVC,1     axistream_expect(23 words[8b]) while executing axistream_receive=> Receive packet. ' 'expect,  i=13'  [927]'
%% 62102.5 ns    Log    ID_PACKET_COMPLETE  AXISTREAM_VVC,1     axistream_expect(23 words[8b])=> OK, received 23 words[8b]). ' 'expect,  i=13'  [927]'
%%  62105 ns    Log    ID_PACKET_INITIATE  AXISTREAM_VVC,0     axistream_transmit(23 words[8b])=> ' 'transmit, tuser set,i=13'  [928]'
%%  62105 ns    Log    ID_PACKET_INITIATE  AXISTREAM_VVC,1     axistream_expect(23 words[8b]) while executing axistream_receive=> Receive packet. ' 'expect,   tuser set,i=13'  [929]'
%% 62182.5 ns    Log    ID_PACKET_COMPLETE  AXISTREAM_VVC,1     axistream_expect(23 words[8b])=> OK, received 23 words[8b]). ' 'expect,   tuser set,i=13'  [929]'
%%  62185 ns    Log    ID_PACKET_INITIATE  AXISTREAM_VVC,0     axistream_transmit(23 words[8b])=> ' 'transmit before receive, Check that tuser is fetched correctly,i=13'  [930]'
%%  62185 ns    Log    ID_PACKET_INITIATE  AXISTREAM_VVC,1     axistream_receive()=> Receive packet. ' 'test axistream_receive / fetch_result (with tuser) '  [931]'
%% 62262.5 ns    Log    ID_PACKET_COMPLETE  AXISTREAM_VVC,1     axistream_receive()=> Rx DONE (23 words[8b]). ' 'test axistream_receive / fetch_result (with tuser) '  [931]'
%%  62265 ns    Log    ID_PACKET_INITIATE  AXISTREAM_VVC,0     axistream_transmit(23 words[8b])=> ' 'transmit, data wrong ,i=13'  [935]'
%%  62265 ns    Log    ID_PACKET_INITIATE  AXISTREAM_VVC,1     axistream_expect(23 words[8b]) while executing axistream_receive=> Receive packet. ' 'expect,   data wrong ,i=13'  [936]'
%% 62342.5 ns    Alert  WARNING             AXISTREAM_VVC,1     
axistream_expect(23 words[8b])=> Failed in 8 data bits. First mismatch in word# 7. Was x"13". Expected x"EC". ' 'expect,   data wrong ,i=13'  [936]'
Was:
(0D, 0E, 0F, 10, 11, 12, 13, 14, 15, 16, 17, 18, 19, 1A, 1B, 1C, 1D, 1E, 1F, 20, 21, 22, 23)
Expected:
(0D, 0E, 0F, 10, 11, 12, EC, 14, 15, 16, 17, 18, 19, 1A, 1B, 1C, 1D, 1E, 1F, 20, 21, 22, 23)

Summary of errors in expected transaction. Failed in: 
8 data bits.
0 tuser bits.
0 tstrb bits.
0 tid bits.
0 tdest bits.

%%  62345 ns    Log    ID_PACKET_INITIATE  AXISTREAM_VVC,0     axistream_transmit(23 words[8b])=> ' 'transmit, tuser wrong ,i=13'  [937]'
%%  62345 ns    Log    ID_PACKET_INITIATE  AXISTREAM_VVC,1     axistream_expect(23 words[8b]) while executing axistream_receive=> Receive packet. ' 'expect,   tuser wrong ,i=13'  [938]'
%% 62422.5 ns    Alert  WARNING             AXISTREAM_VVC,1     
axistream_expect(23 words[8b])=> Failed in 1 tuser bits. First mismatch in word# 2. Was x"0". Expected x"1". ' 'expect,   tuser wrong ,i=13'  [938]'
Was:
(1, 0, 1, 0, 1, 0)
Expected:
(1, 1, 1, 0, 1, 0)

Summary of errors in expected transaction. Failed in: 
0 data bits.
1 tuser bits.
0 tstrb bits.
0 tid bits.
0 tdest bits.

%%  62425 ns    Log    ID_PACKET_INITIATE  AXISTREAM_VVC,0     axistream_transmit(8 words[8b])=> ' 'transmit,i=14'  [939]'
%%  62425 ns    Log    ID_PACKET_INITIATE  AXISTREAM_VVC,1     axistream_expect(8 words[8b]) while executing axistream_receive=> Receive packet. ' 'expect,  i=14'  [940]'
%% 62462.5 ns    Log    ID_PACKET_COMPLETE  AXISTREAM_VVC,1     axistream_expect(8 words[8b])=> OK, received 8 words[8b]). ' 'expect,  i=14'  [940]'
%%  62465 ns    Log    ID_PACKET_INITIATE  AXISTREAM_VVC,0     axistream_transmit(8 words[8b])=> ' 'transmit, tuser set,i=14'  [941]'
%%  62465 ns    Log    ID_PACKET_INITIATE  AXISTREAM_VVC,1     axistream_expect(8 words[8b]) while executing axistream_receive=> Receive packet. ' 'expect,   tuser set,i=14'  [942]'
%% 62502.5 ns    Log    ID_PACKET_COMPLETE  AXISTREAM_VVC,1     axistream_expect(8 words[8b])=> OK, received 8 words[8b]). ' 'expect,   tuser set,i=14'  [942]'
%%  62505 ns    Log    ID_PACKET_INITIATE  AXISTREAM_VVC,0     axistream_transmit(8 words[8b])=> ' 'transmit before receive, Check that tuser is fetched correctly,i=14'  [943]'
%%  62505 ns    Log    ID_PACKET_INITIATE  AXISTREAM_VVC,1     axistream_receive()=> Receive packet. ' 'test axistream_receive / fetch_result (with tuser) '  [944]'
%% 62542.5 ns    Log    ID_PACKET_COMPLETE  AXISTREAM_VVC,1     axistream_receive()=> Rx DONE (8 words[8b]). ' 'test axistream_receive / fetch_result (with tuser) '  [944]'
%%  62545 ns    Log    ID_PACKET_INITIATE  AXISTREAM_VVC,0     axistream_transmit(8 words[8b])=> ' 'transmit, data wrong ,i=14'  [948]'
%%  62545 ns    Log    ID_PACKET_INITIATE  AXISTREAM_VVC,1     axistream_expect(8 words[8b]) while executing axistream_receive=> Receive packet. ' 'expect,   data wrong ,i=14'  [949]'
%% 62582.5 ns    Alert  WARNING             AXISTREAM_VVC,1     
axistream_expect(8 words[8b])=> Failed in 8 data bits. First mismatch in word# 5. Was x"12". Expected x"ED". ' 'expect,   data wrong ,i=14'  [949]'
Was:
(0E, 0F, 10, 11, 12, 13, 14, 15)
Expected:
(0E, 0F, 10, 11, ED, 13, 14, 15)

Summary of errors in expected transaction. Failed in: 
8 data bits.
0 tuser bits.
0 tstrb bits.
0 tid bits.
0 tdest bits.

%%  62585 ns    Log    ID_PACKET_INITIATE  AXISTREAM_VVC,0     axistream_transmit(8 words[8b])=> ' 'transmit, tuser wrong ,i=14'  [950]'
%%  62585 ns    Log    ID_PACKET_INITIATE  AXISTREAM_VVC,1     axistream_expect(8 words[8b]) while executing axistream_receive=> Receive packet. ' 'expect,   tuser wrong ,i=14'  [951]'
%% 62622.5 ns    Alert  WARNING             AXISTREAM_VVC,1     
axistream_expect(8 words[8b])=> Failed in 1 tuser bits. First mismatch in word# 2. Was x"1". Expected x"0". ' 'expect,   tuser wrong ,i=14'  [951]'
Was:
(0, 1)
Expected:
(0, 0)

Summary of errors in expected transaction. Failed in: 
0 data bits.
1 tuser bits.
0 tstrb bits.
0 tid bits.
0 tdest bits.

%%  62625 ns    Log    ID_PACKET_INITIATE  AXISTREAM_VVC,0     axistream_transmit(18 words[8b])=> ' 'transmit,i=15'  [952]'
%%  62625 ns    Log    ID_PACKET_INITIATE  AXISTREAM_VVC,1     axistream_expect(18 words[8b]) while executing axistream_receive=> Receive packet. ' 'expect,  i=15'  [953]'
%% 62692.5 ns    Log    ID_PACKET_COMPLETE  AXISTREAM_VVC,1     axistream_expect(18 words[8b])=> OK, received 18 words[8b]). ' 'expect,  i=15'  [953]'
%%  62695 ns    Log    ID_PACKET_INITIATE  AXISTREAM_VVC,0     axistream_transmit(18 words[8b])=> ' 'transmit, tuser set,i=15'  [954]'
%%  62695 ns    Log    ID_PACKET_INITIATE  AXISTREAM_VVC,1     axistream_expect(18 words[8b]) while executing axistream_receive=> Receive packet. ' 'expect,   tuser set,i=15'  [955]'
%% 62762.5 ns    Log    ID_PACKET_COMPLETE  AXISTREAM_VVC,1     axistream_expect(18 words[8b])=> OK, received 18 words[8b]). ' 'expect,   tuser set,i=15'  [955]'
%%  62765 ns    Log    ID_PACKET_INITIATE  AXISTREAM_VVC,0     axistream_transmit(18 words[8b])=> ' 'transmit before receive, Check that tuser is fetched correctly,i=15'  [956]'
%%  62765 ns    Log    ID_PACKET_INITIATE  AXISTREAM_VVC,1     axistream_receive()=> Receive packet. ' 'test axistream_receive / fetch_result (with tuser) '  [957]'
%% 62832.5 ns    Log    ID_PACKET_COMPLETE  AXISTREAM_VVC,1     axistream_receive()=> Rx DONE (18 words[8b]). ' 'test axistream_receive / fetch_result (with tuser) '  [957]'
%%  62835 ns    Log    ID_PACKET_INITIATE  AXISTREAM_VVC,0     axistream_transmit(18 words[8b])=> ' 'transmit, data wrong ,i=15'  [961]'
%%  62835 ns    Log    ID_PACKET_INITIATE  AXISTREAM_VVC,1     axistream_expect(18 words[8b]) while executing axistream_receive=> Receive packet. ' 'expect,   data wrong ,i=15'  [962]'
%% 62902.5 ns    Alert  WARNING             AXISTREAM_VVC,1     
axistream_expect(18 words[8b])=> Failed in 8 data bits. First mismatch in word# 12. Was x"1A". Expected x"E5". ' 'expect,   data wrong ,i=15'  [962]'
Was:
(0F, 10, 11, 12, 13, 14, 15, 16, 17, 18, 19, 1A, 1B, 1C, 1D, 1E, 1F, 20)
Expected:
(0F, 10, 11, 12, 13, 14, 15, 16, 17, 18, 19, E5, 1B, 1C, 1D, 1E, 1F, 20)

Summary of errors in expected transaction. Failed in: 
8 data bits.
0 tuser bits.
0 tstrb bits.
0 tid bits.
0 tdest bits.

%%  62905 ns    Log    ID_PACKET_INITIATE  AXISTREAM_VVC,0     axistream_transmit(18 words[8b])=> ' 'transmit, tuser wrong ,i=15'  [963]'
%%  62905 ns    Log    ID_PACKET_INITIATE  AXISTREAM_VVC,1     axistream_expect(18 words[8b]) while executing axistream_receive=> Receive packet. ' 'expect,   tuser wrong ,i=15'  [964]'
%% 62972.5 ns    Alert  WARNING             AXISTREAM_VVC,1     
axistream_expect(18 words[8b])=> Failed in 1 tuser bits. First mismatch in word# 1. Was x"1". Expected x"0". ' 'expect,   tuser wrong ,i=15'  [964]'
Was:
(1, 0, 1, 0, 1)
Expected:
(0, 0, 1, 0, 1)

Summary of errors in expected transaction. Failed in: 
0 data bits.
1 tuser bits.
0 tstrb bits.
0 tid bits.
0 tdest bits.

%%  62975 ns    Log    ID_PACKET_INITIATE  AXISTREAM_VVC,0     axistream_transmit(82 words[8b])=> ' 'transmit,i=16'  [965]'
%%  62975 ns    Log    ID_PACKET_INITIATE  AXISTREAM_VVC,1     axistream_expect(82 words[8b]) while executing axistream_receive=> Receive packet. ' 'expect,  i=16'  [966]'
%% 63202.5 ns    Log    ID_PACKET_COMPLETE  AXISTREAM_VVC,1     axistream_expect(82 words[8b])=> OK, received 82 words[8b]). ' 'expect,  i=16'  [966]'
%%  63205 ns    Log    ID_PACKET_INITIATE  AXISTREAM_VVC,0     axistream_transmit(82 words[8b])=> ' 'transmit, tuser set,i=16'  [967]'
%%  63205 ns    Log    ID_PACKET_INITIATE  AXISTREAM_VVC,1     axistream_expect(82 words[8b]) while executing axistream_receive=> Receive packet. ' 'expect,   tuser set,i=16'  [968]'
%% 63432.5 ns    Log    ID_PACKET_COMPLETE  AXISTREAM_VVC,1     axistream_expect(82 words[8b])=> OK, received 82 words[8b]). ' 'expect,   tuser set,i=16'  [968]'
%%  63435 ns    Log    ID_PACKET_INITIATE  AXISTREAM_VVC,0     axistream_transmit(82 words[8b])=> ' 'transmit before receive, Check that tuser is fetched correctly,i=16'  [969]'
%%  63435 ns    Log    ID_PACKET_INITIATE  AXISTREAM_VVC,1     axistream_receive()=> Receive packet. ' 'test axistream_receive / fetch_result (with tuser) '  [970]'
%% 63662.5 ns    Log    ID_PACKET_COMPLETE  AXISTREAM_VVC,1     axistream_receive()=> Rx DONE (82 words[8b]). ' 'test axistream_receive / fetch_result (with tuser) '  [970]'
%%  63665 ns    Log    ID_PACKET_INITIATE  AXISTREAM_VVC,0     axistream_transmit(82 words[8b])=> ' 'transmit, data wrong ,i=16'  [974]'
%%  63665 ns    Log    ID_PACKET_INITIATE  AXISTREAM_VVC,1     axistream_expect(82 words[8b]) while executing axistream_receive=> Receive packet. ' 'expect,   data wrong ,i=16'  [975]'
%% 63892.5 ns    Alert  WARNING             AXISTREAM_VVC,1     
axistream_expect(82 words[8b])=> Failed in 8 data bits. First mismatch in word# 39. Was x"36". Expected x"C9". ' 'expect,   data wrong ,i=16'  [975]'
Was:
(10, 11, 12, 13, 14, 15, 16, 17, 18, 19, 1A, 1B, 1C, 1D, 1E, 1F, 20, 21, 22, 23, 24, 25, 26, 27, 28, 29, 2A, 2B, 2C, 2D, 2E, 2F, 30, 31, 32, 33, 34, 35, 36, 37, 38, 39, 3A, 3B, 3C, 3D, 3E, 3F, 40, 41, 42, 43, 44, 45, 46, 47, 48, 49, 4A, 4B, 4C, 4D, 4E, 4F, 50, 51, 52, 53, 54, 55, 56, 57, 58, 59, 5A, 5B, 5C, 5D, 5E, 5F, 60, 61)
Expected:
(10, 11, 12, 13, 14, 15, 16, 17, 18, 19, 1A, 1B, 1C, 1D, 1E, 1F, 20, 21, 22, 23, 24, 25, 26, 27, 28, 29, 2A, 2B, 2C, 2D, 2E, 2F, 30, 31, 32, 33, 34, 35, C9, 37, 38, 39, 3A, 3B, 3C, 3D, 3E, 3F, 40, 41, 42, 43, 44, 45, 46, 47, 48, 49, 4A, 4B, 4C, 4D, 4E, 4F, 50, 51, 52, 53, 54, 55, 56, 57, 58, 59, 5A, 5B, 5C, 5D, 5E, 5F, 60, 61)

Summary of errors in expected transaction. Failed in: 
8 data bits.
0 tuser bits.
0 tstrb bits.
0 tid bits.
0 tdest bits.

%%  63895 ns    Log    ID_PACKET_INITIATE  AXISTREAM_VVC,0     axistream_transmit(82 words[8b])=> ' 'transmit, tuser wrong ,i=16'  [976]'
%%  63895 ns    Log    ID_PACKET_INITIATE  AXISTREAM_VVC,1     axistream_expect(82 words[8b]) while executing axistream_receive=> Receive packet. ' 'expect,   tuser wrong ,i=16'  [977]'
%% 64122.5 ns    Alert  WARNING             AXISTREAM_VVC,1     
axistream_expect(82 words[8b])=> Failed in 1 tuser bits. First mismatch in word# 8. Was x"1". Expected x"0". ' 'expect,   tuser wrong ,i=16'  [977]'
Was:
(0, 1, 0, 1, 0, 1, 0, 1, 0, 1, 0, 1, 0, 1, 0, 1, 0, 1, 0, 1, 0)
Expected:
(0, 1, 0, 1, 0, 1, 0, 0, 0, 1, 0, 1, 0, 1, 0, 1, 0, 1, 0, 1, 0)

Summary of errors in expected transaction. Failed in: 
0 data bits.
1 tuser bits.
0 tstrb bits.
0 tid bits.
0 tdest bits.

%%  64125 ns    Log    ID_PACKET_INITIATE  AXISTREAM_VVC,0     axistream_transmit(50 words[8b])=> ' 'transmit,i=17'  [978]'
%%  64125 ns    Log    ID_PACKET_INITIATE  AXISTREAM_VVC,1     axistream_expect(50 words[8b]) while executing axistream_receive=> Receive packet. ' 'expect,  i=17'  [979]'
%% 64272.5 ns    Log    ID_PACKET_COMPLETE  AXISTREAM_VVC,1     axistream_expect(50 words[8b])=> OK, received 50 words[8b]). ' 'expect,  i=17'  [979]'
%%  64275 ns    Log    ID_PACKET_INITIATE  AXISTREAM_VVC,0     axistream_transmit(50 words[8b])=> ' 'transmit, tuser set,i=17'  [980]'
%%  64275 ns    Log    ID_PACKET_INITIATE  AXISTREAM_VVC,1     axistream_expect(50 words[8b]) while executing axistream_receive=> Receive packet. ' 'expect,   tuser set,i=17'  [981]'
%% 64422.5 ns    Log    ID_PACKET_COMPLETE  AXISTREAM_VVC,1     axistream_expect(50 words[8b])=> OK, received 50 words[8b]). ' 'expect,   tuser set,i=17'  [981]'
%%  64425 ns    Log    ID_PACKET_INITIATE  AXISTREAM_VVC,0     axistream_transmit(50 words[8b])=> ' 'transmit before receive, Check that tuser is fetched correctly,i=17'  [982]'
%%  64425 ns    Log    ID_PACKET_INITIATE  AXISTREAM_VVC,1     axistream_receive()=> Receive packet. ' 'test axistream_receive / fetch_result (with tuser) '  [983]'
%% 64572.5 ns    Log    ID_PACKET_COMPLETE  AXISTREAM_VVC,1     axistream_receive()=> Rx DONE (50 words[8b]). ' 'test axistream_receive / fetch_result (with tuser) '  [983]'
%%  64575 ns    Log    ID_PACKET_INITIATE  AXISTREAM_VVC,0     axistream_transmit(50 words[8b])=> ' 'transmit, data wrong ,i=17'  [987]'
%%  64575 ns    Log    ID_PACKET_INITIATE  AXISTREAM_VVC,1     axistream_expect(50 words[8b]) while executing axistream_receive=> Receive packet. ' 'expect,   data wrong ,i=17'  [988]'
%% 64722.5 ns    Alert  WARNING             AXISTREAM_VVC,1     
axistream_expect(50 words[8b])=> Failed in 8 data bits. First mismatch in word# 23. Was x"27". Expected x"D8". ' 'expect,   data wrong ,i=17'  [988]'
Was:
(11, 12, 13, 14, 15, 16, 17, 18, 19, 1A, 1B, 1C, 1D, 1E, 1F, 20, 21, 22, 23, 24, 25, 26, 27, 28, 29, 2A, 2B, 2C, 2D, 2E, 2F, 30, 31, 32, 33, 34, 35, 36, 37, 38, 39, 3A, 3B, 3C, 3D, 3E, 3F, 40, 41, 42)
Expected:
(11, 12, 13, 14, 15, 16, 17, 18, 19, 1A, 1B, 1C, 1D, 1E, 1F, 20, 21, 22, 23, 24, 25, 26, D8, 28, 29, 2A, 2B, 2C, 2D, 2E, 2F, 30, 31, 32, 33, 34, 35, 36, 37, 38, 39, 3A, 3B, 3C, 3D, 3E, 3F, 40, 41, 42)

Summary of errors in expected transaction. Failed in: 
8 data bits.
0 tuser bits.
0 tstrb bits.
0 tid bits.
0 tdest bits.

%%  64725 ns    Log    ID_PACKET_INITIATE  AXISTREAM_VVC,0     axistream_transmit(50 words[8b])=> ' 'transmit, tuser wrong ,i=17'  [989]'
%%  64725 ns    Log    ID_PACKET_INITIATE  AXISTREAM_VVC,1     axistream_expect(50 words[8b]) while executing axistream_receive=> Receive packet. ' 'expect,   tuser wrong ,i=17'  [990]'
%% 64872.5 ns    Alert  WARNING             AXISTREAM_VVC,1     
axistream_expect(50 words[8b])=> Failed in 1 tuser bits. First mismatch in word# 4. Was x"0". Expected x"1". ' 'expect,   tuser wrong ,i=17'  [990]'
Was:
(1, 0, 1, 0, 1, 0, 1, 0, 1, 0, 1, 0, 1)
Expected:
(1, 0, 1, 1, 1, 0, 1, 0, 1, 0, 1, 0, 1)

Summary of errors in expected transaction. Failed in: 
0 data bits.
1 tuser bits.
0 tstrb bits.
0 tid bits.
0 tdest bits.

%%  64875 ns    Log    ID_PACKET_INITIATE  AXISTREAM_VVC,0     axistream_transmit(90 words[8b])=> ' 'transmit,i=18'  [991]'
%%  64875 ns    Log    ID_PACKET_INITIATE  AXISTREAM_VVC,1     axistream_expect(90 words[8b]) while executing axistream_receive=> Receive packet. ' 'expect,  i=18'  [992]'
%% 65122.5 ns    Log    ID_PACKET_COMPLETE  AXISTREAM_VVC,1     axistream_expect(90 words[8b])=> OK, received 90 words[8b]). ' 'expect,  i=18'  [992]'
%%  65125 ns    Log    ID_PACKET_INITIATE  AXISTREAM_VVC,0     axistream_transmit(90 words[8b])=> ' 'transmit, tuser set,i=18'  [993]'
%%  65125 ns    Log    ID_PACKET_INITIATE  AXISTREAM_VVC,1     axistream_expect(90 words[8b]) while executing axistream_receive=> Receive packet. ' 'expect,   tuser set,i=18'  [994]'
%% 65372.5 ns    Log    ID_PACKET_COMPLETE  AXISTREAM_VVC,1     axistream_expect(90 words[8b])=> OK, received 90 words[8b]). ' 'expect,   tuser set,i=18'  [994]'
%%  65375 ns    Log    ID_PACKET_INITIATE  AXISTREAM_VVC,0     axistream_transmit(90 words[8b])=> ' 'transmit before receive, Check that tuser is fetched correctly,i=18'  [995]'
%%  65375 ns    Log    ID_PACKET_INITIATE  AXISTREAM_VVC,1     axistream_receive()=> Receive packet. ' 'test axistream_receive / fetch_result (with tuser) '  [996]'
%% 65622.5 ns    Log    ID_PACKET_COMPLETE  AXISTREAM_VVC,1     axistream_receive()=> Rx DONE (90 words[8b]). ' 'test axistream_receive / fetch_result (with tuser) '  [996]'
%%  65625 ns    Log    ID_PACKET_INITIATE  AXISTREAM_VVC,0     axistream_transmit(90 words[8b])=> ' 'transmit, data wrong ,i=18'  [1000]'
%%  65625 ns    Log    ID_PACKET_INITIATE  AXISTREAM_VVC,1     axistream_expect(90 words[8b]) while executing axistream_receive=> Receive packet. ' 'expect,   data wrong ,i=18'  [1001]'
%% 65872.5 ns    Alert  WARNING             AXISTREAM_VVC,1     
axistream_expect(90 words[8b])=> Failed in 8 data bits. First mismatch in word# 42. Was x"3B". Expected x"C4". ' 'expect,   data wrong ,i=18'  [1001]'
Was:
(12, 13, 14, 15, 16, 17, 18, 19, 1A, 1B, 1C, 1D, 1E, 1F, 20, 21, 22, 23, 24, 25, 26, 27, 28, 29, 2A, 2B, 2C, 2D, 2E, 2F, 30, 31, 32, 33, 34, 35, 36, 37, 38, 39, 3A, 3B, 3C, 3D, 3E, 3F, 40, 41, 42, 43, 44, 45, 46, 47, 48, 49, 4A, 4B, 4C, 4D, 4E, 4F, 50, 51, 52, 53, 54, 55, 56, 57, 58, 59, 5A, 5B, 5C, 5D, 5E, 5F, 60, 61, 62, 63, 64, 65, 66, 67, 68, 69, 6A, 6B)
Expected:
(12, 13, 14, 15, 16, 17, 18, 19, 1A, 1B, 1C, 1D, 1E, 1F, 20, 21, 22, 23, 24, 25, 26, 27, 28, 29, 2A, 2B, 2C, 2D, 2E, 2F, 30, 31, 32, 33, 34, 35, 36, 37, 38, 39, 3A, C4, 3C, 3D, 3E, 3F, 40, 41, 42, 43, 44, 45, 46, 47, 48, 49, 4A, 4B, 4C, 4D, 4E, 4F, 50, 51, 52, 53, 54, 55, 56, 57, 58, 59, 5A, 5B, 5C, 5D, 5E, 5F, 60, 61, 62, 63, 64, 65, 66, 67, 68, 69, 6A, 6B)

Summary of errors in expected transaction. Failed in: 
8 data bits.
0 tuser bits.
0 tstrb bits.
0 tid bits.
0 tdest bits.

%%  65875 ns    Log    ID_PACKET_INITIATE  AXISTREAM_VVC,0     axistream_transmit(90 words[8b])=> ' 'transmit, tuser wrong ,i=18'  [1002]'
%%  65875 ns    Log    ID_PACKET_INITIATE  AXISTREAM_VVC,1     axistream_expect(90 words[8b]) while executing axistream_receive=> Receive packet. ' 'expect,   tuser wrong ,i=18'  [1003]'
%% 66122.5 ns    Alert  WARNING             AXISTREAM_VVC,1     
axistream_expect(90 words[8b])=> Failed in 1 tuser bits. First mismatch in word# 6. Was x"1". Expected x"0". ' 'expect,   tuser wrong ,i=18'  [1003]'
Was:
(0, 1, 0, 1, 0, 1, 0, 1, 0, 1, 0, 1, 0, 1, 0, 1, 0, 1, 0, 1, 0, 1, 0)
Expected:
(0, 1, 0, 1, 0, 0, 0, 1, 0, 1, 0, 1, 0, 1, 0, 1, 0, 1, 0, 1, 0, 1, 0)

Summary of errors in expected transaction. Failed in: 
0 data bits.
1 tuser bits.
0 tstrb bits.
0 tid bits.
0 tdest bits.

%%  66125 ns    Log    ID_PACKET_INITIATE  AXISTREAM_VVC,0     axistream_transmit(100 words[8b])=> ' 'transmit,i=19'  [1004]'
%%  66125 ns    Log    ID_PACKET_INITIATE  AXISTREAM_VVC,1     axistream_expect(100 words[8b]) while executing axistream_receive=> Receive packet. ' 'expect,  i=19'  [1005]'
%% 66392.5 ns    Log    ID_PACKET_COMPLETE  AXISTREAM_VVC,1     axistream_expect(100 words[8b])=> OK, received 100 words[8b]). ' 'expect,  i=19'  [1005]'
%%  66395 ns    Log    ID_PACKET_INITIATE  AXISTREAM_VVC,0     axistream_transmit(100 words[8b])=> ' 'transmit, tuser set,i=19'  [1006]'
%%  66395 ns    Log    ID_PACKET_INITIATE  AXISTREAM_VVC,1     axistream_expect(100 words[8b]) while executing axistream_receive=> Receive packet. ' 'expect,   tuser set,i=19'  [1007]'
%% 66662.5 ns    Log    ID_PACKET_COMPLETE  AXISTREAM_VVC,1     axistream_expect(100 words[8b])=> OK, received 100 words[8b]). ' 'expect,   tuser set,i=19'  [1007]'
%%  66665 ns    Log    ID_PACKET_INITIATE  AXISTREAM_VVC,0     axistream_transmit(100 words[8b])=> ' 'transmit before receive, Check that tuser is fetched correctly,i=19'  [1008]'
%%  66665 ns    Log    ID_PACKET_INITIATE  AXISTREAM_VVC,1     axistream_receive()=> Receive packet. ' 'test axistream_receive / fetch_result (with tuser) '  [1009]'
%% 66932.5 ns    Log    ID_PACKET_COMPLETE  AXISTREAM_VVC,1     axistream_receive()=> Rx DONE (100 words[8b]). ' 'test axistream_receive / fetch_result (with tuser) '  [1009]'
%%  66935 ns    Log    ID_PACKET_INITIATE  AXISTREAM_VVC,0     axistream_transmit(100 words[8b])=> ' 'transmit, data wrong ,i=19'  [1013]'
%%  66935 ns    Log    ID_PACKET_INITIATE  AXISTREAM_VVC,1     axistream_expect(100 words[8b]) while executing axistream_receive=> Receive packet. ' 'expect,   data wrong ,i=19'  [1014]'
%% 67202.5 ns    Alert  WARNING             AXISTREAM_VVC,1     
axistream_expect(100 words[8b])=> Failed in 8 data bits. First mismatch in word# 91. Was x"6D". Expected x"92". ' 'expect,   data wrong ,i=19'  [1014]'
Was:
(13, 14, 15, 16, 17, 18, 19, 1A, 1B, 1C, 1D, 1E, 1F, 20, 21, 22, 23, 24, 25, 26, 27, 28, 29, 2A, 2B, 2C, 2D, 2E, 2F, 30, 31, 32, 33, 34, 35, 36, 37, 38, 39, 3A, 3B, 3C, 3D, 3E, 3F, 40, 41, 42, 43, 44, 45, 46, 47, 48, 49, 4A, 4B, 4C, 4D, 4E, 4F, 50, 51, 52, 53, 54, 55, 56, 57, 58, 59, 5A, 5B, 5C, 5D, 5E, 5F, 60, 61, 62, 63, 64, 65, 66, 67, 68, 69, 6A, 6B, 6C, 6D, 6E, 6F, 70, 71, 72, 73, 74, 75, 76)
Expected:
(13, 14, 15, 16, 17, 18, 19, 1A, 1B, 1C, 1D, 1E, 1F, 20, 21, 22, 23, 24, 25, 26, 27, 28, 29, 2A, 2B, 2C, 2D, 2E, 2F, 30, 31, 32, 33, 34, 35, 36, 37, 38, 39, 3A, 3B, 3C, 3D, 3E, 3F, 40, 41, 42, 43, 44, 45, 46, 47, 48, 49, 4A, 4B, 4C, 4D, 4E, 4F, 50, 51, 52, 53, 54, 55, 56, 57, 58, 59, 5A, 5B, 5C, 5D, 5E, 5F, 60, 61, 62, 63, 64, 65, 66, 67, 68, 69, 6A, 6B, 6C, 92, 6E, 6F, 70, 71, 72, 73, 74, 75, 76)

Summary of errors in expected transaction. Failed in: 
8 data bits.
0 tuser bits.
0 tstrb bits.
0 tid bits.
0 tdest bits.

%%  67205 ns    Log    ID_PACKET_INITIATE  AXISTREAM_VVC,0     axistream_transmit(100 words[8b])=> ' 'transmit, tuser wrong ,i=19'  [1015]'
%%  67205 ns    Log    ID_PACKET_INITIATE  AXISTREAM_VVC,1     axistream_expect(100 words[8b]) while executing axistream_receive=> Receive packet. ' 'expect,   tuser wrong ,i=19'  [1016]'
%% 67472.5 ns    Alert  WARNING             AXISTREAM_VVC,1     
axistream_expect(100 words[8b])=> Failed in 1 tuser bits. First mismatch in word# 2. Was x"0". Expected x"1". ' 'expect,   tuser wrong ,i=19'  [1016]'
Was:
(1, 0, 1, 0, 1, 0, 1, 0, 1, 0, 1, 0, 1, 0, 1, 0, 1, 0, 1, 0, 1, 0, 1, 0, 1)
Expected:
(1, 1, 1, 0, 1, 0, 1, 0, 1, 0, 1, 0, 1, 0, 1, 0, 1, 0, 1, 0, 1, 0, 1, 0, 1)

Summary of errors in expected transaction. Failed in: 
0 data bits.
1 tuser bits.
0 tstrb bits.
0 tid bits.
0 tdest bits.

%%  67475 ns    Log    ID_PACKET_INITIATE  AXISTREAM_VVC,0     axistream_transmit(45 words[8b])=> ' 'transmit,i=20'  [1017]'
%%  67475 ns    Log    ID_PACKET_INITIATE  AXISTREAM_VVC,1     axistream_expect(45 words[8b]) while executing axistream_receive=> Receive packet. ' 'expect,  i=20'  [1018]'
%% 67612.5 ns    Log    ID_PACKET_COMPLETE  AXISTREAM_VVC,1     axistream_expect(45 words[8b])=> OK, received 45 words[8b]). ' 'expect,  i=20'  [1018]'
%%  67615 ns    Log    ID_PACKET_INITIATE  AXISTREAM_VVC,0     axistream_transmit(45 words[8b])=> ' 'transmit, tuser set,i=20'  [1019]'
%%  67615 ns    Log    ID_PACKET_INITIATE  AXISTREAM_VVC,1     axistream_expect(45 words[8b]) while executing axistream_receive=> Receive packet. ' 'expect,   tuser set,i=20'  [1020]'
%% 67752.5 ns    Log    ID_PACKET_COMPLETE  AXISTREAM_VVC,1     axistream_expect(45 words[8b])=> OK, received 45 words[8b]). ' 'expect,   tuser set,i=20'  [1020]'
%%  67755 ns    Log    ID_PACKET_INITIATE  AXISTREAM_VVC,0     axistream_transmit(45 words[8b])=> ' 'transmit before receive, Check that tuser is fetched correctly,i=20'  [1021]'
%%  67755 ns    Log    ID_PACKET_INITIATE  AXISTREAM_VVC,1     axistream_receive()=> Receive packet. ' 'test axistream_receive / fetch_result (with tuser) '  [1022]'
%% 67892.5 ns    Log    ID_PACKET_COMPLETE  AXISTREAM_VVC,1     axistream_receive()=> Rx DONE (45 words[8b]). ' 'test axistream_receive / fetch_result (with tuser) '  [1022]'
%%  67895 ns    Log    ID_PACKET_INITIATE  AXISTREAM_VVC,0     axistream_transmit(45 words[8b])=> ' 'transmit, data wrong ,i=20'  [1026]'
%%  67895 ns    Log    ID_PACKET_INITIATE  AXISTREAM_VVC,1     axistream_expect(45 words[8b]) while executing axistream_receive=> Receive packet. ' 'expect,   data wrong ,i=20'  [1027]'
%% 68032.5 ns    Alert  WARNING             AXISTREAM_VVC,1     
axistream_expect(45 words[8b])=> Failed in 8 data bits. First mismatch in word# 5. Was x"18". Expected x"E7". ' 'expect,   data wrong ,i=20'  [1027]'
Was:
(14, 15, 16, 17, 18, 19, 1A, 1B, 1C, 1D, 1E, 1F, 20, 21, 22, 23, 24, 25, 26, 27, 28, 29, 2A, 2B, 2C, 2D, 2E, 2F, 30, 31, 32, 33, 34, 35, 36, 37, 38, 39, 3A, 3B, 3C, 3D, 3E, 3F, 40)
Expected:
(14, 15, 16, 17, E7, 19, 1A, 1B, 1C, 1D, 1E, 1F, 20, 21, 22, 23, 24, 25, 26, 27, 28, 29, 2A, 2B, 2C, 2D, 2E, 2F, 30, 31, 32, 33, 34, 35, 36, 37, 38, 39, 3A, 3B, 3C, 3D, 3E, 3F, 40)

Summary of errors in expected transaction. Failed in: 
8 data bits.
0 tuser bits.
0 tstrb bits.
0 tid bits.
0 tdest bits.

%%  68035 ns    Log    ID_PACKET_INITIATE  AXISTREAM_VVC,0     axistream_transmit(45 words[8b])=> ' 'transmit, tuser wrong ,i=20'  [1028]'
%%  68035 ns    Log    ID_PACKET_INITIATE  AXISTREAM_VVC,1     axistream_expect(45 words[8b]) while executing axistream_receive=> Receive packet. ' 'expect,   tuser wrong ,i=20'  [1029]'
%% 68172.5 ns    Alert  WARNING             AXISTREAM_VVC,1     
axistream_expect(45 words[8b])=> Failed in 1 tuser bits. First mismatch in word# 12. Was x"1". Expected x"0". ' 'expect,   tuser wrong ,i=20'  [1029]'
Was:
(0, 1, 0, 1, 0, 1, 0, 1, 0, 1, 0, 1)
Expected:
(0, 1, 0, 1, 0, 1, 0, 1, 0, 1, 0, 0)

Summary of errors in expected transaction. Failed in: 
0 data bits.
1 tuser bits.
0 tstrb bits.
0 tid bits.
0 tdest bits.

%% 
%% ============================================================================================================================================================================
%%  *** INTERMEDIATE SUMMARY OF ALL ALERTS ***
%% ============================================================================================================================================================================
%% 68172.5 ns    DONE   PASSED   axistream_vvc_tb  Passed: 2  Affirmations Checked: 862
%%    Expected      Failures: 0  Errors: 0  Warnings: -172  Passed: 0
%%    VHDL Asserts  Failures: 0  Errors: 0  Warnings: 0  Passed: 0
%%    Default       Failures: 0  Errors: 0  Warnings: 172  Passed: 0
%%    OSVVM         Failures: 0  Errors: 0  Warnings: 0  Passed: 0
%% ============================================================================================================================================================================
%% 
%%  68175 ns    Log    ID_PACKET_INITIATE  AXISTREAM_VVC,0     axistream_transmit(5 words[8b])=> ' 'transmit, tlast wrong ,i=1'  [1033]'
%%  68175 ns    Log    ID_PACKET_INITIATE  AXISTREAM_VVC,1     axistream_expect(4 words[8b]) while executing axistream_receive=> Receive packet. ' 'expect,   tlast wrong ,i=1'  [1034]'
%%  68200 ns    Alert  WARNING             AXISTREAM_VVC,1     check_value(sl, 1) => Failed. Value was 0. Expected 1. 'Check tlast at expected last byte = 3. ' 'expect,   tlast wrong ,i=1'  [1034]''
%%  68205 ns    Log    ID_PACKET_INITIATE  AXISTREAM_VVC,1     axistream_expect(4 words[8b]) while executing axistream_receive=> Receive packet. ' 'expect,   tlast wrong ,i=1'  [1035]'
%% 
%% 
%% 68212.5 ns    Log    ID_LOG_HDR          TB seq.             TC: check axistream VVC Master only transmits and VVC Slave only receives
%% ----------------------------------------------------------------------------------------------------------------------------------------------------------------------------
%% 68212.5 ns    Alert  ERROR               AXISTREAM_VVC,3     Sanity check: Method call only makes sense for master (source) VVC
%% 68212.5 ns    Alert  ERROR               AXISTREAM_VVC,2     Sanity check: Method call only makes sense for slave (sink) VVC
%% 68212.5 ns    Alert  ERROR               AXISTREAM_VVC,2     Sanity check: Method call only makes sense for slave (sink) VVC
%%  68215 ns    Log    ID_PACKET_INITIATE  AXISTREAM_VVC,2     axistream_transmit(100 words[8b])=> ' 'transmit'  [1040]'
%%  68215 ns    Log    ID_PACKET_INITIATE  AXISTREAM_VVC,3     axistream_expect(100 words[8b]) while executing axistream_receive=> Receive packet. ' 'expect '  [1041]'
%% 68462.5 ns    Log    ID_PACKET_COMPLETE  AXISTREAM_VVC,3     axistream_expect(100 words[8b])=> OK, received 100 words[8b]). ' 'expect '  [1041]'
%% 
%% 
%% 68462.5 ns    Log    ID_LOG_HDR          TB seq.             TC: Test different configurations of ready default value with ready low
%% ----------------------------------------------------------------------------------------------------------------------------------------------------------------------------
%%  68475 ns    Log    ID_PACKET_INITIATE  AXISTREAM_VVC,0     axistream_transmit(1 words[8b])=> ' 'transmit 1 byte'  [1043]'
%%  68475 ns    Log    ID_PACKET_INITIATE  AXISTREAM_VVC,1     axistream_expect(1 words[8b]) while executing axistream_receive=> Receive packet. ' 'expect 1 byte'  [1047]'
%%  68505 ns    Log    ID_PACKET_INITIATE  AXISTREAM_VVC,0     axistream_transmit(1 words[8b])=> ' 'transmit 1 byte'  [1044]'
%% 68512.5 ns    Log    ID_PACKET_COMPLETE  AXISTREAM_VVC,1     axistream_expect(1 words[8b])=> OK, received 1 words[8b]). ' 'expect 1 byte'  [1047]'
%%  68515 ns    Log    ID_PACKET_INITIATE  AXISTREAM_VVC,1     axistream_expect(1 words[8b]) while executing axistream_receive=> Receive packet. ' 'expect 1 byte'  [1048]'
%%  68535 ns    Log    ID_PACKET_INITIATE  AXISTREAM_VVC,0     axistream_transmit(4 words[8b])=> ' 'transmit 4 bytes'  [1045]'
%% 68542.5 ns    Log    ID_PACKET_COMPLETE  AXISTREAM_VVC,1     axistream_expect(1 words[8b])=> OK, received 1 words[8b]). ' 'expect 1 byte'  [1048]'
%%  68545 ns    Log    ID_PACKET_INITIATE  AXISTREAM_VVC,1     axistream_expect(4 words[8b]) while executing axistream_receive=> Receive packet. ' 'expect 4 bytes'  [1049]'
%%  68565 ns    Log    ID_PACKET_INITIATE  AXISTREAM_VVC,0     axistream_transmit(4 words[8b])=> ' 'transmit 4 bytes'  [1046]'
%% 68572.5 ns    Log    ID_PACKET_COMPLETE  AXISTREAM_VVC,1     axistream_expect(4 words[8b])=> OK, received 4 words[8b]). ' 'expect 4 bytes'  [1049]'
%%  68575 ns    Log    ID_PACKET_INITIATE  AXISTREAM_VVC,1     axistream_expect(4 words[8b]) while executing axistream_receive=> Receive packet. ' 'expect 4 bytes'  [1050]'
%% 68602.5 ns    Log    ID_PACKET_COMPLETE  AXISTREAM_VVC,1     axistream_expect(4 words[8b])=> OK, received 4 words[8b]). ' 'expect 4 bytes'  [1050]'
%%  68605 ns    Log    ID_PACKET_INITIATE  AXISTREAM_VVC,2     axistream_transmit(1 words[8b])=> ' 'transmit 1 byte'  [1052]'
%%  68605 ns    Log    ID_PACKET_INITIATE  AXISTREAM_VVC,3     axistream_expect(1 words[8b]) while executing axistream_receive=> Receive packet. ' 'expect 1 byte'  [1056]'
%% 68622.5 ns    Log    ID_PACKET_COMPLETE  AXISTREAM_VVC,3     axistream_expect(1 words[8b])=> OK, received 1 words[8b]). ' 'expect 1 byte'  [1056]'
%%  68625 ns    Log    ID_PACKET_INITIATE  AXISTREAM_VVC,2     axistream_transmit(1 words[8b])=> ' 'transmit 1 byte'  [1053]'
%%  68625 ns    Log    ID_PACKET_INITIATE  AXISTREAM_VVC,3     axistream_expect(1 words[8b]) while executing axistream_receive=> Receive packet. ' 'expect 1 byte'  [1057]'
%% 68642.5 ns    Log    ID_PACKET_COMPLETE  AXISTREAM_VVC,3     axistream_expect(1 words[8b])=> OK, received 1 words[8b]). ' 'expect 1 byte'  [1057]'
%%  68645 ns    Log    ID_PACKET_INITIATE  AXISTREAM_VVC,2     axistream_transmit(4 words[8b])=> ' 'transmit 4 bytes'  [1054]'
%%  68645 ns    Log    ID_PACKET_INITIATE  AXISTREAM_VVC,3     axistream_expect(4 words[8b]) while executing axistream_receive=> Receive packet. ' 'expect 4 bytes'  [1058]'
%% 68662.5 ns    Log    ID_PACKET_COMPLETE  AXISTREAM_VVC,3     axistream_expect(4 words[8b])=> OK, received 4 words[8b]). ' 'expect 4 bytes'  [1058]'
%%  68665 ns    Log    ID_PACKET_INITIATE  AXISTREAM_VVC,2     axistream_transmit(4 words[8b])=> ' 'transmit 4 bytes'  [1055]'
%%  68665 ns    Log    ID_PACKET_INITIATE  AXISTREAM_VVC,3     axistream_expect(4 words[8b]) while executing axistream_receive=> Receive packet. ' 'expect 4 bytes'  [1059]'
%% 68682.5 ns    Log    ID_PACKET_COMPLETE  AXISTREAM_VVC,3     axistream_expect(4 words[8b])=> OK, received 4 words[8b]). ' 'expect 4 bytes'  [1059]'
%%  68695 ns    Log    ID_PACKET_INITIATE  AXISTREAM_VVC,0     axistream_transmit(1 words[8b])=> ' 'transmit 1 byte'  [1061]'
%%  68695 ns    Log    ID_PACKET_INITIATE  AXISTREAM_VVC,1     axistream_expect(1 words[8b]) while executing axistream_receive=> Receive packet. ' 'expect 1 byte'  [1065]'
%% 68722.5 ns    Log    ID_PACKET_COMPLETE  AXISTREAM_VVC,1     axistream_expect(1 words[8b])=> OK, received 1 words[8b]). ' 'expect 1 byte'  [1065]'
%%  68725 ns    Log    ID_PACKET_INITIATE  AXISTREAM_VVC,0     axistream_transmit(1 words[8b])=> ' 'transmit 1 byte'  [1062]'
%%  68725 ns    Log    ID_PACKET_INITIATE  AXISTREAM_VVC,1     axistream_expect(1 words[8b]) while executing axistream_receive=> Receive packet. ' 'expect 1 byte'  [1066]'
%% 68752.5 ns    Log    ID_PACKET_COMPLETE  AXISTREAM_VVC,1     axistream_expect(1 words[8b])=> OK, received 1 words[8b]). ' 'expect 1 byte'  [1066]'
%%  68755 ns    Log    ID_PACKET_INITIATE  AXISTREAM_VVC,0     axistream_transmit(4 words[8b])=> ' 'transmit 4 bytes'  [1063]'
%%  68755 ns    Log    ID_PACKET_INITIATE  AXISTREAM_VVC,1     axistream_expect(4 words[8b]) while executing axistream_receive=> Receive packet. ' 'expect 4 bytes'  [1067]'
%% 68782.5 ns    Log    ID_PACKET_COMPLETE  AXISTREAM_VVC,1     axistream_expect(4 words[8b])=> OK, received 4 words[8b]). ' 'expect 4 bytes'  [1067]'
%%  68785 ns    Log    ID_PACKET_INITIATE  AXISTREAM_VVC,0     axistream_transmit(4 words[8b])=> ' 'transmit 4 bytes'  [1064]'
%%  68785 ns    Log    ID_PACKET_INITIATE  AXISTREAM_VVC,1     axistream_expect(4 words[8b]) while executing axistream_receive=> Receive packet. ' 'expect 4 bytes'  [1068]'
%% 68812.5 ns    Log    ID_PACKET_COMPLETE  AXISTREAM_VVC,1     axistream_expect(4 words[8b])=> OK, received 4 words[8b]). ' 'expect 4 bytes'  [1068]'
%%  68815 ns    Log    ID_PACKET_INITIATE  AXISTREAM_VVC,2     axistream_transmit(1 words[8b])=> ' 'transmit 1 byte'  [1070]'
%%  68815 ns    Log    ID_PACKET_INITIATE  AXISTREAM_VVC,3     axistream_expect(1 words[8b]) while executing axistream_receive=> Receive packet. ' 'expect 1 byte'  [1074]'
%% 68832.5 ns    Log    ID_PACKET_COMPLETE  AXISTREAM_VVC,3     axistream_expect(1 words[8b])=> OK, received 1 words[8b]). ' 'expect 1 byte'  [1074]'
%%  68835 ns    Log    ID_PACKET_INITIATE  AXISTREAM_VVC,2     axistream_transmit(1 words[8b])=> ' 'transmit 1 byte'  [1071]'
%%  68835 ns    Log    ID_PACKET_INITIATE  AXISTREAM_VVC,3     axistream_expect(1 words[8b]) while executing axistream_receive=> Receive packet. ' 'expect 1 byte'  [1075]'
%% 68852.5 ns    Log    ID_PACKET_COMPLETE  AXISTREAM_VVC,3     axistream_expect(1 words[8b])=> OK, received 1 words[8b]). ' 'expect 1 byte'  [1075]'
%%  68855 ns    Log    ID_PACKET_INITIATE  AXISTREAM_VVC,2     axistream_transmit(4 words[8b])=> ' 'transmit 4 bytes'  [1072]'
%%  68855 ns    Log    ID_PACKET_INITIATE  AXISTREAM_VVC,3     axistream_expect(4 words[8b]) while executing axistream_receive=> Receive packet. ' 'expect 4 bytes'  [1076]'
%% 68872.5 ns    Log    ID_PACKET_COMPLETE  AXISTREAM_VVC,3     axistream_expect(4 words[8b])=> OK, received 4 words[8b]). ' 'expect 4 bytes'  [1076]'
%%  68875 ns    Log    ID_PACKET_INITIATE  AXISTREAM_VVC,2     axistream_transmit(4 words[8b])=> ' 'transmit 4 bytes'  [1073]'
%%  68875 ns    Log    ID_PACKET_INITIATE  AXISTREAM_VVC,3     axistream_expect(4 words[8b]) while executing axistream_receive=> Receive packet. ' 'expect 4 bytes'  [1077]'
%% 68892.5 ns    Log    ID_PACKET_COMPLETE  AXISTREAM_VVC,3     axistream_expect(4 words[8b])=> OK, received 4 words[8b]). ' 'expect 4 bytes'  [1077]'
%%  68905 ns    Log    ID_PACKET_INITIATE  AXISTREAM_VVC,0     axistream_transmit(1 words[8b])=> ' 'transmit 1 byte'  [1079]'
%%  68905 ns    Log    ID_PACKET_INITIATE  AXISTREAM_VVC,1     axistream_expect(1 words[8b]) while executing axistream_receive=> Receive packet. ' 'expect 1 byte'  [1083]'
%%  68935 ns    Log    ID_PACKET_INITIATE  AXISTREAM_VVC,0     axistream_transmit(1 words[8b])=> ' 'transmit 1 byte'  [1080]'
%% 68942.5 ns    Log    ID_PACKET_COMPLETE  AXISTREAM_VVC,1     axistream_expect(1 words[8b])=> OK, received 1 words[8b]). ' 'expect 1 byte'  [1083]'
%%  68945 ns    Log    ID_PACKET_INITIATE  AXISTREAM_VVC,1     axistream_expect(1 words[8b]) while executing axistream_receive=> Receive packet. ' 'expect 1 byte'  [1084]'
%%  68965 ns    Log    ID_PACKET_INITIATE  AXISTREAM_VVC,0     axistream_transmit(4 words[8b])=> ' 'transmit 4 bytes'  [1081]'
%% 68972.5 ns    Log    ID_PACKET_COMPLETE  AXISTREAM_VVC,1     axistream_expect(1 words[8b])=> OK, received 1 words[8b]). ' 'expect 1 byte'  [1084]'
%%  68975 ns    Log    ID_PACKET_INITIATE  AXISTREAM_VVC,1     axistream_expect(4 words[8b]) while executing axistream_receive=> Receive packet. ' 'expect 4 bytes'  [1085]'
%%  68995 ns    Log    ID_PACKET_INITIATE  AXISTREAM_VVC,0     axistream_transmit(4 words[8b])=> ' 'transmit 4 bytes'  [1082]'
%% 69002.5 ns    Log    ID_PACKET_COMPLETE  AXISTREAM_VVC,1     axistream_expect(4 words[8b])=> OK, received 4 words[8b]). ' 'expect 4 bytes'  [1085]'
%%  69005 ns    Log    ID_PACKET_INITIATE  AXISTREAM_VVC,1     axistream_expect(4 words[8b]) while executing axistream_receive=> Receive packet. ' 'expect 4 bytes'  [1086]'
%% 69032.5 ns    Log    ID_PACKET_COMPLETE  AXISTREAM_VVC,1     axistream_expect(4 words[8b])=> OK, received 4 words[8b]). ' 'expect 4 bytes'  [1086]'
%%  69035 ns    Log    ID_PACKET_INITIATE  AXISTREAM_VVC,2     axistream_transmit(1 words[8b])=> ' 'transmit 1 byte'  [1088]'
%%  69035 ns    Log    ID_PACKET_INITIATE  AXISTREAM_VVC,3     axistream_expect(1 words[8b]) while executing axistream_receive=> Receive packet. ' 'expect 1 byte'  [1092]'
%% 69052.5 ns    Log    ID_PACKET_COMPLETE  AXISTREAM_VVC,3     axistream_expect(1 words[8b])=> OK, received 1 words[8b]). ' 'expect 1 byte'  [1092]'
%%  69055 ns    Log    ID_PACKET_INITIATE  AXISTREAM_VVC,2     axistream_transmit(1 words[8b])=> ' 'transmit 1 byte'  [1089]'
%%  69055 ns    Log    ID_PACKET_INITIATE  AXISTREAM_VVC,3     axistream_expect(1 words[8b]) while executing axistream_receive=> Receive packet. ' 'expect 1 byte'  [1093]'
%% 69072.5 ns    Log    ID_PACKET_COMPLETE  AXISTREAM_VVC,3     axistream_expect(1 words[8b])=> OK, received 1 words[8b]). ' 'expect 1 byte'  [1093]'
%%  69075 ns    Log    ID_PACKET_INITIATE  AXISTREAM_VVC,2     axistream_transmit(4 words[8b])=> ' 'transmit 4 bytes'  [1090]'
%%  69075 ns    Log    ID_PACKET_INITIATE  AXISTREAM_VVC,3     axistream_expect(4 words[8b]) while executing axistream_receive=> Receive packet. ' 'expect 4 bytes'  [1094]'
%% 69092.5 ns    Log    ID_PACKET_COMPLETE  AXISTREAM_VVC,3     axistream_expect(4 words[8b])=> OK, received 4 words[8b]). ' 'expect 4 bytes'  [1094]'
%%  69095 ns    Log    ID_PACKET_INITIATE  AXISTREAM_VVC,2     axistream_transmit(4 words[8b])=> ' 'transmit 4 bytes'  [1091]'
%%  69095 ns    Log    ID_PACKET_INITIATE  AXISTREAM_VVC,3     axistream_expect(4 words[8b]) while executing axistream_receive=> Receive packet. ' 'expect 4 bytes'  [1095]'
%% 69112.5 ns    Log    ID_PACKET_COMPLETE  AXISTREAM_VVC,3     axistream_expect(4 words[8b])=> OK, received 4 words[8b]). ' 'expect 4 bytes'  [1095]'
%%  69125 ns    Log    ID_PACKET_INITIATE  AXISTREAM_VVC,0     axistream_transmit(1 words[8b])=> ' 'transmit 1 byte'  [1097]'
%%  69125 ns    Log    ID_PACKET_INITIATE  AXISTREAM_VVC,1     axistream_expect(1 words[8b]) while executing axistream_receive=> Receive packet. ' 'expect 1 byte'  [1101]'
%% 69152.5 ns    Log    ID_PACKET_COMPLETE  AXISTREAM_VVC,1     axistream_expect(1 words[8b])=> OK, received 1 words[8b]). ' 'expect 1 byte'  [1101]'
%%  69155 ns    Log    ID_PACKET_INITIATE  AXISTREAM_VVC,0     axistream_transmit(1 words[8b])=> ' 'transmit 1 byte'  [1098]'
%%  69155 ns    Log    ID_PACKET_INITIATE  AXISTREAM_VVC,1     axistream_expect(1 words[8b]) while executing axistream_receive=> Receive packet. ' 'expect 1 byte'  [1102]'
%% 69182.5 ns    Log    ID_PACKET_COMPLETE  AXISTREAM_VVC,1     axistream_expect(1 words[8b])=> OK, received 1 words[8b]). ' 'expect 1 byte'  [1102]'
%%  69185 ns    Log    ID_PACKET_INITIATE  AXISTREAM_VVC,0     axistream_transmit(4 words[8b])=> ' 'transmit 4 bytes'  [1099]'
%%  69185 ns    Log    ID_PACKET_INITIATE  AXISTREAM_VVC,1     axistream_expect(4 words[8b]) while executing axistream_receive=> Receive packet. ' 'expect 4 bytes'  [1103]'
%% 69212.5 ns    Log    ID_PACKET_COMPLETE  AXISTREAM_VVC,1     axistream_expect(4 words[8b])=> OK, received 4 words[8b]). ' 'expect 4 bytes'  [1103]'
%%  69215 ns    Log    ID_PACKET_INITIATE  AXISTREAM_VVC,0     axistream_transmit(4 words[8b])=> ' 'transmit 4 bytes'  [1100]'
%%  69215 ns    Log    ID_PACKET_INITIATE  AXISTREAM_VVC,1     axistream_expect(4 words[8b]) while executing axistream_receive=> Receive packet. ' 'expect 4 bytes'  [1104]'
%% 69242.5 ns    Log    ID_PACKET_COMPLETE  AXISTREAM_VVC,1     axistream_expect(4 words[8b])=> OK, received 4 words[8b]). ' 'expect 4 bytes'  [1104]'
%%  69245 ns    Log    ID_PACKET_INITIATE  AXISTREAM_VVC,2     axistream_transmit(1 words[8b])=> ' 'transmit 1 byte'  [1106]'
%%  69245 ns    Log    ID_PACKET_INITIATE  AXISTREAM_VVC,3     axistream_expect(1 words[8b]) while executing axistream_receive=> Receive packet. ' 'expect 1 byte'  [1110]'
%% 69252.5 ns    Log    ID_PACKET_COMPLETE  AXISTREAM_VVC,3     axistream_expect(1 words[8b])=> OK, received 1 words[8b]). ' 'expect 1 byte'  [1110]'
%%  69255 ns    Log    ID_PACKET_INITIATE  AXISTREAM_VVC,2     axistream_transmit(1 words[8b])=> ' 'transmit 1 byte'  [1107]'
%%  69255 ns    Log    ID_PACKET_INITIATE  AXISTREAM_VVC,3     axistream_expect(1 words[8b]) while executing axistream_receive=> Receive packet. ' 'expect 1 byte'  [1111]'
%% 69262.5 ns    Log    ID_PACKET_COMPLETE  AXISTREAM_VVC,3     axistream_expect(1 words[8b])=> OK, received 1 words[8b]). ' 'expect 1 byte'  [1111]'
%%  69265 ns    Log    ID_PACKET_INITIATE  AXISTREAM_VVC,2     axistream_transmit(4 words[8b])=> ' 'transmit 4 bytes'  [1108]'
%%  69265 ns    Log    ID_PACKET_INITIATE  AXISTREAM_VVC,3     axistream_expect(4 words[8b]) while executing axistream_receive=> Receive packet. ' 'expect 4 bytes'  [1112]'
%% 69272.5 ns    Log    ID_PACKET_COMPLETE  AXISTREAM_VVC,3     axistream_expect(4 words[8b])=> OK, received 4 words[8b]). ' 'expect 4 bytes'  [1112]'
%%  69275 ns    Log    ID_PACKET_INITIATE  AXISTREAM_VVC,2     axistream_transmit(4 words[8b])=> ' 'transmit 4 bytes'  [1109]'
%%  69275 ns    Log    ID_PACKET_INITIATE  AXISTREAM_VVC,3     axistream_expect(4 words[8b]) while executing axistream_receive=> Receive packet. ' 'expect 4 bytes'  [1113]'
%% 69282.5 ns    Log    ID_PACKET_COMPLETE  AXISTREAM_VVC,3     axistream_expect(4 words[8b])=> OK, received 4 words[8b]). ' 'expect 4 bytes'  [1113]'
%% 
%% 
%% 69282.5 ns    Log    ID_LOG_HDR          TB seq.             TC: Test random configurations of valid and ready low
%% ----------------------------------------------------------------------------------------------------------------------------------------------------------------------------
%%  69285 ns    Log    ID_PACKET_INITIATE  AXISTREAM_VVC,0     axistream_transmit(16 words[8b])=> ' 'transmit 16 bytes'  [1115]'
%%  69285 ns    Log    ID_PACKET_INITIATE  AXISTREAM_VVC,1     axistream_expect(16 words[8b]) while executing axistream_receive=> Receive packet. ' 'expect 16 bytes'  [1116]'
%% 69352.5 ns    Log    ID_PACKET_COMPLETE  AXISTREAM_VVC,1     axistream_expect(16 words[8b])=> OK, received 16 words[8b]). ' 'expect 16 bytes'  [1116]'
%%  69355 ns    Log    ID_PACKET_INITIATE  AXISTREAM_VVC,2     axistream_transmit(16 words[8b])=> ' 'transmit 16 bytes'  [1118]'
%%  69355 ns    Log    ID_PACKET_INITIATE  AXISTREAM_VVC,3     axistream_expect(16 words[8b]) while executing axistream_receive=> Receive packet. ' 'expect 16 bytes'  [1119]'
%% 69432.5 ns    Log    ID_PACKET_COMPLETE  AXISTREAM_VVC,3     axistream_expect(16 words[8b])=> OK, received 16 words[8b]). ' 'expect 16 bytes'  [1119]'
%%  69435 ns    Log    ID_PACKET_INITIATE  AXISTREAM_VVC,0     axistream_transmit(16 words[8b])=> ' 'transmit 16 bytes'  [1121]'
%%  69435 ns    Log    ID_PACKET_INITIATE  AXISTREAM_VVC,1     axistream_expect(16 words[8b]) while executing axistream_receive=> Receive packet. ' 'expect 16 bytes'  [1122]'
%% 69502.5 ns    Log    ID_PACKET_COMPLETE  AXISTREAM_VVC,1     axistream_expect(16 words[8b])=> OK, received 16 words[8b]). ' 'expect 16 bytes'  [1122]'
%%  69505 ns    Log    ID_PACKET_INITIATE  AXISTREAM_VVC,2     axistream_transmit(16 words[8b])=> ' 'transmit 16 bytes'  [1124]'
%%  69505 ns    Log    ID_PACKET_INITIATE  AXISTREAM_VVC,3     axistream_expect(16 words[8b]) while executing axistream_receive=> Receive packet. ' 'expect 16 bytes'  [1125]'
%% 69612.5 ns    Log    ID_PACKET_COMPLETE  AXISTREAM_VVC,3     axistream_expect(16 words[8b])=> OK, received 16 words[8b]). ' 'expect 16 bytes'  [1125]'
%%  69615 ns    Log    ID_PACKET_INITIATE  AXISTREAM_VVC,0     axistream_transmit(16 words[8b])=> ' 'transmit 16 bytes'  [1127]'
%%  69615 ns    Log    ID_PACKET_INITIATE  AXISTREAM_VVC,1     axistream_expect(16 words[8b]) while executing axistream_receive=> Receive packet. ' 'expect 16 bytes'  [1128]'
%% 69672.5 ns    Log    ID_PACKET_COMPLETE  AXISTREAM_VVC,1     axistream_expect(16 words[8b])=> OK, received 16 words[8b]). ' 'expect 16 bytes'  [1128]'
%%  69675 ns    Log    ID_PACKET_INITIATE  AXISTREAM_VVC,2     axistream_transmit(16 words[8b])=> ' 'transmit 16 bytes'  [1130]'
%%  69675 ns    Log    ID_PACKET_INITIATE  AXISTREAM_VVC,3     axistream_expect(16 words[8b]) while executing axistream_receive=> Receive packet. ' 'expect 16 bytes'  [1131]'
%% 69762.5 ns    Log    ID_PACKET_COMPLETE  AXISTREAM_VVC,3     axistream_expect(16 words[8b])=> OK, received 16 words[8b]). ' 'expect 16 bytes'  [1131]'
%%  69765 ns    Log    ID_PACKET_INITIATE  AXISTREAM_VVC,0     axistream_transmit(16 words[8b])=> ' 'transmit 16 bytes'  [1133]'
%%  69765 ns    Log    ID_PACKET_INITIATE  AXISTREAM_VVC,1     axistream_expect(16 words[8b]) while executing axistream_receive=> Receive packet. ' 'expect 16 bytes'  [1134]'
%% 69872.5 ns    Log    ID_PACKET_COMPLETE  AXISTREAM_VVC,1     axistream_expect(16 words[8b])=> OK, received 16 words[8b]). ' 'expect 16 bytes'  [1134]'
%%  69875 ns    Log    ID_PACKET_INITIATE  AXISTREAM_VVC,2     axistream_transmit(16 words[8b])=> ' 'transmit 16 bytes'  [1136]'
%%  69875 ns    Log    ID_PACKET_INITIATE  AXISTREAM_VVC,3     axistream_expect(16 words[8b]) while executing axistream_receive=> Receive packet. ' 'expect 16 bytes'  [1137]'
%% 69932.5 ns    Log    ID_PACKET_COMPLETE  AXISTREAM_VVC,3     axistream_expect(16 words[8b])=> OK, received 16 words[8b]). ' 'expect 16 bytes'  [1137]'
%%  69935 ns    Log    ID_PACKET_INITIATE  AXISTREAM_VVC,0     axistream_transmit(16 words[8b])=> ' 'transmit 16 bytes'  [1139]'
%%  69935 ns    Log    ID_PACKET_INITIATE  AXISTREAM_VVC,1     axistream_expect(16 words[8b]) while executing axistream_receive=> Receive packet. ' 'expect 16 bytes'  [1140]'
%% 70012.5 ns    Log    ID_PACKET_COMPLETE  AXISTREAM_VVC,1     axistream_expect(16 words[8b])=> OK, received 16 words[8b]). ' 'expect 16 bytes'  [1140]'
%%  70015 ns    Log    ID_PACKET_INITIATE  AXISTREAM_VVC,2     axistream_transmit(16 words[8b])=> ' 'transmit 16 bytes'  [1142]'
%%  70015 ns    Log    ID_PACKET_INITIATE  AXISTREAM_VVC,3     axistream_expect(16 words[8b]) while executing axistream_receive=> Receive packet. ' 'expect 16 bytes'  [1143]'
%% 70102.5 ns    Log    ID_PACKET_COMPLETE  AXISTREAM_VVC,3     axistream_expect(16 words[8b])=> OK, received 16 words[8b]). ' 'expect 16 bytes'  [1143]'
%%  70105 ns    Log    ID_PACKET_INITIATE  AXISTREAM_VVC,0     axistream_transmit(16 words[8b])=> ' 'transmit 16 bytes'  [1145]'
%%  70105 ns    Log    ID_PACKET_INITIATE  AXISTREAM_VVC,1     axistream_expect(16 words[8b]) while executing axistream_receive=> Receive packet. ' 'expect 16 bytes'  [1146]'
%% 70202.5 ns    Log    ID_PACKET_COMPLETE  AXISTREAM_VVC,1     axistream_expect(16 words[8b])=> OK, received 16 words[8b]). ' 'expect 16 bytes'  [1146]'
%%  70205 ns    Log    ID_PACKET_INITIATE  AXISTREAM_VVC,2     axistream_transmit(16 words[8b])=> ' 'transmit 16 bytes'  [1148]'
%%  70205 ns    Log    ID_PACKET_INITIATE  AXISTREAM_VVC,3     axistream_expect(16 words[8b]) while executing axistream_receive=> Receive packet. ' 'expect 16 bytes'  [1149]'
%% 70272.5 ns    Log    ID_PACKET_COMPLETE  AXISTREAM_VVC,3     axistream_expect(16 words[8b])=> OK, received 16 words[8b]). ' 'expect 16 bytes'  [1149]'
%%  70275 ns    Log    ID_PACKET_INITIATE  AXISTREAM_VVC,0     axistream_transmit(16 words[8b])=> ' 'transmit 16 bytes'  [1151]'
%%  70275 ns    Log    ID_PACKET_INITIATE  AXISTREAM_VVC,1     axistream_expect(16 words[8b]) while executing axistream_receive=> Receive packet. ' 'expect 16 bytes'  [1152]'
%% 70372.5 ns    Log    ID_PACKET_COMPLETE  AXISTREAM_VVC,1     axistream_expect(16 words[8b])=> OK, received 16 words[8b]). ' 'expect 16 bytes'  [1152]'
%%  70375 ns    Log    ID_PACKET_INITIATE  AXISTREAM_VVC,2     axistream_transmit(16 words[8b])=> ' 'transmit 16 bytes'  [1154]'
%%  70375 ns    Log    ID_PACKET_INITIATE  AXISTREAM_VVC,3     axistream_expect(16 words[8b]) while executing axistream_receive=> Receive packet. ' 'expect 16 bytes'  [1155]'
%% 70412.5 ns    Log    ID_PACKET_COMPLETE  AXISTREAM_VVC,3     axistream_expect(16 words[8b])=> OK, received 16 words[8b]). ' 'expect 16 bytes'  [1155]'
%%  70415 ns    Log    ID_PACKET_INITIATE  AXISTREAM_VVC,0     axistream_transmit(16 words[8b])=> ' 'transmit 16 bytes'  [1157]'
%%  70415 ns    Log    ID_PACKET_INITIATE  AXISTREAM_VVC,1     axistream_expect(16 words[8b]) while executing axistream_receive=> Receive packet. ' 'expect 16 bytes'  [1158]'
%% 70492.5 ns    Log    ID_PACKET_COMPLETE  AXISTREAM_VVC,1     axistream_expect(16 words[8b])=> OK, received 16 words[8b]). ' 'expect 16 bytes'  [1158]'
%%  70495 ns    Log    ID_PACKET_INITIATE  AXISTREAM_VVC,2     axistream_transmit(16 words[8b])=> ' 'transmit 16 bytes'  [1160]'
%%  70495 ns    Log    ID_PACKET_INITIATE  AXISTREAM_VVC,3     axistream_expect(16 words[8b]) while executing axistream_receive=> Receive packet. ' 'expect 16 bytes'  [1161]'
%% 70532.5 ns    Log    ID_PACKET_COMPLETE  AXISTREAM_VVC,3     axistream_expect(16 words[8b])=> OK, received 16 words[8b]). ' 'expect 16 bytes'  [1161]'
%%  70535 ns    Log    ID_PACKET_INITIATE  AXISTREAM_VVC,0     axistream_transmit(16 words[8b])=> ' 'transmit 16 bytes'  [1163]'
%%  70535 ns    Log    ID_PACKET_INITIATE  AXISTREAM_VVC,1     axistream_expect(16 words[8b]) while executing axistream_receive=> Receive packet. ' 'expect 16 bytes'  [1164]'
%% 70612.5 ns    Log    ID_PACKET_COMPLETE  AXISTREAM_VVC,1     axistream_expect(16 words[8b])=> OK, received 16 words[8b]). ' 'expect 16 bytes'  [1164]'
%%  70615 ns    Log    ID_PACKET_INITIATE  AXISTREAM_VVC,2     axistream_transmit(16 words[8b])=> ' 'transmit 16 bytes'  [1166]'
%%  70615 ns    Log    ID_PACKET_INITIATE  AXISTREAM_VVC,3     axistream_expect(16 words[8b]) while executing axistream_receive=> Receive packet. ' 'expect 16 bytes'  [1167]'
%% 70672.5 ns    Log    ID_PACKET_COMPLETE  AXISTREAM_VVC,3     axistream_expect(16 words[8b])=> OK, received 16 words[8b]). ' 'expect 16 bytes'  [1167]'
%%  70675 ns    Log    ID_PACKET_INITIATE  AXISTREAM_VVC,0     axistream_transmit(16 words[8b])=> ' 'transmit 16 bytes'  [1169]'
%%  70675 ns    Log    ID_PACKET_INITIATE  AXISTREAM_VVC,1     axistream_expect(16 words[8b]) while executing axistream_receive=> Receive packet. ' 'expect 16 bytes'  [1170]'
%% 70732.5 ns    Log    ID_PACKET_COMPLETE  AXISTREAM_VVC,1     axistream_expect(16 words[8b])=> OK, received 16 words[8b]). ' 'expect 16 bytes'  [1170]'
%%  70735 ns    Log    ID_PACKET_INITIATE  AXISTREAM_VVC,2     axistream_transmit(16 words[8b])=> ' 'transmit 16 bytes'  [1172]'
%%  70735 ns    Log    ID_PACKET_INITIATE  AXISTREAM_VVC,3     axistream_expect(16 words[8b]) while executing axistream_receive=> Receive packet. ' 'expect 16 bytes'  [1173]'
%% 70772.5 ns    Log    ID_PACKET_COMPLETE  AXISTREAM_VVC,3     axistream_expect(16 words[8b])=> OK, received 16 words[8b]). ' 'expect 16 bytes'  [1173]'
%%  70775 ns    Log    ID_PACKET_INITIATE  AXISTREAM_VVC,0     axistream_transmit(16 words[8b])=> ' 'transmit 16 bytes'  [1175]'
%%  70775 ns    Log    ID_PACKET_INITIATE  AXISTREAM_VVC,1     axistream_expect(16 words[8b]) while executing axistream_receive=> Receive packet. ' 'expect 16 bytes'  [1176]'
%% 70872.5 ns    Log    ID_PACKET_COMPLETE  AXISTREAM_VVC,1     axistream_expect(16 words[8b])=> OK, received 16 words[8b]). ' 'expect 16 bytes'  [1176]'
%%  70875 ns    Log    ID_PACKET_INITIATE  AXISTREAM_VVC,2     axistream_transmit(16 words[8b])=> ' 'transmit 16 bytes'  [1178]'
%%  70875 ns    Log    ID_PACKET_INITIATE  AXISTREAM_VVC,3     axistream_expect(16 words[8b]) while executing axistream_receive=> Receive packet. ' 'expect 16 bytes'  [1179]'
%% 70942.5 ns    Log    ID_PACKET_COMPLETE  AXISTREAM_VVC,3     axistream_expect(16 words[8b])=> OK, received 16 words[8b]). ' 'expect 16 bytes'  [1179]'
%%  70945 ns    Log    ID_PACKET_INITIATE  AXISTREAM_VVC,0     axistream_transmit(16 words[8b])=> ' 'transmit 16 bytes'  [1181]'
%%  70945 ns    Log    ID_PACKET_INITIATE  AXISTREAM_VVC,1     axistream_expect(16 words[8b]) while executing axistream_receive=> Receive packet. ' 'expect 16 bytes'  [1182]'
%% 71052.5 ns    Log    ID_PACKET_COMPLETE  AXISTREAM_VVC,1     axistream_expect(16 words[8b])=> OK, received 16 words[8b]). ' 'expect 16 bytes'  [1182]'
%%  71055 ns    Log    ID_PACKET_INITIATE  AXISTREAM_VVC,2     axistream_transmit(16 words[8b])=> ' 'transmit 16 bytes'  [1184]'
%%  71055 ns    Log    ID_PACKET_INITIATE  AXISTREAM_VVC,3     axistream_expect(16 words[8b]) while executing axistream_receive=> Receive packet. ' 'expect 16 bytes'  [1185]'
%% 71092.5 ns    Log    ID_PACKET_COMPLETE  AXISTREAM_VVC,3     axistream_expect(16 words[8b])=> OK, received 16 words[8b]). ' 'expect 16 bytes'  [1185]'
%%  71095 ns    Log    ID_PACKET_INITIATE  AXISTREAM_VVC,0     axistream_transmit(16 words[8b])=> ' 'transmit 16 bytes'  [1187]'
%%  71095 ns    Log    ID_PACKET_INITIATE  AXISTREAM_VVC,1     axistream_expect(16 words[8b]) while executing axistream_receive=> Receive packet. ' 'expect 16 bytes'  [1188]'
%% 71192.5 ns    Log    ID_PACKET_COMPLETE  AXISTREAM_VVC,1     axistream_expect(16 words[8b])=> OK, received 16 words[8b]). ' 'expect 16 bytes'  [1188]'
%%  71195 ns    Log    ID_PACKET_INITIATE  AXISTREAM_VVC,2     axistream_transmit(16 words[8b])=> ' 'transmit 16 bytes'  [1190]'
%%  71195 ns    Log    ID_PACKET_INITIATE  AXISTREAM_VVC,3     axistream_expect(16 words[8b]) while executing axistream_receive=> Receive packet. ' 'expect 16 bytes'  [1191]'
%% 71242.5 ns    Log    ID_PACKET_COMPLETE  AXISTREAM_VVC,3     axistream_expect(16 words[8b])=> OK, received 16 words[8b]). ' 'expect 16 bytes'  [1191]'
%%  71245 ns    Log    ID_PACKET_INITIATE  AXISTREAM_VVC,0     axistream_transmit(16 words[8b])=> ' 'transmit 16 bytes'  [1193]'
%%  71245 ns    Log    ID_PACKET_INITIATE  AXISTREAM_VVC,1     axistream_expect(16 words[8b]) while executing axistream_receive=> Receive packet. ' 'expect 16 bytes'  [1194]'
%% 71332.5 ns    Log    ID_PACKET_COMPLETE  AXISTREAM_VVC,1     axistream_expect(16 words[8b])=> OK, received 16 words[8b]). ' 'expect 16 bytes'  [1194]'
%%  71335 ns    Log    ID_PACKET_INITIATE  AXISTREAM_VVC,2     axistream_transmit(16 words[8b])=> ' 'transmit 16 bytes'  [1196]'
%%  71335 ns    Log    ID_PACKET_INITIATE  AXISTREAM_VVC,3     axistream_expect(16 words[8b]) while executing axistream_receive=> Receive packet. ' 'expect 16 bytes'  [1197]'
%% 71372.5 ns    Log    ID_PACKET_COMPLETE  AXISTREAM_VVC,3     axistream_expect(16 words[8b])=> OK, received 16 words[8b]). ' 'expect 16 bytes'  [1197]'
%%  71375 ns    Log    ID_PACKET_INITIATE  AXISTREAM_VVC,0     axistream_transmit(16 words[8b])=> ' 'transmit 16 bytes'  [1199]'
%%  71375 ns    Log    ID_PACKET_INITIATE  AXISTREAM_VVC,1     axistream_expect(16 words[8b]) while executing axistream_receive=> Receive packet. ' 'expect 16 bytes'  [1200]'
%% 71462.5 ns    Log    ID_PACKET_COMPLETE  AXISTREAM_VVC,1     axistream_expect(16 words[8b])=> OK, received 16 words[8b]). ' 'expect 16 bytes'  [1200]'
%%  71465 ns    Log    ID_PACKET_INITIATE  AXISTREAM_VVC,2     axistream_transmit(16 words[8b])=> ' 'transmit 16 bytes'  [1202]'
%%  71465 ns    Log    ID_PACKET_INITIATE  AXISTREAM_VVC,3     axistream_expect(16 words[8b]) while executing axistream_receive=> Receive packet. ' 'expect 16 bytes'  [1203]'
%% 71502.5 ns    Log    ID_PACKET_COMPLETE  AXISTREAM_VVC,3     axistream_expect(16 words[8b])=> OK, received 16 words[8b]). ' 'expect 16 bytes'  [1203]'
%%  71505 ns    Log    ID_PACKET_INITIATE  AXISTREAM_VVC,0     axistream_transmit(16 words[8b])=> ' 'transmit 16 bytes'  [1205]'
%%  71505 ns    Log    ID_PACKET_INITIATE  AXISTREAM_VVC,1     axistream_expect(16 words[8b]) while executing axistream_receive=> Receive packet. ' 'expect 16 bytes'  [1206]'
%% 71562.5 ns    Log    ID_PACKET_COMPLETE  AXISTREAM_VVC,1     axistream_expect(16 words[8b])=> OK, received 16 words[8b]). ' 'expect 16 bytes'  [1206]'
%%  71565 ns    Log    ID_PACKET_INITIATE  AXISTREAM_VVC,2     axistream_transmit(16 words[8b])=> ' 'transmit 16 bytes'  [1208]'
%%  71565 ns    Log    ID_PACKET_INITIATE  AXISTREAM_VVC,3     axistream_expect(16 words[8b]) while executing axistream_receive=> Receive packet. ' 'expect 16 bytes'  [1209]'
%% 71672.5 ns    Log    ID_PACKET_COMPLETE  AXISTREAM_VVC,3     axistream_expect(16 words[8b])=> OK, received 16 words[8b]). ' 'expect 16 bytes'  [1209]'
%%  71675 ns    Log    ID_PACKET_INITIATE  AXISTREAM_VVC,0     axistream_transmit(16 words[8b])=> ' 'transmit 16 bytes'  [1211]'
%%  71675 ns    Log    ID_PACKET_INITIATE  AXISTREAM_VVC,1     axistream_expect(16 words[8b]) while executing axistream_receive=> Receive packet. ' 'expect 16 bytes'  [1212]'
%% 71772.5 ns    Log    ID_PACKET_COMPLETE  AXISTREAM_VVC,1     axistream_expect(16 words[8b])=> OK, received 16 words[8b]). ' 'expect 16 bytes'  [1212]'
%%  71775 ns    Log    ID_PACKET_INITIATE  AXISTREAM_VVC,2     axistream_transmit(16 words[8b])=> ' 'transmit 16 bytes'  [1214]'
%%  71775 ns    Log    ID_PACKET_INITIATE  AXISTREAM_VVC,3     axistream_expect(16 words[8b]) while executing axistream_receive=> Receive packet. ' 'expect 16 bytes'  [1215]'
%% 71812.5 ns    Log    ID_PACKET_COMPLETE  AXISTREAM_VVC,3     axistream_expect(16 words[8b])=> OK, received 16 words[8b]). ' 'expect 16 bytes'  [1215]'
%%  71815 ns    Log    ID_PACKET_INITIATE  AXISTREAM_VVC,0     axistream_transmit(16 words[8b])=> ' 'transmit 16 bytes'  [1217]'
%%  71815 ns    Log    ID_PACKET_INITIATE  AXISTREAM_VVC,1     axistream_expect(16 words[8b]) while executing axistream_receive=> Receive packet. ' 'expect 16 bytes'  [1218]'
%% 71972.5 ns    Log    ID_PACKET_COMPLETE  AXISTREAM_VVC,1     axistream_expect(16 words[8b])=> OK, received 16 words[8b]). ' 'expect 16 bytes'  [1218]'
%%  71975 ns    Log    ID_PACKET_INITIATE  AXISTREAM_VVC,2     axistream_transmit(16 words[8b])=> ' 'transmit 16 bytes'  [1220]'
%%  71975 ns    Log    ID_PACKET_INITIATE  AXISTREAM_VVC,3     axistream_expect(16 words[8b]) while executing axistream_receive=> Receive packet. ' 'expect 16 bytes'  [1221]'
%% 72012.5 ns    Log    ID_PACKET_COMPLETE  AXISTREAM_VVC,3     axistream_expect(16 words[8b])=> OK, received 16 words[8b]). ' 'expect 16 bytes'  [1221]'
%%  72015 ns    Log    ID_PACKET_INITIATE  AXISTREAM_VVC,0     axistream_transmit(16 words[8b])=> ' 'transmit 16 bytes'  [1223]'
%%  72015 ns    Log    ID_PACKET_INITIATE  AXISTREAM_VVC,1     axistream_expect(16 words[8b]) while executing axistream_receive=> Receive packet. ' 'expect 16 bytes'  [1224]'
%% 72092.5 ns    Log    ID_PACKET_COMPLETE  AXISTREAM_VVC,1     axistream_expect(16 words[8b])=> OK, received 16 words[8b]). ' 'expect 16 bytes'  [1224]'
%%  72095 ns    Log    ID_PACKET_INITIATE  AXISTREAM_VVC,2     axistream_transmit(16 words[8b])=> ' 'transmit 16 bytes'  [1226]'
%%  72095 ns    Log    ID_PACKET_INITIATE  AXISTREAM_VVC,3     axistream_expect(16 words[8b]) while executing axistream_receive=> Receive packet. ' 'expect 16 bytes'  [1227]'
%% 72192.5 ns    Log    ID_PACKET_COMPLETE  AXISTREAM_VVC,3     axistream_expect(16 words[8b])=> OK, received 16 words[8b]). ' 'expect 16 bytes'  [1227]'
%%  72195 ns    Log    ID_PACKET_INITIATE  AXISTREAM_VVC,0     axistream_transmit(16 words[8b])=> ' 'transmit 16 bytes'  [1229]'
%%  72195 ns    Log    ID_PACKET_INITIATE  AXISTREAM_VVC,1     axistream_expect(16 words[8b]) while executing axistream_receive=> Receive packet. ' 'expect 16 bytes'  [1230]'
%% 72292.5 ns    Log    ID_PACKET_COMPLETE  AXISTREAM_VVC,1     axistream_expect(16 words[8b])=> OK, received 16 words[8b]). ' 'expect 16 bytes'  [1230]'
%%  72295 ns    Log    ID_PACKET_INITIATE  AXISTREAM_VVC,2     axistream_transmit(16 words[8b])=> ' 'transmit 16 bytes'  [1232]'
%%  72295 ns    Log    ID_PACKET_INITIATE  AXISTREAM_VVC,3     axistream_expect(16 words[8b]) while executing axistream_receive=> Receive packet. ' 'expect 16 bytes'  [1233]'
%% 72382.5 ns    Log    ID_PACKET_COMPLETE  AXISTREAM_VVC,3     axistream_expect(16 words[8b])=> OK, received 16 words[8b]). ' 'expect 16 bytes'  [1233]'
%%  72385 ns    Log    ID_PACKET_INITIATE  AXISTREAM_VVC,0     axistream_transmit(16 words[8b])=> ' 'transmit 16 bytes'  [1235]'
%%  72385 ns    Log    ID_PACKET_INITIATE  AXISTREAM_VVC,1     axistream_expect(16 words[8b]) while executing axistream_receive=> Receive packet. ' 'expect 16 bytes'  [1236]'
%% 72442.5 ns    Log    ID_PACKET_COMPLETE  AXISTREAM_VVC,1     axistream_expect(16 words[8b])=> OK, received 16 words[8b]). ' 'expect 16 bytes'  [1236]'
%%  72445 ns    Log    ID_PACKET_INITIATE  AXISTREAM_VVC,2     axistream_transmit(16 words[8b])=> ' 'transmit 16 bytes'  [1238]'
%%  72445 ns    Log    ID_PACKET_INITIATE  AXISTREAM_VVC,3     axistream_expect(16 words[8b]) while executing axistream_receive=> Receive packet. ' 'expect 16 bytes'  [1239]'
%% 72482.5 ns    Log    ID_PACKET_COMPLETE  AXISTREAM_VVC,3     axistream_expect(16 words[8b])=> OK, received 16 words[8b]). ' 'expect 16 bytes'  [1239]'
%%  72485 ns    Log    ID_PACKET_INITIATE  AXISTREAM_VVC,0     axistream_transmit(16 words[8b])=> ' 'transmit 16 bytes'  [1241]'
%%  72485 ns    Log    ID_PACKET_INITIATE  AXISTREAM_VVC,1     axistream_expect(16 words[8b]) while executing axistream_receive=> Receive packet. ' 'expect 16 bytes'  [1242]'
%% 72542.5 ns    Log    ID_PACKET_COMPLETE  AXISTREAM_VVC,1     axistream_expect(16 words[8b])=> OK, received 16 words[8b]). ' 'expect 16 bytes'  [1242]'
%%  72545 ns    Log    ID_PACKET_INITIATE  AXISTREAM_VVC,2     axistream_transmit(16 words[8b])=> ' 'transmit 16 bytes'  [1244]'
%%  72545 ns    Log    ID_PACKET_INITIATE  AXISTREAM_VVC,3     axistream_expect(16 words[8b]) while executing axistream_receive=> Receive packet. ' 'expect 16 bytes'  [1245]'
%% 72582.5 ns    Log    ID_PACKET_COMPLETE  AXISTREAM_VVC,3     axistream_expect(16 words[8b])=> OK, received 16 words[8b]). ' 'expect 16 bytes'  [1245]'
%%  72585 ns    Log    ID_PACKET_INITIATE  AXISTREAM_VVC,0     axistream_transmit(16 words[8b])=> ' 'transmit 16 bytes'  [1247]'
%%  72585 ns    Log    ID_PACKET_INITIATE  AXISTREAM_VVC,1     axistream_expect(16 words[8b]) while executing axistream_receive=> Receive packet. ' 'expect 16 bytes'  [1248]'
%% 72642.5 ns    Log    ID_PACKET_COMPLETE  AXISTREAM_VVC,1     axistream_expect(16 words[8b])=> OK, received 16 words[8b]). ' 'expect 16 bytes'  [1248]'
%%  72645 ns    Log    ID_PACKET_INITIATE  AXISTREAM_VVC,2     axistream_transmit(16 words[8b])=> ' 'transmit 16 bytes'  [1250]'
%%  72645 ns    Log    ID_PACKET_INITIATE  AXISTREAM_VVC,3     axistream_expect(16 words[8b]) while executing axistream_receive=> Receive packet. ' 'expect 16 bytes'  [1251]'
%% 72682.5 ns    Log    ID_PACKET_COMPLETE  AXISTREAM_VVC,3     axistream_expect(16 words[8b])=> OK, received 16 words[8b]). ' 'expect 16 bytes'  [1251]'
%%  72685 ns    Log    ID_PACKET_INITIATE  AXISTREAM_VVC,0     axistream_transmit(16 words[8b])=> ' 'transmit 16 bytes'  [1253]'
%%  72685 ns    Log    ID_PACKET_INITIATE  AXISTREAM_VVC,1     axistream_expect(16 words[8b]) while executing axistream_receive=> Receive packet. ' 'expect 16 bytes'  [1254]'
%% 72742.5 ns    Log    ID_PACKET_COMPLETE  AXISTREAM_VVC,1     axistream_expect(16 words[8b])=> OK, received 16 words[8b]). ' 'expect 16 bytes'  [1254]'
%%  72745 ns    Log    ID_PACKET_INITIATE  AXISTREAM_VVC,2     axistream_transmit(16 words[8b])=> ' 'transmit 16 bytes'  [1256]'
%%  72745 ns    Log    ID_PACKET_INITIATE  AXISTREAM_VVC,3     axistream_expect(16 words[8b]) while executing axistream_receive=> Receive packet. ' 'expect 16 bytes'  [1257]'
%% 72782.5 ns    Log    ID_PACKET_COMPLETE  AXISTREAM_VVC,3     axistream_expect(16 words[8b])=> OK, received 16 words[8b]). ' 'expect 16 bytes'  [1257]'
%%  72785 ns    Log    ID_PACKET_INITIATE  AXISTREAM_VVC,0     axistream_transmit(16 words[8b])=> ' 'transmit 16 bytes'  [1259]'
%%  72785 ns    Log    ID_PACKET_INITIATE  AXISTREAM_VVC,1     axistream_expect(16 words[8b]) while executing axistream_receive=> Receive packet. ' 'expect 16 bytes'  [1260]'
%% 72842.5 ns    Log    ID_PACKET_COMPLETE  AXISTREAM_VVC,1     axistream_expect(16 words[8b])=> OK, received 16 words[8b]). ' 'expect 16 bytes'  [1260]'
%%  72845 ns    Log    ID_PACKET_INITIATE  AXISTREAM_VVC,2     axistream_transmit(16 words[8b])=> ' 'transmit 16 bytes'  [1262]'
%%  72845 ns    Log    ID_PACKET_INITIATE  AXISTREAM_VVC,3     axistream_expect(16 words[8b]) while executing axistream_receive=> Receive packet. ' 'expect 16 bytes'  [1263]'
%% 72882.5 ns    Log    ID_PACKET_COMPLETE  AXISTREAM_VVC,3     axistream_expect(16 words[8b])=> OK, received 16 words[8b]). ' 'expect 16 bytes'  [1263]'
%%  72885 ns    Log    ID_PACKET_INITIATE  AXISTREAM_VVC,0     axistream_transmit(16 words[8b])=> ' 'transmit 16 bytes'  [1265]'
%%  72885 ns    Log    ID_PACKET_INITIATE  AXISTREAM_VVC,1     axistream_expect(16 words[8b]) while executing axistream_receive=> Receive packet. ' 'expect 16 bytes'  [1266]'
%% 72942.5 ns    Log    ID_PACKET_COMPLETE  AXISTREAM_VVC,1     axistream_expect(16 words[8b])=> OK, received 16 words[8b]). ' 'expect 16 bytes'  [1266]'
%%  72945 ns    Log    ID_PACKET_INITIATE  AXISTREAM_VVC,2     axistream_transmit(16 words[8b])=> ' 'transmit 16 bytes'  [1268]'
%%  72945 ns    Log    ID_PACKET_INITIATE  AXISTREAM_VVC,3     axistream_expect(16 words[8b]) while executing axistream_receive=> Receive packet. ' 'expect 16 bytes'  [1269]'
%% 72982.5 ns    Log    ID_PACKET_COMPLETE  AXISTREAM_VVC,3     axistream_expect(16 words[8b])=> OK, received 16 words[8b]). ' 'expect 16 bytes'  [1269]'
%%  72985 ns    Log    ID_PACKET_INITIATE  AXISTREAM_VVC,0     axistream_transmit(16 words[8b])=> ' 'transmit 16 bytes'  [1271]'
%%  72985 ns    Log    ID_PACKET_INITIATE  AXISTREAM_VVC,1     axistream_expect(16 words[8b]) while executing axistream_receive=> Receive packet. ' 'expect 16 bytes'  [1272]'
%% 73042.5 ns    Log    ID_PACKET_COMPLETE  AXISTREAM_VVC,1     axistream_expect(16 words[8b])=> OK, received 16 words[8b]). ' 'expect 16 bytes'  [1272]'
%%  73045 ns    Log    ID_PACKET_INITIATE  AXISTREAM_VVC,2     axistream_transmit(16 words[8b])=> ' 'transmit 16 bytes'  [1274]'
%%  73045 ns    Log    ID_PACKET_INITIATE  AXISTREAM_VVC,3     axistream_expect(16 words[8b]) while executing axistream_receive=> Receive packet. ' 'expect 16 bytes'  [1275]'
%% 73082.5 ns    Log    ID_PACKET_COMPLETE  AXISTREAM_VVC,3     axistream_expect(16 words[8b])=> OK, received 16 words[8b]). ' 'expect 16 bytes'  [1275]'
%%  73085 ns    Log    ID_PACKET_INITIATE  AXISTREAM_VVC,0     axistream_transmit(16 words[8b])=> ' 'transmit 16 bytes'  [1277]'
%%  73085 ns    Log    ID_PACKET_INITIATE  AXISTREAM_VVC,1     axistream_expect(16 words[8b]) while executing axistream_receive=> Receive packet. ' 'expect 16 bytes'  [1278]'
%% 73142.5 ns    Log    ID_PACKET_COMPLETE  AXISTREAM_VVC,1     axistream_expect(16 words[8b])=> OK, received 16 words[8b]). ' 'expect 16 bytes'  [1278]'
%%  73145 ns    Log    ID_PACKET_INITIATE  AXISTREAM_VVC,2     axistream_transmit(16 words[8b])=> ' 'transmit 16 bytes'  [1280]'
%%  73145 ns    Log    ID_PACKET_INITIATE  AXISTREAM_VVC,3     axistream_expect(16 words[8b]) while executing axistream_receive=> Receive packet. ' 'expect 16 bytes'  [1281]'
%% 73182.5 ns    Log    ID_PACKET_COMPLETE  AXISTREAM_VVC,3     axistream_expect(16 words[8b])=> OK, received 16 words[8b]). ' 'expect 16 bytes'  [1281]'
%%  73185 ns    Log    ID_PACKET_INITIATE  AXISTREAM_VVC,0     axistream_transmit(16 words[8b])=> ' 'transmit 16 bytes'  [1283]'
%%  73185 ns    Log    ID_PACKET_INITIATE  AXISTREAM_VVC,1     axistream_expect(16 words[8b]) while executing axistream_receive=> Receive packet. ' 'expect 16 bytes'  [1284]'
%% 73242.5 ns    Log    ID_PACKET_COMPLETE  AXISTREAM_VVC,1     axistream_expect(16 words[8b])=> OK, received 16 words[8b]). ' 'expect 16 bytes'  [1284]'
%%  73245 ns    Log    ID_PACKET_INITIATE  AXISTREAM_VVC,2     axistream_transmit(16 words[8b])=> ' 'transmit 16 bytes'  [1286]'
%%  73245 ns    Log    ID_PACKET_INITIATE  AXISTREAM_VVC,3     axistream_expect(16 words[8b]) while executing axistream_receive=> Receive packet. ' 'expect 16 bytes'  [1287]'
%% 73282.5 ns    Log    ID_PACKET_COMPLETE  AXISTREAM_VVC,3     axistream_expect(16 words[8b])=> OK, received 16 words[8b]). ' 'expect 16 bytes'  [1287]'
%%  73285 ns    Log    ID_PACKET_INITIATE  AXISTREAM_VVC,0     axistream_transmit(16 words[8b])=> ' 'transmit 16 bytes'  [1289]'
%%  73285 ns    Log    ID_PACKET_INITIATE  AXISTREAM_VVC,1     axistream_expect(16 words[8b]) while executing axistream_receive=> Receive packet. ' 'expect 16 bytes'  [1290]'
%% 73342.5 ns    Log    ID_PACKET_COMPLETE  AXISTREAM_VVC,1     axistream_expect(16 words[8b])=> OK, received 16 words[8b]). ' 'expect 16 bytes'  [1290]'
%%  73345 ns    Log    ID_PACKET_INITIATE  AXISTREAM_VVC,2     axistream_transmit(16 words[8b])=> ' 'transmit 16 bytes'  [1292]'
%%  73345 ns    Log    ID_PACKET_INITIATE  AXISTREAM_VVC,3     axistream_expect(16 words[8b]) while executing axistream_receive=> Receive packet. ' 'expect 16 bytes'  [1293]'
%% 73382.5 ns    Log    ID_PACKET_COMPLETE  AXISTREAM_VVC,3     axistream_expect(16 words[8b])=> OK, received 16 words[8b]). ' 'expect 16 bytes'  [1293]'
%%  73385 ns    Log    ID_PACKET_INITIATE  AXISTREAM_VVC,0     axistream_transmit(16 words[8b])=> ' 'transmit 16 bytes'  [1295]'
%%  73385 ns    Log    ID_PACKET_INITIATE  AXISTREAM_VVC,1     axistream_expect(16 words[8b]) while executing axistream_receive=> Receive packet. ' 'expect 16 bytes'  [1296]'
%% 73752.5 ns    Log    ID_PACKET_COMPLETE  AXISTREAM_VVC,1     axistream_expect(16 words[8b])=> OK, received 16 words[8b]). ' 'expect 16 bytes'  [1296]'
%%  73755 ns    Log    ID_PACKET_INITIATE  AXISTREAM_VVC,2     axistream_transmit(16 words[8b])=> ' 'transmit 16 bytes'  [1298]'
%%  73755 ns    Log    ID_PACKET_INITIATE  AXISTREAM_VVC,3     axistream_expect(16 words[8b]) while executing axistream_receive=> Receive packet. ' 'expect 16 bytes'  [1299]'
%% 73992.5 ns    Log    ID_PACKET_COMPLETE  AXISTREAM_VVC,3     axistream_expect(16 words[8b])=> OK, received 16 words[8b]). ' 'expect 16 bytes'  [1299]'
%%  73995 ns    Log    ID_PACKET_INITIATE  AXISTREAM_VVC,0     axistream_transmit(16 words[8b])=> ' 'transmit 16 bytes'  [1301]'
%%  73995 ns    Log    ID_PACKET_INITIATE  AXISTREAM_VVC,1     axistream_expect(16 words[8b]) while executing axistream_receive=> Receive packet. ' 'expect 16 bytes'  [1302]'
%% 74182.5 ns    Log    ID_PACKET_COMPLETE  AXISTREAM_VVC,1     axistream_expect(16 words[8b])=> OK, received 16 words[8b]). ' 'expect 16 bytes'  [1302]'
%%  74185 ns    Log    ID_PACKET_INITIATE  AXISTREAM_VVC,2     axistream_transmit(16 words[8b])=> ' 'transmit 16 bytes'  [1304]'
%%  74185 ns    Log    ID_PACKET_INITIATE  AXISTREAM_VVC,3     axistream_expect(16 words[8b]) while executing axistream_receive=> Receive packet. ' 'expect 16 bytes'  [1305]'
%% 74222.5 ns    Log    ID_PACKET_COMPLETE  AXISTREAM_VVC,3     axistream_expect(16 words[8b])=> OK, received 16 words[8b]). ' 'expect 16 bytes'  [1305]'
%%  74225 ns    Log    ID_PACKET_INITIATE  AXISTREAM_VVC,0     axistream_transmit(16 words[8b])=> ' 'transmit 16 bytes'  [1307]'
%%  74225 ns    Log    ID_PACKET_INITIATE  AXISTREAM_VVC,1     axistream_expect(16 words[8b]) while executing axistream_receive=> Receive packet. ' 'expect 16 bytes'  [1308]'
%% 74282.5 ns    Log    ID_PACKET_COMPLETE  AXISTREAM_VVC,1     axistream_expect(16 words[8b])=> OK, received 16 words[8b]). ' 'expect 16 bytes'  [1308]'
%%  74285 ns    Log    ID_PACKET_INITIATE  AXISTREAM_VVC,2     axistream_transmit(16 words[8b])=> ' 'transmit 16 bytes'  [1310]'
%%  74285 ns    Log    ID_PACKET_INITIATE  AXISTREAM_VVC,3     axistream_expect(16 words[8b]) while executing axistream_receive=> Receive packet. ' 'expect 16 bytes'  [1311]'
%% 74332.5 ns    Log    ID_PACKET_COMPLETE  AXISTREAM_VVC,3     axistream_expect(16 words[8b])=> OK, received 16 words[8b]). ' 'expect 16 bytes'  [1311]'
%%  74335 ns    Log    ID_PACKET_INITIATE  AXISTREAM_VVC,0     axistream_transmit(16 words[8b])=> ' 'transmit 16 bytes'  [1313]'
%%  74335 ns    Log    ID_PACKET_INITIATE  AXISTREAM_VVC,1     axistream_expect(16 words[8b]) while executing axistream_receive=> Receive packet. ' 'expect 16 bytes'  [1314]'
%% 74392.5 ns    Log    ID_PACKET_COMPLETE  AXISTREAM_VVC,1     axistream_expect(16 words[8b])=> OK, received 16 words[8b]). ' 'expect 16 bytes'  [1314]'
%%  74395 ns    Log    ID_PACKET_INITIATE  AXISTREAM_VVC,2     axistream_transmit(16 words[8b])=> ' 'transmit 16 bytes'  [1316]'
%%  74395 ns    Log    ID_PACKET_INITIATE  AXISTREAM_VVC,3     axistream_expect(16 words[8b]) while executing axistream_receive=> Receive packet. ' 'expect 16 bytes'  [1317]'
%% 74642.5 ns    Log    ID_PACKET_COMPLETE  AXISTREAM_VVC,3     axistream_expect(16 words[8b])=> OK, received 16 words[8b]). ' 'expect 16 bytes'  [1317]'
%%  74645 ns    Log    ID_PACKET_INITIATE  AXISTREAM_VVC,0     axistream_transmit(16 words[8b])=> ' 'transmit 16 bytes'  [1319]'
%%  74645 ns    Log    ID_PACKET_INITIATE  AXISTREAM_VVC,1     axistream_expect(16 words[8b]) while executing axistream_receive=> Receive packet. ' 'expect 16 bytes'  [1320]'
%% 74702.5 ns    Log    ID_PACKET_COMPLETE  AXISTREAM_VVC,1     axistream_expect(16 words[8b])=> OK, received 16 words[8b]). ' 'expect 16 bytes'  [1320]'
%%  74705 ns    Log    ID_PACKET_INITIATE  AXISTREAM_VVC,2     axistream_transmit(16 words[8b])=> ' 'transmit 16 bytes'  [1322]'
%%  74705 ns    Log    ID_PACKET_INITIATE  AXISTREAM_VVC,3     axistream_expect(16 words[8b]) while executing axistream_receive=> Receive packet. ' 'expect 16 bytes'  [1323]'
%% 74922.5 ns    Log    ID_PACKET_COMPLETE  AXISTREAM_VVC,3     axistream_expect(16 words[8b])=> OK, received 16 words[8b]). ' 'expect 16 bytes'  [1323]'
%%  74925 ns    Log    ID_PACKET_INITIATE  AXISTREAM_VVC,0     axistream_transmit(16 words[8b])=> ' 'transmit 16 bytes'  [1325]'
%%  74925 ns    Log    ID_PACKET_INITIATE  AXISTREAM_VVC,1     axistream_expect(16 words[8b]) while executing axistream_receive=> Receive packet. ' 'expect 16 bytes'  [1326]'
%% 74982.5 ns    Log    ID_PACKET_COMPLETE  AXISTREAM_VVC,1     axistream_expect(16 words[8b])=> OK, received 16 words[8b]). ' 'expect 16 bytes'  [1326]'
%%  74985 ns    Log    ID_PACKET_INITIATE  AXISTREAM_VVC,2     axistream_transmit(16 words[8b])=> ' 'transmit 16 bytes'  [1328]'
%%  74985 ns    Log    ID_PACKET_INITIATE  AXISTREAM_VVC,3     axistream_expect(16 words[8b]) while executing axistream_receive=> Receive packet. ' 'expect 16 bytes'  [1329]'
%% 75022.5 ns    Log    ID_PACKET_COMPLETE  AXISTREAM_VVC,3     axistream_expect(16 words[8b])=> OK, received 16 words[8b]). ' 'expect 16 bytes'  [1329]'
%%  75025 ns    Log    ID_PACKET_INITIATE  AXISTREAM_VVC,0     axistream_transmit(16 words[8b])=> ' 'transmit 16 bytes'  [1331]'
%%  75025 ns    Log    ID_PACKET_INITIATE  AXISTREAM_VVC,1     axistream_expect(16 words[8b]) while executing axistream_receive=> Receive packet. ' 'expect 16 bytes'  [1332]'
%% 75082.5 ns    Log    ID_PACKET_COMPLETE  AXISTREAM_VVC,1     axistream_expect(16 words[8b])=> OK, received 16 words[8b]). ' 'expect 16 bytes'  [1332]'
%%  75085 ns    Log    ID_PACKET_INITIATE  AXISTREAM_VVC,2     axistream_transmit(16 words[8b])=> ' 'transmit 16 bytes'  [1334]'
%%  75085 ns    Log    ID_PACKET_INITIATE  AXISTREAM_VVC,3     axistream_expect(16 words[8b]) while executing axistream_receive=> Receive packet. ' 'expect 16 bytes'  [1335]'
%% 75122.5 ns    Log    ID_PACKET_COMPLETE  AXISTREAM_VVC,3     axistream_expect(16 words[8b])=> OK, received 16 words[8b]). ' 'expect 16 bytes'  [1335]'
%%  75125 ns    Log    ID_PACKET_INITIATE  AXISTREAM_VVC,0     axistream_transmit(16 words[8b])=> ' 'transmit 16 bytes'  [1337]'
%%  75125 ns    Log    ID_PACKET_INITIATE  AXISTREAM_VVC,1     axistream_expect(16 words[8b]) while executing axistream_receive=> Receive packet. ' 'expect 16 bytes'  [1338]'
%% 75392.5 ns    Log    ID_PACKET_COMPLETE  AXISTREAM_VVC,1     axistream_expect(16 words[8b])=> OK, received 16 words[8b]). ' 'expect 16 bytes'  [1338]'
%%  75395 ns    Log    ID_PACKET_INITIATE  AXISTREAM_VVC,2     axistream_transmit(16 words[8b])=> ' 'transmit 16 bytes'  [1340]'
%%  75395 ns    Log    ID_PACKET_INITIATE  AXISTREAM_VVC,3     axistream_expect(16 words[8b]) while executing axistream_receive=> Receive packet. ' 'expect 16 bytes'  [1341]'
%% 75832.5 ns    Log    ID_PACKET_COMPLETE  AXISTREAM_VVC,3     axistream_expect(16 words[8b])=> OK, received 16 words[8b]). ' 'expect 16 bytes'  [1341]'
%%  75835 ns    Log    ID_PACKET_INITIATE  AXISTREAM_VVC,0     axistream_transmit(16 words[8b])=> ' 'transmit 16 bytes'  [1343]'
%%  75835 ns    Log    ID_PACKET_INITIATE  AXISTREAM_VVC,1     axistream_expect(16 words[8b]) while executing axistream_receive=> Receive packet. ' 'expect 16 bytes'  [1344]'
%% 76012.5 ns    Log    ID_PACKET_COMPLETE  AXISTREAM_VVC,1     axistream_expect(16 words[8b])=> OK, received 16 words[8b]). ' 'expect 16 bytes'  [1344]'
%%  76015 ns    Log    ID_PACKET_INITIATE  AXISTREAM_VVC,2     axistream_transmit(16 words[8b])=> ' 'transmit 16 bytes'  [1346]'
%%  76015 ns    Log    ID_PACKET_INITIATE  AXISTREAM_VVC,3     axistream_expect(16 words[8b]) while executing axistream_receive=> Receive packet. ' 'expect 16 bytes'  [1347]'
%% 76052.5 ns    Log    ID_PACKET_COMPLETE  AXISTREAM_VVC,3     axistream_expect(16 words[8b])=> OK, received 16 words[8b]). ' 'expect 16 bytes'  [1347]'
%%  76055 ns    Log    ID_PACKET_INITIATE  AXISTREAM_VVC,0     axistream_transmit(16 words[8b])=> ' 'transmit 16 bytes'  [1349]'
%%  76055 ns    Log    ID_PACKET_INITIATE  AXISTREAM_VVC,1     axistream_expect(16 words[8b]) while executing axistream_receive=> Receive packet. ' 'expect 16 bytes'  [1350]'
%% 76252.5 ns    Log    ID_PACKET_COMPLETE  AXISTREAM_VVC,1     axistream_expect(16 words[8b])=> OK, received 16 words[8b]). ' 'expect 16 bytes'  [1350]'
%%  76255 ns    Log    ID_PACKET_INITIATE  AXISTREAM_VVC,2     axistream_transmit(16 words[8b])=> ' 'transmit 16 bytes'  [1352]'
%%  76255 ns    Log    ID_PACKET_INITIATE  AXISTREAM_VVC,3     axistream_expect(16 words[8b]) while executing axistream_receive=> Receive packet. ' 'expect 16 bytes'  [1353]'
%% 76512.5 ns    Log    ID_PACKET_COMPLETE  AXISTREAM_VVC,3     axistream_expect(16 words[8b])=> OK, received 16 words[8b]). ' 'expect 16 bytes'  [1353]'
%%  76515 ns    Log    ID_PACKET_INITIATE  AXISTREAM_VVC,0     axistream_transmit(16 words[8b])=> ' 'transmit 16 bytes'  [1355]'
%%  76515 ns    Log    ID_PACKET_INITIATE  AXISTREAM_VVC,1     axistream_expect(16 words[8b]) while executing axistream_receive=> Receive packet. ' 'expect 16 bytes'  [1356]'
%% 76722.5 ns    Log    ID_PACKET_COMPLETE  AXISTREAM_VVC,1     axistream_expect(16 words[8b])=> OK, received 16 words[8b]). ' 'expect 16 bytes'  [1356]'
%%  76725 ns    Log    ID_PACKET_INITIATE  AXISTREAM_VVC,2     axistream_transmit(16 words[8b])=> ' 'transmit 16 bytes'  [1358]'
%%  76725 ns    Log    ID_PACKET_INITIATE  AXISTREAM_VVC,3     axistream_expect(16 words[8b]) while executing axistream_receive=> Receive packet. ' 'expect 16 bytes'  [1359]'
%% 76812.5 ns    Log    ID_PACKET_COMPLETE  AXISTREAM_VVC,3     axistream_expect(16 words[8b])=> OK, received 16 words[8b]). ' 'expect 16 bytes'  [1359]'
%%  76815 ns    Log    ID_PACKET_INITIATE  AXISTREAM_VVC,0     axistream_transmit(16 words[8b])=> ' 'transmit 16 bytes'  [1361]'
%%  76815 ns    Log    ID_PACKET_INITIATE  AXISTREAM_VVC,1     axistream_expect(16 words[8b]) while executing axistream_receive=> Receive packet. ' 'expect 16 bytes'  [1362]'
%% 76952.5 ns    Log    ID_PACKET_COMPLETE  AXISTREAM_VVC,1     axistream_expect(16 words[8b])=> OK, received 16 words[8b]). ' 'expect 16 bytes'  [1362]'
%%  76955 ns    Log    ID_PACKET_INITIATE  AXISTREAM_VVC,2     axistream_transmit(16 words[8b])=> ' 'transmit 16 bytes'  [1364]'
%%  76955 ns    Log    ID_PACKET_INITIATE  AXISTREAM_VVC,3     axistream_expect(16 words[8b]) while executing axistream_receive=> Receive packet. ' 'expect 16 bytes'  [1365]'
%% 77102.5 ns    Log    ID_PACKET_COMPLETE  AXISTREAM_VVC,3     axistream_expect(16 words[8b])=> OK, received 16 words[8b]). ' 'expect 16 bytes'  [1365]'
%%  77105 ns    Log    ID_PACKET_INITIATE  AXISTREAM_VVC,0     axistream_transmit(16 words[8b])=> ' 'transmit 16 bytes'  [1367]'
%%  77105 ns    Log    ID_PACKET_INITIATE  AXISTREAM_VVC,1     axistream_expect(16 words[8b]) while executing axistream_receive=> Receive packet. ' 'expect 16 bytes'  [1368]'
%% 77302.5 ns    Log    ID_PACKET_COMPLETE  AXISTREAM_VVC,1     axistream_expect(16 words[8b])=> OK, received 16 words[8b]). ' 'expect 16 bytes'  [1368]'
%%  77305 ns    Log    ID_PACKET_INITIATE  AXISTREAM_VVC,2     axistream_transmit(16 words[8b])=> ' 'transmit 16 bytes'  [1370]'
%%  77305 ns    Log    ID_PACKET_INITIATE  AXISTREAM_VVC,3     axistream_expect(16 words[8b]) while executing axistream_receive=> Receive packet. ' 'expect 16 bytes'  [1371]'
%% 77402.5 ns    Log    ID_PACKET_COMPLETE  AXISTREAM_VVC,3     axistream_expect(16 words[8b])=> OK, received 16 words[8b]). ' 'expect 16 bytes'  [1371]'
%%  77405 ns    Log    ID_PACKET_INITIATE  AXISTREAM_VVC,0     axistream_transmit(16 words[8b])=> ' 'transmit 16 bytes'  [1373]'
%%  77405 ns    Log    ID_PACKET_INITIATE  AXISTREAM_VVC,1     axistream_expect(16 words[8b]) while executing axistream_receive=> Receive packet. ' 'expect 16 bytes'  [1374]'
%% 77512.5 ns    Log    ID_PACKET_COMPLETE  AXISTREAM_VVC,1     axistream_expect(16 words[8b])=> OK, received 16 words[8b]). ' 'expect 16 bytes'  [1374]'
%%  77515 ns    Log    ID_PACKET_INITIATE  AXISTREAM_VVC,2     axistream_transmit(16 words[8b])=> ' 'transmit 16 bytes'  [1376]'
%%  77515 ns    Log    ID_PACKET_INITIATE  AXISTREAM_VVC,3     axistream_expect(16 words[8b]) while executing axistream_receive=> Receive packet. ' 'expect 16 bytes'  [1377]'
%% 77722.5 ns    Log    ID_PACKET_COMPLETE  AXISTREAM_VVC,3     axistream_expect(16 words[8b])=> OK, received 16 words[8b]). ' 'expect 16 bytes'  [1377]'
%%  77725 ns    Log    ID_PACKET_INITIATE  AXISTREAM_VVC,0     axistream_transmit(16 words[8b])=> ' 'transmit 16 bytes'  [1379]'
%%  77725 ns    Log    ID_PACKET_INITIATE  AXISTREAM_VVC,1     axistream_expect(16 words[8b]) while executing axistream_receive=> Receive packet. ' 'expect 16 bytes'  [1380]'
%% 77802.5 ns    Log    ID_PACKET_COMPLETE  AXISTREAM_VVC,1     axistream_expect(16 words[8b])=> OK, received 16 words[8b]). ' 'expect 16 bytes'  [1380]'
%%  77805 ns    Log    ID_PACKET_INITIATE  AXISTREAM_VVC,2     axistream_transmit(16 words[8b])=> ' 'transmit 16 bytes'  [1382]'
%%  77805 ns    Log    ID_PACKET_INITIATE  AXISTREAM_VVC,3     axistream_expect(16 words[8b]) while executing axistream_receive=> Receive packet. ' 'expect 16 bytes'  [1383]'
%% 77842.5 ns    Log    ID_PACKET_COMPLETE  AXISTREAM_VVC,3     axistream_expect(16 words[8b])=> OK, received 16 words[8b]). ' 'expect 16 bytes'  [1383]'
%%  77845 ns    Log    ID_PACKET_INITIATE  AXISTREAM_VVC,0     axistream_transmit(16 words[8b])=> ' 'transmit 16 bytes'  [1385]'
%%  77845 ns    Log    ID_PACKET_INITIATE  AXISTREAM_VVC,1     axistream_expect(16 words[8b]) while executing axistream_receive=> Receive packet. ' 'expect 16 bytes'  [1386]'
%% 78052.5 ns    Log    ID_PACKET_COMPLETE  AXISTREAM_VVC,1     axistream_expect(16 words[8b])=> OK, received 16 words[8b]). ' 'expect 16 bytes'  [1386]'
%%  78055 ns    Log    ID_PACKET_INITIATE  AXISTREAM_VVC,2     axistream_transmit(16 words[8b])=> ' 'transmit 16 bytes'  [1388]'
%%  78055 ns    Log    ID_PACKET_INITIATE  AXISTREAM_VVC,3     axistream_expect(16 words[8b]) while executing axistream_receive=> Receive packet. ' 'expect 16 bytes'  [1389]'
%% 78172.5 ns    Log    ID_PACKET_COMPLETE  AXISTREAM_VVC,3     axistream_expect(16 words[8b])=> OK, received 16 words[8b]). ' 'expect 16 bytes'  [1389]'
%%  78175 ns    Log    ID_PACKET_INITIATE  AXISTREAM_VVC,0     axistream_transmit(16 words[8b])=> ' 'transmit 16 bytes'  [1391]'
%%  78175 ns    Log    ID_PACKET_INITIATE  AXISTREAM_VVC,1     axistream_expect(16 words[8b]) while executing axistream_receive=> Receive packet. ' 'expect 16 bytes'  [1392]'
%% 78372.5 ns    Log    ID_PACKET_COMPLETE  AXISTREAM_VVC,1     axistream_expect(16 words[8b])=> OK, received 16 words[8b]). ' 'expect 16 bytes'  [1392]'
%%  78375 ns    Log    ID_PACKET_INITIATE  AXISTREAM_VVC,2     axistream_transmit(16 words[8b])=> ' 'transmit 16 bytes'  [1394]'
%%  78375 ns    Log    ID_PACKET_INITIATE  AXISTREAM_VVC,3     axistream_expect(16 words[8b]) while executing axistream_receive=> Receive packet. ' 'expect 16 bytes'  [1395]'
%% 78562.5 ns    Log    ID_PACKET_COMPLETE  AXISTREAM_VVC,3     axistream_expect(16 words[8b])=> OK, received 16 words[8b]). ' 'expect 16 bytes'  [1395]'
%%  78565 ns    Log    ID_PACKET_INITIATE  AXISTREAM_VVC,0     axistream_transmit(16 words[8b])=> ' 'transmit 16 bytes'  [1397]'
%%  78565 ns    Log    ID_PACKET_INITIATE  AXISTREAM_VVC,1     axistream_expect(16 words[8b]) while executing axistream_receive=> Receive packet. ' 'expect 16 bytes'  [1398]'
%% 78722.5 ns    Log    ID_PACKET_COMPLETE  AXISTREAM_VVC,1     axistream_expect(16 words[8b])=> OK, received 16 words[8b]). ' 'expect 16 bytes'  [1398]'
%%  78725 ns    Log    ID_PACKET_INITIATE  AXISTREAM_VVC,2     axistream_transmit(16 words[8b])=> ' 'transmit 16 bytes'  [1400]'
%%  78725 ns    Log    ID_PACKET_INITIATE  AXISTREAM_VVC,3     axistream_expect(16 words[8b]) while executing axistream_receive=> Receive packet. ' 'expect 16 bytes'  [1401]'
%% 78932.5 ns    Log    ID_PACKET_COMPLETE  AXISTREAM_VVC,3     axistream_expect(16 words[8b])=> OK, received 16 words[8b]). ' 'expect 16 bytes'  [1401]'
%%  78935 ns    Log    ID_PACKET_INITIATE  AXISTREAM_VVC,0     axistream_transmit(16 words[8b])=> ' 'transmit 16 bytes'  [1403]'
%%  78935 ns    Log    ID_PACKET_INITIATE  AXISTREAM_VVC,1     axistream_expect(16 words[8b]) while executing axistream_receive=> Receive packet. ' 'expect 16 bytes'  [1404]'
%% 79192.5 ns    Log    ID_PACKET_COMPLETE  AXISTREAM_VVC,1     axistream_expect(16 words[8b])=> OK, received 16 words[8b]). ' 'expect 16 bytes'  [1404]'
%%  79195 ns    Log    ID_PACKET_INITIATE  AXISTREAM_VVC,2     axistream_transmit(16 words[8b])=> ' 'transmit 16 bytes'  [1406]'
%%  79195 ns    Log    ID_PACKET_INITIATE  AXISTREAM_VVC,3     axistream_expect(16 words[8b]) while executing axistream_receive=> Receive packet. ' 'expect 16 bytes'  [1407]'
%% 79382.5 ns    Log    ID_PACKET_COMPLETE  AXISTREAM_VVC,3     axistream_expect(16 words[8b])=> OK, received 16 words[8b]). ' 'expect 16 bytes'  [1407]'
%%  79385 ns    Log    ID_PACKET_INITIATE  AXISTREAM_VVC,0     axistream_transmit(16 words[8b])=> ' 'transmit 16 bytes'  [1409]'
%%  79385 ns    Log    ID_PACKET_INITIATE  AXISTREAM_VVC,1     axistream_expect(16 words[8b]) while executing axistream_receive=> Receive packet. ' 'expect 16 bytes'  [1410]'
%% 79512.5 ns    Log    ID_PACKET_COMPLETE  AXISTREAM_VVC,1     axistream_expect(16 words[8b])=> OK, received 16 words[8b]). ' 'expect 16 bytes'  [1410]'
%%  79515 ns    Log    ID_PACKET_INITIATE  AXISTREAM_VVC,2     axistream_transmit(16 words[8b])=> ' 'transmit 16 bytes'  [1412]'
%%  79515 ns    Log    ID_PACKET_INITIATE  AXISTREAM_VVC,3     axistream_expect(16 words[8b]) while executing axistream_receive=> Receive packet. ' 'expect 16 bytes'  [1413]'
%% 79622.5 ns    Log    ID_PACKET_COMPLETE  AXISTREAM_VVC,3     axistream_expect(16 words[8b])=> OK, received 16 words[8b]). ' 'expect 16 bytes'  [1413]'
%%  79625 ns    Log    ID_PACKET_INITIATE  AXISTREAM_VVC,0     axistream_transmit(16 words[8b])=> ' 'transmit 16 bytes'  [1415]'
%%  79625 ns    Log    ID_PACKET_INITIATE  AXISTREAM_VVC,1     axistream_expect(16 words[8b]) while executing axistream_receive=> Receive packet. ' 'expect 16 bytes'  [1416]'
%% 79722.5 ns    Log    ID_PACKET_COMPLETE  AXISTREAM_VVC,1     axistream_expect(16 words[8b])=> OK, received 16 words[8b]). ' 'expect 16 bytes'  [1416]'
%%  79725 ns    Log    ID_PACKET_INITIATE  AXISTREAM_VVC,2     axistream_transmit(16 words[8b])=> ' 'transmit 16 bytes'  [1418]'
%%  79725 ns    Log    ID_PACKET_INITIATE  AXISTREAM_VVC,3     axistream_expect(16 words[8b]) while executing axistream_receive=> Receive packet. ' 'expect 16 bytes'  [1419]'
%% 79812.5 ns    Log    ID_PACKET_COMPLETE  AXISTREAM_VVC,3     axistream_expect(16 words[8b])=> OK, received 16 words[8b]). ' 'expect 16 bytes'  [1419]'
%%  79815 ns    Log    ID_PACKET_INITIATE  AXISTREAM_VVC,0     axistream_transmit(16 words[8b])=> ' 'transmit 16 bytes'  [1421]'
%%  79815 ns    Log    ID_PACKET_INITIATE  AXISTREAM_VVC,1     axistream_expect(16 words[8b]) while executing axistream_receive=> Receive packet. ' 'expect 16 bytes'  [1422]'
%% 79912.5 ns    Log    ID_PACKET_COMPLETE  AXISTREAM_VVC,1     axistream_expect(16 words[8b])=> OK, received 16 words[8b]). ' 'expect 16 bytes'  [1422]'
%%  79915 ns    Log    ID_PACKET_INITIATE  AXISTREAM_VVC,2     axistream_transmit(16 words[8b])=> ' 'transmit 16 bytes'  [1424]'
%%  79915 ns    Log    ID_PACKET_INITIATE  AXISTREAM_VVC,3     axistream_expect(16 words[8b]) while executing axistream_receive=> Receive packet. ' 'expect 16 bytes'  [1425]'
%% 80002.5 ns    Log    ID_PACKET_COMPLETE  AXISTREAM_VVC,3     axistream_expect(16 words[8b])=> OK, received 16 words[8b]). ' 'expect 16 bytes'  [1425]'
%%  80005 ns    Log    ID_PACKET_INITIATE  AXISTREAM_VVC,0     axistream_transmit(16 words[8b])=> ' 'transmit 16 bytes'  [1427]'
%%  80005 ns    Log    ID_PACKET_INITIATE  AXISTREAM_VVC,1     axistream_expect(16 words[8b]) while executing axistream_receive=> Receive packet. ' 'expect 16 bytes'  [1428]'
%% 80102.5 ns    Log    ID_PACKET_COMPLETE  AXISTREAM_VVC,1     axistream_expect(16 words[8b])=> OK, received 16 words[8b]). ' 'expect 16 bytes'  [1428]'
%%  80105 ns    Log    ID_PACKET_INITIATE  AXISTREAM_VVC,2     axistream_transmit(16 words[8b])=> ' 'transmit 16 bytes'  [1430]'
%%  80105 ns    Log    ID_PACKET_INITIATE  AXISTREAM_VVC,3     axistream_expect(16 words[8b]) while executing axistream_receive=> Receive packet. ' 'expect 16 bytes'  [1431]'
%% 80192.5 ns    Log    ID_PACKET_COMPLETE  AXISTREAM_VVC,3     axistream_expect(16 words[8b])=> OK, received 16 words[8b]). ' 'expect 16 bytes'  [1431]'
%%  80195 ns    Log    ID_PACKET_INITIATE  AXISTREAM_VVC,0     axistream_transmit(16 words[8b])=> ' 'transmit 16 bytes'  [1433]'
%%  80195 ns    Log    ID_PACKET_INITIATE  AXISTREAM_VVC,1     axistream_expect(16 words[8b]) while executing axistream_receive=> Receive packet. ' 'expect 16 bytes'  [1434]'
%% 80292.5 ns    Log    ID_PACKET_COMPLETE  AXISTREAM_VVC,1     axistream_expect(16 words[8b])=> OK, received 16 words[8b]). ' 'expect 16 bytes'  [1434]'
%%  80295 ns    Log    ID_PACKET_INITIATE  AXISTREAM_VVC,2     axistream_transmit(16 words[8b])=> ' 'transmit 16 bytes'  [1436]'
%%  80295 ns    Log    ID_PACKET_INITIATE  AXISTREAM_VVC,3     axistream_expect(16 words[8b]) while executing axistream_receive=> Receive packet. ' 'expect 16 bytes'  [1437]'
%% 80382.5 ns    Log    ID_PACKET_COMPLETE  AXISTREAM_VVC,3     axistream_expect(16 words[8b])=> OK, received 16 words[8b]). ' 'expect 16 bytes'  [1437]'
%%  80385 ns    Log    ID_PACKET_INITIATE  AXISTREAM_VVC,0     axistream_transmit(16 words[8b])=> ' 'transmit 16 bytes'  [1439]'
%%  80385 ns    Log    ID_PACKET_INITIATE  AXISTREAM_VVC,1     axistream_expect(16 words[8b]) while executing axistream_receive=> Receive packet. ' 'expect 16 bytes'  [1440]'
%% 80482.5 ns    Log    ID_PACKET_COMPLETE  AXISTREAM_VVC,1     axistream_expect(16 words[8b])=> OK, received 16 words[8b]). ' 'expect 16 bytes'  [1440]'
%%  80485 ns    Log    ID_PACKET_INITIATE  AXISTREAM_VVC,2     axistream_transmit(16 words[8b])=> ' 'transmit 16 bytes'  [1442]'
%%  80485 ns    Log    ID_PACKET_INITIATE  AXISTREAM_VVC,3     axistream_expect(16 words[8b]) while executing axistream_receive=> Receive packet. ' 'expect 16 bytes'  [1443]'
%% 80572.5 ns    Log    ID_PACKET_COMPLETE  AXISTREAM_VVC,3     axistream_expect(16 words[8b])=> OK, received 16 words[8b]). ' 'expect 16 bytes'  [1443]'
%%  80575 ns    Log    ID_PACKET_INITIATE  AXISTREAM_VVC,0     axistream_transmit(16 words[8b])=> ' 'transmit 16 bytes'  [1445]'
%%  80575 ns    Log    ID_PACKET_INITIATE  AXISTREAM_VVC,1     axistream_expect(16 words[8b]) while executing axistream_receive=> Receive packet. ' 'expect 16 bytes'  [1446]'
%% 80672.5 ns    Log    ID_PACKET_COMPLETE  AXISTREAM_VVC,1     axistream_expect(16 words[8b])=> OK, received 16 words[8b]). ' 'expect 16 bytes'  [1446]'
%%  80675 ns    Log    ID_PACKET_INITIATE  AXISTREAM_VVC,2     axistream_transmit(16 words[8b])=> ' 'transmit 16 bytes'  [1448]'
%%  80675 ns    Log    ID_PACKET_INITIATE  AXISTREAM_VVC,3     axistream_expect(16 words[8b]) while executing axistream_receive=> Receive packet. ' 'expect 16 bytes'  [1449]'
%% 80762.5 ns    Log    ID_PACKET_COMPLETE  AXISTREAM_VVC,3     axistream_expect(16 words[8b])=> OK, received 16 words[8b]). ' 'expect 16 bytes'  [1449]'
%%  80765 ns    Log    ID_PACKET_INITIATE  AXISTREAM_VVC,0     axistream_transmit(16 words[8b])=> ' 'transmit 16 bytes'  [1451]'
%%  80765 ns    Log    ID_PACKET_INITIATE  AXISTREAM_VVC,1     axistream_expect(16 words[8b]) while executing axistream_receive=> Receive packet. ' 'expect 16 bytes'  [1452]'
%% 80862.5 ns    Log    ID_PACKET_COMPLETE  AXISTREAM_VVC,1     axistream_expect(16 words[8b])=> OK, received 16 words[8b]). ' 'expect 16 bytes'  [1452]'
%%  80865 ns    Log    ID_PACKET_INITIATE  AXISTREAM_VVC,2     axistream_transmit(16 words[8b])=> ' 'transmit 16 bytes'  [1454]'
%%  80865 ns    Log    ID_PACKET_INITIATE  AXISTREAM_VVC,3     axistream_expect(16 words[8b]) while executing axistream_receive=> Receive packet. ' 'expect 16 bytes'  [1455]'
%% 80952.5 ns    Log    ID_PACKET_COMPLETE  AXISTREAM_VVC,3     axistream_expect(16 words[8b])=> OK, received 16 words[8b]). ' 'expect 16 bytes'  [1455]'
%%  80955 ns    Log    ID_PACKET_INITIATE  AXISTREAM_VVC,0     axistream_transmit(16 words[8b])=> ' 'transmit 16 bytes'  [1457]'
%%  80955 ns    Log    ID_PACKET_INITIATE  AXISTREAM_VVC,1     axistream_expect(16 words[8b]) while executing axistream_receive=> Receive packet. ' 'expect 16 bytes'  [1458]'
%% 81052.5 ns    Log    ID_PACKET_COMPLETE  AXISTREAM_VVC,1     axistream_expect(16 words[8b])=> OK, received 16 words[8b]). ' 'expect 16 bytes'  [1458]'
%%  81055 ns    Log    ID_PACKET_INITIATE  AXISTREAM_VVC,2     axistream_transmit(16 words[8b])=> ' 'transmit 16 bytes'  [1460]'
%%  81055 ns    Log    ID_PACKET_INITIATE  AXISTREAM_VVC,3     axistream_expect(16 words[8b]) while executing axistream_receive=> Receive packet. ' 'expect 16 bytes'  [1461]'
%% 81142.5 ns    Log    ID_PACKET_COMPLETE  AXISTREAM_VVC,3     axistream_expect(16 words[8b])=> OK, received 16 words[8b]). ' 'expect 16 bytes'  [1461]'
%%  81145 ns    Log    ID_PACKET_INITIATE  AXISTREAM_VVC,0     axistream_transmit(16 words[8b])=> ' 'transmit 16 bytes'  [1463]'
%%  81145 ns    Log    ID_PACKET_INITIATE  AXISTREAM_VVC,1     axistream_expect(16 words[8b]) while executing axistream_receive=> Receive packet. ' 'expect 16 bytes'  [1464]'
%% 81242.5 ns    Log    ID_PACKET_COMPLETE  AXISTREAM_VVC,1     axistream_expect(16 words[8b])=> OK, received 16 words[8b]). ' 'expect 16 bytes'  [1464]'
%%  81245 ns    Log    ID_PACKET_INITIATE  AXISTREAM_VVC,2     axistream_transmit(16 words[8b])=> ' 'transmit 16 bytes'  [1466]'
%%  81245 ns    Log    ID_PACKET_INITIATE  AXISTREAM_VVC,3     axistream_expect(16 words[8b]) while executing axistream_receive=> Receive packet. ' 'expect 16 bytes'  [1467]'
%% 81332.5 ns    Log    ID_PACKET_COMPLETE  AXISTREAM_VVC,3     axistream_expect(16 words[8b])=> OK, received 16 words[8b]). ' 'expect 16 bytes'  [1467]'
%%  81335 ns    Log    ID_PACKET_INITIATE  AXISTREAM_VVC,0     axistream_transmit(16 words[8b])=> ' 'transmit 16 bytes'  [1469]'
%%  81335 ns    Log    ID_PACKET_INITIATE  AXISTREAM_VVC,1     axistream_expect(16 words[8b]) while executing axistream_receive=> Receive packet. ' 'expect 16 bytes'  [1470]'
%% 81432.5 ns    Log    ID_PACKET_COMPLETE  AXISTREAM_VVC,1     axistream_expect(16 words[8b])=> OK, received 16 words[8b]). ' 'expect 16 bytes'  [1470]'
%%  81435 ns    Log    ID_PACKET_INITIATE  AXISTREAM_VVC,2     axistream_transmit(16 words[8b])=> ' 'transmit 16 bytes'  [1472]'
%%  81435 ns    Log    ID_PACKET_INITIATE  AXISTREAM_VVC,3     axistream_expect(16 words[8b]) while executing axistream_receive=> Receive packet. ' 'expect 16 bytes'  [1473]'
%% 81522.5 ns    Log    ID_PACKET_COMPLETE  AXISTREAM_VVC,3     axistream_expect(16 words[8b])=> OK, received 16 words[8b]). ' 'expect 16 bytes'  [1473]'
%% 
%% 
%% 81522.5 ns    Log    ID_LOG_HDR          TB seq.             Testing Unwanted Activity Detection in VVC
%% ----------------------------------------------------------------------------------------------------------------------------------------------------------------------------
%% 81522.5 ns    Log    ID_SEQUENCER        TB seq.             Setting unwanted_activity_severity to ERROR
%% 81522.5 ns    Log    ID_SEQUENCER        TB seq.             Testing normal data transmission
%%  81525 ns    Log    ID_PACKET_INITIATE  AXISTREAM_VVC,0     axistream_transmit(8 words[8b])=> ' 'Transmit data'  [1475]'
%%  81525 ns    Log    ID_PACKET_INITIATE  AXISTREAM_VVC,1     axistream_expect(8 words[8b]) while executing axistream_receive=> Receive packet. ' 'Expect data'  [1476]'
%% 81582.5 ns    Log    ID_PACKET_COMPLETE  AXISTREAM_VVC,1     axistream_expect(8 words[8b])=> OK, received 8 words[8b]). ' 'Expect data'  [1476]'
%% 81582.5 ns    Log    ID_SEQUENCER        TB seq.             Wait 100 ns
%% 81682.5 ns    Log    ID_SEQUENCER        TB seq.             Testing unexpected data transmission
%% 81682.5 ns    Alert  ERROR               AXISTREAM_VVC,1     Unwanted activity detected. tvalid changed from 0 to 1
%% 81682.5 ns    Alert  ERROR               AXISTREAM_VVC,1     Unwanted activity detected. tdata changed from x"1F1E1D1C" to x"E0E1E2E3"
%% 81682.5 ns    Alert  ERROR               AXISTREAM_VVC,1     Unwanted activity detected. tkeep changed from x"F" to x"0"
%% 81682.5 ns    Alert  ERROR               AXISTREAM_VVC,1     Unwanted activity detected. tuser changed from x"0" to x"1"
%% 81682.5 ns    Alert  ERROR               AXISTREAM_VVC,1     Unwanted activity detected. tlast changed from 0 to 1
%% 81682.5 ns    Alert  ERROR               AXISTREAM_VVC,1     Unwanted activity detected. tstrb changed from x"0" to x"F"
%% 81682.5 ns    Alert  ERROR               AXISTREAM_VVC,1     Unwanted activity detected. tid changed from x"0" to x"1"
%% 81682.5 ns    Alert  ERROR               AXISTREAM_VVC,1     Unwanted activity detected. tdest changed from x"0" to x"1"
%% 81692.5 ns    Alert  ERROR               AXISTREAM_VVC,1     Unwanted activity detected. tvalid changed from 1 to 0
%% 81692.5 ns    Alert  ERROR               AXISTREAM_VVC,1     Unwanted activity detected. tdata changed from x"E0E1E2E3" to x"1F1E1D1C"
%% 81692.5 ns    Alert  ERROR               AXISTREAM_VVC,1     Unwanted activity detected. tkeep changed from x"0" to x"F"
%% 81692.5 ns    Alert  ERROR               AXISTREAM_VVC,1     Unwanted activity detected. tuser changed from x"1" to x"0"
%% 81692.5 ns    Alert  ERROR               AXISTREAM_VVC,1     Unwanted activity detected. tlast changed from 1 to 0
%% 81692.5 ns    Alert  ERROR               AXISTREAM_VVC,1     Unwanted activity detected. tstrb changed from x"F" to x"0"
%% 81692.5 ns    Alert  ERROR               AXISTREAM_VVC,1     Unwanted activity detected. tid changed from x"1" to x"0"
%% 81692.5 ns    Alert  ERROR               AXISTREAM_VVC,1     Unwanted activity detected. tdest changed from x"1" to x"0"
%% 81692.5 ns    Alert  ERROR               AXISTREAM_VVC,1     Unwanted activity detected. tdata changed from x"1F1E1D1C" to x"E0E1E2E3"
%% 81697.5 ns    Alert  ERROR               AXISTREAM_VVC,1     Unwanted activity detected. tdata changed from x"E0E1E2E3" to x"1F1E1D1C"
%% 81697.5 ns    Alert  ERROR               AXISTREAM_VVC,1     Unwanted activity detected. tkeep changed from x"F" to x"0"
%% 81698.5 ns    Alert  ERROR               AXISTREAM_VVC,1     Unwanted activity detected. tkeep changed from x"0" to x"F"
%% 81698.5 ns    Alert  ERROR               AXISTREAM_VVC,1     Unwanted activity detected. tuser changed from x"0" to x"1"
%% 81708.5 ns    Alert  ERROR               AXISTREAM_VVC,1     Unwanted activity detected. tuser changed from x"1" to x"0"
%% 81708.5 ns    Alert  ERROR               AXISTREAM_VVC,1     Unwanted activity detected. tvalid changed from 0 to 1
%% 81709.5 ns    Alert  ERROR               AXISTREAM_VVC,1     Unwanted activity detected. tvalid changed from 1 to 0
%% 81709.5 ns    Alert  ERROR               AXISTREAM_VVC,1     Unwanted activity detected. tlast changed from 0 to 1
%% 81710.5 ns    Alert  ERROR               AXISTREAM_VVC,1     Unwanted activity detected. tlast changed from 1 to 0
%% 81710.5 ns    Alert  ERROR               AXISTREAM_VVC,1     Unwanted activity detected. tstrb changed from x"0" to x"F"
%% 81711.5 ns    Alert  ERROR               AXISTREAM_VVC,1     Unwanted activity detected. tstrb changed from x"F" to x"0"
%% 81711.5 ns    Alert  ERROR               AXISTREAM_VVC,1     Unwanted activity detected. tid changed from x"0" to x"1"
%% 81721.5 ns    Alert  ERROR               AXISTREAM_VVC,1     Unwanted activity detected. tid changed from x"1" to x"0"
%% 81721.5 ns    Alert  ERROR               AXISTREAM_VVC,1     Unwanted activity detected. tdest changed from x"0" to x"1"
%% 81726.5 ns    Alert  ERROR               AXISTREAM_VVC,1     Unwanted activity detected. tdest changed from x"1" to x"0"
%% 81726.5 ns    Log    ID_SEQUENCER        TB seq.             Setting unwanted_activity_severity to FAILURE
%% 81726.5 ns    Log    ID_SEQUENCER        TB seq.             Testing normal data transmission
%%  81735 ns    Log    ID_PACKET_INITIATE  AXISTREAM_VVC,0     axistream_transmit(8 words[8b])=> ' 'Transmit data'  [1478]'
%%  81735 ns    Log    ID_PACKET_INITIATE  AXISTREAM_VVC,1     axistream_expect(8 words[8b]) while executing axistream_receive=> Receive packet. ' 'Expect data'  [1479]'
%% 81792.5 ns    Log    ID_PACKET_COMPLETE  AXISTREAM_VVC,1     axistream_expect(8 words[8b])=> OK, received 8 words[8b]). ' 'Expect data'  [1479]'
%% 81792.5 ns    Log    ID_SEQUENCER        TB seq.             Testing unexpected data transmission
%% 81792.5 ns    Alert  FAILURE             AXISTREAM_VVC,1     Unwanted activity detected. tvalid changed from 0 to 1
%% 81792.5 ns    Alert  FAILURE             AXISTREAM_VVC,1     Unwanted activity detected. tdata changed from x"3443A5F3" to x"CBBC5A0C"
%% 81792.5 ns    Alert  FAILURE             AXISTREAM_VVC,1     Unwanted activity detected. tkeep changed from x"F" to x"0"
%% 81792.5 ns    Alert  FAILURE             AXISTREAM_VVC,1     Unwanted activity detected. tuser changed from x"0" to x"1"
%% 81792.5 ns    Alert  FAILURE             AXISTREAM_VVC,1     Unwanted activity detected. tlast changed from 0 to 1
%% 81792.5 ns    Alert  FAILURE             AXISTREAM_VVC,1     Unwanted activity detected. tstrb changed from x"0" to x"F"
%% 81792.5 ns    Alert  FAILURE             AXISTREAM_VVC,1     Unwanted activity detected. tid changed from x"0" to x"1"
%% 81792.5 ns    Alert  FAILURE             AXISTREAM_VVC,1     Unwanted activity detected. tdest changed from x"0" to x"1"
%% 81802.5 ns    Alert  FAILURE             AXISTREAM_VVC,1     Unwanted activity detected. tvalid changed from 1 to 0
%% 81802.5 ns    Alert  FAILURE             AXISTREAM_VVC,1     Unwanted activity detected. tdata changed from x"CBBC5A0C" to x"3443A5F3"
%% 81802.5 ns    Alert  FAILURE             AXISTREAM_VVC,1     Unwanted activity detected. tkeep changed from x"0" to x"F"
%% 81802.5 ns    Alert  FAILURE             AXISTREAM_VVC,1     Unwanted activity detected. tuser changed from x"1" to x"0"
%% 81802.5 ns    Alert  FAILURE             AXISTREAM_VVC,1     Unwanted activity detected. tlast changed from 1 to 0
%% 81802.5 ns    Alert  FAILURE             AXISTREAM_VVC,1     Unwanted activity detected. tstrb changed from x"F" to x"0"
%% 81802.5 ns    Alert  FAILURE             AXISTREAM_VVC,1     Unwanted activity detected. tid changed from x"1" to x"0"
%% 81802.5 ns    Alert  FAILURE             AXISTREAM_VVC,1     Unwanted activity detected. tdest changed from x"1" to x"0"
%% 81802.5 ns    Alert  FAILURE             AXISTREAM_VVC,1     Unwanted activity detected. tdata changed from x"3443A5F3" to x"CBBC5A0C"
%% 81807.5 ns    Alert  FAILURE             AXISTREAM_VVC,1     Unwanted activity detected. tdata changed from x"CBBC5A0C" to x"3443A5F3"
%% 81807.5 ns    Alert  FAILURE             AXISTREAM_VVC,1     Unwanted activity detected. tkeep changed from x"F" to x"0"
%% 81808.5 ns    Alert  FAILURE             AXISTREAM_VVC,1     Unwanted activity detected. tkeep changed from x"0" to x"F"
%% 81808.5 ns    Alert  FAILURE             AXISTREAM_VVC,1     Unwanted activity detected. tuser changed from x"0" to x"1"
%% 81818.5 ns    Alert  FAILURE             AXISTREAM_VVC,1     Unwanted activity detected. tuser changed from x"1" to x"0"
%% 81818.5 ns    Alert  FAILURE             AXISTREAM_VVC,1     Unwanted activity detected. tvalid changed from 0 to 1
%% 81819.5 ns    Alert  FAILURE             AXISTREAM_VVC,1     Unwanted activity detected. tvalid changed from 1 to 0
%% 81819.5 ns    Alert  FAILURE             AXISTREAM_VVC,1     Unwanted activity detected. tlast changed from 0 to 1
%% 81820.5 ns    Alert  FAILURE             AXISTREAM_VVC,1     Unwanted activity detected. tlast changed from 1 to 0
%% 81820.5 ns    Alert  FAILURE             AXISTREAM_VVC,1     Unwanted activity detected. tstrb changed from x"0" to x"F"
%% 81821.5 ns    Alert  FAILURE             AXISTREAM_VVC,1     Unwanted activity detected. tstrb changed from x"F" to x"0"
%% 81821.5 ns    Alert  FAILURE             AXISTREAM_VVC,1     Unwanted activity detected. tid changed from x"0" to x"1"
%% 81831.5 ns    Alert  FAILURE             AXISTREAM_VVC,1     Unwanted activity detected. tid changed from x"1" to x"0"
%% 81831.5 ns    Alert  FAILURE             AXISTREAM_VVC,1     Unwanted activity detected. tdest changed from x"0" to x"1"
%% 81836.5 ns    Alert  FAILURE             AXISTREAM_VVC,1     Unwanted activity detected. tdest changed from x"1" to x"0"
%% 81836.5 ns    Log    ID_SEQUENCER        TB seq.             Setting unwanted_activity_severity to NO_ALERT
%% 81836.5 ns    Log    ID_SEQUENCER        TB seq.             Testing normal data transmission
%%  81845 ns    Log    ID_PACKET_INITIATE  AXISTREAM_VVC,0     axistream_transmit(8 words[8b])=> ' 'Transmit data'  [1481]'
%%  81845 ns    Log    ID_PACKET_INITIATE  AXISTREAM_VVC,1     axistream_expect(8 words[8b]) while executing axistream_receive=> Receive packet. ' 'Expect data'  [1482]'
%% 81902.5 ns    Log    ID_PACKET_COMPLETE  AXISTREAM_VVC,1     axistream_expect(8 words[8b])=> OK, received 8 words[8b]). ' 'Expect data'  [1482]'
%% 81902.5 ns    Log    ID_SEQUENCER        TB seq.             Testing unexpected data transmission
%% 
%% ============================================================================================================================================================================
%%  *** FINAL SUMMARY OF ALL ALERTS ***
%% ============================================================================================================================================================================
%% 81947.5 ns    DONE   PASSED   axistream_vvc_tb  Passed: 2  Affirmations Checked: 899
%%    Expected      Failures: -32  Errors: -35  Warnings: -173  Passed: 0
%%    VHDL Asserts  Failures: 0  Errors: 0  Warnings: 0  Passed: 0
%%    Default       Failures: 32  Errors: 35  Warnings: 173  Passed: 0
%%    OSVVM         Failures: 0  Errors: 0  Warnings: 0  Passed: 0
%% ============================================================================================================================================================================
%% 
%% 
%% 
%% 81947.5 ns    Log    ID_LOG_HDR          TB seq.             SIMULATION COMPLETED
%% ----------------------------------------------------------------------------------------------------------------------------------------------------------------------------
