%%      0 ns    Log    ID_LOG_MSG_CTRL     TB seq.             disable_log_msg(ALL_MESSAGES).
%%      0 ns    Log    ID_LOG_MSG_CTRL     TB seq.             enable_log_msg(ID_LOG_HDR_LARGE).
%%      0 ns    Log    ID_LOG_MSG_CTRL     TB seq.             enable_log_msg(ID_LOG_HDR).
%%      0 ns    Log    ID_LOG_MSG_CTRL     TB seq.             enable_log_msg(ID_SEQUENCER).
%%      0 ns    Log    ID_LOG_MSG_CTRL     TB seq.             enable_log_msg(ID_UVVM_ASSERTION).
%% 
%% 
%% ============================================================================================================================================================================
%%    100 ns    Log    ID_LOG_HDR_LARGE    TB seq.(uvvm)       Testing the assertion: assert_shift_one_from_left
%% ============================================================================================================================================================================
%% 
%% 
%%    150 ns    Log    ID_LOG_HDR          TB seq.             Testing Normal Operation with necessary_condition: ANY_BIT_ALERT
%% ----------------------------------------------------------------------------------------------------------------------------------------------------------------------------
%%    150 ns    Log    ID_SEQUENCER        TB seq.             Testing single sequence: 1000 -> 0100 -> 0010 -> 0001
%%    180 ns    Log    ID_UVVM_ASSERTION   TB seq.(uvvm)       assert_shift_one_from_left() => OK (first). tracked_value '0001' had a full ripple from left to right.
%%    220 ns    Log    ID_SEQUENCER        TB seq.             Testing two consecutive sequences: 1000 -> 0100 -> 0010 -> 0001 -> 1000 -> 0100 -> 0010 -> 0001
%%    330 ns    Log    ID_SEQUENCER        TB seq.             Testing pipeline 2 sequences: 1000 -> 1100 -> 0110 -> 0011 -> 0001
%%    410 ns    Log    ID_SEQUENCER        TB seq.             Testing pipeline 3 sequences: 1000 -> 1100 -> 1110 -> 0111 -> 0011 -> 0001
%%    500 ns    Log    ID_SEQUENCER        TB seq.             Testing pipeline 4 sequences: 1000 -> 1100 -> 1110 -> 1111-> 0111 -> 0011 -> 0001
%%    600 ns    Log    ID_SEQUENCER        TB seq.             Testing pipeline 2 sequences /w 1-bit gap: 1000 -> 0100 -> 1010 -> 0101 -> 0010 -> 0001
%%    690 ns    Log    ID_SEQUENCER        TB seq.             Testing pipeline 2 sequences /w 2-bit gap: 1000 -> 0100 -> 0010 -> 1001 -> 0100 -> 0010 -> 0001
%%    790 ns    Log    ID_SEQUENCER        TB seq.             Testing pipeline 3 sequences /w 1-bit gap between sequence 1 and 2:\n1000 -> 0100 -> 1010 -> 1101 -> 0110 -> 0011 -> 0001
%%    890 ns    Log    ID_SEQUENCER        TB seq.             Testing pipeline 3 sequences /w 1-bit gap between sequence 2 and 3:\n1000 -> 1100 -> 0110 -> 1011 -> 0101 -> 0010 -> 0001
%% 
%% 
%%    990 ns    Log    ID_LOG_HDR          TB seq.             Testing Triggering Assertion with necessary_condition: ANY_BIT_ALERT
%% ----------------------------------------------------------------------------------------------------------------------------------------------------------------------------
%%    990 ns    Log    ID_SEQUENCER        TB seq.             Triggering Assertion: Single sequence\nTesting all combinations of 4-bit sequence starting with 1000\n
%%   1000 ns    Alert  ERROR               TB seq.(uvvm)       assert_shift_one_from_left() => Failed (pipeline num:3). tracked_value '1000' was not X1XX at the 2-cycle. 
%%   1010 ns    Alert  ERROR               TB seq.(uvvm)       assert_shift_one_from_left() => Failed (pipeline num:4). tracked_value '1000' was not X1XX at the 2-cycle. 
%%   1020 ns    Alert  ERROR               TB seq.(uvvm)       assert_shift_one_from_left() => Failed (pipeline num:1). tracked_value '1000' was not X1XX at the 2-cycle. 
%%   1030 ns    Alert  ERROR               TB seq.(uvvm)       assert_shift_one_from_left() => Failed (pipeline num:2). tracked_value '0000' was not X1XX at the 2-cycle. 
%%   1070 ns    Alert  ERROR               TB seq.(uvvm)       assert_shift_one_from_left() => Failed (pipeline num:3). tracked_value '1000' was not X1XX at the 2-cycle. 
%%   1080 ns    Alert  ERROR               TB seq.(uvvm)       assert_shift_one_from_left() => Failed (pipeline num:4). tracked_value '1000' was not X1XX at the 2-cycle. 
%%   1100 ns    Alert  ERROR               TB seq.(uvvm)       assert_shift_one_from_left() => Failed (pipeline num:1). tracked_value '0100' was not XX1X at the 3-cycle. 
%%   1140 ns    Alert  ERROR               TB seq.(uvvm)       assert_shift_one_from_left() => Failed (pipeline num:2). tracked_value '1000' was not X1XX at the 2-cycle. 
%%   1150 ns    Alert  ERROR               TB seq.(uvvm)       assert_shift_one_from_left() => Failed (pipeline num:3). tracked_value '1000' was not X1XX at the 2-cycle. 
%%   1160 ns    Alert  ERROR               TB seq.(uvvm)       assert_shift_one_from_left() => Failed (pipeline num:4). tracked_value '0010' was not X1XX at the 2-cycle. 
%%   1210 ns    Alert  ERROR               TB seq.(uvvm)       assert_shift_one_from_left() => Failed (pipeline num:1). tracked_value '1000' was not X1XX at the 2-cycle. 
%%   1220 ns    Alert  ERROR               TB seq.(uvvm)       assert_shift_one_from_left() => Failed (pipeline num:2). tracked_value '1000' was not X1XX at the 2-cycle. 
%%   1230 ns    Alert  ERROR               TB seq.(uvvm)       assert_shift_one_from_left() => Failed (pipeline num:3). tracked_value '0001' was not X1XX at the 2-cycle. 
%%   1280 ns    Alert  ERROR               TB seq.(uvvm)       assert_shift_one_from_left() => Failed (pipeline num:4). tracked_value '1000' was not X1XX at the 2-cycle. 
%%   1290 ns    Alert  ERROR               TB seq.(uvvm)       assert_shift_one_from_left() => Failed (pipeline num:1). tracked_value '1000' was not X1XX at the 2-cycle. 
%%   1300 ns    Alert  ERROR               TB seq.(uvvm)       assert_shift_one_from_left() => Failed (pipeline num:2). tracked_value '0000' was not X1XX at the 2-cycle. 
%%   1350 ns    Alert  ERROR               TB seq.(uvvm)       assert_shift_one_from_left() => Failed (pipeline num:3). tracked_value '1000' was not X1XX at the 2-cycle. 
%%   1370 ns    Alert  ERROR               TB seq.(uvvm)       assert_shift_one_from_left() => Failed (pipeline num:4). tracked_value '1000' was not XX1X at the 3-cycle. 
%%   1380 ns    Alert  ERROR               TB seq.(uvvm)       assert_shift_one_from_left() => Failed (pipeline num:1). tracked_value '0000' was not X1XX at the 2-cycle. 
%%   1420 ns    Alert  ERROR               TB seq.(uvvm)       assert_shift_one_from_left() => Failed (pipeline num:2). tracked_value '1000' was not X1XX at the 2-cycle. 
%%   1440 ns    Alert  ERROR               TB seq.(uvvm)       assert_shift_one_from_left() => Failed (pipeline num:3). tracked_value '0100' was not XX1X at the 3-cycle. 
%%   1490 ns    Alert  ERROR               TB seq.(uvvm)       assert_shift_one_from_left() => Failed (pipeline num:4). tracked_value '1000' was not X1XX at the 2-cycle. 
%%   1520 ns    Alert  ERROR               TB seq.(uvvm)       assert_shift_one_from_left() => Failed (pipeline num:1). tracked_value '0010' was not XXX1 at the 4-cycle. 
%%   1560 ns    Alert  ERROR               TB seq.(uvvm)       assert_shift_one_from_left() => Failed (pipeline num:2). tracked_value '1000' was not X1XX at the 2-cycle. 
%%   1580 ns    Alert  ERROR               TB seq.(uvvm)       assert_shift_one_from_left() => Failed (pipeline num:3). tracked_value '0001' was not XX1X at the 3-cycle. 
%%   1630 ns    Alert  ERROR               TB seq.(uvvm)       assert_shift_one_from_left() => Failed (pipeline num:4). tracked_value '1000' was not X1XX at the 2-cycle. 
%%   1650 ns    Alert  ERROR               TB seq.(uvvm)       assert_shift_one_from_left() => Failed (pipeline num:1). tracked_value '0000' was not XX1X at the 3-cycle. 
%%   1700 ns    Alert  ERROR               TB seq.(uvvm)       assert_shift_one_from_left() => Failed (pipeline num:2). tracked_value '1000' was not X1XX at the 2-cycle. 
%%   1710 ns    Alert  ERROR               TB seq.(uvvm)       assert_shift_one_from_left() => Failed (pipeline num:3). tracked_value '0010' was not X1XX at the 2-cycle. 
%%   1730 ns    Alert  ERROR               TB seq.(uvvm)       assert_shift_one_from_left() => Failed (pipeline num:4). tracked_value '0000' was not X1XX at the 2-cycle. 
%%   1770 ns    Alert  ERROR               TB seq.(uvvm)       assert_shift_one_from_left() => Failed (pipeline num:1). tracked_value '1000' was not X1XX at the 2-cycle. 
%%   1780 ns    Alert  ERROR               TB seq.(uvvm)       assert_shift_one_from_left() => Failed (pipeline num:2). tracked_value '0010' was not X1XX at the 2-cycle. 
%%   1840 ns    Alert  ERROR               TB seq.(uvvm)       assert_shift_one_from_left() => Failed (pipeline num:3). tracked_value '1000' was not X1XX at the 2-cycle. 
%%   1850 ns    Alert  ERROR               TB seq.(uvvm)       assert_shift_one_from_left() => Failed (pipeline num:4). tracked_value '0010' was not X1XX at the 2-cycle. 
%%   1910 ns    Alert  ERROR               TB seq.(uvvm)       assert_shift_one_from_left() => Failed (pipeline num:1). tracked_value '1000' was not X1XX at the 2-cycle. 
%%   1920 ns    Alert  ERROR               TB seq.(uvvm)       assert_shift_one_from_left() => Failed (pipeline num:2). tracked_value '0010' was not X1XX at the 2-cycle. 
%%   1980 ns    Alert  ERROR               TB seq.(uvvm)       assert_shift_one_from_left() => Failed (pipeline num:3). tracked_value '1000' was not X1XX at the 2-cycle. 
%%   1990 ns    Alert  ERROR               TB seq.(uvvm)       assert_shift_one_from_left() => Failed (pipeline num:4). tracked_value '0010' was not X1XX at the 2-cycle. 
%%   2050 ns    Alert  ERROR               TB seq.(uvvm)       assert_shift_one_from_left() => Failed (pipeline num:1). tracked_value '1000' was not X1XX at the 2-cycle. 
%%   2060 ns    Alert  ERROR               TB seq.(uvvm)       assert_shift_one_from_left() => Failed (pipeline num:2). tracked_value '0001' was not X1XX at the 2-cycle. 
%%   2080 ns    Alert  ERROR               TB seq.(uvvm)       assert_shift_one_from_left() => Failed (pipeline num:3). tracked_value '0000' was not X1XX at the 2-cycle. 
%%   2120 ns    Alert  ERROR               TB seq.(uvvm)       assert_shift_one_from_left() => Failed (pipeline num:4). tracked_value '1000' was not X1XX at the 2-cycle. 
%%   2130 ns    Alert  ERROR               TB seq.(uvvm)       assert_shift_one_from_left() => Failed (pipeline num:1). tracked_value '0001' was not X1XX at the 2-cycle. 
%%   2190 ns    Alert  ERROR               TB seq.(uvvm)       assert_shift_one_from_left() => Failed (pipeline num:2). tracked_value '1000' was not X1XX at the 2-cycle. 
%%   2200 ns    Alert  ERROR               TB seq.(uvvm)       assert_shift_one_from_left() => Failed (pipeline num:3). tracked_value '0001' was not X1XX at the 2-cycle. 
%%   2260 ns    Alert  ERROR               TB seq.(uvvm)       assert_shift_one_from_left() => Failed (pipeline num:4). tracked_value '1000' was not X1XX at the 2-cycle. 
%%   2270 ns    Alert  ERROR               TB seq.(uvvm)       assert_shift_one_from_left() => Failed (pipeline num:1). tracked_value '0001' was not X1XX at the 2-cycle. 
%%   2330 ns    Alert  ERROR               TB seq.(uvvm)       assert_shift_one_from_left() => Failed (pipeline num:2). tracked_value '1000' was not X1XX at the 2-cycle. 
%%   2340 ns    Alert  ERROR               TB seq.(uvvm)       assert_shift_one_from_left() => Failed (pipeline num:3). tracked_value '0001' was not X1XX at the 2-cycle. 
%%   2400 ns    Alert  ERROR               TB seq.(uvvm)       assert_shift_one_from_left() => Failed (pipeline num:4). tracked_value '1000' was not X1XX at the 2-cycle. 
%%   2410 ns    Alert  ERROR               TB seq.(uvvm)       assert_shift_one_from_left() => Failed (pipeline num:1). tracked_value '0000' was not X1XX at the 2-cycle. 
%%   2430 ns    Alert  ERROR               TB seq.(uvvm)       assert_shift_one_from_left() => Failed (pipeline num:2). tracked_value '0000' was not X1XX at the 2-cycle. 
%%   2470 ns    Alert  ERROR               TB seq.(uvvm)       assert_shift_one_from_left() => Failed (pipeline num:3). tracked_value '1000' was not X1XX at the 2-cycle. 
%%   2480 ns    Alert  ERROR               TB seq.(uvvm)       assert_shift_one_from_left() => Failed (pipeline num:4). tracked_value '0000' was not X1XX at the 2-cycle. 
%%   2540 ns    Alert  ERROR               TB seq.(uvvm)       assert_shift_one_from_left() => Failed (pipeline num:1). tracked_value '1000' was not X1XX at the 2-cycle. 
%%   2550 ns    Alert  ERROR               TB seq.(uvvm)       assert_shift_one_from_left() => Failed (pipeline num:2). tracked_value '0000' was not X1XX at the 2-cycle. 
%%   2610 ns    Alert  ERROR               TB seq.(uvvm)       assert_shift_one_from_left() => Failed (pipeline num:3). tracked_value '1000' was not X1XX at the 2-cycle. 
%%   2620 ns    Alert  ERROR               TB seq.(uvvm)       assert_shift_one_from_left() => Failed (pipeline num:4). tracked_value '0000' was not X1XX at the 2-cycle. 
%%   2680 ns    Alert  ERROR               TB seq.(uvvm)       assert_shift_one_from_left() => Failed (pipeline num:1). tracked_value '1000' was not X1XX at the 2-cycle. 
%%   2690 ns    Alert  ERROR               TB seq.(uvvm)       assert_shift_one_from_left() => Failed (pipeline num:2). tracked_value '0000' was not X1XX at the 2-cycle. 
%%   2760 ns    Alert  ERROR               TB seq.(uvvm)       assert_shift_one_from_left() => Failed (pipeline num:3). tracked_value '1000' was not XX1X at the 3-cycle. 
%%   2770 ns    Alert  ERROR               TB seq.(uvvm)       assert_shift_one_from_left() => Failed (pipeline num:4). tracked_value '1000' was not X1XX at the 2-cycle. 
%%   2780 ns    Alert  ERROR               TB seq.(uvvm)       assert_shift_one_from_left() => Failed (pipeline num:1). tracked_value '0000' was not X1XX at the 2-cycle. 
%%   2830 ns    Alert  ERROR               TB seq.(uvvm)       assert_shift_one_from_left() => Failed (pipeline num:2). tracked_value '1000' was not XX1X at the 3-cycle. 
%%   2850 ns    Alert  ERROR               TB seq.(uvvm)       assert_shift_one_from_left() => Failed (pipeline num:3). tracked_value '0100' was not XX1X at the 3-cycle. 
%%   2900 ns    Alert  ERROR               TB seq.(uvvm)       assert_shift_one_from_left() => Failed (pipeline num:4). tracked_value '1000' was not XX1X at the 3-cycle. 
%%   2910 ns    Alert  ERROR               TB seq.(uvvm)       assert_shift_one_from_left() => Failed (pipeline num:1). tracked_value '0010' was not X1XX at the 2-cycle. 
%%   2970 ns    Alert  ERROR               TB seq.(uvvm)       assert_shift_one_from_left() => Failed (pipeline num:2). tracked_value '1000' was not XX1X at the 3-cycle. 
%%   2980 ns    Alert  ERROR               TB seq.(uvvm)       assert_shift_one_from_left() => Failed (pipeline num:3). tracked_value '0001' was not X1XX at the 2-cycle. 
%%   3040 ns    Alert  ERROR               TB seq.(uvvm)       assert_shift_one_from_left() => Failed (pipeline num:4). tracked_value '1000' was not XX1X at the 3-cycle. 
%%   3050 ns    Alert  ERROR               TB seq.(uvvm)       assert_shift_one_from_left() => Failed (pipeline num:1). tracked_value '0000' was not X1XX at the 2-cycle. 
%%   3110 ns    Alert  ERROR               TB seq.(uvvm)       assert_shift_one_from_left() => Failed (pipeline num:2). tracked_value '0100' was not XX1X at the 3-cycle. 
%%   3130 ns    Alert  ERROR               TB seq.(uvvm)       assert_shift_one_from_left() => Failed (pipeline num:3). tracked_value '0000' was not X1XX at the 2-cycle. 
%%   3180 ns    Alert  ERROR               TB seq.(uvvm)       assert_shift_one_from_left() => Failed (pipeline num:4). tracked_value '0100' was not XX1X at the 3-cycle. 
%%   3250 ns    Alert  ERROR               TB seq.(uvvm)       assert_shift_one_from_left() => Failed (pipeline num:1). tracked_value '0100' was not XX1X at the 3-cycle. 
%%   3320 ns    Alert  ERROR               TB seq.(uvvm)       assert_shift_one_from_left() => Failed (pipeline num:2). tracked_value '0100' was not XX1X at the 3-cycle. 
%%   3390 ns    Alert  ERROR               TB seq.(uvvm)       assert_shift_one_from_left() => Failed (pipeline num:3). tracked_value '0100' was not XX1X at the 3-cycle. 
%%   3470 ns    Alert  ERROR               TB seq.(uvvm)       assert_shift_one_from_left() => Failed (pipeline num:4). tracked_value '1000' was not XXX1 at the 4-cycle. 
%%   3480 ns    Alert  ERROR               TB seq.(uvvm)       assert_shift_one_from_left() => Failed (pipeline num:1). tracked_value '0000' was not X1XX at the 2-cycle. 
%%   3540 ns    Alert  ERROR               TB seq.(uvvm)       assert_shift_one_from_left() => Failed (pipeline num:2). tracked_value '0100' was not XXX1 at the 4-cycle. 
%%   3610 ns    Alert  ERROR               TB seq.(uvvm)       assert_shift_one_from_left() => Failed (pipeline num:3). tracked_value '0010' was not XXX1 at the 4-cycle. 
%%   3750 ns    Alert  ERROR               TB seq.(uvvm)       assert_shift_one_from_left() => Failed (pipeline num:1). tracked_value '0000' was not XXX1 at the 4-cycle. 
%%   3810 ns    Alert  ERROR               TB seq.(uvvm)       assert_shift_one_from_left() => Failed (pipeline num:2). tracked_value '0001' was not XX1X at the 3-cycle. 
%%   3830 ns    Alert  ERROR               TB seq.(uvvm)       assert_shift_one_from_left() => Failed (pipeline num:3). tracked_value '0000' was not X1XX at the 2-cycle. 
%%   3880 ns    Alert  ERROR               TB seq.(uvvm)       assert_shift_one_from_left() => Failed (pipeline num:4). tracked_value '0001' was not XX1X at the 3-cycle. 
%%   3950 ns    Alert  ERROR               TB seq.(uvvm)       assert_shift_one_from_left() => Failed (pipeline num:1). tracked_value '0001' was not XX1X at the 3-cycle. 
%%   4020 ns    Alert  ERROR               TB seq.(uvvm)       assert_shift_one_from_left() => Failed (pipeline num:2). tracked_value '0001' was not XX1X at the 3-cycle. 
%%   4090 ns    Alert  ERROR               TB seq.(uvvm)       assert_shift_one_from_left() => Failed (pipeline num:3). tracked_value '0001' was not XX1X at the 3-cycle. 
%%   4160 ns    Alert  ERROR               TB seq.(uvvm)       assert_shift_one_from_left() => Failed (pipeline num:4). tracked_value '0000' was not XX1X at the 3-cycle. 
%%   4180 ns    Alert  ERROR               TB seq.(uvvm)       assert_shift_one_from_left() => Failed (pipeline num:1). tracked_value '0000' was not X1XX at the 2-cycle. 
%%   4230 ns    Alert  ERROR               TB seq.(uvvm)       assert_shift_one_from_left() => Failed (pipeline num:2). tracked_value '0000' was not XX1X at the 3-cycle. 
%%   4300 ns    Alert  ERROR               TB seq.(uvvm)       assert_shift_one_from_left() => Failed (pipeline num:3). tracked_value '0000' was not XX1X at the 3-cycle. 
%%   4370 ns    Alert  ERROR               TB seq.(uvvm)       assert_shift_one_from_left() => Failed (pipeline num:4). tracked_value '0000' was not XX1X at the 3-cycle. 
%%   4440 ns    Alert  ERROR               TB seq.(uvvm)       assert_shift_one_from_left() => Failed (pipeline num:1). tracked_value '0000' was not XX1X at the 3-cycle. 
%%   4500 ns    Alert  ERROR               TB seq.(uvvm)       assert_shift_one_from_left() => Failed (pipeline num:2). tracked_value '0010' was not X1XX at the 2-cycle. 
%%   4520 ns    Alert  ERROR               TB seq.(uvvm)       assert_shift_one_from_left() => Failed (pipeline num:3). tracked_value '1000' was not X1XX at the 2-cycle. 
%%   4530 ns    Alert  ERROR               TB seq.(uvvm)       assert_shift_one_from_left() => Failed (pipeline num:4). tracked_value '0000' was not X1XX at the 2-cycle. 
%%   4570 ns    Alert  ERROR               TB seq.(uvvm)       assert_shift_one_from_left() => Failed (pipeline num:1). tracked_value '0010' was not X1XX at the 2-cycle. 
%%   4600 ns    Alert  ERROR               TB seq.(uvvm)       assert_shift_one_from_left() => Failed (pipeline num:2). tracked_value '0100' was not XX1X at the 3-cycle. 
%%   4640 ns    Alert  ERROR               TB seq.(uvvm)       assert_shift_one_from_left() => Failed (pipeline num:3). tracked_value '0010' was not X1XX at the 2-cycle. 
%%   4660 ns    Alert  ERROR               TB seq.(uvvm)       assert_shift_one_from_left() => Failed (pipeline num:4). tracked_value '0010' was not X1XX at the 2-cycle. 
%%   4710 ns    Alert  ERROR               TB seq.(uvvm)       assert_shift_one_from_left() => Failed (pipeline num:1). tracked_value '0010' was not X1XX at the 2-cycle. 
%%   4730 ns    Alert  ERROR               TB seq.(uvvm)       assert_shift_one_from_left() => Failed (pipeline num:2). tracked_value '0001' was not X1XX at the 2-cycle. 
%%   4780 ns    Alert  ERROR               TB seq.(uvvm)       assert_shift_one_from_left() => Failed (pipeline num:3). tracked_value '0010' was not X1XX at the 2-cycle. 
%%   4800 ns    Alert  ERROR               TB seq.(uvvm)       assert_shift_one_from_left() => Failed (pipeline num:4). tracked_value '0000' was not X1XX at the 2-cycle. 
%%   4850 ns    Alert  ERROR               TB seq.(uvvm)       assert_shift_one_from_left() => Failed (pipeline num:1). tracked_value '0010' was not X1XX at the 2-cycle. 
%%   4880 ns    Alert  ERROR               TB seq.(uvvm)       assert_shift_one_from_left() => Failed (pipeline num:2). tracked_value '0000' was not X1XX at the 2-cycle. 
%%   4920 ns    Alert  ERROR               TB seq.(uvvm)       assert_shift_one_from_left() => Failed (pipeline num:3). tracked_value '0010' was not X1XX at the 2-cycle. 
%%   4990 ns    Alert  ERROR               TB seq.(uvvm)       assert_shift_one_from_left() => Failed (pipeline num:4). tracked_value '0010' was not X1XX at the 2-cycle. 
%%   5060 ns    Alert  ERROR               TB seq.(uvvm)       assert_shift_one_from_left() => Failed (pipeline num:1). tracked_value '0010' was not X1XX at the 2-cycle. 
%%   5130 ns    Alert  ERROR               TB seq.(uvvm)       assert_shift_one_from_left() => Failed (pipeline num:2). tracked_value '0010' was not X1XX at the 2-cycle. 
%%   5200 ns    Alert  ERROR               TB seq.(uvvm)       assert_shift_one_from_left() => Failed (pipeline num:3). tracked_value '0010' was not X1XX at the 2-cycle. 
%%   5230 ns    Alert  ERROR               TB seq.(uvvm)       assert_shift_one_from_left() => Failed (pipeline num:4). tracked_value '0000' was not X1XX at the 2-cycle. 
%%   5270 ns    Alert  ERROR               TB seq.(uvvm)       assert_shift_one_from_left() => Failed (pipeline num:1). tracked_value '0010' was not X1XX at the 2-cycle. 
%%   5340 ns    Alert  ERROR               TB seq.(uvvm)       assert_shift_one_from_left() => Failed (pipeline num:2). tracked_value '0010' was not X1XX at the 2-cycle. 
%%   5410 ns    Alert  ERROR               TB seq.(uvvm)       assert_shift_one_from_left() => Failed (pipeline num:3). tracked_value '0010' was not X1XX at the 2-cycle. 
%%   5480 ns    Alert  ERROR               TB seq.(uvvm)       assert_shift_one_from_left() => Failed (pipeline num:4). tracked_value '0010' was not X1XX at the 2-cycle. 
%%   5550 ns    Alert  ERROR               TB seq.(uvvm)       assert_shift_one_from_left() => Failed (pipeline num:1). tracked_value '0010' was not X1XX at the 2-cycle. 
%%   5580 ns    Alert  ERROR               TB seq.(uvvm)       assert_shift_one_from_left() => Failed (pipeline num:2). tracked_value '0000' was not X1XX at the 2-cycle. 
%%   5620 ns    Alert  ERROR               TB seq.(uvvm)       assert_shift_one_from_left() => Failed (pipeline num:3). tracked_value '0010' was not X1XX at the 2-cycle. 
%%   5690 ns    Alert  ERROR               TB seq.(uvvm)       assert_shift_one_from_left() => Failed (pipeline num:4). tracked_value '0010' was not X1XX at the 2-cycle. 
%%   5760 ns    Alert  ERROR               TB seq.(uvvm)       assert_shift_one_from_left() => Failed (pipeline num:1). tracked_value '0010' was not X1XX at the 2-cycle. 
%%   5830 ns    Alert  ERROR               TB seq.(uvvm)       assert_shift_one_from_left() => Failed (pipeline num:2). tracked_value '0010' was not X1XX at the 2-cycle. 
%%   5900 ns    Alert  ERROR               TB seq.(uvvm)       assert_shift_one_from_left() => Failed (pipeline num:3). tracked_value '0010' was not X1XX at the 2-cycle. 
%%   5930 ns    Alert  ERROR               TB seq.(uvvm)       assert_shift_one_from_left() => Failed (pipeline num:4). tracked_value '0000' was not X1XX at the 2-cycle. 
%%   5970 ns    Alert  ERROR               TB seq.(uvvm)       assert_shift_one_from_left() => Failed (pipeline num:1). tracked_value '0010' was not X1XX at the 2-cycle. 
%%   6040 ns    Alert  ERROR               TB seq.(uvvm)       assert_shift_one_from_left() => Failed (pipeline num:2). tracked_value '0010' was not X1XX at the 2-cycle. 
%%   6110 ns    Alert  ERROR               TB seq.(uvvm)       assert_shift_one_from_left() => Failed (pipeline num:3). tracked_value '0010' was not X1XX at the 2-cycle. 
%%   6180 ns    Alert  ERROR               TB seq.(uvvm)       assert_shift_one_from_left() => Failed (pipeline num:4). tracked_value '0010' was not X1XX at the 2-cycle. 
%%   6250 ns    Alert  ERROR               TB seq.(uvvm)       assert_shift_one_from_left() => Failed (pipeline num:1). tracked_value '0001' was not X1XX at the 2-cycle. 
%%   6270 ns    Alert  ERROR               TB seq.(uvvm)       assert_shift_one_from_left() => Failed (pipeline num:2). tracked_value '1000' was not X1XX at the 2-cycle. 
%%   6280 ns    Alert  ERROR               TB seq.(uvvm)       assert_shift_one_from_left() => Failed (pipeline num:3). tracked_value '0000' was not X1XX at the 2-cycle. 
%%   6320 ns    Alert  ERROR               TB seq.(uvvm)       assert_shift_one_from_left() => Failed (pipeline num:4). tracked_value '0001' was not X1XX at the 2-cycle. 
%%   6350 ns    Alert  ERROR               TB seq.(uvvm)       assert_shift_one_from_left() => Failed (pipeline num:1). tracked_value '0100' was not XX1X at the 3-cycle. 
%%   6390 ns    Alert  ERROR               TB seq.(uvvm)       assert_shift_one_from_left() => Failed (pipeline num:2). tracked_value '0001' was not X1XX at the 2-cycle. 
%%   6410 ns    Alert  ERROR               TB seq.(uvvm)       assert_shift_one_from_left() => Failed (pipeline num:3). tracked_value '0010' was not X1XX at the 2-cycle. 
%%   6460 ns    Alert  ERROR               TB seq.(uvvm)       assert_shift_one_from_left() => Failed (pipeline num:4). tracked_value '0001' was not X1XX at the 2-cycle. 
%%   6480 ns    Alert  ERROR               TB seq.(uvvm)       assert_shift_one_from_left() => Failed (pipeline num:1). tracked_value '0001' was not X1XX at the 2-cycle. 
%%   6530 ns    Alert  ERROR               TB seq.(uvvm)       assert_shift_one_from_left() => Failed (pipeline num:2). tracked_value '0001' was not X1XX at the 2-cycle. 
%%   6550 ns    Alert  ERROR               TB seq.(uvvm)       assert_shift_one_from_left() => Failed (pipeline num:3). tracked_value '0000' was not X1XX at the 2-cycle. 
%%   6600 ns    Alert  ERROR               TB seq.(uvvm)       assert_shift_one_from_left() => Failed (pipeline num:4). tracked_value '0001' was not X1XX at the 2-cycle. 
%%   6630 ns    Alert  ERROR               TB seq.(uvvm)       assert_shift_one_from_left() => Failed (pipeline num:1). tracked_value '0000' was not X1XX at the 2-cycle. 
%%   6670 ns    Alert  ERROR               TB seq.(uvvm)       assert_shift_one_from_left() => Failed (pipeline num:2). tracked_value '0001' was not X1XX at the 2-cycle. 
%%   6740 ns    Alert  ERROR               TB seq.(uvvm)       assert_shift_one_from_left() => Failed (pipeline num:3). tracked_value '0001' was not X1XX at the 2-cycle. 
%%   6810 ns    Alert  ERROR               TB seq.(uvvm)       assert_shift_one_from_left() => Failed (pipeline num:4). tracked_value '0001' was not X1XX at the 2-cycle. 
%%   6880 ns    Alert  ERROR               TB seq.(uvvm)       assert_shift_one_from_left() => Failed (pipeline num:1). tracked_value '0001' was not X1XX at the 2-cycle. 
%%   6950 ns    Alert  ERROR               TB seq.(uvvm)       assert_shift_one_from_left() => Failed (pipeline num:2). tracked_value '0001' was not X1XX at the 2-cycle. 
%%   6980 ns    Alert  ERROR               TB seq.(uvvm)       assert_shift_one_from_left() => Failed (pipeline num:3). tracked_value '0000' was not X1XX at the 2-cycle. 
%%   7020 ns    Alert  ERROR               TB seq.(uvvm)       assert_shift_one_from_left() => Failed (pipeline num:4). tracked_value '0001' was not X1XX at the 2-cycle. 
%%   7090 ns    Alert  ERROR               TB seq.(uvvm)       assert_shift_one_from_left() => Failed (pipeline num:1). tracked_value '0001' was not X1XX at the 2-cycle. 
%%   7160 ns    Alert  ERROR               TB seq.(uvvm)       assert_shift_one_from_left() => Failed (pipeline num:2). tracked_value '0001' was not X1XX at the 2-cycle. 
%%   7230 ns    Alert  ERROR               TB seq.(uvvm)       assert_shift_one_from_left() => Failed (pipeline num:3). tracked_value '0001' was not X1XX at the 2-cycle. 
%%   7300 ns    Alert  ERROR               TB seq.(uvvm)       assert_shift_one_from_left() => Failed (pipeline num:4). tracked_value '0001' was not X1XX at the 2-cycle. 
%%   7330 ns    Alert  ERROR               TB seq.(uvvm)       assert_shift_one_from_left() => Failed (pipeline num:1). tracked_value '0000' was not X1XX at the 2-cycle. 
%%   7370 ns    Alert  ERROR               TB seq.(uvvm)       assert_shift_one_from_left() => Failed (pipeline num:2). tracked_value '0001' was not X1XX at the 2-cycle. 
%%   7440 ns    Alert  ERROR               TB seq.(uvvm)       assert_shift_one_from_left() => Failed (pipeline num:3). tracked_value '0001' was not X1XX at the 2-cycle. 
%%   7510 ns    Alert  ERROR               TB seq.(uvvm)       assert_shift_one_from_left() => Failed (pipeline num:4). tracked_value '0001' was not X1XX at the 2-cycle. 
%%   7580 ns    Alert  ERROR               TB seq.(uvvm)       assert_shift_one_from_left() => Failed (pipeline num:1). tracked_value '0001' was not X1XX at the 2-cycle. 
%%   7650 ns    Alert  ERROR               TB seq.(uvvm)       assert_shift_one_from_left() => Failed (pipeline num:2). tracked_value '0001' was not X1XX at the 2-cycle. 
%%   7680 ns    Alert  ERROR               TB seq.(uvvm)       assert_shift_one_from_left() => Failed (pipeline num:3). tracked_value '0000' was not X1XX at the 2-cycle. 
%%   7720 ns    Alert  ERROR               TB seq.(uvvm)       assert_shift_one_from_left() => Failed (pipeline num:4). tracked_value '0001' was not X1XX at the 2-cycle. 
%%   7790 ns    Alert  ERROR               TB seq.(uvvm)       assert_shift_one_from_left() => Failed (pipeline num:1). tracked_value '0001' was not X1XX at the 2-cycle. 
%%   7860 ns    Alert  ERROR               TB seq.(uvvm)       assert_shift_one_from_left() => Failed (pipeline num:2). tracked_value '0001' was not X1XX at the 2-cycle. 
%%   7930 ns    Alert  ERROR               TB seq.(uvvm)       assert_shift_one_from_left() => Failed (pipeline num:3). tracked_value '0001' was not X1XX at the 2-cycle. 
%%   8000 ns    Alert  ERROR               TB seq.(uvvm)       assert_shift_one_from_left() => Failed (pipeline num:4). tracked_value '0000' was not X1XX at the 2-cycle. 
%%   8020 ns    Alert  ERROR               TB seq.(uvvm)       assert_shift_one_from_left() => Failed (pipeline num:1). tracked_value '1000' was not X1XX at the 2-cycle. 
%%   8030 ns    Alert  ERROR               TB seq.(uvvm)       assert_shift_one_from_left() => Failed (pipeline num:2). tracked_value '0000' was not X1XX at the 2-cycle. 
%%   8070 ns    Alert  ERROR               TB seq.(uvvm)       assert_shift_one_from_left() => Failed (pipeline num:3). tracked_value '0000' was not X1XX at the 2-cycle. 
%%   8100 ns    Alert  ERROR               TB seq.(uvvm)       assert_shift_one_from_left() => Failed (pipeline num:4). tracked_value '0100' was not XX1X at the 3-cycle. 
%%   8140 ns    Alert  ERROR               TB seq.(uvvm)       assert_shift_one_from_left() => Failed (pipeline num:1). tracked_value '0000' was not X1XX at the 2-cycle. 
%%   8160 ns    Alert  ERROR               TB seq.(uvvm)       assert_shift_one_from_left() => Failed (pipeline num:2). tracked_value '0010' was not X1XX at the 2-cycle. 
%%   8210 ns    Alert  ERROR               TB seq.(uvvm)       assert_shift_one_from_left() => Failed (pipeline num:3). tracked_value '0000' was not X1XX at the 2-cycle. 
%%   8230 ns    Alert  ERROR               TB seq.(uvvm)       assert_shift_one_from_left() => Failed (pipeline num:4). tracked_value '0001' was not X1XX at the 2-cycle. 
%%   8280 ns    Alert  ERROR               TB seq.(uvvm)       assert_shift_one_from_left() => Failed (pipeline num:1). tracked_value '0000' was not X1XX at the 2-cycle. 
%%   8300 ns    Alert  ERROR               TB seq.(uvvm)       assert_shift_one_from_left() => Failed (pipeline num:2). tracked_value '0000' was not X1XX at the 2-cycle. 
%%   8350 ns    Alert  ERROR               TB seq.(uvvm)       assert_shift_one_from_left() => Failed (pipeline num:3). tracked_value '0000' was not X1XX at the 2-cycle. 
%%   8380 ns    Alert  ERROR               TB seq.(uvvm)       assert_shift_one_from_left() => Failed (pipeline num:4). tracked_value '0000' was not X1XX at the 2-cycle. 
%%   8420 ns    Alert  ERROR               TB seq.(uvvm)       assert_shift_one_from_left() => Failed (pipeline num:1). tracked_value '0000' was not X1XX at the 2-cycle. 
%%   8490 ns    Alert  ERROR               TB seq.(uvvm)       assert_shift_one_from_left() => Failed (pipeline num:2). tracked_value '0000' was not X1XX at the 2-cycle. 
%%   8560 ns    Alert  ERROR               TB seq.(uvvm)       assert_shift_one_from_left() => Failed (pipeline num:3). tracked_value '0000' was not X1XX at the 2-cycle. 
%%   8630 ns    Alert  ERROR               TB seq.(uvvm)       assert_shift_one_from_left() => Failed (pipeline num:4). tracked_value '0000' was not X1XX at the 2-cycle. 
%%   8700 ns    Alert  ERROR               TB seq.(uvvm)       assert_shift_one_from_left() => Failed (pipeline num:1). tracked_value '0000' was not X1XX at the 2-cycle. 
%%   8730 ns    Alert  ERROR               TB seq.(uvvm)       assert_shift_one_from_left() => Failed (pipeline num:2). tracked_value '0000' was not X1XX at the 2-cycle. 
%%   8770 ns    Alert  ERROR               TB seq.(uvvm)       assert_shift_one_from_left() => Failed (pipeline num:3). tracked_value '0000' was not X1XX at the 2-cycle. 
%%   8840 ns    Alert  ERROR               TB seq.(uvvm)       assert_shift_one_from_left() => Failed (pipeline num:4). tracked_value '0000' was not X1XX at the 2-cycle. 
%%   8910 ns    Alert  ERROR               TB seq.(uvvm)       assert_shift_one_from_left() => Failed (pipeline num:1). tracked_value '0000' was not X1XX at the 2-cycle. 
%%   8980 ns    Alert  ERROR               TB seq.(uvvm)       assert_shift_one_from_left() => Failed (pipeline num:2). tracked_value '0000' was not X1XX at the 2-cycle. 
%%   9050 ns    Alert  ERROR               TB seq.(uvvm)       assert_shift_one_from_left() => Failed (pipeline num:3). tracked_value '0000' was not X1XX at the 2-cycle. 
%%   9080 ns    Alert  ERROR               TB seq.(uvvm)       assert_shift_one_from_left() => Failed (pipeline num:4). tracked_value '0000' was not X1XX at the 2-cycle. 
%%   9120 ns    Alert  ERROR               TB seq.(uvvm)       assert_shift_one_from_left() => Failed (pipeline num:1). tracked_value '0000' was not X1XX at the 2-cycle. 
%%   9190 ns    Alert  ERROR               TB seq.(uvvm)       assert_shift_one_from_left() => Failed (pipeline num:2). tracked_value '0000' was not X1XX at the 2-cycle. 
%%   9260 ns    Alert  ERROR               TB seq.(uvvm)       assert_shift_one_from_left() => Failed (pipeline num:3). tracked_value '0000' was not X1XX at the 2-cycle. 
%%   9330 ns    Alert  ERROR               TB seq.(uvvm)       assert_shift_one_from_left() => Failed (pipeline num:4). tracked_value '0000' was not X1XX at the 2-cycle. 
%%   9400 ns    Alert  ERROR               TB seq.(uvvm)       assert_shift_one_from_left() => Failed (pipeline num:1). tracked_value '0000' was not X1XX at the 2-cycle. 
%%   9430 ns    Alert  ERROR               TB seq.(uvvm)       assert_shift_one_from_left() => Failed (pipeline num:2). tracked_value '0000' was not X1XX at the 2-cycle. 
%%   9470 ns    Alert  ERROR               TB seq.(uvvm)       assert_shift_one_from_left() => Failed (pipeline num:3). tracked_value '0000' was not X1XX at the 2-cycle. 
%%   9540 ns    Alert  ERROR               TB seq.(uvvm)       assert_shift_one_from_left() => Failed (pipeline num:4). tracked_value '0000' was not X1XX at the 2-cycle. 
%%   9610 ns    Alert  ERROR               TB seq.(uvvm)       assert_shift_one_from_left() => Failed (pipeline num:1). tracked_value '0000' was not X1XX at the 2-cycle. 
%%   9680 ns    Alert  ERROR               TB seq.(uvvm)       assert_shift_one_from_left() => Failed (pipeline num:2). tracked_value '0000' was not X1XX at the 2-cycle. 
%%   9740 ns    Log    ID_SEQUENCER        TB seq.             Triggering Assertion: Pipeline\nTesting 4 pipelines with all combinations in cycle 3 and 4\nTwo combinations (0110 and 0111) are tested in cycle 5\n
%%   9760 ns    Alert  ERROR               TB seq.(uvvm)       assert_shift_one_from_left() => Failed (pipeline num:3). tracked_value '0000' was not XX1X at the 3-cycle. 
%%   9760 ns    Alert  ERROR               TB seq.(uvvm)       assert_shift_one_from_left() => Failed (pipeline num:4). tracked_value '0000' was not X1XX at the 2-cycle. 
%%   9860 ns    Alert  ERROR               TB seq.(uvvm)       assert_shift_one_from_left() => Failed (pipeline num:1). tracked_value '0000' was not XX1X at the 3-cycle. 
%%   9860 ns    Alert  ERROR               TB seq.(uvvm)       assert_shift_one_from_left() => Failed (pipeline num:2). tracked_value '0000' was not X1XX at the 2-cycle. 
%%   9960 ns    Alert  ERROR               TB seq.(uvvm)       assert_shift_one_from_left() => Failed (pipeline num:3). tracked_value '0000' was not XX1X at the 3-cycle. 
%%   9960 ns    Alert  ERROR               TB seq.(uvvm)       assert_shift_one_from_left() => Failed (pipeline num:4). tracked_value '0000' was not X1XX at the 2-cycle. 
%%  10060 ns    Alert  ERROR               TB seq.(uvvm)       assert_shift_one_from_left() => Failed (pipeline num:1). tracked_value '0000' was not XX1X at the 3-cycle. 
%%  10060 ns    Alert  ERROR               TB seq.(uvvm)       assert_shift_one_from_left() => Failed (pipeline num:2). tracked_value '0000' was not X1XX at the 2-cycle. 
%%  10160 ns    Alert  ERROR               TB seq.(uvvm)       assert_shift_one_from_left() => Failed (pipeline num:3). tracked_value '0000' was not XX1X at the 3-cycle. 
%%  10160 ns    Alert  ERROR               TB seq.(uvvm)       assert_shift_one_from_left() => Failed (pipeline num:4). tracked_value '0000' was not X1XX at the 2-cycle. 
%%  10260 ns    Alert  ERROR               TB seq.(uvvm)       assert_shift_one_from_left() => Failed (pipeline num:1). tracked_value '0000' was not XX1X at the 3-cycle. 
%%  10260 ns    Alert  ERROR               TB seq.(uvvm)       assert_shift_one_from_left() => Failed (pipeline num:2). tracked_value '0000' was not X1XX at the 2-cycle. 
%%  10360 ns    Alert  ERROR               TB seq.(uvvm)       assert_shift_one_from_left() => Failed (pipeline num:3). tracked_value '0000' was not XX1X at the 3-cycle. 
%%  10360 ns    Alert  ERROR               TB seq.(uvvm)       assert_shift_one_from_left() => Failed (pipeline num:4). tracked_value '0000' was not X1XX at the 2-cycle. 
%%  10460 ns    Alert  ERROR               TB seq.(uvvm)       assert_shift_one_from_left() => Failed (pipeline num:1). tracked_value '0000' was not XX1X at the 3-cycle. 
%%  10460 ns    Alert  ERROR               TB seq.(uvvm)       assert_shift_one_from_left() => Failed (pipeline num:2). tracked_value '0000' was not X1XX at the 2-cycle. 
%%  10560 ns    Alert  ERROR               TB seq.(uvvm)       assert_shift_one_from_left() => Failed (pipeline num:3). tracked_value '0000' was not XX1X at the 3-cycle. 
%%  10560 ns    Alert  ERROR               TB seq.(uvvm)       assert_shift_one_from_left() => Failed (pipeline num:4). tracked_value '0000' was not X1XX at the 2-cycle. 
%%  10660 ns    Alert  ERROR               TB seq.(uvvm)       assert_shift_one_from_left() => Failed (pipeline num:1). tracked_value '0000' was not XX1X at the 3-cycle. 
%%  10660 ns    Alert  ERROR               TB seq.(uvvm)       assert_shift_one_from_left() => Failed (pipeline num:2). tracked_value '0000' was not X1XX at the 2-cycle. 
%%  10760 ns    Alert  ERROR               TB seq.(uvvm)       assert_shift_one_from_left() => Failed (pipeline num:3). tracked_value '0000' was not XX1X at the 3-cycle. 
%%  10760 ns    Alert  ERROR               TB seq.(uvvm)       assert_shift_one_from_left() => Failed (pipeline num:4). tracked_value '0000' was not X1XX at the 2-cycle. 
%%  10860 ns    Alert  ERROR               TB seq.(uvvm)       assert_shift_one_from_left() => Failed (pipeline num:1). tracked_value '0000' was not XX1X at the 3-cycle. 
%%  10860 ns    Alert  ERROR               TB seq.(uvvm)       assert_shift_one_from_left() => Failed (pipeline num:2). tracked_value '0000' was not X1XX at the 2-cycle. 
%%  10960 ns    Alert  ERROR               TB seq.(uvvm)       assert_shift_one_from_left() => Failed (pipeline num:3). tracked_value '0000' was not XX1X at the 3-cycle. 
%%  10960 ns    Alert  ERROR               TB seq.(uvvm)       assert_shift_one_from_left() => Failed (pipeline num:4). tracked_value '0000' was not X1XX at the 2-cycle. 
%%  11060 ns    Alert  ERROR               TB seq.(uvvm)       assert_shift_one_from_left() => Failed (pipeline num:1). tracked_value '0000' was not XX1X at the 3-cycle. 
%%  11060 ns    Alert  ERROR               TB seq.(uvvm)       assert_shift_one_from_left() => Failed (pipeline num:2). tracked_value '0000' was not X1XX at the 2-cycle. 
%%  11160 ns    Alert  ERROR               TB seq.(uvvm)       assert_shift_one_from_left() => Failed (pipeline num:3). tracked_value '0000' was not XX1X at the 3-cycle. 
%%  11160 ns    Alert  ERROR               TB seq.(uvvm)       assert_shift_one_from_left() => Failed (pipeline num:4). tracked_value '0000' was not X1XX at the 2-cycle. 
%%  11260 ns    Alert  ERROR               TB seq.(uvvm)       assert_shift_one_from_left() => Failed (pipeline num:1). tracked_value '0000' was not XX1X at the 3-cycle. 
%%  11260 ns    Alert  ERROR               TB seq.(uvvm)       assert_shift_one_from_left() => Failed (pipeline num:2). tracked_value '0000' was not X1XX at the 2-cycle. 
%%  11360 ns    Alert  ERROR               TB seq.(uvvm)       assert_shift_one_from_left() => Failed (pipeline num:3). tracked_value '0000' was not XX1X at the 3-cycle. 
%%  11360 ns    Alert  ERROR               TB seq.(uvvm)       assert_shift_one_from_left() => Failed (pipeline num:4). tracked_value '0000' was not X1XX at the 2-cycle. 
%%  11460 ns    Alert  ERROR               TB seq.(uvvm)       assert_shift_one_from_left() => Failed (pipeline num:2). tracked_value '0000' was not XX1X at the 3-cycle. 
%%  11460 ns    Alert  ERROR               TB seq.(uvvm)       assert_shift_one_from_left() => Failed (pipeline num:3). tracked_value '0000' was not X1XX at the 2-cycle. 
%%  11560 ns    Alert  ERROR               TB seq.(uvvm)       assert_shift_one_from_left() => Failed (pipeline num:1). tracked_value '0000' was not XX1X at the 3-cycle. 
%%  11560 ns    Alert  ERROR               TB seq.(uvvm)       assert_shift_one_from_left() => Failed (pipeline num:2). tracked_value '0000' was not X1XX at the 2-cycle. 
%%  11660 ns    Alert  ERROR               TB seq.(uvvm)       assert_shift_one_from_left() => Failed (pipeline num:1). tracked_value '0000' was not X1XX at the 2-cycle. 
%%  11660 ns    Alert  ERROR               TB seq.(uvvm)       assert_shift_one_from_left() => Failed (pipeline num:4). tracked_value '0000' was not XX1X at the 3-cycle. 
%%  11760 ns    Alert  ERROR               TB seq.(uvvm)       assert_shift_one_from_left() => Failed (pipeline num:3). tracked_value '0000' was not XX1X at the 3-cycle. 
%%  11760 ns    Alert  ERROR               TB seq.(uvvm)       assert_shift_one_from_left() => Failed (pipeline num:4). tracked_value '0000' was not X1XX at the 2-cycle. 
%%  11860 ns    Alert  ERROR               TB seq.(uvvm)       assert_shift_one_from_left() => Failed (pipeline num:2). tracked_value '0000' was not XX1X at the 3-cycle. 
%%  11860 ns    Alert  ERROR               TB seq.(uvvm)       assert_shift_one_from_left() => Failed (pipeline num:3). tracked_value '0000' was not X1XX at the 2-cycle. 
%%  11960 ns    Alert  ERROR               TB seq.(uvvm)       assert_shift_one_from_left() => Failed (pipeline num:1). tracked_value '0000' was not XX1X at the 3-cycle. 
%%  11960 ns    Alert  ERROR               TB seq.(uvvm)       assert_shift_one_from_left() => Failed (pipeline num:2). tracked_value '0000' was not X1XX at the 2-cycle. 
%%  12060 ns    Alert  ERROR               TB seq.(uvvm)       assert_shift_one_from_left() => Failed (pipeline num:1). tracked_value '0000' was not X1XX at the 2-cycle. 
%%  12060 ns    Alert  ERROR               TB seq.(uvvm)       assert_shift_one_from_left() => Failed (pipeline num:4). tracked_value '0000' was not XX1X at the 3-cycle. 
%%  12160 ns    Alert  ERROR               TB seq.(uvvm)       assert_shift_one_from_left() => Failed (pipeline num:3). tracked_value '0000' was not XX1X at the 3-cycle. 
%%  12160 ns    Alert  ERROR               TB seq.(uvvm)       assert_shift_one_from_left() => Failed (pipeline num:4). tracked_value '0000' was not X1XX at the 2-cycle. 
%%  12260 ns    Alert  ERROR               TB seq.(uvvm)       assert_shift_one_from_left() => Failed (pipeline num:2). tracked_value '0000' was not XX1X at the 3-cycle. 
%%  12260 ns    Alert  ERROR               TB seq.(uvvm)       assert_shift_one_from_left() => Failed (pipeline num:3). tracked_value '0000' was not X1XX at the 2-cycle. 
%%  12360 ns    Alert  ERROR               TB seq.(uvvm)       assert_shift_one_from_left() => Failed (pipeline num:1). tracked_value '0000' was not XX1X at the 3-cycle. 
%%  12360 ns    Alert  ERROR               TB seq.(uvvm)       assert_shift_one_from_left() => Failed (pipeline num:2). tracked_value '0000' was not X1XX at the 2-cycle. 
%%  12460 ns    Alert  ERROR               TB seq.(uvvm)       assert_shift_one_from_left() => Failed (pipeline num:1). tracked_value '0000' was not X1XX at the 2-cycle. 
%%  12460 ns    Alert  ERROR               TB seq.(uvvm)       assert_shift_one_from_left() => Failed (pipeline num:4). tracked_value '0000' was not XX1X at the 3-cycle. 
%%  12560 ns    Alert  ERROR               TB seq.(uvvm)       assert_shift_one_from_left() => Failed (pipeline num:3). tracked_value '0000' was not XX1X at the 3-cycle. 
%%  12560 ns    Alert  ERROR               TB seq.(uvvm)       assert_shift_one_from_left() => Failed (pipeline num:4). tracked_value '0000' was not X1XX at the 2-cycle. 
%%  12660 ns    Alert  ERROR               TB seq.(uvvm)       assert_shift_one_from_left() => Failed (pipeline num:2). tracked_value '0000' was not XX1X at the 3-cycle. 
%%  12660 ns    Alert  ERROR               TB seq.(uvvm)       assert_shift_one_from_left() => Failed (pipeline num:3). tracked_value '0000' was not X1XX at the 2-cycle. 
%%  12760 ns    Alert  ERROR               TB seq.(uvvm)       assert_shift_one_from_left() => Failed (pipeline num:1). tracked_value '0000' was not XX1X at the 3-cycle. 
%%  12760 ns    Alert  ERROR               TB seq.(uvvm)       assert_shift_one_from_left() => Failed (pipeline num:2). tracked_value '0000' was not X1XX at the 2-cycle. 
%%  12860 ns    Alert  ERROR               TB seq.(uvvm)       assert_shift_one_from_left() => Failed (pipeline num:1). tracked_value '0000' was not X1XX at the 2-cycle. 
%%  12860 ns    Alert  ERROR               TB seq.(uvvm)       assert_shift_one_from_left() => Failed (pipeline num:4). tracked_value '0000' was not XX1X at the 3-cycle. 
%%  12960 ns    Alert  ERROR               TB seq.(uvvm)       assert_shift_one_from_left() => Failed (pipeline num:3). tracked_value '0001' was not XX1X at the 3-cycle. 
%%  12960 ns    Alert  ERROR               TB seq.(uvvm)       assert_shift_one_from_left() => Failed (pipeline num:4). tracked_value '0001' was not X1XX at the 2-cycle. 
%%  13060 ns    Alert  ERROR               TB seq.(uvvm)       assert_shift_one_from_left() => Failed (pipeline num:1). tracked_value '0001' was not XX1X at the 3-cycle. 
%%  13060 ns    Alert  ERROR               TB seq.(uvvm)       assert_shift_one_from_left() => Failed (pipeline num:2). tracked_value '0001' was not X1XX at the 2-cycle. 
%%  13160 ns    Alert  ERROR               TB seq.(uvvm)       assert_shift_one_from_left() => Failed (pipeline num:3). tracked_value '0001' was not XX1X at the 3-cycle. 
%%  13160 ns    Alert  ERROR               TB seq.(uvvm)       assert_shift_one_from_left() => Failed (pipeline num:4). tracked_value '0001' was not X1XX at the 2-cycle. 
%%  13260 ns    Alert  ERROR               TB seq.(uvvm)       assert_shift_one_from_left() => Failed (pipeline num:1). tracked_value '0001' was not XX1X at the 3-cycle. 
%%  13260 ns    Alert  ERROR               TB seq.(uvvm)       assert_shift_one_from_left() => Failed (pipeline num:2). tracked_value '0001' was not X1XX at the 2-cycle. 
%%  13360 ns    Alert  ERROR               TB seq.(uvvm)       assert_shift_one_from_left() => Failed (pipeline num:3). tracked_value '0001' was not XX1X at the 3-cycle. 
%%  13360 ns    Alert  ERROR               TB seq.(uvvm)       assert_shift_one_from_left() => Failed (pipeline num:4). tracked_value '0001' was not X1XX at the 2-cycle. 
%%  13460 ns    Alert  ERROR               TB seq.(uvvm)       assert_shift_one_from_left() => Failed (pipeline num:1). tracked_value '0001' was not XX1X at the 3-cycle. 
%%  13460 ns    Alert  ERROR               TB seq.(uvvm)       assert_shift_one_from_left() => Failed (pipeline num:2). tracked_value '0001' was not X1XX at the 2-cycle. 
%%  13560 ns    Alert  ERROR               TB seq.(uvvm)       assert_shift_one_from_left() => Failed (pipeline num:3). tracked_value '0001' was not XX1X at the 3-cycle. 
%%  13560 ns    Alert  ERROR               TB seq.(uvvm)       assert_shift_one_from_left() => Failed (pipeline num:4). tracked_value '0001' was not X1XX at the 2-cycle. 
%%  13660 ns    Alert  ERROR               TB seq.(uvvm)       assert_shift_one_from_left() => Failed (pipeline num:1). tracked_value '0001' was not XX1X at the 3-cycle. 
%%  13660 ns    Alert  ERROR               TB seq.(uvvm)       assert_shift_one_from_left() => Failed (pipeline num:2). tracked_value '0001' was not X1XX at the 2-cycle. 
%%  13760 ns    Alert  ERROR               TB seq.(uvvm)       assert_shift_one_from_left() => Failed (pipeline num:3). tracked_value '0001' was not XX1X at the 3-cycle. 
%%  13760 ns    Alert  ERROR               TB seq.(uvvm)       assert_shift_one_from_left() => Failed (pipeline num:4). tracked_value '0001' was not X1XX at the 2-cycle. 
%%  13860 ns    Alert  ERROR               TB seq.(uvvm)       assert_shift_one_from_left() => Failed (pipeline num:1). tracked_value '0001' was not XX1X at the 3-cycle. 
%%  13860 ns    Alert  ERROR               TB seq.(uvvm)       assert_shift_one_from_left() => Failed (pipeline num:2). tracked_value '0001' was not X1XX at the 2-cycle. 
%%  13960 ns    Alert  ERROR               TB seq.(uvvm)       assert_shift_one_from_left() => Failed (pipeline num:3). tracked_value '0001' was not XX1X at the 3-cycle. 
%%  13960 ns    Alert  ERROR               TB seq.(uvvm)       assert_shift_one_from_left() => Failed (pipeline num:4). tracked_value '0001' was not X1XX at the 2-cycle. 
%%  14060 ns    Alert  ERROR               TB seq.(uvvm)       assert_shift_one_from_left() => Failed (pipeline num:1). tracked_value '0001' was not XX1X at the 3-cycle. 
%%  14060 ns    Alert  ERROR               TB seq.(uvvm)       assert_shift_one_from_left() => Failed (pipeline num:2). tracked_value '0001' was not X1XX at the 2-cycle. 
%%  14160 ns    Alert  ERROR               TB seq.(uvvm)       assert_shift_one_from_left() => Failed (pipeline num:3). tracked_value '0001' was not XX1X at the 3-cycle. 
%%  14160 ns    Alert  ERROR               TB seq.(uvvm)       assert_shift_one_from_left() => Failed (pipeline num:4). tracked_value '0001' was not X1XX at the 2-cycle. 
%%  14260 ns    Alert  ERROR               TB seq.(uvvm)       assert_shift_one_from_left() => Failed (pipeline num:1). tracked_value '0001' was not XX1X at the 3-cycle. 
%%  14260 ns    Alert  ERROR               TB seq.(uvvm)       assert_shift_one_from_left() => Failed (pipeline num:2). tracked_value '0001' was not X1XX at the 2-cycle. 
%%  14360 ns    Alert  ERROR               TB seq.(uvvm)       assert_shift_one_from_left() => Failed (pipeline num:3). tracked_value '0001' was not XX1X at the 3-cycle. 
%%  14360 ns    Alert  ERROR               TB seq.(uvvm)       assert_shift_one_from_left() => Failed (pipeline num:4). tracked_value '0001' was not X1XX at the 2-cycle. 
%%  14460 ns    Alert  ERROR               TB seq.(uvvm)       assert_shift_one_from_left() => Failed (pipeline num:1). tracked_value '0001' was not XX1X at the 3-cycle. 
%%  14460 ns    Alert  ERROR               TB seq.(uvvm)       assert_shift_one_from_left() => Failed (pipeline num:2). tracked_value '0001' was not X1XX at the 2-cycle. 
%%  14560 ns    Alert  ERROR               TB seq.(uvvm)       assert_shift_one_from_left() => Failed (pipeline num:3). tracked_value '0001' was not XX1X at the 3-cycle. 
%%  14560 ns    Alert  ERROR               TB seq.(uvvm)       assert_shift_one_from_left() => Failed (pipeline num:4). tracked_value '0001' was not X1XX at the 2-cycle. 
%%  14660 ns    Alert  ERROR               TB seq.(uvvm)       assert_shift_one_from_left() => Failed (pipeline num:2). tracked_value '0001' was not XX1X at the 3-cycle. 
%%  14660 ns    Alert  ERROR               TB seq.(uvvm)       assert_shift_one_from_left() => Failed (pipeline num:3). tracked_value '0001' was not X1XX at the 2-cycle. 
%%  14760 ns    Alert  ERROR               TB seq.(uvvm)       assert_shift_one_from_left() => Failed (pipeline num:1). tracked_value '0001' was not XX1X at the 3-cycle. 
%%  14760 ns    Alert  ERROR               TB seq.(uvvm)       assert_shift_one_from_left() => Failed (pipeline num:2). tracked_value '0001' was not X1XX at the 2-cycle. 
%%  14860 ns    Alert  ERROR               TB seq.(uvvm)       assert_shift_one_from_left() => Failed (pipeline num:1). tracked_value '0001' was not X1XX at the 2-cycle. 
%%  14860 ns    Alert  ERROR               TB seq.(uvvm)       assert_shift_one_from_left() => Failed (pipeline num:4). tracked_value '0001' was not XX1X at the 3-cycle. 
%%  14960 ns    Alert  ERROR               TB seq.(uvvm)       assert_shift_one_from_left() => Failed (pipeline num:3). tracked_value '0001' was not XX1X at the 3-cycle. 
%%  14960 ns    Alert  ERROR               TB seq.(uvvm)       assert_shift_one_from_left() => Failed (pipeline num:4). tracked_value '0001' was not X1XX at the 2-cycle. 
%%  15060 ns    Alert  ERROR               TB seq.(uvvm)       assert_shift_one_from_left() => Failed (pipeline num:2). tracked_value '0001' was not XX1X at the 3-cycle. 
%%  15060 ns    Alert  ERROR               TB seq.(uvvm)       assert_shift_one_from_left() => Failed (pipeline num:3). tracked_value '0001' was not X1XX at the 2-cycle. 
%%  15160 ns    Alert  ERROR               TB seq.(uvvm)       assert_shift_one_from_left() => Failed (pipeline num:1). tracked_value '0001' was not XX1X at the 3-cycle. 
%%  15160 ns    Alert  ERROR               TB seq.(uvvm)       assert_shift_one_from_left() => Failed (pipeline num:2). tracked_value '0001' was not X1XX at the 2-cycle. 
%%  15260 ns    Alert  ERROR               TB seq.(uvvm)       assert_shift_one_from_left() => Failed (pipeline num:1). tracked_value '0001' was not X1XX at the 2-cycle. 
%%  15260 ns    Alert  ERROR               TB seq.(uvvm)       assert_shift_one_from_left() => Failed (pipeline num:4). tracked_value '0001' was not XX1X at the 3-cycle. 
%%  15360 ns    Alert  ERROR               TB seq.(uvvm)       assert_shift_one_from_left() => Failed (pipeline num:3). tracked_value '0001' was not XX1X at the 3-cycle. 
%%  15360 ns    Alert  ERROR               TB seq.(uvvm)       assert_shift_one_from_left() => Failed (pipeline num:4). tracked_value '0001' was not X1XX at the 2-cycle. 
%%  15460 ns    Alert  ERROR               TB seq.(uvvm)       assert_shift_one_from_left() => Failed (pipeline num:2). tracked_value '0001' was not XX1X at the 3-cycle. 
%%  15460 ns    Alert  ERROR               TB seq.(uvvm)       assert_shift_one_from_left() => Failed (pipeline num:3). tracked_value '0001' was not X1XX at the 2-cycle. 
%%  15560 ns    Alert  ERROR               TB seq.(uvvm)       assert_shift_one_from_left() => Failed (pipeline num:1). tracked_value '0001' was not XX1X at the 3-cycle. 
%%  15560 ns    Alert  ERROR               TB seq.(uvvm)       assert_shift_one_from_left() => Failed (pipeline num:2). tracked_value '0001' was not X1XX at the 2-cycle. 
%%  15660 ns    Alert  ERROR               TB seq.(uvvm)       assert_shift_one_from_left() => Failed (pipeline num:1). tracked_value '0001' was not X1XX at the 2-cycle. 
%%  15660 ns    Alert  ERROR               TB seq.(uvvm)       assert_shift_one_from_left() => Failed (pipeline num:4). tracked_value '0001' was not XX1X at the 3-cycle. 
%%  15760 ns    Alert  ERROR               TB seq.(uvvm)       assert_shift_one_from_left() => Failed (pipeline num:3). tracked_value '0001' was not XX1X at the 3-cycle. 
%%  15760 ns    Alert  ERROR               TB seq.(uvvm)       assert_shift_one_from_left() => Failed (pipeline num:4). tracked_value '0001' was not X1XX at the 2-cycle. 
%%  15860 ns    Alert  ERROR               TB seq.(uvvm)       assert_shift_one_from_left() => Failed (pipeline num:2). tracked_value '0001' was not XX1X at the 3-cycle. 
%%  15860 ns    Alert  ERROR               TB seq.(uvvm)       assert_shift_one_from_left() => Failed (pipeline num:3). tracked_value '0001' was not X1XX at the 2-cycle. 
%%  15960 ns    Alert  ERROR               TB seq.(uvvm)       assert_shift_one_from_left() => Failed (pipeline num:1). tracked_value '0001' was not XX1X at the 3-cycle. 
%%  15960 ns    Alert  ERROR               TB seq.(uvvm)       assert_shift_one_from_left() => Failed (pipeline num:2). tracked_value '0001' was not X1XX at the 2-cycle. 
%%  16060 ns    Alert  ERROR               TB seq.(uvvm)       assert_shift_one_from_left() => Failed (pipeline num:1). tracked_value '0001' was not X1XX at the 2-cycle. 
%%  16060 ns    Alert  ERROR               TB seq.(uvvm)       assert_shift_one_from_left() => Failed (pipeline num:4). tracked_value '0001' was not XX1X at the 3-cycle. 
%%  16160 ns    Alert  ERROR               TB seq.(uvvm)       assert_shift_one_from_left() => Failed (pipeline num:4). tracked_value '0010' was not X1XX at the 2-cycle. 
%%  16170 ns    Alert  ERROR               TB seq.(uvvm)       assert_shift_one_from_left() => Failed (pipeline num:3). tracked_value '0000' was not XXX1 at the 4-cycle. 
%%  16260 ns    Alert  ERROR               TB seq.(uvvm)       assert_shift_one_from_left() => Failed (pipeline num:2). tracked_value '0010' was not X1XX at the 2-cycle. 
%%  16270 ns    Alert  ERROR               TB seq.(uvvm)       assert_shift_one_from_left() => Failed (pipeline num:1). tracked_value '0000' was not XXX1 at the 4-cycle. 
%%  16360 ns    Alert  ERROR               TB seq.(uvvm)       assert_shift_one_from_left() => Failed (pipeline num:4). tracked_value '0010' was not X1XX at the 2-cycle. 
%%  16460 ns    Alert  ERROR               TB seq.(uvvm)       assert_shift_one_from_left() => Failed (pipeline num:2). tracked_value '0010' was not X1XX at the 2-cycle. 
%%  16560 ns    Alert  ERROR               TB seq.(uvvm)       assert_shift_one_from_left() => Failed (pipeline num:4). tracked_value '0010' was not X1XX at the 2-cycle. 
%%  16570 ns    Alert  ERROR               TB seq.(uvvm)       assert_shift_one_from_left() => Failed (pipeline num:3). tracked_value '0010' was not XXX1 at the 4-cycle. 
%%  16660 ns    Alert  ERROR               TB seq.(uvvm)       assert_shift_one_from_left() => Failed (pipeline num:2). tracked_value '0010' was not X1XX at the 2-cycle. 
%%  16670 ns    Alert  ERROR               TB seq.(uvvm)       assert_shift_one_from_left() => Failed (pipeline num:1). tracked_value '0010' was not XXX1 at the 4-cycle. 
%%  16760 ns    Alert  ERROR               TB seq.(uvvm)       assert_shift_one_from_left() => Failed (pipeline num:4). tracked_value '0010' was not X1XX at the 2-cycle. 
%%  16860 ns    Alert  ERROR               TB seq.(uvvm)       assert_shift_one_from_left() => Failed (pipeline num:2). tracked_value '0010' was not X1XX at the 2-cycle. 
%%  16960 ns    Alert  ERROR               TB seq.(uvvm)       assert_shift_one_from_left() => Failed (pipeline num:4). tracked_value '0010' was not X1XX at the 2-cycle. 
%%  16970 ns    Alert  ERROR               TB seq.(uvvm)       assert_shift_one_from_left() => Failed (pipeline num:3). tracked_value '0100' was not XXX1 at the 4-cycle. 
%%  17060 ns    Alert  ERROR               TB seq.(uvvm)       assert_shift_one_from_left() => Failed (pipeline num:2). tracked_value '0010' was not X1XX at the 2-cycle. 
%%  17070 ns    Alert  ERROR               TB seq.(uvvm)       assert_shift_one_from_left() => Failed (pipeline num:1). tracked_value '0100' was not XXX1 at the 4-cycle. 
%%  17160 ns    Alert  ERROR               TB seq.(uvvm)       assert_shift_one_from_left() => Failed (pipeline num:4). tracked_value '0010' was not X1XX at the 2-cycle. 
%%  17260 ns    Alert  ERROR               TB seq.(uvvm)       assert_shift_one_from_left() => Failed (pipeline num:2). tracked_value '0010' was not X1XX at the 2-cycle. 
%%  17360 ns    Alert  ERROR               TB seq.(uvvm)       assert_shift_one_from_left() => Failed (pipeline num:4). tracked_value '0010' was not X1XX at the 2-cycle. 
%%  17370 ns    Alert  ERROR               TB seq.(uvvm)       assert_shift_one_from_left() => Failed (pipeline num:3). tracked_value '0110' was not XXX1 at the 4-cycle. 
%%  17460 ns    Alert  ERROR               TB seq.(uvvm)       assert_shift_one_from_left() => Failed (pipeline num:2). tracked_value '0010' was not X1XX at the 2-cycle. 
%%  17470 ns    Alert  ERROR               TB seq.(uvvm)       assert_shift_one_from_left() => Failed (pipeline num:1). tracked_value '0110' was not XXX1 at the 4-cycle. 
%%  17560 ns    Alert  ERROR               TB seq.(uvvm)       assert_shift_one_from_left() => Failed (pipeline num:4). tracked_value '0010' was not X1XX at the 2-cycle. 
%%  17660 ns    Alert  ERROR               TB seq.(uvvm)       assert_shift_one_from_left() => Failed (pipeline num:2). tracked_value '0010' was not X1XX at the 2-cycle. 
%%  17760 ns    Alert  ERROR               TB seq.(uvvm)       assert_shift_one_from_left() => Failed (pipeline num:4). tracked_value '0010' was not X1XX at the 2-cycle. 
%%  17770 ns    Alert  ERROR               TB seq.(uvvm)       assert_shift_one_from_left() => Failed (pipeline num:3). tracked_value '1000' was not XXX1 at the 4-cycle. 
%%  17860 ns    Alert  ERROR               TB seq.(uvvm)       assert_shift_one_from_left() => Failed (pipeline num:3). tracked_value '0010' was not X1XX at the 2-cycle. 
%%  17870 ns    Alert  ERROR               TB seq.(uvvm)       assert_shift_one_from_left() => Failed (pipeline num:2). tracked_value '1000' was not XXX1 at the 4-cycle. 
%%  17960 ns    Alert  ERROR               TB seq.(uvvm)       assert_shift_one_from_left() => Failed (pipeline num:2). tracked_value '0010' was not X1XX at the 2-cycle. 
%%  18060 ns    Alert  ERROR               TB seq.(uvvm)       assert_shift_one_from_left() => Failed (pipeline num:1). tracked_value '0010' was not X1XX at the 2-cycle. 
%%  18160 ns    Alert  ERROR               TB seq.(uvvm)       assert_shift_one_from_left() => Failed (pipeline num:4). tracked_value '0010' was not X1XX at the 2-cycle. 
%%  18170 ns    Alert  ERROR               TB seq.(uvvm)       assert_shift_one_from_left() => Failed (pipeline num:3). tracked_value '1010' was not XXX1 at the 4-cycle. 
%%  18260 ns    Alert  ERROR               TB seq.(uvvm)       assert_shift_one_from_left() => Failed (pipeline num:3). tracked_value '0010' was not X1XX at the 2-cycle. 
%%  18270 ns    Alert  ERROR               TB seq.(uvvm)       assert_shift_one_from_left() => Failed (pipeline num:2). tracked_value '1010' was not XXX1 at the 4-cycle. 
%%  18360 ns    Alert  ERROR               TB seq.(uvvm)       assert_shift_one_from_left() => Failed (pipeline num:2). tracked_value '0010' was not X1XX at the 2-cycle. 
%%  18460 ns    Alert  ERROR               TB seq.(uvvm)       assert_shift_one_from_left() => Failed (pipeline num:1). tracked_value '0010' was not X1XX at the 2-cycle. 
%%  18560 ns    Alert  ERROR               TB seq.(uvvm)       assert_shift_one_from_left() => Failed (pipeline num:4). tracked_value '0010' was not X1XX at the 2-cycle. 
%%  18570 ns    Alert  ERROR               TB seq.(uvvm)       assert_shift_one_from_left() => Failed (pipeline num:3). tracked_value '1100' was not XXX1 at the 4-cycle. 
%%  18660 ns    Alert  ERROR               TB seq.(uvvm)       assert_shift_one_from_left() => Failed (pipeline num:3). tracked_value '0010' was not X1XX at the 2-cycle. 
%%  18670 ns    Alert  ERROR               TB seq.(uvvm)       assert_shift_one_from_left() => Failed (pipeline num:2). tracked_value '1100' was not XXX1 at the 4-cycle. 
%%  18760 ns    Alert  ERROR               TB seq.(uvvm)       assert_shift_one_from_left() => Failed (pipeline num:2). tracked_value '0010' was not X1XX at the 2-cycle. 
%%  18860 ns    Alert  ERROR               TB seq.(uvvm)       assert_shift_one_from_left() => Failed (pipeline num:1). tracked_value '0010' was not X1XX at the 2-cycle. 
%%  18960 ns    Alert  ERROR               TB seq.(uvvm)       assert_shift_one_from_left() => Failed (pipeline num:4). tracked_value '0010' was not X1XX at the 2-cycle. 
%%  18970 ns    Alert  ERROR               TB seq.(uvvm)       assert_shift_one_from_left() => Failed (pipeline num:3). tracked_value '1110' was not XXX1 at the 4-cycle. 
%%  19060 ns    Alert  ERROR               TB seq.(uvvm)       assert_shift_one_from_left() => Failed (pipeline num:3). tracked_value '0010' was not X1XX at the 2-cycle. 
%%  19070 ns    Alert  ERROR               TB seq.(uvvm)       assert_shift_one_from_left() => Failed (pipeline num:2). tracked_value '1110' was not XXX1 at the 4-cycle. 
%%  19160 ns    Alert  ERROR               TB seq.(uvvm)       assert_shift_one_from_left() => Failed (pipeline num:2). tracked_value '0010' was not X1XX at the 2-cycle. 
%%  19260 ns    Alert  ERROR               TB seq.(uvvm)       assert_shift_one_from_left() => Failed (pipeline num:1). tracked_value '0010' was not X1XX at the 2-cycle. 
%%  19360 ns    Alert  ERROR               TB seq.(uvvm)       assert_shift_one_from_left() => Failed (pipeline num:4). tracked_value '0011' was not X1XX at the 2-cycle. 
%%  19370 ns    Alert  ERROR               TB seq.(uvvm)       assert_shift_one_from_left() => Failed (pipeline num:3). tracked_value '0000' was not XXX1 at the 4-cycle. 
%%  19460 ns    Alert  ERROR               TB seq.(uvvm)       assert_shift_one_from_left() => Failed (pipeline num:2). tracked_value '0011' was not X1XX at the 2-cycle. 
%%  19470 ns    Alert  ERROR               TB seq.(uvvm)       assert_shift_one_from_left() => Failed (pipeline num:1). tracked_value '0000' was not XXX1 at the 4-cycle. 
%%  19560 ns    Alert  ERROR               TB seq.(uvvm)       assert_shift_one_from_left() => Failed (pipeline num:4). tracked_value '0011' was not X1XX at the 2-cycle. 
%%  19660 ns    Alert  ERROR               TB seq.(uvvm)       assert_shift_one_from_left() => Failed (pipeline num:2). tracked_value '0011' was not X1XX at the 2-cycle. 
%%  19760 ns    Alert  ERROR               TB seq.(uvvm)       assert_shift_one_from_left() => Failed (pipeline num:4). tracked_value '0011' was not X1XX at the 2-cycle. 
%%  19770 ns    Alert  ERROR               TB seq.(uvvm)       assert_shift_one_from_left() => Failed (pipeline num:3). tracked_value '0010' was not XXX1 at the 4-cycle. 
%%  19860 ns    Alert  ERROR               TB seq.(uvvm)       assert_shift_one_from_left() => Failed (pipeline num:2). tracked_value '0011' was not X1XX at the 2-cycle. 
%%  19870 ns    Alert  ERROR               TB seq.(uvvm)       assert_shift_one_from_left() => Failed (pipeline num:1). tracked_value '0010' was not XXX1 at the 4-cycle. 
%%  19960 ns    Alert  ERROR               TB seq.(uvvm)       assert_shift_one_from_left() => Failed (pipeline num:4). tracked_value '0011' was not X1XX at the 2-cycle. 
%%  20060 ns    Alert  ERROR               TB seq.(uvvm)       assert_shift_one_from_left() => Failed (pipeline num:2). tracked_value '0011' was not X1XX at the 2-cycle. 
%%  20160 ns    Alert  ERROR               TB seq.(uvvm)       assert_shift_one_from_left() => Failed (pipeline num:4). tracked_value '0011' was not X1XX at the 2-cycle. 
%%  20170 ns    Alert  ERROR               TB seq.(uvvm)       assert_shift_one_from_left() => Failed (pipeline num:3). tracked_value '0100' was not XXX1 at the 4-cycle. 
%%  20260 ns    Alert  ERROR               TB seq.(uvvm)       assert_shift_one_from_left() => Failed (pipeline num:2). tracked_value '0011' was not X1XX at the 2-cycle. 
%%  20270 ns    Alert  ERROR               TB seq.(uvvm)       assert_shift_one_from_left() => Failed (pipeline num:1). tracked_value '0100' was not XXX1 at the 4-cycle. 
%%  20360 ns    Alert  ERROR               TB seq.(uvvm)       assert_shift_one_from_left() => Failed (pipeline num:4). tracked_value '0011' was not X1XX at the 2-cycle. 
%%  20460 ns    Alert  ERROR               TB seq.(uvvm)       assert_shift_one_from_left() => Failed (pipeline num:2). tracked_value '0011' was not X1XX at the 2-cycle. 
%%  20560 ns    Alert  ERROR               TB seq.(uvvm)       assert_shift_one_from_left() => Failed (pipeline num:4). tracked_value '0011' was not X1XX at the 2-cycle. 
%%  20570 ns    Alert  ERROR               TB seq.(uvvm)       assert_shift_one_from_left() => Failed (pipeline num:3). tracked_value '0110' was not XXX1 at the 4-cycle. 
%%  20660 ns    Alert  ERROR               TB seq.(uvvm)       assert_shift_one_from_left() => Failed (pipeline num:2). tracked_value '0011' was not X1XX at the 2-cycle. 
%%  20670 ns    Alert  ERROR               TB seq.(uvvm)       assert_shift_one_from_left() => Failed (pipeline num:1). tracked_value '0110' was not XXX1 at the 4-cycle. 
%%  20760 ns    Alert  ERROR               TB seq.(uvvm)       assert_shift_one_from_left() => Failed (pipeline num:4). tracked_value '0011' was not X1XX at the 2-cycle. 
%%  20860 ns    Alert  ERROR               TB seq.(uvvm)       assert_shift_one_from_left() => Failed (pipeline num:2). tracked_value '0011' was not X1XX at the 2-cycle. 
%%  20960 ns    Alert  ERROR               TB seq.(uvvm)       assert_shift_one_from_left() => Failed (pipeline num:4). tracked_value '0011' was not X1XX at the 2-cycle. 
%%  20970 ns    Alert  ERROR               TB seq.(uvvm)       assert_shift_one_from_left() => Failed (pipeline num:3). tracked_value '1000' was not XXX1 at the 4-cycle. 
%%  21060 ns    Alert  ERROR               TB seq.(uvvm)       assert_shift_one_from_left() => Failed (pipeline num:3). tracked_value '0011' was not X1XX at the 2-cycle. 
%%  21070 ns    Alert  ERROR               TB seq.(uvvm)       assert_shift_one_from_left() => Failed (pipeline num:2). tracked_value '1000' was not XXX1 at the 4-cycle. 
%%  21160 ns    Alert  ERROR               TB seq.(uvvm)       assert_shift_one_from_left() => Failed (pipeline num:2). tracked_value '0011' was not X1XX at the 2-cycle. 
%%  21260 ns    Alert  ERROR               TB seq.(uvvm)       assert_shift_one_from_left() => Failed (pipeline num:1). tracked_value '0011' was not X1XX at the 2-cycle. 
%%  21360 ns    Alert  ERROR               TB seq.(uvvm)       assert_shift_one_from_left() => Failed (pipeline num:4). tracked_value '0011' was not X1XX at the 2-cycle. 
%%  21370 ns    Alert  ERROR               TB seq.(uvvm)       assert_shift_one_from_left() => Failed (pipeline num:3). tracked_value '1010' was not XXX1 at the 4-cycle. 
%%  21460 ns    Alert  ERROR               TB seq.(uvvm)       assert_shift_one_from_left() => Failed (pipeline num:3). tracked_value '0011' was not X1XX at the 2-cycle. 
%%  21470 ns    Alert  ERROR               TB seq.(uvvm)       assert_shift_one_from_left() => Failed (pipeline num:2). tracked_value '1010' was not XXX1 at the 4-cycle. 
%%  21560 ns    Alert  ERROR               TB seq.(uvvm)       assert_shift_one_from_left() => Failed (pipeline num:2). tracked_value '0011' was not X1XX at the 2-cycle. 
%%  21660 ns    Alert  ERROR               TB seq.(uvvm)       assert_shift_one_from_left() => Failed (pipeline num:1). tracked_value '0011' was not X1XX at the 2-cycle. 
%%  21760 ns    Alert  ERROR               TB seq.(uvvm)       assert_shift_one_from_left() => Failed (pipeline num:4). tracked_value '0011' was not X1XX at the 2-cycle. 
%%  21770 ns    Alert  ERROR               TB seq.(uvvm)       assert_shift_one_from_left() => Failed (pipeline num:3). tracked_value '1100' was not XXX1 at the 4-cycle. 
%%  21860 ns    Alert  ERROR               TB seq.(uvvm)       assert_shift_one_from_left() => Failed (pipeline num:3). tracked_value '0011' was not X1XX at the 2-cycle. 
%%  21870 ns    Alert  ERROR               TB seq.(uvvm)       assert_shift_one_from_left() => Failed (pipeline num:2). tracked_value '1100' was not XXX1 at the 4-cycle. 
%%  21960 ns    Alert  ERROR               TB seq.(uvvm)       assert_shift_one_from_left() => Failed (pipeline num:2). tracked_value '0011' was not X1XX at the 2-cycle. 
%%  22060 ns    Alert  ERROR               TB seq.(uvvm)       assert_shift_one_from_left() => Failed (pipeline num:1). tracked_value '0011' was not X1XX at the 2-cycle. 
%%  22160 ns    Alert  ERROR               TB seq.(uvvm)       assert_shift_one_from_left() => Failed (pipeline num:4). tracked_value '0011' was not X1XX at the 2-cycle. 
%%  22170 ns    Alert  ERROR               TB seq.(uvvm)       assert_shift_one_from_left() => Failed (pipeline num:3). tracked_value '1110' was not XXX1 at the 4-cycle. 
%%  22260 ns    Alert  ERROR               TB seq.(uvvm)       assert_shift_one_from_left() => Failed (pipeline num:3). tracked_value '0011' was not X1XX at the 2-cycle. 
%%  22270 ns    Alert  ERROR               TB seq.(uvvm)       assert_shift_one_from_left() => Failed (pipeline num:2). tracked_value '1110' was not XXX1 at the 4-cycle. 
%%  22360 ns    Alert  ERROR               TB seq.(uvvm)       assert_shift_one_from_left() => Failed (pipeline num:2). tracked_value '0011' was not X1XX at the 2-cycle. 
%%  22460 ns    Alert  ERROR               TB seq.(uvvm)       assert_shift_one_from_left() => Failed (pipeline num:1). tracked_value '0011' was not X1XX at the 2-cycle. 
%%  22560 ns    Alert  ERROR               TB seq.(uvvm)       assert_shift_one_from_left() => Failed (pipeline num:3). tracked_value '0100' was not XX1X at the 3-cycle. 
%%  22570 ns    Alert  ERROR               TB seq.(uvvm)       assert_shift_one_from_left() => Failed (pipeline num:4). tracked_value '0000' was not XX1X at the 3-cycle. 
%%  22660 ns    Alert  ERROR               TB seq.(uvvm)       assert_shift_one_from_left() => Failed (pipeline num:1). tracked_value '0100' was not XX1X at the 3-cycle. 
%%  22670 ns    Alert  ERROR               TB seq.(uvvm)       assert_shift_one_from_left() => Failed (pipeline num:2). tracked_value '0000' was not XX1X at the 3-cycle. 
%%  22760 ns    Alert  ERROR               TB seq.(uvvm)       assert_shift_one_from_left() => Failed (pipeline num:3). tracked_value '0100' was not XX1X at the 3-cycle. 
%%  22770 ns    Alert  ERROR               TB seq.(uvvm)       assert_shift_one_from_left() => Failed (pipeline num:4). tracked_value '0001' was not XX1X at the 3-cycle. 
%%  22860 ns    Alert  ERROR               TB seq.(uvvm)       assert_shift_one_from_left() => Failed (pipeline num:1). tracked_value '0100' was not XX1X at the 3-cycle. 
%%  22870 ns    Alert  ERROR               TB seq.(uvvm)       assert_shift_one_from_left() => Failed (pipeline num:2). tracked_value '0001' was not XX1X at the 3-cycle. 
%%  22960 ns    Alert  ERROR               TB seq.(uvvm)       assert_shift_one_from_left() => Failed (pipeline num:3). tracked_value '0100' was not XX1X at the 3-cycle. 
%%  22980 ns    Alert  ERROR               TB seq.(uvvm)       assert_shift_one_from_left() => Failed (pipeline num:4). tracked_value '0110' was not XXX1 at the 4-cycle. 
%%  23060 ns    Alert  ERROR               TB seq.(uvvm)       assert_shift_one_from_left() => Failed (pipeline num:1). tracked_value '0100' was not XX1X at the 3-cycle. 
%%  23160 ns    Alert  ERROR               TB seq.(uvvm)       assert_shift_one_from_left() => Failed (pipeline num:3). tracked_value '0100' was not XX1X at the 3-cycle. 
%%  23180 ns    Alert  ERROR               TB seq.(uvvm)       assert_shift_one_from_left() => Failed (pipeline num:4). tracked_value '0110' was not XXX1 at the 4-cycle. 
%%  23260 ns    Alert  ERROR               TB seq.(uvvm)       assert_shift_one_from_left() => Failed (pipeline num:1). tracked_value '0100' was not XX1X at the 3-cycle. 
%%  23360 ns    Alert  ERROR               TB seq.(uvvm)       assert_shift_one_from_left() => Failed (pipeline num:3). tracked_value '0100' was not XX1X at the 3-cycle. 
%%  23370 ns    Alert  ERROR               TB seq.(uvvm)       assert_shift_one_from_left() => Failed (pipeline num:4). tracked_value '0100' was not XX1X at the 3-cycle. 
%%  23460 ns    Alert  ERROR               TB seq.(uvvm)       assert_shift_one_from_left() => Failed (pipeline num:1). tracked_value '0100' was not XX1X at the 3-cycle. 
%%  23470 ns    Alert  ERROR               TB seq.(uvvm)       assert_shift_one_from_left() => Failed (pipeline num:2). tracked_value '0100' was not XX1X at the 3-cycle. 
%%  23560 ns    Alert  ERROR               TB seq.(uvvm)       assert_shift_one_from_left() => Failed (pipeline num:3). tracked_value '0100' was not XX1X at the 3-cycle. 
%%  23570 ns    Alert  ERROR               TB seq.(uvvm)       assert_shift_one_from_left() => Failed (pipeline num:4). tracked_value '0101' was not XX1X at the 3-cycle. 
%%  23660 ns    Alert  ERROR               TB seq.(uvvm)       assert_shift_one_from_left() => Failed (pipeline num:1). tracked_value '0100' was not XX1X at the 3-cycle. 
%%  23670 ns    Alert  ERROR               TB seq.(uvvm)       assert_shift_one_from_left() => Failed (pipeline num:2). tracked_value '0101' was not XX1X at the 3-cycle. 
%%  23760 ns    Alert  ERROR               TB seq.(uvvm)       assert_shift_one_from_left() => Failed (pipeline num:3). tracked_value '0100' was not XX1X at the 3-cycle. 
%%  23780 ns    Alert  ERROR               TB seq.(uvvm)       assert_shift_one_from_left() => Failed (pipeline num:4). tracked_value '0110' was not XXX1 at the 4-cycle. 
%%  23860 ns    Alert  ERROR               TB seq.(uvvm)       assert_shift_one_from_left() => Failed (pipeline num:1). tracked_value '0100' was not XX1X at the 3-cycle. 
%%  23960 ns    Alert  ERROR               TB seq.(uvvm)       assert_shift_one_from_left() => Failed (pipeline num:3). tracked_value '0100' was not XX1X at the 3-cycle. 
%%  23980 ns    Alert  ERROR               TB seq.(uvvm)       assert_shift_one_from_left() => Failed (pipeline num:4). tracked_value '0110' was not XXX1 at the 4-cycle. 
%%  24060 ns    Alert  ERROR               TB seq.(uvvm)       assert_shift_one_from_left() => Failed (pipeline num:1). tracked_value '0100' was not XX1X at the 3-cycle. 
%%  24160 ns    Alert  ERROR               TB seq.(uvvm)       assert_shift_one_from_left() => Failed (pipeline num:3). tracked_value '0100' was not XX1X at the 3-cycle. 
%%  24170 ns    Alert  ERROR               TB seq.(uvvm)       assert_shift_one_from_left() => Failed (pipeline num:4). tracked_value '1000' was not XX1X at the 3-cycle. 
%%  24260 ns    Alert  ERROR               TB seq.(uvvm)       assert_shift_one_from_left() => Failed (pipeline num:2). tracked_value '0100' was not XX1X at the 3-cycle. 
%%  24270 ns    Alert  ERROR               TB seq.(uvvm)       assert_shift_one_from_left() => Failed (pipeline num:3). tracked_value '1000' was not XX1X at the 3-cycle. 
%%  24360 ns    Alert  ERROR               TB seq.(uvvm)       assert_shift_one_from_left() => Failed (pipeline num:1). tracked_value '0100' was not XX1X at the 3-cycle. 
%%  24370 ns    Alert  ERROR               TB seq.(uvvm)       assert_shift_one_from_left() => Failed (pipeline num:2). tracked_value '1001' was not XX1X at the 3-cycle. 
%%  24460 ns    Alert  ERROR               TB seq.(uvvm)       assert_shift_one_from_left() => Failed (pipeline num:4). tracked_value '0100' was not XX1X at the 3-cycle. 
%%  24470 ns    Alert  ERROR               TB seq.(uvvm)       assert_shift_one_from_left() => Failed (pipeline num:1). tracked_value '1001' was not XX1X at the 3-cycle. 
%%  24560 ns    Alert  ERROR               TB seq.(uvvm)       assert_shift_one_from_left() => Failed (pipeline num:3). tracked_value '0100' was not XX1X at the 3-cycle. 
%%  24580 ns    Alert  ERROR               TB seq.(uvvm)       assert_shift_one_from_left() => Failed (pipeline num:4). tracked_value '0110' was not XXX1 at the 4-cycle. 
%%  24660 ns    Alert  ERROR               TB seq.(uvvm)       assert_shift_one_from_left() => Failed (pipeline num:2). tracked_value '0100' was not XX1X at the 3-cycle. 
%%  24760 ns    Alert  ERROR               TB seq.(uvvm)       assert_shift_one_from_left() => Failed (pipeline num:1). tracked_value '0100' was not XX1X at the 3-cycle. 
%%  24780 ns    Alert  ERROR               TB seq.(uvvm)       assert_shift_one_from_left() => Failed (pipeline num:2). tracked_value '0110' was not XXX1 at the 4-cycle. 
%%  24860 ns    Alert  ERROR               TB seq.(uvvm)       assert_shift_one_from_left() => Failed (pipeline num:4). tracked_value '0100' was not XX1X at the 3-cycle. 
%%  24960 ns    Alert  ERROR               TB seq.(uvvm)       assert_shift_one_from_left() => Failed (pipeline num:3). tracked_value '0100' was not XX1X at the 3-cycle. 
%%  24970 ns    Alert  ERROR               TB seq.(uvvm)       assert_shift_one_from_left() => Failed (pipeline num:4). tracked_value '1100' was not XX1X at the 3-cycle. 
%%  25060 ns    Alert  ERROR               TB seq.(uvvm)       assert_shift_one_from_left() => Failed (pipeline num:2). tracked_value '0100' was not XX1X at the 3-cycle. 
%%  25070 ns    Alert  ERROR               TB seq.(uvvm)       assert_shift_one_from_left() => Failed (pipeline num:3). tracked_value '1100' was not XX1X at the 3-cycle. 
%%  25160 ns    Alert  ERROR               TB seq.(uvvm)       assert_shift_one_from_left() => Failed (pipeline num:1). tracked_value '0100' was not XX1X at the 3-cycle. 
%%  25170 ns    Alert  ERROR               TB seq.(uvvm)       assert_shift_one_from_left() => Failed (pipeline num:2). tracked_value '1101' was not XX1X at the 3-cycle. 
%%  25260 ns    Alert  ERROR               TB seq.(uvvm)       assert_shift_one_from_left() => Failed (pipeline num:4). tracked_value '0100' was not XX1X at the 3-cycle. 
%%  25270 ns    Alert  ERROR               TB seq.(uvvm)       assert_shift_one_from_left() => Failed (pipeline num:1). tracked_value '1101' was not XX1X at the 3-cycle. 
%%  25360 ns    Alert  ERROR               TB seq.(uvvm)       assert_shift_one_from_left() => Failed (pipeline num:3). tracked_value '0100' was not XX1X at the 3-cycle. 
%%  25380 ns    Alert  ERROR               TB seq.(uvvm)       assert_shift_one_from_left() => Failed (pipeline num:4). tracked_value '0110' was not XXX1 at the 4-cycle. 
%%  25460 ns    Alert  ERROR               TB seq.(uvvm)       assert_shift_one_from_left() => Failed (pipeline num:2). tracked_value '0100' was not XX1X at the 3-cycle. 
%%  25560 ns    Alert  ERROR               TB seq.(uvvm)       assert_shift_one_from_left() => Failed (pipeline num:1). tracked_value '0100' was not XX1X at the 3-cycle. 
%%  25580 ns    Alert  ERROR               TB seq.(uvvm)       assert_shift_one_from_left() => Failed (pipeline num:2). tracked_value '0110' was not XXX1 at the 4-cycle. 
%%  25660 ns    Alert  ERROR               TB seq.(uvvm)       assert_shift_one_from_left() => Failed (pipeline num:4). tracked_value '0100' was not XX1X at the 3-cycle. 
%%  25760 ns    Alert  ERROR               TB seq.(uvvm)       assert_shift_one_from_left() => Failed (pipeline num:3). tracked_value '0101' was not XX1X at the 3-cycle. 
%%  25770 ns    Alert  ERROR               TB seq.(uvvm)       assert_shift_one_from_left() => Failed (pipeline num:4). tracked_value '0000' was not XX1X at the 3-cycle. 
%%  25860 ns    Alert  ERROR               TB seq.(uvvm)       assert_shift_one_from_left() => Failed (pipeline num:1). tracked_value '0101' was not XX1X at the 3-cycle. 
%%  25870 ns    Alert  ERROR               TB seq.(uvvm)       assert_shift_one_from_left() => Failed (pipeline num:2). tracked_value '0000' was not XX1X at the 3-cycle. 
%%  25960 ns    Alert  ERROR               TB seq.(uvvm)       assert_shift_one_from_left() => Failed (pipeline num:3). tracked_value '0101' was not XX1X at the 3-cycle. 
%%  25970 ns    Alert  ERROR               TB seq.(uvvm)       assert_shift_one_from_left() => Failed (pipeline num:4). tracked_value '0001' was not XX1X at the 3-cycle. 
%%  26060 ns    Alert  ERROR               TB seq.(uvvm)       assert_shift_one_from_left() => Failed (pipeline num:1). tracked_value '0101' was not XX1X at the 3-cycle. 
%%  26070 ns    Alert  ERROR               TB seq.(uvvm)       assert_shift_one_from_left() => Failed (pipeline num:2). tracked_value '0001' was not XX1X at the 3-cycle. 
%%  26160 ns    Alert  ERROR               TB seq.(uvvm)       assert_shift_one_from_left() => Failed (pipeline num:3). tracked_value '0101' was not XX1X at the 3-cycle. 
%%  26180 ns    Alert  ERROR               TB seq.(uvvm)       assert_shift_one_from_left() => Failed (pipeline num:4). tracked_value '0110' was not XXX1 at the 4-cycle. 
%%  26260 ns    Alert  ERROR               TB seq.(uvvm)       assert_shift_one_from_left() => Failed (pipeline num:1). tracked_value '0101' was not XX1X at the 3-cycle. 
%%  26360 ns    Alert  ERROR               TB seq.(uvvm)       assert_shift_one_from_left() => Failed (pipeline num:3). tracked_value '0101' was not XX1X at the 3-cycle. 
%%  26380 ns    Alert  ERROR               TB seq.(uvvm)       assert_shift_one_from_left() => Failed (pipeline num:4). tracked_value '0110' was not XXX1 at the 4-cycle. 
%%  26460 ns    Alert  ERROR               TB seq.(uvvm)       assert_shift_one_from_left() => Failed (pipeline num:1). tracked_value '0101' was not XX1X at the 3-cycle. 
%%  26560 ns    Alert  ERROR               TB seq.(uvvm)       assert_shift_one_from_left() => Failed (pipeline num:3). tracked_value '0101' was not XX1X at the 3-cycle. 
%%  26570 ns    Alert  ERROR               TB seq.(uvvm)       assert_shift_one_from_left() => Failed (pipeline num:4). tracked_value '0100' was not XX1X at the 3-cycle. 
%%  26660 ns    Alert  ERROR               TB seq.(uvvm)       assert_shift_one_from_left() => Failed (pipeline num:1). tracked_value '0101' was not XX1X at the 3-cycle. 
%%  26670 ns    Alert  ERROR               TB seq.(uvvm)       assert_shift_one_from_left() => Failed (pipeline num:2). tracked_value '0100' was not XX1X at the 3-cycle. 
%%  26760 ns    Alert  ERROR               TB seq.(uvvm)       assert_shift_one_from_left() => Failed (pipeline num:3). tracked_value '0101' was not XX1X at the 3-cycle. 
%%  26770 ns    Alert  ERROR               TB seq.(uvvm)       assert_shift_one_from_left() => Failed (pipeline num:4). tracked_value '0101' was not XX1X at the 3-cycle. 
%%  26860 ns    Alert  ERROR               TB seq.(uvvm)       assert_shift_one_from_left() => Failed (pipeline num:1). tracked_value '0101' was not XX1X at the 3-cycle. 
%%  26870 ns    Alert  ERROR               TB seq.(uvvm)       assert_shift_one_from_left() => Failed (pipeline num:2). tracked_value '0101' was not XX1X at the 3-cycle. 
%%  26960 ns    Alert  ERROR               TB seq.(uvvm)       assert_shift_one_from_left() => Failed (pipeline num:3). tracked_value '0101' was not XX1X at the 3-cycle. 
%%  26980 ns    Alert  ERROR               TB seq.(uvvm)       assert_shift_one_from_left() => Failed (pipeline num:4). tracked_value '0110' was not XXX1 at the 4-cycle. 
%%  27060 ns    Alert  ERROR               TB seq.(uvvm)       assert_shift_one_from_left() => Failed (pipeline num:1). tracked_value '0101' was not XX1X at the 3-cycle. 
%%  27160 ns    Alert  ERROR               TB seq.(uvvm)       assert_shift_one_from_left() => Failed (pipeline num:3). tracked_value '0101' was not XX1X at the 3-cycle. 
%%  27180 ns    Alert  ERROR               TB seq.(uvvm)       assert_shift_one_from_left() => Failed (pipeline num:4). tracked_value '0110' was not XXX1 at the 4-cycle. 
%%  27260 ns    Alert  ERROR               TB seq.(uvvm)       assert_shift_one_from_left() => Failed (pipeline num:1). tracked_value '0101' was not XX1X at the 3-cycle. 
%%  27360 ns    Alert  ERROR               TB seq.(uvvm)       assert_shift_one_from_left() => Failed (pipeline num:3). tracked_value '0101' was not XX1X at the 3-cycle. 
%%  27370 ns    Alert  ERROR               TB seq.(uvvm)       assert_shift_one_from_left() => Failed (pipeline num:4). tracked_value '1000' was not XX1X at the 3-cycle. 
%%  27460 ns    Alert  ERROR               TB seq.(uvvm)       assert_shift_one_from_left() => Failed (pipeline num:2). tracked_value '0101' was not XX1X at the 3-cycle. 
%%  27470 ns    Alert  ERROR               TB seq.(uvvm)       assert_shift_one_from_left() => Failed (pipeline num:3). tracked_value '1000' was not XX1X at the 3-cycle. 
%%  27560 ns    Alert  ERROR               TB seq.(uvvm)       assert_shift_one_from_left() => Failed (pipeline num:1). tracked_value '0101' was not XX1X at the 3-cycle. 
%%  27570 ns    Alert  ERROR               TB seq.(uvvm)       assert_shift_one_from_left() => Failed (pipeline num:2). tracked_value '1001' was not XX1X at the 3-cycle. 
%%  27660 ns    Alert  ERROR               TB seq.(uvvm)       assert_shift_one_from_left() => Failed (pipeline num:4). tracked_value '0101' was not XX1X at the 3-cycle. 
%%  27670 ns    Alert  ERROR               TB seq.(uvvm)       assert_shift_one_from_left() => Failed (pipeline num:1). tracked_value '1001' was not XX1X at the 3-cycle. 
%%  27760 ns    Alert  ERROR               TB seq.(uvvm)       assert_shift_one_from_left() => Failed (pipeline num:3). tracked_value '0101' was not XX1X at the 3-cycle. 
%%  27780 ns    Alert  ERROR               TB seq.(uvvm)       assert_shift_one_from_left() => Failed (pipeline num:4). tracked_value '0110' was not XXX1 at the 4-cycle. 
%%  27860 ns    Alert  ERROR               TB seq.(uvvm)       assert_shift_one_from_left() => Failed (pipeline num:2). tracked_value '0101' was not XX1X at the 3-cycle. 
%%  27960 ns    Alert  ERROR               TB seq.(uvvm)       assert_shift_one_from_left() => Failed (pipeline num:1). tracked_value '0101' was not XX1X at the 3-cycle. 
%%  27980 ns    Alert  ERROR               TB seq.(uvvm)       assert_shift_one_from_left() => Failed (pipeline num:2). tracked_value '0110' was not XXX1 at the 4-cycle. 
%%  28060 ns    Alert  ERROR               TB seq.(uvvm)       assert_shift_one_from_left() => Failed (pipeline num:4). tracked_value '0101' was not XX1X at the 3-cycle. 
%%  28160 ns    Alert  ERROR               TB seq.(uvvm)       assert_shift_one_from_left() => Failed (pipeline num:3). tracked_value '0101' was not XX1X at the 3-cycle. 
%%  28170 ns    Alert  ERROR               TB seq.(uvvm)       assert_shift_one_from_left() => Failed (pipeline num:4). tracked_value '1100' was not XX1X at the 3-cycle. 
%%  28260 ns    Alert  ERROR               TB seq.(uvvm)       assert_shift_one_from_left() => Failed (pipeline num:2). tracked_value '0101' was not XX1X at the 3-cycle. 
%%  28270 ns    Alert  ERROR               TB seq.(uvvm)       assert_shift_one_from_left() => Failed (pipeline num:3). tracked_value '1100' was not XX1X at the 3-cycle. 
%%  28360 ns    Alert  ERROR               TB seq.(uvvm)       assert_shift_one_from_left() => Failed (pipeline num:1). tracked_value '0101' was not XX1X at the 3-cycle. 
%%  28370 ns    Alert  ERROR               TB seq.(uvvm)       assert_shift_one_from_left() => Failed (pipeline num:2). tracked_value '1101' was not XX1X at the 3-cycle. 
%%  28460 ns    Alert  ERROR               TB seq.(uvvm)       assert_shift_one_from_left() => Failed (pipeline num:4). tracked_value '0101' was not XX1X at the 3-cycle. 
%%  28470 ns    Alert  ERROR               TB seq.(uvvm)       assert_shift_one_from_left() => Failed (pipeline num:1). tracked_value '1101' was not XX1X at the 3-cycle. 
%%  28560 ns    Alert  ERROR               TB seq.(uvvm)       assert_shift_one_from_left() => Failed (pipeline num:3). tracked_value '0101' was not XX1X at the 3-cycle. 
%%  28580 ns    Alert  ERROR               TB seq.(uvvm)       assert_shift_one_from_left() => Failed (pipeline num:4). tracked_value '0110' was not XXX1 at the 4-cycle. 
%%  28660 ns    Alert  ERROR               TB seq.(uvvm)       assert_shift_one_from_left() => Failed (pipeline num:2). tracked_value '0101' was not XX1X at the 3-cycle. 
%%  28760 ns    Alert  ERROR               TB seq.(uvvm)       assert_shift_one_from_left() => Failed (pipeline num:1). tracked_value '0101' was not XX1X at the 3-cycle. 
%%  28780 ns    Alert  ERROR               TB seq.(uvvm)       assert_shift_one_from_left() => Failed (pipeline num:2). tracked_value '0110' was not XXX1 at the 4-cycle. 
%%  28860 ns    Alert  ERROR               TB seq.(uvvm)       assert_shift_one_from_left() => Failed (pipeline num:4). tracked_value '0101' was not XX1X at the 3-cycle. 
%%  28970 ns    Alert  ERROR               TB seq.(uvvm)       assert_shift_one_from_left() => Failed (pipeline num:3). tracked_value '0000' was not XXX1 at the 4-cycle. 
%%  28970 ns    Alert  ERROR               TB seq.(uvvm)       assert_shift_one_from_left() => Failed (pipeline num:4). tracked_value '0000' was not XX1X at the 3-cycle. 
%%  29070 ns    Alert  ERROR               TB seq.(uvvm)       assert_shift_one_from_left() => Failed (pipeline num:1). tracked_value '0000' was not XXX1 at the 4-cycle. 
%%  29070 ns    Alert  ERROR               TB seq.(uvvm)       assert_shift_one_from_left() => Failed (pipeline num:2). tracked_value '0000' was not XX1X at the 3-cycle. 
%%  29170 ns    Alert  ERROR               TB seq.(uvvm)       assert_shift_one_from_left() => Failed (pipeline num:4). tracked_value '0001' was not XX1X at the 3-cycle. 
%%  29270 ns    Alert  ERROR               TB seq.(uvvm)       assert_shift_one_from_left() => Failed (pipeline num:2). tracked_value '0001' was not XX1X at the 3-cycle. 
%%  29370 ns    Alert  ERROR               TB seq.(uvvm)       assert_shift_one_from_left() => Failed (pipeline num:3). tracked_value '0010' was not XXX1 at the 4-cycle. 
%%  29380 ns    Alert  ERROR               TB seq.(uvvm)       assert_shift_one_from_left() => Failed (pipeline num:4). tracked_value '0110' was not XXX1 at the 4-cycle. 
%%  29470 ns    Alert  ERROR               TB seq.(uvvm)       assert_shift_one_from_left() => Failed (pipeline num:1). tracked_value '0010' was not XXX1 at the 4-cycle. 
%%  29580 ns    Alert  ERROR               TB seq.(uvvm)       assert_shift_one_from_left() => Failed (pipeline num:4). tracked_value '0110' was not XXX1 at the 4-cycle. 
%%  29770 ns    Alert  ERROR               TB seq.(uvvm)       assert_shift_one_from_left() => Failed (pipeline num:3). tracked_value '0100' was not XXX1 at the 4-cycle. 
%%  29770 ns    Alert  ERROR               TB seq.(uvvm)       assert_shift_one_from_left() => Failed (pipeline num:4). tracked_value '0100' was not XX1X at the 3-cycle. 
%%  29870 ns    Alert  ERROR               TB seq.(uvvm)       assert_shift_one_from_left() => Failed (pipeline num:1). tracked_value '0100' was not XXX1 at the 4-cycle. 
%%  29870 ns    Alert  ERROR               TB seq.(uvvm)       assert_shift_one_from_left() => Failed (pipeline num:2). tracked_value '0100' was not XX1X at the 3-cycle. 
%%  29970 ns    Alert  ERROR               TB seq.(uvvm)       assert_shift_one_from_left() => Failed (pipeline num:4). tracked_value '0101' was not XX1X at the 3-cycle. 
%%  30070 ns    Alert  ERROR               TB seq.(uvvm)       assert_shift_one_from_left() => Failed (pipeline num:2). tracked_value '0101' was not XX1X at the 3-cycle. 
%%  30170 ns    Alert  ERROR               TB seq.(uvvm)       assert_shift_one_from_left() => Failed (pipeline num:3). tracked_value '0110' was not XXX1 at the 4-cycle. 
%%  30180 ns    Alert  ERROR               TB seq.(uvvm)       assert_shift_one_from_left() => Failed (pipeline num:4). tracked_value '0110' was not XXX1 at the 4-cycle. 
%%  30270 ns    Alert  ERROR               TB seq.(uvvm)       assert_shift_one_from_left() => Failed (pipeline num:1). tracked_value '0110' was not XXX1 at the 4-cycle. 
%%  30380 ns    Alert  ERROR               TB seq.(uvvm)       assert_shift_one_from_left() => Failed (pipeline num:4). tracked_value '0110' was not XXX1 at the 4-cycle. 
%%  30570 ns    Alert  ERROR               TB seq.(uvvm)       assert_shift_one_from_left() => Failed (pipeline num:3). tracked_value '1000' was not XXX1 at the 4-cycle. 
%%  30570 ns    Alert  ERROR               TB seq.(uvvm)       assert_shift_one_from_left() => Failed (pipeline num:4). tracked_value '1000' was not XX1X at the 3-cycle. 
%%  30670 ns    Alert  ERROR               TB seq.(uvvm)       assert_shift_one_from_left() => Failed (pipeline num:2). tracked_value '1000' was not XXX1 at the 4-cycle. 
%%  30670 ns    Alert  ERROR               TB seq.(uvvm)       assert_shift_one_from_left() => Failed (pipeline num:3). tracked_value '1000' was not XX1X at the 3-cycle. 
%%  30770 ns    Alert  ERROR               TB seq.(uvvm)       assert_shift_one_from_left() => Failed (pipeline num:2). tracked_value '1001' was not XX1X at the 3-cycle. 
%%  30870 ns    Alert  ERROR               TB seq.(uvvm)       assert_shift_one_from_left() => Failed (pipeline num:1). tracked_value '1001' was not XX1X at the 3-cycle. 
%%  30970 ns    Alert  ERROR               TB seq.(uvvm)       assert_shift_one_from_left() => Failed (pipeline num:3). tracked_value '1010' was not XXX1 at the 4-cycle. 
%%  30980 ns    Alert  ERROR               TB seq.(uvvm)       assert_shift_one_from_left() => Failed (pipeline num:4). tracked_value '0110' was not XXX1 at the 4-cycle. 
%%  31070 ns    Alert  ERROR               TB seq.(uvvm)       assert_shift_one_from_left() => Failed (pipeline num:2). tracked_value '1010' was not XXX1 at the 4-cycle. 
%%  31180 ns    Alert  ERROR               TB seq.(uvvm)       assert_shift_one_from_left() => Failed (pipeline num:2). tracked_value '0110' was not XXX1 at the 4-cycle. 
%%  31370 ns    Alert  ERROR               TB seq.(uvvm)       assert_shift_one_from_left() => Failed (pipeline num:3). tracked_value '1100' was not XXX1 at the 4-cycle. 
%%  31370 ns    Alert  ERROR               TB seq.(uvvm)       assert_shift_one_from_left() => Failed (pipeline num:4). tracked_value '1100' was not XX1X at the 3-cycle. 
%%  31470 ns    Alert  ERROR               TB seq.(uvvm)       assert_shift_one_from_left() => Failed (pipeline num:2). tracked_value '1100' was not XXX1 at the 4-cycle. 
%%  31470 ns    Alert  ERROR               TB seq.(uvvm)       assert_shift_one_from_left() => Failed (pipeline num:3). tracked_value '1100' was not XX1X at the 3-cycle. 
%%  31570 ns    Alert  ERROR               TB seq.(uvvm)       assert_shift_one_from_left() => Failed (pipeline num:2). tracked_value '1101' was not XX1X at the 3-cycle. 
%%  31670 ns    Alert  ERROR               TB seq.(uvvm)       assert_shift_one_from_left() => Failed (pipeline num:1). tracked_value '1101' was not XX1X at the 3-cycle. 
%%  31770 ns    Alert  ERROR               TB seq.(uvvm)       assert_shift_one_from_left() => Failed (pipeline num:3). tracked_value '1110' was not XXX1 at the 4-cycle. 
%%  31780 ns    Alert  ERROR               TB seq.(uvvm)       assert_shift_one_from_left() => Failed (pipeline num:4). tracked_value '0110' was not XXX1 at the 4-cycle. 
%%  31870 ns    Alert  ERROR               TB seq.(uvvm)       assert_shift_one_from_left() => Failed (pipeline num:2). tracked_value '1110' was not XXX1 at the 4-cycle. 
%%  31980 ns    Alert  ERROR               TB seq.(uvvm)       assert_shift_one_from_left() => Failed (pipeline num:2). tracked_value '0110' was not XXX1 at the 4-cycle. 
%%  32170 ns    Alert  ERROR               TB seq.(uvvm)       assert_shift_one_from_left() => Failed (pipeline num:3). tracked_value '0000' was not XXX1 at the 4-cycle. 
%%  32170 ns    Alert  ERROR               TB seq.(uvvm)       assert_shift_one_from_left() => Failed (pipeline num:4). tracked_value '0000' was not XX1X at the 3-cycle. 
%%  32270 ns    Alert  ERROR               TB seq.(uvvm)       assert_shift_one_from_left() => Failed (pipeline num:1). tracked_value '0000' was not XXX1 at the 4-cycle. 
%%  32270 ns    Alert  ERROR               TB seq.(uvvm)       assert_shift_one_from_left() => Failed (pipeline num:2). tracked_value '0000' was not XX1X at the 3-cycle. 
%%  32370 ns    Alert  ERROR               TB seq.(uvvm)       assert_shift_one_from_left() => Failed (pipeline num:4). tracked_value '0001' was not XX1X at the 3-cycle. 
%%  32470 ns    Alert  ERROR               TB seq.(uvvm)       assert_shift_one_from_left() => Failed (pipeline num:2). tracked_value '0001' was not XX1X at the 3-cycle. 
%%  32570 ns    Alert  ERROR               TB seq.(uvvm)       assert_shift_one_from_left() => Failed (pipeline num:3). tracked_value '0010' was not XXX1 at the 4-cycle. 
%%  32580 ns    Alert  ERROR               TB seq.(uvvm)       assert_shift_one_from_left() => Failed (pipeline num:4). tracked_value '0110' was not XXX1 at the 4-cycle. 
%%  32670 ns    Alert  ERROR               TB seq.(uvvm)       assert_shift_one_from_left() => Failed (pipeline num:1). tracked_value '0010' was not XXX1 at the 4-cycle. 
%%  32780 ns    Alert  ERROR               TB seq.(uvvm)       assert_shift_one_from_left() => Failed (pipeline num:4). tracked_value '0110' was not XXX1 at the 4-cycle. 
%%  32970 ns    Alert  ERROR               TB seq.(uvvm)       assert_shift_one_from_left() => Failed (pipeline num:3). tracked_value '0100' was not XXX1 at the 4-cycle. 
%%  32970 ns    Alert  ERROR               TB seq.(uvvm)       assert_shift_one_from_left() => Failed (pipeline num:4). tracked_value '0100' was not XX1X at the 3-cycle. 
%%  33070 ns    Alert  ERROR               TB seq.(uvvm)       assert_shift_one_from_left() => Failed (pipeline num:1). tracked_value '0100' was not XXX1 at the 4-cycle. 
%%  33070 ns    Alert  ERROR               TB seq.(uvvm)       assert_shift_one_from_left() => Failed (pipeline num:2). tracked_value '0100' was not XX1X at the 3-cycle. 
%%  33170 ns    Alert  ERROR               TB seq.(uvvm)       assert_shift_one_from_left() => Failed (pipeline num:4). tracked_value '0101' was not XX1X at the 3-cycle. 
%%  33270 ns    Alert  ERROR               TB seq.(uvvm)       assert_shift_one_from_left() => Failed (pipeline num:2). tracked_value '0101' was not XX1X at the 3-cycle. 
%%  33370 ns    Alert  ERROR               TB seq.(uvvm)       assert_shift_one_from_left() => Failed (pipeline num:3). tracked_value '0110' was not XXX1 at the 4-cycle. 
%%  33380 ns    Alert  ERROR               TB seq.(uvvm)       assert_shift_one_from_left() => Failed (pipeline num:4). tracked_value '0110' was not XXX1 at the 4-cycle. 
%%  33470 ns    Alert  ERROR               TB seq.(uvvm)       assert_shift_one_from_left() => Failed (pipeline num:1). tracked_value '0110' was not XXX1 at the 4-cycle. 
%%  33580 ns    Alert  ERROR               TB seq.(uvvm)       assert_shift_one_from_left() => Failed (pipeline num:4). tracked_value '0110' was not XXX1 at the 4-cycle. 
%%  33770 ns    Alert  ERROR               TB seq.(uvvm)       assert_shift_one_from_left() => Failed (pipeline num:3). tracked_value '1000' was not XXX1 at the 4-cycle. 
%%  33770 ns    Alert  ERROR               TB seq.(uvvm)       assert_shift_one_from_left() => Failed (pipeline num:4). tracked_value '1000' was not XX1X at the 3-cycle. 
%%  33870 ns    Alert  ERROR               TB seq.(uvvm)       assert_shift_one_from_left() => Failed (pipeline num:2). tracked_value '1000' was not XXX1 at the 4-cycle. 
%%  33870 ns    Alert  ERROR               TB seq.(uvvm)       assert_shift_one_from_left() => Failed (pipeline num:3). tracked_value '1000' was not XX1X at the 3-cycle. 
%%  33970 ns    Alert  ERROR               TB seq.(uvvm)       assert_shift_one_from_left() => Failed (pipeline num:2). tracked_value '1001' was not XX1X at the 3-cycle. 
%%  34070 ns    Alert  ERROR               TB seq.(uvvm)       assert_shift_one_from_left() => Failed (pipeline num:1). tracked_value '1001' was not XX1X at the 3-cycle. 
%%  34170 ns    Alert  ERROR               TB seq.(uvvm)       assert_shift_one_from_left() => Failed (pipeline num:3). tracked_value '1010' was not XXX1 at the 4-cycle. 
%%  34180 ns    Alert  ERROR               TB seq.(uvvm)       assert_shift_one_from_left() => Failed (pipeline num:4). tracked_value '0110' was not XXX1 at the 4-cycle. 
%%  34270 ns    Alert  ERROR               TB seq.(uvvm)       assert_shift_one_from_left() => Failed (pipeline num:2). tracked_value '1010' was not XXX1 at the 4-cycle. 
%%  34380 ns    Alert  ERROR               TB seq.(uvvm)       assert_shift_one_from_left() => Failed (pipeline num:2). tracked_value '0110' was not XXX1 at the 4-cycle. 
%%  34570 ns    Alert  ERROR               TB seq.(uvvm)       assert_shift_one_from_left() => Failed (pipeline num:3). tracked_value '1100' was not XXX1 at the 4-cycle. 
%%  34570 ns    Alert  ERROR               TB seq.(uvvm)       assert_shift_one_from_left() => Failed (pipeline num:4). tracked_value '1100' was not XX1X at the 3-cycle. 
%%  34670 ns    Alert  ERROR               TB seq.(uvvm)       assert_shift_one_from_left() => Failed (pipeline num:2). tracked_value '1100' was not XXX1 at the 4-cycle. 
%%  34670 ns    Alert  ERROR               TB seq.(uvvm)       assert_shift_one_from_left() => Failed (pipeline num:3). tracked_value '1100' was not XX1X at the 3-cycle. 
%%  34770 ns    Alert  ERROR               TB seq.(uvvm)       assert_shift_one_from_left() => Failed (pipeline num:2). tracked_value '1101' was not XX1X at the 3-cycle. 
%%  34870 ns    Alert  ERROR               TB seq.(uvvm)       assert_shift_one_from_left() => Failed (pipeline num:1). tracked_value '1101' was not XX1X at the 3-cycle. 
%%  34970 ns    Alert  ERROR               TB seq.(uvvm)       assert_shift_one_from_left() => Failed (pipeline num:3). tracked_value '1110' was not XXX1 at the 4-cycle. 
%%  34980 ns    Alert  ERROR               TB seq.(uvvm)       assert_shift_one_from_left() => Failed (pipeline num:4). tracked_value '0110' was not XXX1 at the 4-cycle. 
%%  35070 ns    Alert  ERROR               TB seq.(uvvm)       assert_shift_one_from_left() => Failed (pipeline num:2). tracked_value '1110' was not XXX1 at the 4-cycle. 
%%  35180 ns    Alert  ERROR               TB seq.(uvvm)       assert_shift_one_from_left() => Failed (pipeline num:2). tracked_value '0110' was not XXX1 at the 4-cycle. 
%%  35360 ns    Alert  ERROR               TB seq.(uvvm)       assert_shift_one_from_left() => Failed (pipeline num:3). tracked_value '1000' was not XX1X at the 3-cycle. 
%%  35360 ns    Alert  ERROR               TB seq.(uvvm)       assert_shift_one_from_left() => Failed (pipeline num:4). tracked_value '1000' was not X1XX at the 2-cycle. 
%%  35370 ns    Alert  ERROR               TB seq.(uvvm)       assert_shift_one_from_left() => Failed (pipeline num:1). tracked_value '0000' was not X1XX at the 2-cycle. 
%%  35460 ns    Alert  ERROR               TB seq.(uvvm)       assert_shift_one_from_left() => Failed (pipeline num:2). tracked_value '1000' was not XX1X at the 3-cycle. 
%%  35460 ns    Alert  ERROR               TB seq.(uvvm)       assert_shift_one_from_left() => Failed (pipeline num:3). tracked_value '1000' was not X1XX at the 2-cycle. 
%%  35470 ns    Alert  ERROR               TB seq.(uvvm)       assert_shift_one_from_left() => Failed (pipeline num:4). tracked_value '0000' was not X1XX at the 2-cycle. 
%%  35560 ns    Alert  ERROR               TB seq.(uvvm)       assert_shift_one_from_left() => Failed (pipeline num:1). tracked_value '1000' was not XX1X at the 3-cycle. 
%%  35560 ns    Alert  ERROR               TB seq.(uvvm)       assert_shift_one_from_left() => Failed (pipeline num:2). tracked_value '1000' was not X1XX at the 2-cycle. 
%%  35570 ns    Alert  ERROR               TB seq.(uvvm)       assert_shift_one_from_left() => Failed (pipeline num:3). tracked_value '0001' was not X1XX at the 2-cycle. 
%%  35660 ns    Alert  ERROR               TB seq.(uvvm)       assert_shift_one_from_left() => Failed (pipeline num:1). tracked_value '1000' was not X1XX at the 2-cycle. 
%%  35660 ns    Alert  ERROR               TB seq.(uvvm)       assert_shift_one_from_left() => Failed (pipeline num:4). tracked_value '1000' was not XX1X at the 3-cycle. 
%%  35670 ns    Alert  ERROR               TB seq.(uvvm)       assert_shift_one_from_left() => Failed (pipeline num:2). tracked_value '0001' was not X1XX at the 2-cycle. 
%%  35760 ns    Alert  ERROR               TB seq.(uvvm)       assert_shift_one_from_left() => Failed (pipeline num:3). tracked_value '1000' was not XX1X at the 3-cycle. 
%%  35760 ns    Alert  ERROR               TB seq.(uvvm)       assert_shift_one_from_left() => Failed (pipeline num:4). tracked_value '1000' was not X1XX at the 2-cycle. 
%%  35770 ns    Alert  ERROR               TB seq.(uvvm)       assert_shift_one_from_left() => Failed (pipeline num:1). tracked_value '0010' was not X1XX at the 2-cycle. 
%%  35860 ns    Alert  ERROR               TB seq.(uvvm)       assert_shift_one_from_left() => Failed (pipeline num:2). tracked_value '1000' was not XX1X at the 3-cycle. 
%%  35860 ns    Alert  ERROR               TB seq.(uvvm)       assert_shift_one_from_left() => Failed (pipeline num:3). tracked_value '1000' was not X1XX at the 2-cycle. 
%%  35870 ns    Alert  ERROR               TB seq.(uvvm)       assert_shift_one_from_left() => Failed (pipeline num:4). tracked_value '0010' was not X1XX at the 2-cycle. 
%%  35960 ns    Alert  ERROR               TB seq.(uvvm)       assert_shift_one_from_left() => Failed (pipeline num:1). tracked_value '1000' was not XX1X at the 3-cycle. 
%%  35960 ns    Alert  ERROR               TB seq.(uvvm)       assert_shift_one_from_left() => Failed (pipeline num:2). tracked_value '1000' was not X1XX at the 2-cycle. 
%%  35970 ns    Alert  ERROR               TB seq.(uvvm)       assert_shift_one_from_left() => Failed (pipeline num:3). tracked_value '0011' was not X1XX at the 2-cycle. 
%%  36060 ns    Alert  ERROR               TB seq.(uvvm)       assert_shift_one_from_left() => Failed (pipeline num:1). tracked_value '1000' was not X1XX at the 2-cycle. 
%%  36060 ns    Alert  ERROR               TB seq.(uvvm)       assert_shift_one_from_left() => Failed (pipeline num:4). tracked_value '1000' was not XX1X at the 3-cycle. 
%%  36070 ns    Alert  ERROR               TB seq.(uvvm)       assert_shift_one_from_left() => Failed (pipeline num:2). tracked_value '0011' was not X1XX at the 2-cycle. 
%%  36160 ns    Alert  ERROR               TB seq.(uvvm)       assert_shift_one_from_left() => Failed (pipeline num:3). tracked_value '1000' was not XX1X at the 3-cycle. 
%%  36160 ns    Alert  ERROR               TB seq.(uvvm)       assert_shift_one_from_left() => Failed (pipeline num:4). tracked_value '1000' was not X1XX at the 2-cycle. 
%%  36260 ns    Alert  ERROR               TB seq.(uvvm)       assert_shift_one_from_left() => Failed (pipeline num:2). tracked_value '1000' was not XX1X at the 3-cycle. 
%%  36260 ns    Alert  ERROR               TB seq.(uvvm)       assert_shift_one_from_left() => Failed (pipeline num:3). tracked_value '1000' was not X1XX at the 2-cycle. 
%%  36360 ns    Alert  ERROR               TB seq.(uvvm)       assert_shift_one_from_left() => Failed (pipeline num:1). tracked_value '1000' was not XX1X at the 3-cycle. 
%%  36360 ns    Alert  ERROR               TB seq.(uvvm)       assert_shift_one_from_left() => Failed (pipeline num:2). tracked_value '1000' was not X1XX at the 2-cycle. 
%%  36460 ns    Alert  ERROR               TB seq.(uvvm)       assert_shift_one_from_left() => Failed (pipeline num:1). tracked_value '1000' was not X1XX at the 2-cycle. 
%%  36460 ns    Alert  ERROR               TB seq.(uvvm)       assert_shift_one_from_left() => Failed (pipeline num:4). tracked_value '1000' was not XX1X at the 3-cycle. 
%%  36560 ns    Alert  ERROR               TB seq.(uvvm)       assert_shift_one_from_left() => Failed (pipeline num:3). tracked_value '1000' was not XX1X at the 3-cycle. 
%%  36560 ns    Alert  ERROR               TB seq.(uvvm)       assert_shift_one_from_left() => Failed (pipeline num:4). tracked_value '1000' was not X1XX at the 2-cycle. 
%%  36660 ns    Alert  ERROR               TB seq.(uvvm)       assert_shift_one_from_left() => Failed (pipeline num:2). tracked_value '1000' was not XX1X at the 3-cycle. 
%%  36660 ns    Alert  ERROR               TB seq.(uvvm)       assert_shift_one_from_left() => Failed (pipeline num:3). tracked_value '1000' was not X1XX at the 2-cycle. 
%%  36760 ns    Alert  ERROR               TB seq.(uvvm)       assert_shift_one_from_left() => Failed (pipeline num:1). tracked_value '1000' was not XX1X at the 3-cycle. 
%%  36760 ns    Alert  ERROR               TB seq.(uvvm)       assert_shift_one_from_left() => Failed (pipeline num:2). tracked_value '1000' was not X1XX at the 2-cycle. 
%%  36860 ns    Alert  ERROR               TB seq.(uvvm)       assert_shift_one_from_left() => Failed (pipeline num:1). tracked_value '1000' was not X1XX at the 2-cycle. 
%%  36860 ns    Alert  ERROR               TB seq.(uvvm)       assert_shift_one_from_left() => Failed (pipeline num:4). tracked_value '1000' was not XX1X at the 3-cycle. 
%%  36960 ns    Alert  ERROR               TB seq.(uvvm)       assert_shift_one_from_left() => Failed (pipeline num:3). tracked_value '1000' was not XX1X at the 3-cycle. 
%%  36960 ns    Alert  ERROR               TB seq.(uvvm)       assert_shift_one_from_left() => Failed (pipeline num:4). tracked_value '1000' was not X1XX at the 2-cycle. 
%%  36970 ns    Alert  ERROR               TB seq.(uvvm)       assert_shift_one_from_left() => Failed (pipeline num:1). tracked_value '1000' was not X1XX at the 2-cycle. 
%%  37060 ns    Alert  ERROR               TB seq.(uvvm)       assert_shift_one_from_left() => Failed (pipeline num:3). tracked_value '1000' was not XX1X at the 3-cycle. 
%%  37060 ns    Alert  ERROR               TB seq.(uvvm)       assert_shift_one_from_left() => Failed (pipeline num:4). tracked_value '1000' was not X1XX at the 2-cycle. 
%%  37070 ns    Alert  ERROR               TB seq.(uvvm)       assert_shift_one_from_left() => Failed (pipeline num:1). tracked_value '1000' was not X1XX at the 2-cycle. 
%%  37160 ns    Alert  ERROR               TB seq.(uvvm)       assert_shift_one_from_left() => Failed (pipeline num:3). tracked_value '1000' was not XX1X at the 3-cycle. 
%%  37160 ns    Alert  ERROR               TB seq.(uvvm)       assert_shift_one_from_left() => Failed (pipeline num:4). tracked_value '1000' was not X1XX at the 2-cycle. 
%%  37170 ns    Alert  ERROR               TB seq.(uvvm)       assert_shift_one_from_left() => Failed (pipeline num:1). tracked_value '1001' was not X1XX at the 2-cycle. 
%%  37260 ns    Alert  ERROR               TB seq.(uvvm)       assert_shift_one_from_left() => Failed (pipeline num:3). tracked_value '1000' was not XX1X at the 3-cycle. 
%%  37260 ns    Alert  ERROR               TB seq.(uvvm)       assert_shift_one_from_left() => Failed (pipeline num:4). tracked_value '1000' was not X1XX at the 2-cycle. 
%%  37270 ns    Alert  ERROR               TB seq.(uvvm)       assert_shift_one_from_left() => Failed (pipeline num:1). tracked_value '1001' was not X1XX at the 2-cycle. 
%%  37360 ns    Alert  ERROR               TB seq.(uvvm)       assert_shift_one_from_left() => Failed (pipeline num:3). tracked_value '1000' was not XX1X at the 3-cycle. 
%%  37360 ns    Alert  ERROR               TB seq.(uvvm)       assert_shift_one_from_left() => Failed (pipeline num:4). tracked_value '1000' was not X1XX at the 2-cycle. 
%%  37370 ns    Alert  ERROR               TB seq.(uvvm)       assert_shift_one_from_left() => Failed (pipeline num:1). tracked_value '1010' was not X1XX at the 2-cycle. 
%%  37460 ns    Alert  ERROR               TB seq.(uvvm)       assert_shift_one_from_left() => Failed (pipeline num:3). tracked_value '1000' was not XX1X at the 3-cycle. 
%%  37460 ns    Alert  ERROR               TB seq.(uvvm)       assert_shift_one_from_left() => Failed (pipeline num:4). tracked_value '1000' was not X1XX at the 2-cycle. 
%%  37470 ns    Alert  ERROR               TB seq.(uvvm)       assert_shift_one_from_left() => Failed (pipeline num:1). tracked_value '1010' was not X1XX at the 2-cycle. 
%%  37560 ns    Alert  ERROR               TB seq.(uvvm)       assert_shift_one_from_left() => Failed (pipeline num:3). tracked_value '1000' was not XX1X at the 3-cycle. 
%%  37560 ns    Alert  ERROR               TB seq.(uvvm)       assert_shift_one_from_left() => Failed (pipeline num:4). tracked_value '1000' was not X1XX at the 2-cycle. 
%%  37570 ns    Alert  ERROR               TB seq.(uvvm)       assert_shift_one_from_left() => Failed (pipeline num:1). tracked_value '1011' was not X1XX at the 2-cycle. 
%%  37660 ns    Alert  ERROR               TB seq.(uvvm)       assert_shift_one_from_left() => Failed (pipeline num:3). tracked_value '1000' was not XX1X at the 3-cycle. 
%%  37660 ns    Alert  ERROR               TB seq.(uvvm)       assert_shift_one_from_left() => Failed (pipeline num:4). tracked_value '1000' was not X1XX at the 2-cycle. 
%%  37670 ns    Alert  ERROR               TB seq.(uvvm)       assert_shift_one_from_left() => Failed (pipeline num:1). tracked_value '1011' was not X1XX at the 2-cycle. 
%%  37760 ns    Alert  ERROR               TB seq.(uvvm)       assert_shift_one_from_left() => Failed (pipeline num:3). tracked_value '1000' was not XX1X at the 3-cycle. 
%%  37760 ns    Alert  ERROR               TB seq.(uvvm)       assert_shift_one_from_left() => Failed (pipeline num:4). tracked_value '1000' was not X1XX at the 2-cycle. 
%%  37860 ns    Alert  ERROR               TB seq.(uvvm)       assert_shift_one_from_left() => Failed (pipeline num:3). tracked_value '1000' was not XX1X at the 3-cycle. 
%%  37860 ns    Alert  ERROR               TB seq.(uvvm)       assert_shift_one_from_left() => Failed (pipeline num:4). tracked_value '1000' was not X1XX at the 2-cycle. 
%%  37960 ns    Alert  ERROR               TB seq.(uvvm)       assert_shift_one_from_left() => Failed (pipeline num:3). tracked_value '1000' was not XX1X at the 3-cycle. 
%%  37960 ns    Alert  ERROR               TB seq.(uvvm)       assert_shift_one_from_left() => Failed (pipeline num:4). tracked_value '1000' was not X1XX at the 2-cycle. 
%%  38060 ns    Alert  ERROR               TB seq.(uvvm)       assert_shift_one_from_left() => Failed (pipeline num:3). tracked_value '1000' was not XX1X at the 3-cycle. 
%%  38060 ns    Alert  ERROR               TB seq.(uvvm)       assert_shift_one_from_left() => Failed (pipeline num:4). tracked_value '1000' was not X1XX at the 2-cycle. 
%%  38160 ns    Alert  ERROR               TB seq.(uvvm)       assert_shift_one_from_left() => Failed (pipeline num:3). tracked_value '1000' was not XX1X at the 3-cycle. 
%%  38160 ns    Alert  ERROR               TB seq.(uvvm)       assert_shift_one_from_left() => Failed (pipeline num:4). tracked_value '1000' was not X1XX at the 2-cycle. 
%%  38260 ns    Alert  ERROR               TB seq.(uvvm)       assert_shift_one_from_left() => Failed (pipeline num:3). tracked_value '1000' was not XX1X at the 3-cycle. 
%%  38260 ns    Alert  ERROR               TB seq.(uvvm)       assert_shift_one_from_left() => Failed (pipeline num:4). tracked_value '1000' was not X1XX at the 2-cycle. 
%%  38360 ns    Alert  ERROR               TB seq.(uvvm)       assert_shift_one_from_left() => Failed (pipeline num:3). tracked_value '1000' was not XX1X at the 3-cycle. 
%%  38360 ns    Alert  ERROR               TB seq.(uvvm)       assert_shift_one_from_left() => Failed (pipeline num:4). tracked_value '1000' was not X1XX at the 2-cycle. 
%%  38460 ns    Alert  ERROR               TB seq.(uvvm)       assert_shift_one_from_left() => Failed (pipeline num:3). tracked_value '1000' was not XX1X at the 3-cycle. 
%%  38460 ns    Alert  ERROR               TB seq.(uvvm)       assert_shift_one_from_left() => Failed (pipeline num:4). tracked_value '1000' was not X1XX at the 2-cycle. 
%%  38560 ns    Alert  ERROR               TB seq.(uvvm)       assert_shift_one_from_left() => Failed (pipeline num:3). tracked_value '1001' was not XX1X at the 3-cycle. 
%%  38560 ns    Alert  ERROR               TB seq.(uvvm)       assert_shift_one_from_left() => Failed (pipeline num:4). tracked_value '1001' was not X1XX at the 2-cycle. 
%%  38570 ns    Alert  ERROR               TB seq.(uvvm)       assert_shift_one_from_left() => Failed (pipeline num:1). tracked_value '0000' was not X1XX at the 2-cycle. 
%%  38660 ns    Alert  ERROR               TB seq.(uvvm)       assert_shift_one_from_left() => Failed (pipeline num:2). tracked_value '1001' was not XX1X at the 3-cycle. 
%%  38660 ns    Alert  ERROR               TB seq.(uvvm)       assert_shift_one_from_left() => Failed (pipeline num:3). tracked_value '1001' was not X1XX at the 2-cycle. 
%%  38670 ns    Alert  ERROR               TB seq.(uvvm)       assert_shift_one_from_left() => Failed (pipeline num:4). tracked_value '0000' was not X1XX at the 2-cycle. 
%%  38760 ns    Alert  ERROR               TB seq.(uvvm)       assert_shift_one_from_left() => Failed (pipeline num:1). tracked_value '1001' was not XX1X at the 3-cycle. 
%%  38760 ns    Alert  ERROR               TB seq.(uvvm)       assert_shift_one_from_left() => Failed (pipeline num:2). tracked_value '1001' was not X1XX at the 2-cycle. 
%%  38770 ns    Alert  ERROR               TB seq.(uvvm)       assert_shift_one_from_left() => Failed (pipeline num:3). tracked_value '0001' was not X1XX at the 2-cycle. 
%%  38860 ns    Alert  ERROR               TB seq.(uvvm)       assert_shift_one_from_left() => Failed (pipeline num:1). tracked_value '1001' was not X1XX at the 2-cycle. 
%%  38860 ns    Alert  ERROR               TB seq.(uvvm)       assert_shift_one_from_left() => Failed (pipeline num:4). tracked_value '1001' was not XX1X at the 3-cycle. 
%%  38870 ns    Alert  ERROR               TB seq.(uvvm)       assert_shift_one_from_left() => Failed (pipeline num:2). tracked_value '0001' was not X1XX at the 2-cycle. 
%%  38960 ns    Alert  ERROR               TB seq.(uvvm)       assert_shift_one_from_left() => Failed (pipeline num:3). tracked_value '1001' was not XX1X at the 3-cycle. 
%%  38960 ns    Alert  ERROR               TB seq.(uvvm)       assert_shift_one_from_left() => Failed (pipeline num:4). tracked_value '1001' was not X1XX at the 2-cycle. 
%%  38970 ns    Alert  ERROR               TB seq.(uvvm)       assert_shift_one_from_left() => Failed (pipeline num:1). tracked_value '0010' was not X1XX at the 2-cycle. 
%%  39060 ns    Alert  ERROR               TB seq.(uvvm)       assert_shift_one_from_left() => Failed (pipeline num:2). tracked_value '1001' was not XX1X at the 3-cycle. 
%%  39060 ns    Alert  ERROR               TB seq.(uvvm)       assert_shift_one_from_left() => Failed (pipeline num:3). tracked_value '1001' was not X1XX at the 2-cycle. 
%%  39070 ns    Alert  ERROR               TB seq.(uvvm)       assert_shift_one_from_left() => Failed (pipeline num:4). tracked_value '0010' was not X1XX at the 2-cycle. 
%%  39160 ns    Alert  ERROR               TB seq.(uvvm)       assert_shift_one_from_left() => Failed (pipeline num:1). tracked_value '1001' was not XX1X at the 3-cycle. 
%%  39160 ns    Alert  ERROR               TB seq.(uvvm)       assert_shift_one_from_left() => Failed (pipeline num:2). tracked_value '1001' was not X1XX at the 2-cycle. 
%%  39170 ns    Alert  ERROR               TB seq.(uvvm)       assert_shift_one_from_left() => Failed (pipeline num:3). tracked_value '0011' was not X1XX at the 2-cycle. 
%%  39260 ns    Alert  ERROR               TB seq.(uvvm)       assert_shift_one_from_left() => Failed (pipeline num:1). tracked_value '1001' was not X1XX at the 2-cycle. 
%%  39260 ns    Alert  ERROR               TB seq.(uvvm)       assert_shift_one_from_left() => Failed (pipeline num:4). tracked_value '1001' was not XX1X at the 3-cycle. 
%%  39270 ns    Alert  ERROR               TB seq.(uvvm)       assert_shift_one_from_left() => Failed (pipeline num:2). tracked_value '0011' was not X1XX at the 2-cycle. 
%%  39360 ns    Alert  ERROR               TB seq.(uvvm)       assert_shift_one_from_left() => Failed (pipeline num:3). tracked_value '1001' was not XX1X at the 3-cycle. 
%%  39360 ns    Alert  ERROR               TB seq.(uvvm)       assert_shift_one_from_left() => Failed (pipeline num:4). tracked_value '1001' was not X1XX at the 2-cycle. 
%%  39460 ns    Alert  ERROR               TB seq.(uvvm)       assert_shift_one_from_left() => Failed (pipeline num:2). tracked_value '1001' was not XX1X at the 3-cycle. 
%%  39460 ns    Alert  ERROR               TB seq.(uvvm)       assert_shift_one_from_left() => Failed (pipeline num:3). tracked_value '1001' was not X1XX at the 2-cycle. 
%%  39560 ns    Alert  ERROR               TB seq.(uvvm)       assert_shift_one_from_left() => Failed (pipeline num:1). tracked_value '1001' was not XX1X at the 3-cycle. 
%%  39560 ns    Alert  ERROR               TB seq.(uvvm)       assert_shift_one_from_left() => Failed (pipeline num:2). tracked_value '1001' was not X1XX at the 2-cycle. 
%%  39660 ns    Alert  ERROR               TB seq.(uvvm)       assert_shift_one_from_left() => Failed (pipeline num:1). tracked_value '1001' was not X1XX at the 2-cycle. 
%%  39660 ns    Alert  ERROR               TB seq.(uvvm)       assert_shift_one_from_left() => Failed (pipeline num:4). tracked_value '1001' was not XX1X at the 3-cycle. 
%%  39760 ns    Alert  ERROR               TB seq.(uvvm)       assert_shift_one_from_left() => Failed (pipeline num:3). tracked_value '1001' was not XX1X at the 3-cycle. 
%%  39760 ns    Alert  ERROR               TB seq.(uvvm)       assert_shift_one_from_left() => Failed (pipeline num:4). tracked_value '1001' was not X1XX at the 2-cycle. 
%%  39860 ns    Alert  ERROR               TB seq.(uvvm)       assert_shift_one_from_left() => Failed (pipeline num:2). tracked_value '1001' was not XX1X at the 3-cycle. 
%%  39860 ns    Alert  ERROR               TB seq.(uvvm)       assert_shift_one_from_left() => Failed (pipeline num:3). tracked_value '1001' was not X1XX at the 2-cycle. 
%%  39960 ns    Alert  ERROR               TB seq.(uvvm)       assert_shift_one_from_left() => Failed (pipeline num:1). tracked_value '1001' was not XX1X at the 3-cycle. 
%%  39960 ns    Alert  ERROR               TB seq.(uvvm)       assert_shift_one_from_left() => Failed (pipeline num:2). tracked_value '1001' was not X1XX at the 2-cycle. 
%%  40060 ns    Alert  ERROR               TB seq.(uvvm)       assert_shift_one_from_left() => Failed (pipeline num:1). tracked_value '1001' was not X1XX at the 2-cycle. 
%%  40060 ns    Alert  ERROR               TB seq.(uvvm)       assert_shift_one_from_left() => Failed (pipeline num:4). tracked_value '1001' was not XX1X at the 3-cycle. 
%%  40160 ns    Alert  ERROR               TB seq.(uvvm)       assert_shift_one_from_left() => Failed (pipeline num:3). tracked_value '1001' was not XX1X at the 3-cycle. 
%%  40160 ns    Alert  ERROR               TB seq.(uvvm)       assert_shift_one_from_left() => Failed (pipeline num:4). tracked_value '1001' was not X1XX at the 2-cycle. 
%%  40170 ns    Alert  ERROR               TB seq.(uvvm)       assert_shift_one_from_left() => Failed (pipeline num:1). tracked_value '1000' was not X1XX at the 2-cycle. 
%%  40260 ns    Alert  ERROR               TB seq.(uvvm)       assert_shift_one_from_left() => Failed (pipeline num:3). tracked_value '1001' was not XX1X at the 3-cycle. 
%%  40260 ns    Alert  ERROR               TB seq.(uvvm)       assert_shift_one_from_left() => Failed (pipeline num:4). tracked_value '1001' was not X1XX at the 2-cycle. 
%%  40270 ns    Alert  ERROR               TB seq.(uvvm)       assert_shift_one_from_left() => Failed (pipeline num:1). tracked_value '1000' was not X1XX at the 2-cycle. 
%%  40360 ns    Alert  ERROR               TB seq.(uvvm)       assert_shift_one_from_left() => Failed (pipeline num:3). tracked_value '1001' was not XX1X at the 3-cycle. 
%%  40360 ns    Alert  ERROR               TB seq.(uvvm)       assert_shift_one_from_left() => Failed (pipeline num:4). tracked_value '1001' was not X1XX at the 2-cycle. 
%%  40370 ns    Alert  ERROR               TB seq.(uvvm)       assert_shift_one_from_left() => Failed (pipeline num:1). tracked_value '1001' was not X1XX at the 2-cycle. 
%%  40460 ns    Alert  ERROR               TB seq.(uvvm)       assert_shift_one_from_left() => Failed (pipeline num:3). tracked_value '1001' was not XX1X at the 3-cycle. 
%%  40460 ns    Alert  ERROR               TB seq.(uvvm)       assert_shift_one_from_left() => Failed (pipeline num:4). tracked_value '1001' was not X1XX at the 2-cycle. 
%%  40470 ns    Alert  ERROR               TB seq.(uvvm)       assert_shift_one_from_left() => Failed (pipeline num:1). tracked_value '1001' was not X1XX at the 2-cycle. 
%%  40560 ns    Alert  ERROR               TB seq.(uvvm)       assert_shift_one_from_left() => Failed (pipeline num:3). tracked_value '1001' was not XX1X at the 3-cycle. 
%%  40560 ns    Alert  ERROR               TB seq.(uvvm)       assert_shift_one_from_left() => Failed (pipeline num:4). tracked_value '1001' was not X1XX at the 2-cycle. 
%%  40570 ns    Alert  ERROR               TB seq.(uvvm)       assert_shift_one_from_left() => Failed (pipeline num:1). tracked_value '1010' was not X1XX at the 2-cycle. 
%%  40660 ns    Alert  ERROR               TB seq.(uvvm)       assert_shift_one_from_left() => Failed (pipeline num:3). tracked_value '1001' was not XX1X at the 3-cycle. 
%%  40660 ns    Alert  ERROR               TB seq.(uvvm)       assert_shift_one_from_left() => Failed (pipeline num:4). tracked_value '1001' was not X1XX at the 2-cycle. 
%%  40670 ns    Alert  ERROR               TB seq.(uvvm)       assert_shift_one_from_left() => Failed (pipeline num:1). tracked_value '1010' was not X1XX at the 2-cycle. 
%%  40760 ns    Alert  ERROR               TB seq.(uvvm)       assert_shift_one_from_left() => Failed (pipeline num:3). tracked_value '1001' was not XX1X at the 3-cycle. 
%%  40760 ns    Alert  ERROR               TB seq.(uvvm)       assert_shift_one_from_left() => Failed (pipeline num:4). tracked_value '1001' was not X1XX at the 2-cycle. 
%%  40770 ns    Alert  ERROR               TB seq.(uvvm)       assert_shift_one_from_left() => Failed (pipeline num:1). tracked_value '1011' was not X1XX at the 2-cycle. 
%%  40860 ns    Alert  ERROR               TB seq.(uvvm)       assert_shift_one_from_left() => Failed (pipeline num:3). tracked_value '1001' was not XX1X at the 3-cycle. 
%%  40860 ns    Alert  ERROR               TB seq.(uvvm)       assert_shift_one_from_left() => Failed (pipeline num:4). tracked_value '1001' was not X1XX at the 2-cycle. 
%%  40870 ns    Alert  ERROR               TB seq.(uvvm)       assert_shift_one_from_left() => Failed (pipeline num:1). tracked_value '1011' was not X1XX at the 2-cycle. 
%%  40960 ns    Alert  ERROR               TB seq.(uvvm)       assert_shift_one_from_left() => Failed (pipeline num:3). tracked_value '1001' was not XX1X at the 3-cycle. 
%%  40960 ns    Alert  ERROR               TB seq.(uvvm)       assert_shift_one_from_left() => Failed (pipeline num:4). tracked_value '1001' was not X1XX at the 2-cycle. 
%%  41060 ns    Alert  ERROR               TB seq.(uvvm)       assert_shift_one_from_left() => Failed (pipeline num:3). tracked_value '1001' was not XX1X at the 3-cycle. 
%%  41060 ns    Alert  ERROR               TB seq.(uvvm)       assert_shift_one_from_left() => Failed (pipeline num:4). tracked_value '1001' was not X1XX at the 2-cycle. 
%%  41160 ns    Alert  ERROR               TB seq.(uvvm)       assert_shift_one_from_left() => Failed (pipeline num:3). tracked_value '1001' was not XX1X at the 3-cycle. 
%%  41160 ns    Alert  ERROR               TB seq.(uvvm)       assert_shift_one_from_left() => Failed (pipeline num:4). tracked_value '1001' was not X1XX at the 2-cycle. 
%%  41260 ns    Alert  ERROR               TB seq.(uvvm)       assert_shift_one_from_left() => Failed (pipeline num:3). tracked_value '1001' was not XX1X at the 3-cycle. 
%%  41260 ns    Alert  ERROR               TB seq.(uvvm)       assert_shift_one_from_left() => Failed (pipeline num:4). tracked_value '1001' was not X1XX at the 2-cycle. 
%%  41360 ns    Alert  ERROR               TB seq.(uvvm)       assert_shift_one_from_left() => Failed (pipeline num:3). tracked_value '1001' was not XX1X at the 3-cycle. 
%%  41360 ns    Alert  ERROR               TB seq.(uvvm)       assert_shift_one_from_left() => Failed (pipeline num:4). tracked_value '1001' was not X1XX at the 2-cycle. 
%%  41460 ns    Alert  ERROR               TB seq.(uvvm)       assert_shift_one_from_left() => Failed (pipeline num:3). tracked_value '1001' was not XX1X at the 3-cycle. 
%%  41460 ns    Alert  ERROR               TB seq.(uvvm)       assert_shift_one_from_left() => Failed (pipeline num:4). tracked_value '1001' was not X1XX at the 2-cycle. 
%%  41560 ns    Alert  ERROR               TB seq.(uvvm)       assert_shift_one_from_left() => Failed (pipeline num:3). tracked_value '1001' was not XX1X at the 3-cycle. 
%%  41560 ns    Alert  ERROR               TB seq.(uvvm)       assert_shift_one_from_left() => Failed (pipeline num:4). tracked_value '1001' was not X1XX at the 2-cycle. 
%%  41660 ns    Alert  ERROR               TB seq.(uvvm)       assert_shift_one_from_left() => Failed (pipeline num:3). tracked_value '1001' was not XX1X at the 3-cycle. 
%%  41660 ns    Alert  ERROR               TB seq.(uvvm)       assert_shift_one_from_left() => Failed (pipeline num:4). tracked_value '1001' was not X1XX at the 2-cycle. 
%%  41760 ns    Alert  ERROR               TB seq.(uvvm)       assert_shift_one_from_left() => Failed (pipeline num:4). tracked_value '1010' was not X1XX at the 2-cycle. 
%%  41770 ns    Alert  ERROR               TB seq.(uvvm)       assert_shift_one_from_left() => Failed (pipeline num:1). tracked_value '0000' was not X1XX at the 2-cycle. 
%%  41770 ns    Alert  ERROR               TB seq.(uvvm)       assert_shift_one_from_left() => Failed (pipeline num:3). tracked_value '0000' was not XXX1 at the 4-cycle. 
%%  41860 ns    Alert  ERROR               TB seq.(uvvm)       assert_shift_one_from_left() => Failed (pipeline num:3). tracked_value '1010' was not X1XX at the 2-cycle. 
%%  41870 ns    Alert  ERROR               TB seq.(uvvm)       assert_shift_one_from_left() => Failed (pipeline num:2). tracked_value '0000' was not XXX1 at the 4-cycle. 
%%  41870 ns    Alert  ERROR               TB seq.(uvvm)       assert_shift_one_from_left() => Failed (pipeline num:4). tracked_value '0000' was not X1XX at the 2-cycle. 
%%  41960 ns    Alert  ERROR               TB seq.(uvvm)       assert_shift_one_from_left() => Failed (pipeline num:2). tracked_value '1010' was not X1XX at the 2-cycle. 
%%  41970 ns    Alert  ERROR               TB seq.(uvvm)       assert_shift_one_from_left() => Failed (pipeline num:3). tracked_value '0001' was not X1XX at the 2-cycle. 
%%  42060 ns    Alert  ERROR               TB seq.(uvvm)       assert_shift_one_from_left() => Failed (pipeline num:1). tracked_value '1010' was not X1XX at the 2-cycle. 
%%  42070 ns    Alert  ERROR               TB seq.(uvvm)       assert_shift_one_from_left() => Failed (pipeline num:2). tracked_value '0001' was not X1XX at the 2-cycle. 
%%  42160 ns    Alert  ERROR               TB seq.(uvvm)       assert_shift_one_from_left() => Failed (pipeline num:4). tracked_value '1010' was not X1XX at the 2-cycle. 
%%  42170 ns    Alert  ERROR               TB seq.(uvvm)       assert_shift_one_from_left() => Failed (pipeline num:1). tracked_value '0010' was not X1XX at the 2-cycle. 
%%  42170 ns    Alert  ERROR               TB seq.(uvvm)       assert_shift_one_from_left() => Failed (pipeline num:3). tracked_value '0010' was not XXX1 at the 4-cycle. 
%%  42260 ns    Alert  ERROR               TB seq.(uvvm)       assert_shift_one_from_left() => Failed (pipeline num:3). tracked_value '1010' was not X1XX at the 2-cycle. 
%%  42270 ns    Alert  ERROR               TB seq.(uvvm)       assert_shift_one_from_left() => Failed (pipeline num:2). tracked_value '0010' was not XXX1 at the 4-cycle. 
%%  42270 ns    Alert  ERROR               TB seq.(uvvm)       assert_shift_one_from_left() => Failed (pipeline num:4). tracked_value '0010' was not X1XX at the 2-cycle. 
%%  42360 ns    Alert  ERROR               TB seq.(uvvm)       assert_shift_one_from_left() => Failed (pipeline num:2). tracked_value '1010' was not X1XX at the 2-cycle. 
%%  42370 ns    Alert  ERROR               TB seq.(uvvm)       assert_shift_one_from_left() => Failed (pipeline num:3). tracked_value '0011' was not X1XX at the 2-cycle. 
%%  42460 ns    Alert  ERROR               TB seq.(uvvm)       assert_shift_one_from_left() => Failed (pipeline num:1). tracked_value '1010' was not X1XX at the 2-cycle. 
%%  42470 ns    Alert  ERROR               TB seq.(uvvm)       assert_shift_one_from_left() => Failed (pipeline num:2). tracked_value '0011' was not X1XX at the 2-cycle. 
%%  42560 ns    Alert  ERROR               TB seq.(uvvm)       assert_shift_one_from_left() => Failed (pipeline num:4). tracked_value '1010' was not X1XX at the 2-cycle. 
%%  42570 ns    Alert  ERROR               TB seq.(uvvm)       assert_shift_one_from_left() => Failed (pipeline num:3). tracked_value '0100' was not XXX1 at the 4-cycle. 
%%  42660 ns    Alert  ERROR               TB seq.(uvvm)       assert_shift_one_from_left() => Failed (pipeline num:3). tracked_value '1010' was not X1XX at the 2-cycle. 
%%  42670 ns    Alert  ERROR               TB seq.(uvvm)       assert_shift_one_from_left() => Failed (pipeline num:2). tracked_value '0100' was not XXX1 at the 4-cycle. 
%%  42760 ns    Alert  ERROR               TB seq.(uvvm)       assert_shift_one_from_left() => Failed (pipeline num:2). tracked_value '1010' was not X1XX at the 2-cycle. 
%%  42860 ns    Alert  ERROR               TB seq.(uvvm)       assert_shift_one_from_left() => Failed (pipeline num:1). tracked_value '1010' was not X1XX at the 2-cycle. 
%%  42960 ns    Alert  ERROR               TB seq.(uvvm)       assert_shift_one_from_left() => Failed (pipeline num:4). tracked_value '1010' was not X1XX at the 2-cycle. 
%%  42970 ns    Alert  ERROR               TB seq.(uvvm)       assert_shift_one_from_left() => Failed (pipeline num:3). tracked_value '0110' was not XXX1 at the 4-cycle. 
%%  43060 ns    Alert  ERROR               TB seq.(uvvm)       assert_shift_one_from_left() => Failed (pipeline num:3). tracked_value '1010' was not X1XX at the 2-cycle. 
%%  43070 ns    Alert  ERROR               TB seq.(uvvm)       assert_shift_one_from_left() => Failed (pipeline num:2). tracked_value '0110' was not XXX1 at the 4-cycle. 
%%  43160 ns    Alert  ERROR               TB seq.(uvvm)       assert_shift_one_from_left() => Failed (pipeline num:2). tracked_value '1010' was not X1XX at the 2-cycle. 
%%  43260 ns    Alert  ERROR               TB seq.(uvvm)       assert_shift_one_from_left() => Failed (pipeline num:1). tracked_value '1010' was not X1XX at the 2-cycle. 
%%  43360 ns    Alert  ERROR               TB seq.(uvvm)       assert_shift_one_from_left() => Failed (pipeline num:4). tracked_value '1010' was not X1XX at the 2-cycle. 
%%  43370 ns    Alert  ERROR               TB seq.(uvvm)       assert_shift_one_from_left() => Failed (pipeline num:1). tracked_value '1000' was not X1XX at the 2-cycle. 
%%  43370 ns    Alert  ERROR               TB seq.(uvvm)       assert_shift_one_from_left() => Failed (pipeline num:3). tracked_value '1000' was not XXX1 at the 4-cycle. 
%%  43460 ns    Alert  ERROR               TB seq.(uvvm)       assert_shift_one_from_left() => Failed (pipeline num:4). tracked_value '1010' was not X1XX at the 2-cycle. 
%%  43470 ns    Alert  ERROR               TB seq.(uvvm)       assert_shift_one_from_left() => Failed (pipeline num:1). tracked_value '1000' was not X1XX at the 2-cycle. 
%%  43470 ns    Alert  ERROR               TB seq.(uvvm)       assert_shift_one_from_left() => Failed (pipeline num:3). tracked_value '1000' was not XXX1 at the 4-cycle. 
%%  43560 ns    Alert  ERROR               TB seq.(uvvm)       assert_shift_one_from_left() => Failed (pipeline num:4). tracked_value '1010' was not X1XX at the 2-cycle. 
%%  43570 ns    Alert  ERROR               TB seq.(uvvm)       assert_shift_one_from_left() => Failed (pipeline num:1). tracked_value '1001' was not X1XX at the 2-cycle. 
%%  43660 ns    Alert  ERROR               TB seq.(uvvm)       assert_shift_one_from_left() => Failed (pipeline num:4). tracked_value '1010' was not X1XX at the 2-cycle. 
%%  43670 ns    Alert  ERROR               TB seq.(uvvm)       assert_shift_one_from_left() => Failed (pipeline num:1). tracked_value '1001' was not X1XX at the 2-cycle. 
%%  43760 ns    Alert  ERROR               TB seq.(uvvm)       assert_shift_one_from_left() => Failed (pipeline num:4). tracked_value '1010' was not X1XX at the 2-cycle. 
%%  43770 ns    Alert  ERROR               TB seq.(uvvm)       assert_shift_one_from_left() => Failed (pipeline num:1). tracked_value '1010' was not X1XX at the 2-cycle. 
%%  43770 ns    Alert  ERROR               TB seq.(uvvm)       assert_shift_one_from_left() => Failed (pipeline num:3). tracked_value '1010' was not XXX1 at the 4-cycle. 
%%  43860 ns    Alert  ERROR               TB seq.(uvvm)       assert_shift_one_from_left() => Failed (pipeline num:4). tracked_value '1010' was not X1XX at the 2-cycle. 
%%  43870 ns    Alert  ERROR               TB seq.(uvvm)       assert_shift_one_from_left() => Failed (pipeline num:1). tracked_value '1010' was not X1XX at the 2-cycle. 
%%  43870 ns    Alert  ERROR               TB seq.(uvvm)       assert_shift_one_from_left() => Failed (pipeline num:3). tracked_value '1010' was not XXX1 at the 4-cycle. 
%%  43960 ns    Alert  ERROR               TB seq.(uvvm)       assert_shift_one_from_left() => Failed (pipeline num:4). tracked_value '1010' was not X1XX at the 2-cycle. 
%%  43970 ns    Alert  ERROR               TB seq.(uvvm)       assert_shift_one_from_left() => Failed (pipeline num:1). tracked_value '1011' was not X1XX at the 2-cycle. 
%%  44060 ns    Alert  ERROR               TB seq.(uvvm)       assert_shift_one_from_left() => Failed (pipeline num:4). tracked_value '1010' was not X1XX at the 2-cycle. 
%%  44070 ns    Alert  ERROR               TB seq.(uvvm)       assert_shift_one_from_left() => Failed (pipeline num:1). tracked_value '1011' was not X1XX at the 2-cycle. 
%%  44160 ns    Alert  ERROR               TB seq.(uvvm)       assert_shift_one_from_left() => Failed (pipeline num:4). tracked_value '1010' was not X1XX at the 2-cycle. 
%%  44170 ns    Alert  ERROR               TB seq.(uvvm)       assert_shift_one_from_left() => Failed (pipeline num:3). tracked_value '1100' was not XXX1 at the 4-cycle. 
%%  44260 ns    Alert  ERROR               TB seq.(uvvm)       assert_shift_one_from_left() => Failed (pipeline num:4). tracked_value '1010' was not X1XX at the 2-cycle. 
%%  44270 ns    Alert  ERROR               TB seq.(uvvm)       assert_shift_one_from_left() => Failed (pipeline num:3). tracked_value '1100' was not XXX1 at the 4-cycle. 
%%  44360 ns    Alert  ERROR               TB seq.(uvvm)       assert_shift_one_from_left() => Failed (pipeline num:4). tracked_value '1010' was not X1XX at the 2-cycle. 
%%  44460 ns    Alert  ERROR               TB seq.(uvvm)       assert_shift_one_from_left() => Failed (pipeline num:4). tracked_value '1010' was not X1XX at the 2-cycle. 
%%  44560 ns    Alert  ERROR               TB seq.(uvvm)       assert_shift_one_from_left() => Failed (pipeline num:4). tracked_value '1010' was not X1XX at the 2-cycle. 
%%  44570 ns    Alert  ERROR               TB seq.(uvvm)       assert_shift_one_from_left() => Failed (pipeline num:3). tracked_value '1110' was not XXX1 at the 4-cycle. 
%%  44660 ns    Alert  ERROR               TB seq.(uvvm)       assert_shift_one_from_left() => Failed (pipeline num:4). tracked_value '1010' was not X1XX at the 2-cycle. 
%%  44670 ns    Alert  ERROR               TB seq.(uvvm)       assert_shift_one_from_left() => Failed (pipeline num:3). tracked_value '1110' was not XXX1 at the 4-cycle. 
%%  44760 ns    Alert  ERROR               TB seq.(uvvm)       assert_shift_one_from_left() => Failed (pipeline num:4). tracked_value '1010' was not X1XX at the 2-cycle. 
%%  44860 ns    Alert  ERROR               TB seq.(uvvm)       assert_shift_one_from_left() => Failed (pipeline num:4). tracked_value '1010' was not X1XX at the 2-cycle. 
%%  44960 ns    Alert  ERROR               TB seq.(uvvm)       assert_shift_one_from_left() => Failed (pipeline num:4). tracked_value '1011' was not X1XX at the 2-cycle. 
%%  44970 ns    Alert  ERROR               TB seq.(uvvm)       assert_shift_one_from_left() => Failed (pipeline num:1). tracked_value '0000' was not X1XX at the 2-cycle. 
%%  44970 ns    Alert  ERROR               TB seq.(uvvm)       assert_shift_one_from_left() => Failed (pipeline num:3). tracked_value '0000' was not XXX1 at the 4-cycle. 
%%  45060 ns    Alert  ERROR               TB seq.(uvvm)       assert_shift_one_from_left() => Failed (pipeline num:3). tracked_value '1011' was not X1XX at the 2-cycle. 
%%  45070 ns    Alert  ERROR               TB seq.(uvvm)       assert_shift_one_from_left() => Failed (pipeline num:2). tracked_value '0000' was not XXX1 at the 4-cycle. 
%%  45070 ns    Alert  ERROR               TB seq.(uvvm)       assert_shift_one_from_left() => Failed (pipeline num:4). tracked_value '0000' was not X1XX at the 2-cycle. 
%%  45160 ns    Alert  ERROR               TB seq.(uvvm)       assert_shift_one_from_left() => Failed (pipeline num:2). tracked_value '1011' was not X1XX at the 2-cycle. 
%%  45170 ns    Alert  ERROR               TB seq.(uvvm)       assert_shift_one_from_left() => Failed (pipeline num:3). tracked_value '0001' was not X1XX at the 2-cycle. 
%%  45260 ns    Alert  ERROR               TB seq.(uvvm)       assert_shift_one_from_left() => Failed (pipeline num:1). tracked_value '1011' was not X1XX at the 2-cycle. 
%%  45270 ns    Alert  ERROR               TB seq.(uvvm)       assert_shift_one_from_left() => Failed (pipeline num:2). tracked_value '0001' was not X1XX at the 2-cycle. 
%%  45360 ns    Alert  ERROR               TB seq.(uvvm)       assert_shift_one_from_left() => Failed (pipeline num:4). tracked_value '1011' was not X1XX at the 2-cycle. 
%%  45370 ns    Alert  ERROR               TB seq.(uvvm)       assert_shift_one_from_left() => Failed (pipeline num:1). tracked_value '0010' was not X1XX at the 2-cycle. 
%%  45370 ns    Alert  ERROR               TB seq.(uvvm)       assert_shift_one_from_left() => Failed (pipeline num:3). tracked_value '0010' was not XXX1 at the 4-cycle. 
%%  45460 ns    Alert  ERROR               TB seq.(uvvm)       assert_shift_one_from_left() => Failed (pipeline num:3). tracked_value '1011' was not X1XX at the 2-cycle. 
%%  45470 ns    Alert  ERROR               TB seq.(uvvm)       assert_shift_one_from_left() => Failed (pipeline num:2). tracked_value '0010' was not XXX1 at the 4-cycle. 
%%  45470 ns    Alert  ERROR               TB seq.(uvvm)       assert_shift_one_from_left() => Failed (pipeline num:4). tracked_value '0010' was not X1XX at the 2-cycle. 
%%  45560 ns    Alert  ERROR               TB seq.(uvvm)       assert_shift_one_from_left() => Failed (pipeline num:2). tracked_value '1011' was not X1XX at the 2-cycle. 
%%  45570 ns    Alert  ERROR               TB seq.(uvvm)       assert_shift_one_from_left() => Failed (pipeline num:3). tracked_value '0011' was not X1XX at the 2-cycle. 
%%  45660 ns    Alert  ERROR               TB seq.(uvvm)       assert_shift_one_from_left() => Failed (pipeline num:1). tracked_value '1011' was not X1XX at the 2-cycle. 
%%  45670 ns    Alert  ERROR               TB seq.(uvvm)       assert_shift_one_from_left() => Failed (pipeline num:2). tracked_value '0011' was not X1XX at the 2-cycle. 
%%  45760 ns    Alert  ERROR               TB seq.(uvvm)       assert_shift_one_from_left() => Failed (pipeline num:4). tracked_value '1011' was not X1XX at the 2-cycle. 
%%  45770 ns    Alert  ERROR               TB seq.(uvvm)       assert_shift_one_from_left() => Failed (pipeline num:3). tracked_value '0100' was not XXX1 at the 4-cycle. 
%%  45860 ns    Alert  ERROR               TB seq.(uvvm)       assert_shift_one_from_left() => Failed (pipeline num:3). tracked_value '1011' was not X1XX at the 2-cycle. 
%%  45870 ns    Alert  ERROR               TB seq.(uvvm)       assert_shift_one_from_left() => Failed (pipeline num:2). tracked_value '0100' was not XXX1 at the 4-cycle. 
%%  45960 ns    Alert  ERROR               TB seq.(uvvm)       assert_shift_one_from_left() => Failed (pipeline num:2). tracked_value '1011' was not X1XX at the 2-cycle. 
%%  46060 ns    Alert  ERROR               TB seq.(uvvm)       assert_shift_one_from_left() => Failed (pipeline num:1). tracked_value '1011' was not X1XX at the 2-cycle. 
%%  46160 ns    Alert  ERROR               TB seq.(uvvm)       assert_shift_one_from_left() => Failed (pipeline num:4). tracked_value '1011' was not X1XX at the 2-cycle. 
%%  46170 ns    Alert  ERROR               TB seq.(uvvm)       assert_shift_one_from_left() => Failed (pipeline num:3). tracked_value '0110' was not XXX1 at the 4-cycle. 
%%  46260 ns    Alert  ERROR               TB seq.(uvvm)       assert_shift_one_from_left() => Failed (pipeline num:3). tracked_value '1011' was not X1XX at the 2-cycle. 
%%  46270 ns    Alert  ERROR               TB seq.(uvvm)       assert_shift_one_from_left() => Failed (pipeline num:2). tracked_value '0110' was not XXX1 at the 4-cycle. 
%%  46360 ns    Alert  ERROR               TB seq.(uvvm)       assert_shift_one_from_left() => Failed (pipeline num:2). tracked_value '1011' was not X1XX at the 2-cycle. 
%%  46460 ns    Alert  ERROR               TB seq.(uvvm)       assert_shift_one_from_left() => Failed (pipeline num:1). tracked_value '1011' was not X1XX at the 2-cycle. 
%%  46560 ns    Alert  ERROR               TB seq.(uvvm)       assert_shift_one_from_left() => Failed (pipeline num:4). tracked_value '1011' was not X1XX at the 2-cycle. 
%%  46570 ns    Alert  ERROR               TB seq.(uvvm)       assert_shift_one_from_left() => Failed (pipeline num:1). tracked_value '1000' was not X1XX at the 2-cycle. 
%%  46570 ns    Alert  ERROR               TB seq.(uvvm)       assert_shift_one_from_left() => Failed (pipeline num:3). tracked_value '1000' was not XXX1 at the 4-cycle. 
%%  46660 ns    Alert  ERROR               TB seq.(uvvm)       assert_shift_one_from_left() => Failed (pipeline num:4). tracked_value '1011' was not X1XX at the 2-cycle. 
%%  46670 ns    Alert  ERROR               TB seq.(uvvm)       assert_shift_one_from_left() => Failed (pipeline num:1). tracked_value '1000' was not X1XX at the 2-cycle. 
%%  46670 ns    Alert  ERROR               TB seq.(uvvm)       assert_shift_one_from_left() => Failed (pipeline num:3). tracked_value '1000' was not XXX1 at the 4-cycle. 
%%  46760 ns    Alert  ERROR               TB seq.(uvvm)       assert_shift_one_from_left() => Failed (pipeline num:4). tracked_value '1011' was not X1XX at the 2-cycle. 
%%  46770 ns    Alert  ERROR               TB seq.(uvvm)       assert_shift_one_from_left() => Failed (pipeline num:1). tracked_value '1001' was not X1XX at the 2-cycle. 
%%  46860 ns    Alert  ERROR               TB seq.(uvvm)       assert_shift_one_from_left() => Failed (pipeline num:4). tracked_value '1011' was not X1XX at the 2-cycle. 
%%  46870 ns    Alert  ERROR               TB seq.(uvvm)       assert_shift_one_from_left() => Failed (pipeline num:1). tracked_value '1001' was not X1XX at the 2-cycle. 
%%  46960 ns    Alert  ERROR               TB seq.(uvvm)       assert_shift_one_from_left() => Failed (pipeline num:4). tracked_value '1011' was not X1XX at the 2-cycle. 
%%  46970 ns    Alert  ERROR               TB seq.(uvvm)       assert_shift_one_from_left() => Failed (pipeline num:1). tracked_value '1010' was not X1XX at the 2-cycle. 
%%  46970 ns    Alert  ERROR               TB seq.(uvvm)       assert_shift_one_from_left() => Failed (pipeline num:3). tracked_value '1010' was not XXX1 at the 4-cycle. 
%%  47060 ns    Alert  ERROR               TB seq.(uvvm)       assert_shift_one_from_left() => Failed (pipeline num:4). tracked_value '1011' was not X1XX at the 2-cycle. 
%%  47070 ns    Alert  ERROR               TB seq.(uvvm)       assert_shift_one_from_left() => Failed (pipeline num:1). tracked_value '1010' was not X1XX at the 2-cycle. 
%%  47070 ns    Alert  ERROR               TB seq.(uvvm)       assert_shift_one_from_left() => Failed (pipeline num:3). tracked_value '1010' was not XXX1 at the 4-cycle. 
%%  47160 ns    Alert  ERROR               TB seq.(uvvm)       assert_shift_one_from_left() => Failed (pipeline num:4). tracked_value '1011' was not X1XX at the 2-cycle. 
%%  47170 ns    Alert  ERROR               TB seq.(uvvm)       assert_shift_one_from_left() => Failed (pipeline num:1). tracked_value '1011' was not X1XX at the 2-cycle. 
%%  47260 ns    Alert  ERROR               TB seq.(uvvm)       assert_shift_one_from_left() => Failed (pipeline num:4). tracked_value '1011' was not X1XX at the 2-cycle. 
%%  47270 ns    Alert  ERROR               TB seq.(uvvm)       assert_shift_one_from_left() => Failed (pipeline num:1). tracked_value '1011' was not X1XX at the 2-cycle. 
%%  47360 ns    Alert  ERROR               TB seq.(uvvm)       assert_shift_one_from_left() => Failed (pipeline num:4). tracked_value '1011' was not X1XX at the 2-cycle. 
%%  47370 ns    Alert  ERROR               TB seq.(uvvm)       assert_shift_one_from_left() => Failed (pipeline num:3). tracked_value '1100' was not XXX1 at the 4-cycle. 
%%  47460 ns    Alert  ERROR               TB seq.(uvvm)       assert_shift_one_from_left() => Failed (pipeline num:4). tracked_value '1011' was not X1XX at the 2-cycle. 
%%  47470 ns    Alert  ERROR               TB seq.(uvvm)       assert_shift_one_from_left() => Failed (pipeline num:3). tracked_value '1100' was not XXX1 at the 4-cycle. 
%%  47560 ns    Alert  ERROR               TB seq.(uvvm)       assert_shift_one_from_left() => Failed (pipeline num:4). tracked_value '1011' was not X1XX at the 2-cycle. 
%%  47660 ns    Alert  ERROR               TB seq.(uvvm)       assert_shift_one_from_left() => Failed (pipeline num:4). tracked_value '1011' was not X1XX at the 2-cycle. 
%%  47760 ns    Alert  ERROR               TB seq.(uvvm)       assert_shift_one_from_left() => Failed (pipeline num:4). tracked_value '1011' was not X1XX at the 2-cycle. 
%%  47770 ns    Alert  ERROR               TB seq.(uvvm)       assert_shift_one_from_left() => Failed (pipeline num:3). tracked_value '1110' was not XXX1 at the 4-cycle. 
%%  47860 ns    Alert  ERROR               TB seq.(uvvm)       assert_shift_one_from_left() => Failed (pipeline num:4). tracked_value '1011' was not X1XX at the 2-cycle. 
%%  47870 ns    Alert  ERROR               TB seq.(uvvm)       assert_shift_one_from_left() => Failed (pipeline num:3). tracked_value '1110' was not XXX1 at the 4-cycle. 
%%  47960 ns    Alert  ERROR               TB seq.(uvvm)       assert_shift_one_from_left() => Failed (pipeline num:4). tracked_value '1011' was not X1XX at the 2-cycle. 
%%  48060 ns    Alert  ERROR               TB seq.(uvvm)       assert_shift_one_from_left() => Failed (pipeline num:4). tracked_value '1011' was not X1XX at the 2-cycle. 
%%  48160 ns    Alert  ERROR               TB seq.(uvvm)       assert_shift_one_from_left() => Failed (pipeline num:3). tracked_value '1100' was not XX1X at the 3-cycle. 
%%  48170 ns    Alert  ERROR               TB seq.(uvvm)       assert_shift_one_from_left() => Failed (pipeline num:1). tracked_value '0000' was not X1XX at the 2-cycle. 
%%  48170 ns    Alert  ERROR               TB seq.(uvvm)       assert_shift_one_from_left() => Failed (pipeline num:4). tracked_value '0000' was not XX1X at the 3-cycle. 
%%  48260 ns    Alert  ERROR               TB seq.(uvvm)       assert_shift_one_from_left() => Failed (pipeline num:2). tracked_value '1100' was not XX1X at the 3-cycle. 
%%  48270 ns    Alert  ERROR               TB seq.(uvvm)       assert_shift_one_from_left() => Failed (pipeline num:3). tracked_value '0000' was not XX1X at the 3-cycle. 
%%  48270 ns    Alert  ERROR               TB seq.(uvvm)       assert_shift_one_from_left() => Failed (pipeline num:4). tracked_value '0000' was not X1XX at the 2-cycle. 
%%  48360 ns    Alert  ERROR               TB seq.(uvvm)       assert_shift_one_from_left() => Failed (pipeline num:1). tracked_value '1100' was not XX1X at the 3-cycle. 
%%  48370 ns    Alert  ERROR               TB seq.(uvvm)       assert_shift_one_from_left() => Failed (pipeline num:2). tracked_value '0001' was not XX1X at the 3-cycle. 
%%  48370 ns    Alert  ERROR               TB seq.(uvvm)       assert_shift_one_from_left() => Failed (pipeline num:3). tracked_value '0001' was not X1XX at the 2-cycle. 
%%  48460 ns    Alert  ERROR               TB seq.(uvvm)       assert_shift_one_from_left() => Failed (pipeline num:4). tracked_value '1100' was not XX1X at the 3-cycle. 
%%  48470 ns    Alert  ERROR               TB seq.(uvvm)       assert_shift_one_from_left() => Failed (pipeline num:1). tracked_value '0001' was not XX1X at the 3-cycle. 
%%  48470 ns    Alert  ERROR               TB seq.(uvvm)       assert_shift_one_from_left() => Failed (pipeline num:2). tracked_value '0001' was not X1XX at the 2-cycle. 
%%  48560 ns    Alert  ERROR               TB seq.(uvvm)       assert_shift_one_from_left() => Failed (pipeline num:3). tracked_value '1100' was not XX1X at the 3-cycle. 
%%  48570 ns    Alert  ERROR               TB seq.(uvvm)       assert_shift_one_from_left() => Failed (pipeline num:1). tracked_value '0010' was not X1XX at the 2-cycle. 
%%  48580 ns    Alert  ERROR               TB seq.(uvvm)       assert_shift_one_from_left() => Failed (pipeline num:4). tracked_value '0110' was not XXX1 at the 4-cycle. 
%%  48660 ns    Alert  ERROR               TB seq.(uvvm)       assert_shift_one_from_left() => Failed (pipeline num:2). tracked_value '1100' was not XX1X at the 3-cycle. 
%%  48670 ns    Alert  ERROR               TB seq.(uvvm)       assert_shift_one_from_left() => Failed (pipeline num:4). tracked_value '0010' was not X1XX at the 2-cycle. 
%%  48760 ns    Alert  ERROR               TB seq.(uvvm)       assert_shift_one_from_left() => Failed (pipeline num:1). tracked_value '1100' was not XX1X at the 3-cycle. 
%%  48770 ns    Alert  ERROR               TB seq.(uvvm)       assert_shift_one_from_left() => Failed (pipeline num:3). tracked_value '0011' was not X1XX at the 2-cycle. 
%%  48780 ns    Alert  ERROR               TB seq.(uvvm)       assert_shift_one_from_left() => Failed (pipeline num:2). tracked_value '0110' was not XXX1 at the 4-cycle. 
%%  48860 ns    Alert  ERROR               TB seq.(uvvm)       assert_shift_one_from_left() => Failed (pipeline num:4). tracked_value '1100' was not XX1X at the 3-cycle. 
%%  48870 ns    Alert  ERROR               TB seq.(uvvm)       assert_shift_one_from_left() => Failed (pipeline num:2). tracked_value '0011' was not X1XX at the 2-cycle. 
%%  48960 ns    Alert  ERROR               TB seq.(uvvm)       assert_shift_one_from_left() => Failed (pipeline num:3). tracked_value '1100' was not XX1X at the 3-cycle. 
%%  48970 ns    Alert  ERROR               TB seq.(uvvm)       assert_shift_one_from_left() => Failed (pipeline num:4). tracked_value '0100' was not XX1X at the 3-cycle. 
%%  49060 ns    Alert  ERROR               TB seq.(uvvm)       assert_shift_one_from_left() => Failed (pipeline num:2). tracked_value '1100' was not XX1X at the 3-cycle. 
%%  49070 ns    Alert  ERROR               TB seq.(uvvm)       assert_shift_one_from_left() => Failed (pipeline num:3). tracked_value '0100' was not XX1X at the 3-cycle. 
%%  49160 ns    Alert  ERROR               TB seq.(uvvm)       assert_shift_one_from_left() => Failed (pipeline num:1). tracked_value '1100' was not XX1X at the 3-cycle. 
%%  49170 ns    Alert  ERROR               TB seq.(uvvm)       assert_shift_one_from_left() => Failed (pipeline num:2). tracked_value '0101' was not XX1X at the 3-cycle. 
%%  49260 ns    Alert  ERROR               TB seq.(uvvm)       assert_shift_one_from_left() => Failed (pipeline num:4). tracked_value '1100' was not XX1X at the 3-cycle. 
%%  49270 ns    Alert  ERROR               TB seq.(uvvm)       assert_shift_one_from_left() => Failed (pipeline num:1). tracked_value '0101' was not XX1X at the 3-cycle. 
%%  49360 ns    Alert  ERROR               TB seq.(uvvm)       assert_shift_one_from_left() => Failed (pipeline num:3). tracked_value '1100' was not XX1X at the 3-cycle. 
%%  49380 ns    Alert  ERROR               TB seq.(uvvm)       assert_shift_one_from_left() => Failed (pipeline num:4). tracked_value '0110' was not XXX1 at the 4-cycle. 
%%  49460 ns    Alert  ERROR               TB seq.(uvvm)       assert_shift_one_from_left() => Failed (pipeline num:2). tracked_value '1100' was not XX1X at the 3-cycle. 
%%  49560 ns    Alert  ERROR               TB seq.(uvvm)       assert_shift_one_from_left() => Failed (pipeline num:1). tracked_value '1100' was not XX1X at the 3-cycle. 
%%  49580 ns    Alert  ERROR               TB seq.(uvvm)       assert_shift_one_from_left() => Failed (pipeline num:2). tracked_value '0110' was not XXX1 at the 4-cycle. 
%%  49660 ns    Alert  ERROR               TB seq.(uvvm)       assert_shift_one_from_left() => Failed (pipeline num:4). tracked_value '1100' was not XX1X at the 3-cycle. 
%%  49760 ns    Alert  ERROR               TB seq.(uvvm)       assert_shift_one_from_left() => Failed (pipeline num:3). tracked_value '1100' was not XX1X at the 3-cycle. 
%%  49770 ns    Alert  ERROR               TB seq.(uvvm)       assert_shift_one_from_left() => Failed (pipeline num:1). tracked_value '1000' was not X1XX at the 2-cycle. 
%%  49770 ns    Alert  ERROR               TB seq.(uvvm)       assert_shift_one_from_left() => Failed (pipeline num:4). tracked_value '1000' was not XX1X at the 3-cycle. 
%%  49860 ns    Alert  ERROR               TB seq.(uvvm)       assert_shift_one_from_left() => Failed (pipeline num:3). tracked_value '1100' was not XX1X at the 3-cycle. 
%%  49870 ns    Alert  ERROR               TB seq.(uvvm)       assert_shift_one_from_left() => Failed (pipeline num:1). tracked_value '1000' was not X1XX at the 2-cycle. 
%%  49870 ns    Alert  ERROR               TB seq.(uvvm)       assert_shift_one_from_left() => Failed (pipeline num:4). tracked_value '1000' was not XX1X at the 3-cycle. 
%%  49960 ns    Alert  ERROR               TB seq.(uvvm)       assert_shift_one_from_left() => Failed (pipeline num:3). tracked_value '1100' was not XX1X at the 3-cycle. 
%%  49970 ns    Alert  ERROR               TB seq.(uvvm)       assert_shift_one_from_left() => Failed (pipeline num:1). tracked_value '1001' was not X1XX at the 2-cycle. 
%%  49970 ns    Alert  ERROR               TB seq.(uvvm)       assert_shift_one_from_left() => Failed (pipeline num:4). tracked_value '1001' was not XX1X at the 3-cycle. 
%%  50060 ns    Alert  ERROR               TB seq.(uvvm)       assert_shift_one_from_left() => Failed (pipeline num:3). tracked_value '1100' was not XX1X at the 3-cycle. 
%%  50070 ns    Alert  ERROR               TB seq.(uvvm)       assert_shift_one_from_left() => Failed (pipeline num:1). tracked_value '1001' was not X1XX at the 2-cycle. 
%%  50070 ns    Alert  ERROR               TB seq.(uvvm)       assert_shift_one_from_left() => Failed (pipeline num:4). tracked_value '1001' was not XX1X at the 3-cycle. 
%%  50160 ns    Alert  ERROR               TB seq.(uvvm)       assert_shift_one_from_left() => Failed (pipeline num:3). tracked_value '1100' was not XX1X at the 3-cycle. 
%%  50170 ns    Alert  ERROR               TB seq.(uvvm)       assert_shift_one_from_left() => Failed (pipeline num:1). tracked_value '1010' was not X1XX at the 2-cycle. 
%%  50180 ns    Alert  ERROR               TB seq.(uvvm)       assert_shift_one_from_left() => Failed (pipeline num:4). tracked_value '0110' was not XXX1 at the 4-cycle. 
%%  50260 ns    Alert  ERROR               TB seq.(uvvm)       assert_shift_one_from_left() => Failed (pipeline num:3). tracked_value '1100' was not XX1X at the 3-cycle. 
%%  50270 ns    Alert  ERROR               TB seq.(uvvm)       assert_shift_one_from_left() => Failed (pipeline num:1). tracked_value '1010' was not X1XX at the 2-cycle. 
%%  50360 ns    Alert  ERROR               TB seq.(uvvm)       assert_shift_one_from_left() => Failed (pipeline num:3). tracked_value '1100' was not XX1X at the 3-cycle. 
%%  50370 ns    Alert  ERROR               TB seq.(uvvm)       assert_shift_one_from_left() => Failed (pipeline num:1). tracked_value '1011' was not X1XX at the 2-cycle. 
%%  50380 ns    Alert  ERROR               TB seq.(uvvm)       assert_shift_one_from_left() => Failed (pipeline num:4). tracked_value '0110' was not XXX1 at the 4-cycle. 
%%  50460 ns    Alert  ERROR               TB seq.(uvvm)       assert_shift_one_from_left() => Failed (pipeline num:3). tracked_value '1100' was not XX1X at the 3-cycle. 
%%  50470 ns    Alert  ERROR               TB seq.(uvvm)       assert_shift_one_from_left() => Failed (pipeline num:1). tracked_value '1011' was not X1XX at the 2-cycle. 
%%  50560 ns    Alert  ERROR               TB seq.(uvvm)       assert_shift_one_from_left() => Failed (pipeline num:3). tracked_value '1100' was not XX1X at the 3-cycle. 
%%  50570 ns    Alert  ERROR               TB seq.(uvvm)       assert_shift_one_from_left() => Failed (pipeline num:4). tracked_value '1100' was not XX1X at the 3-cycle. 
%%  50660 ns    Alert  ERROR               TB seq.(uvvm)       assert_shift_one_from_left() => Failed (pipeline num:3). tracked_value '1100' was not XX1X at the 3-cycle. 
%%  50670 ns    Alert  ERROR               TB seq.(uvvm)       assert_shift_one_from_left() => Failed (pipeline num:4). tracked_value '1100' was not XX1X at the 3-cycle. 
%%  50760 ns    Alert  ERROR               TB seq.(uvvm)       assert_shift_one_from_left() => Failed (pipeline num:3). tracked_value '1100' was not XX1X at the 3-cycle. 
%%  50770 ns    Alert  ERROR               TB seq.(uvvm)       assert_shift_one_from_left() => Failed (pipeline num:4). tracked_value '1101' was not XX1X at the 3-cycle. 
%%  50860 ns    Alert  ERROR               TB seq.(uvvm)       assert_shift_one_from_left() => Failed (pipeline num:3). tracked_value '1100' was not XX1X at the 3-cycle. 
%%  50870 ns    Alert  ERROR               TB seq.(uvvm)       assert_shift_one_from_left() => Failed (pipeline num:4). tracked_value '1101' was not XX1X at the 3-cycle. 
%%  50960 ns    Alert  ERROR               TB seq.(uvvm)       assert_shift_one_from_left() => Failed (pipeline num:3). tracked_value '1100' was not XX1X at the 3-cycle. 
%%  50980 ns    Alert  ERROR               TB seq.(uvvm)       assert_shift_one_from_left() => Failed (pipeline num:4). tracked_value '0110' was not XXX1 at the 4-cycle. 
%%  51060 ns    Alert  ERROR               TB seq.(uvvm)       assert_shift_one_from_left() => Failed (pipeline num:3). tracked_value '1100' was not XX1X at the 3-cycle. 
%%  51160 ns    Alert  ERROR               TB seq.(uvvm)       assert_shift_one_from_left() => Failed (pipeline num:3). tracked_value '1100' was not XX1X at the 3-cycle. 
%%  51180 ns    Alert  ERROR               TB seq.(uvvm)       assert_shift_one_from_left() => Failed (pipeline num:4). tracked_value '0110' was not XXX1 at the 4-cycle. 
%%  51260 ns    Alert  ERROR               TB seq.(uvvm)       assert_shift_one_from_left() => Failed (pipeline num:3). tracked_value '1100' was not XX1X at the 3-cycle. 
%%  51360 ns    Alert  ERROR               TB seq.(uvvm)       assert_shift_one_from_left() => Failed (pipeline num:3). tracked_value '1101' was not XX1X at the 3-cycle. 
%%  51370 ns    Alert  ERROR               TB seq.(uvvm)       assert_shift_one_from_left() => Failed (pipeline num:1). tracked_value '0000' was not X1XX at the 2-cycle. 
%%  51370 ns    Alert  ERROR               TB seq.(uvvm)       assert_shift_one_from_left() => Failed (pipeline num:4). tracked_value '0000' was not XX1X at the 3-cycle. 
%%  51460 ns    Alert  ERROR               TB seq.(uvvm)       assert_shift_one_from_left() => Failed (pipeline num:2). tracked_value '1101' was not XX1X at the 3-cycle. 
%%  51470 ns    Alert  ERROR               TB seq.(uvvm)       assert_shift_one_from_left() => Failed (pipeline num:3). tracked_value '0000' was not XX1X at the 3-cycle. 
%%  51470 ns    Alert  ERROR               TB seq.(uvvm)       assert_shift_one_from_left() => Failed (pipeline num:4). tracked_value '0000' was not X1XX at the 2-cycle. 
%%  51560 ns    Alert  ERROR               TB seq.(uvvm)       assert_shift_one_from_left() => Failed (pipeline num:1). tracked_value '1101' was not XX1X at the 3-cycle. 
%%  51570 ns    Alert  ERROR               TB seq.(uvvm)       assert_shift_one_from_left() => Failed (pipeline num:2). tracked_value '0001' was not XX1X at the 3-cycle. 
%%  51570 ns    Alert  ERROR               TB seq.(uvvm)       assert_shift_one_from_left() => Failed (pipeline num:3). tracked_value '0001' was not X1XX at the 2-cycle. 
%%  51660 ns    Alert  ERROR               TB seq.(uvvm)       assert_shift_one_from_left() => Failed (pipeline num:4). tracked_value '1101' was not XX1X at the 3-cycle. 
%%  51670 ns    Alert  ERROR               TB seq.(uvvm)       assert_shift_one_from_left() => Failed (pipeline num:1). tracked_value '0001' was not XX1X at the 3-cycle. 
%%  51670 ns    Alert  ERROR               TB seq.(uvvm)       assert_shift_one_from_left() => Failed (pipeline num:2). tracked_value '0001' was not X1XX at the 2-cycle. 
%%  51760 ns    Alert  ERROR               TB seq.(uvvm)       assert_shift_one_from_left() => Failed (pipeline num:3). tracked_value '1101' was not XX1X at the 3-cycle. 
%%  51770 ns    Alert  ERROR               TB seq.(uvvm)       assert_shift_one_from_left() => Failed (pipeline num:1). tracked_value '0010' was not X1XX at the 2-cycle. 
%%  51780 ns    Alert  ERROR               TB seq.(uvvm)       assert_shift_one_from_left() => Failed (pipeline num:4). tracked_value '0110' was not XXX1 at the 4-cycle. 
%%  51860 ns    Alert  ERROR               TB seq.(uvvm)       assert_shift_one_from_left() => Failed (pipeline num:2). tracked_value '1101' was not XX1X at the 3-cycle. 
%%  51870 ns    Alert  ERROR               TB seq.(uvvm)       assert_shift_one_from_left() => Failed (pipeline num:4). tracked_value '0010' was not X1XX at the 2-cycle. 
%%  51960 ns    Alert  ERROR               TB seq.(uvvm)       assert_shift_one_from_left() => Failed (pipeline num:1). tracked_value '1101' was not XX1X at the 3-cycle. 
%%  51970 ns    Alert  ERROR               TB seq.(uvvm)       assert_shift_one_from_left() => Failed (pipeline num:3). tracked_value '0011' was not X1XX at the 2-cycle. 
%%  51980 ns    Alert  ERROR               TB seq.(uvvm)       assert_shift_one_from_left() => Failed (pipeline num:2). tracked_value '0110' was not XXX1 at the 4-cycle. 
%%  52060 ns    Alert  ERROR               TB seq.(uvvm)       assert_shift_one_from_left() => Failed (pipeline num:4). tracked_value '1101' was not XX1X at the 3-cycle. 
%%  52070 ns    Alert  ERROR               TB seq.(uvvm)       assert_shift_one_from_left() => Failed (pipeline num:2). tracked_value '0011' was not X1XX at the 2-cycle. 
%%  52160 ns    Alert  ERROR               TB seq.(uvvm)       assert_shift_one_from_left() => Failed (pipeline num:3). tracked_value '1101' was not XX1X at the 3-cycle. 
%%  52170 ns    Alert  ERROR               TB seq.(uvvm)       assert_shift_one_from_left() => Failed (pipeline num:4). tracked_value '0100' was not XX1X at the 3-cycle. 
%%  52260 ns    Alert  ERROR               TB seq.(uvvm)       assert_shift_one_from_left() => Failed (pipeline num:2). tracked_value '1101' was not XX1X at the 3-cycle. 
%%  52270 ns    Alert  ERROR               TB seq.(uvvm)       assert_shift_one_from_left() => Failed (pipeline num:3). tracked_value '0100' was not XX1X at the 3-cycle. 
%%  52360 ns    Alert  ERROR               TB seq.(uvvm)       assert_shift_one_from_left() => Failed (pipeline num:1). tracked_value '1101' was not XX1X at the 3-cycle. 
%%  52370 ns    Alert  ERROR               TB seq.(uvvm)       assert_shift_one_from_left() => Failed (pipeline num:2). tracked_value '0101' was not XX1X at the 3-cycle. 
%%  52460 ns    Alert  ERROR               TB seq.(uvvm)       assert_shift_one_from_left() => Failed (pipeline num:4). tracked_value '1101' was not XX1X at the 3-cycle. 
%%  52470 ns    Alert  ERROR               TB seq.(uvvm)       assert_shift_one_from_left() => Failed (pipeline num:1). tracked_value '0101' was not XX1X at the 3-cycle. 
%%  52560 ns    Alert  ERROR               TB seq.(uvvm)       assert_shift_one_from_left() => Failed (pipeline num:3). tracked_value '1101' was not XX1X at the 3-cycle. 
%%  52580 ns    Alert  ERROR               TB seq.(uvvm)       assert_shift_one_from_left() => Failed (pipeline num:4). tracked_value '0110' was not XXX1 at the 4-cycle. 
%%  52660 ns    Alert  ERROR               TB seq.(uvvm)       assert_shift_one_from_left() => Failed (pipeline num:2). tracked_value '1101' was not XX1X at the 3-cycle. 
%%  52760 ns    Alert  ERROR               TB seq.(uvvm)       assert_shift_one_from_left() => Failed (pipeline num:1). tracked_value '1101' was not XX1X at the 3-cycle. 
%%  52780 ns    Alert  ERROR               TB seq.(uvvm)       assert_shift_one_from_left() => Failed (pipeline num:2). tracked_value '0110' was not XXX1 at the 4-cycle. 
%%  52860 ns    Alert  ERROR               TB seq.(uvvm)       assert_shift_one_from_left() => Failed (pipeline num:4). tracked_value '1101' was not XX1X at the 3-cycle. 
%%  52960 ns    Alert  ERROR               TB seq.(uvvm)       assert_shift_one_from_left() => Failed (pipeline num:3). tracked_value '1101' was not XX1X at the 3-cycle. 
%%  52970 ns    Alert  ERROR               TB seq.(uvvm)       assert_shift_one_from_left() => Failed (pipeline num:1). tracked_value '1000' was not X1XX at the 2-cycle. 
%%  52970 ns    Alert  ERROR               TB seq.(uvvm)       assert_shift_one_from_left() => Failed (pipeline num:4). tracked_value '1000' was not XX1X at the 3-cycle. 
%%  53060 ns    Alert  ERROR               TB seq.(uvvm)       assert_shift_one_from_left() => Failed (pipeline num:3). tracked_value '1101' was not XX1X at the 3-cycle. 
%%  53070 ns    Alert  ERROR               TB seq.(uvvm)       assert_shift_one_from_left() => Failed (pipeline num:1). tracked_value '1000' was not X1XX at the 2-cycle. 
%%  53070 ns    Alert  ERROR               TB seq.(uvvm)       assert_shift_one_from_left() => Failed (pipeline num:4). tracked_value '1000' was not XX1X at the 3-cycle. 
%%  53160 ns    Alert  ERROR               TB seq.(uvvm)       assert_shift_one_from_left() => Failed (pipeline num:3). tracked_value '1101' was not XX1X at the 3-cycle. 
%%  53170 ns    Alert  ERROR               TB seq.(uvvm)       assert_shift_one_from_left() => Failed (pipeline num:1). tracked_value '1001' was not X1XX at the 2-cycle. 
%%  53170 ns    Alert  ERROR               TB seq.(uvvm)       assert_shift_one_from_left() => Failed (pipeline num:4). tracked_value '1001' was not XX1X at the 3-cycle. 
%%  53260 ns    Alert  ERROR               TB seq.(uvvm)       assert_shift_one_from_left() => Failed (pipeline num:3). tracked_value '1101' was not XX1X at the 3-cycle. 
%%  53270 ns    Alert  ERROR               TB seq.(uvvm)       assert_shift_one_from_left() => Failed (pipeline num:1). tracked_value '1001' was not X1XX at the 2-cycle. 
%%  53270 ns    Alert  ERROR               TB seq.(uvvm)       assert_shift_one_from_left() => Failed (pipeline num:4). tracked_value '1001' was not XX1X at the 3-cycle. 
%%  53360 ns    Alert  ERROR               TB seq.(uvvm)       assert_shift_one_from_left() => Failed (pipeline num:3). tracked_value '1101' was not XX1X at the 3-cycle. 
%%  53370 ns    Alert  ERROR               TB seq.(uvvm)       assert_shift_one_from_left() => Failed (pipeline num:1). tracked_value '1010' was not X1XX at the 2-cycle. 
%%  53380 ns    Alert  ERROR               TB seq.(uvvm)       assert_shift_one_from_left() => Failed (pipeline num:4). tracked_value '0110' was not XXX1 at the 4-cycle. 
%%  53460 ns    Alert  ERROR               TB seq.(uvvm)       assert_shift_one_from_left() => Failed (pipeline num:3). tracked_value '1101' was not XX1X at the 3-cycle. 
%%  53470 ns    Alert  ERROR               TB seq.(uvvm)       assert_shift_one_from_left() => Failed (pipeline num:1). tracked_value '1010' was not X1XX at the 2-cycle. 
%%  53560 ns    Alert  ERROR               TB seq.(uvvm)       assert_shift_one_from_left() => Failed (pipeline num:3). tracked_value '1101' was not XX1X at the 3-cycle. 
%%  53570 ns    Alert  ERROR               TB seq.(uvvm)       assert_shift_one_from_left() => Failed (pipeline num:1). tracked_value '1011' was not X1XX at the 2-cycle. 
%%  53580 ns    Alert  ERROR               TB seq.(uvvm)       assert_shift_one_from_left() => Failed (pipeline num:4). tracked_value '0110' was not XXX1 at the 4-cycle. 
%%  53660 ns    Alert  ERROR               TB seq.(uvvm)       assert_shift_one_from_left() => Failed (pipeline num:3). tracked_value '1101' was not XX1X at the 3-cycle. 
%%  53670 ns    Alert  ERROR               TB seq.(uvvm)       assert_shift_one_from_left() => Failed (pipeline num:1). tracked_value '1011' was not X1XX at the 2-cycle. 
%%  53760 ns    Alert  ERROR               TB seq.(uvvm)       assert_shift_one_from_left() => Failed (pipeline num:3). tracked_value '1101' was not XX1X at the 3-cycle. 
%%  53770 ns    Alert  ERROR               TB seq.(uvvm)       assert_shift_one_from_left() => Failed (pipeline num:4). tracked_value '1100' was not XX1X at the 3-cycle. 
%%  53860 ns    Alert  ERROR               TB seq.(uvvm)       assert_shift_one_from_left() => Failed (pipeline num:3). tracked_value '1101' was not XX1X at the 3-cycle. 
%%  53870 ns    Alert  ERROR               TB seq.(uvvm)       assert_shift_one_from_left() => Failed (pipeline num:4). tracked_value '1100' was not XX1X at the 3-cycle. 
%%  53960 ns    Alert  ERROR               TB seq.(uvvm)       assert_shift_one_from_left() => Failed (pipeline num:3). tracked_value '1101' was not XX1X at the 3-cycle. 
%%  53970 ns    Alert  ERROR               TB seq.(uvvm)       assert_shift_one_from_left() => Failed (pipeline num:4). tracked_value '1101' was not XX1X at the 3-cycle. 
%%  54060 ns    Alert  ERROR               TB seq.(uvvm)       assert_shift_one_from_left() => Failed (pipeline num:3). tracked_value '1101' was not XX1X at the 3-cycle. 
%%  54070 ns    Alert  ERROR               TB seq.(uvvm)       assert_shift_one_from_left() => Failed (pipeline num:4). tracked_value '1101' was not XX1X at the 3-cycle. 
%%  54160 ns    Alert  ERROR               TB seq.(uvvm)       assert_shift_one_from_left() => Failed (pipeline num:3). tracked_value '1101' was not XX1X at the 3-cycle. 
%%  54180 ns    Alert  ERROR               TB seq.(uvvm)       assert_shift_one_from_left() => Failed (pipeline num:4). tracked_value '0110' was not XXX1 at the 4-cycle. 
%%  54260 ns    Alert  ERROR               TB seq.(uvvm)       assert_shift_one_from_left() => Failed (pipeline num:3). tracked_value '1101' was not XX1X at the 3-cycle. 
%%  54360 ns    Alert  ERROR               TB seq.(uvvm)       assert_shift_one_from_left() => Failed (pipeline num:3). tracked_value '1101' was not XX1X at the 3-cycle. 
%%  54380 ns    Alert  ERROR               TB seq.(uvvm)       assert_shift_one_from_left() => Failed (pipeline num:4). tracked_value '0110' was not XXX1 at the 4-cycle. 
%%  54460 ns    Alert  ERROR               TB seq.(uvvm)       assert_shift_one_from_left() => Failed (pipeline num:3). tracked_value '1101' was not XX1X at the 3-cycle. 
%%  54570 ns    Alert  ERROR               TB seq.(uvvm)       assert_shift_one_from_left() => Failed (pipeline num:1). tracked_value '0000' was not X1XX at the 2-cycle. 
%%  54570 ns    Alert  ERROR               TB seq.(uvvm)       assert_shift_one_from_left() => Failed (pipeline num:3). tracked_value '0000' was not XXX1 at the 4-cycle. 
%%  54570 ns    Alert  ERROR               TB seq.(uvvm)       assert_shift_one_from_left() => Failed (pipeline num:4). tracked_value '0000' was not XX1X at the 3-cycle. 
%%  54670 ns    Alert  ERROR               TB seq.(uvvm)       assert_shift_one_from_left() => Failed (pipeline num:2). tracked_value '0000' was not XXX1 at the 4-cycle. 
%%  54670 ns    Alert  ERROR               TB seq.(uvvm)       assert_shift_one_from_left() => Failed (pipeline num:3). tracked_value '0000' was not XX1X at the 3-cycle. 
%%  54670 ns    Alert  ERROR               TB seq.(uvvm)       assert_shift_one_from_left() => Failed (pipeline num:4). tracked_value '0000' was not X1XX at the 2-cycle. 
%%  54770 ns    Alert  ERROR               TB seq.(uvvm)       assert_shift_one_from_left() => Failed (pipeline num:2). tracked_value '0001' was not XX1X at the 3-cycle. 
%%  54770 ns    Alert  ERROR               TB seq.(uvvm)       assert_shift_one_from_left() => Failed (pipeline num:3). tracked_value '0001' was not X1XX at the 2-cycle. 
%%  54870 ns    Alert  ERROR               TB seq.(uvvm)       assert_shift_one_from_left() => Failed (pipeline num:1). tracked_value '0001' was not XX1X at the 3-cycle. 
%%  54870 ns    Alert  ERROR               TB seq.(uvvm)       assert_shift_one_from_left() => Failed (pipeline num:2). tracked_value '0001' was not X1XX at the 2-cycle. 
%%  54970 ns    Alert  ERROR               TB seq.(uvvm)       assert_shift_one_from_left() => Failed (pipeline num:1). tracked_value '0010' was not X1XX at the 2-cycle. 
%%  54970 ns    Alert  ERROR               TB seq.(uvvm)       assert_shift_one_from_left() => Failed (pipeline num:3). tracked_value '0010' was not XXX1 at the 4-cycle. 
%%  54980 ns    Alert  ERROR               TB seq.(uvvm)       assert_shift_one_from_left() => Failed (pipeline num:4). tracked_value '0110' was not XXX1 at the 4-cycle. 
%%  55070 ns    Alert  ERROR               TB seq.(uvvm)       assert_shift_one_from_left() => Failed (pipeline num:2). tracked_value '0010' was not XXX1 at the 4-cycle. 
%%  55070 ns    Alert  ERROR               TB seq.(uvvm)       assert_shift_one_from_left() => Failed (pipeline num:4). tracked_value '0010' was not X1XX at the 2-cycle. 
%%  55170 ns    Alert  ERROR               TB seq.(uvvm)       assert_shift_one_from_left() => Failed (pipeline num:3). tracked_value '0011' was not X1XX at the 2-cycle. 
%%  55180 ns    Alert  ERROR               TB seq.(uvvm)       assert_shift_one_from_left() => Failed (pipeline num:2). tracked_value '0110' was not XXX1 at the 4-cycle. 
%%  55270 ns    Alert  ERROR               TB seq.(uvvm)       assert_shift_one_from_left() => Failed (pipeline num:2). tracked_value '0011' was not X1XX at the 2-cycle. 
%%  55370 ns    Alert  ERROR               TB seq.(uvvm)       assert_shift_one_from_left() => Failed (pipeline num:3). tracked_value '0100' was not XXX1 at the 4-cycle. 
%%  55370 ns    Alert  ERROR               TB seq.(uvvm)       assert_shift_one_from_left() => Failed (pipeline num:4). tracked_value '0100' was not XX1X at the 3-cycle. 
%%  55470 ns    Alert  ERROR               TB seq.(uvvm)       assert_shift_one_from_left() => Failed (pipeline num:2). tracked_value '0100' was not XXX1 at the 4-cycle. 
%%  55470 ns    Alert  ERROR               TB seq.(uvvm)       assert_shift_one_from_left() => Failed (pipeline num:3). tracked_value '0100' was not XX1X at the 3-cycle. 
%%  55570 ns    Alert  ERROR               TB seq.(uvvm)       assert_shift_one_from_left() => Failed (pipeline num:2). tracked_value '0101' was not XX1X at the 3-cycle. 
%%  55670 ns    Alert  ERROR               TB seq.(uvvm)       assert_shift_one_from_left() => Failed (pipeline num:1). tracked_value '0101' was not XX1X at the 3-cycle. 
%%  55770 ns    Alert  ERROR               TB seq.(uvvm)       assert_shift_one_from_left() => Failed (pipeline num:3). tracked_value '0110' was not XXX1 at the 4-cycle. 
%%  55780 ns    Alert  ERROR               TB seq.(uvvm)       assert_shift_one_from_left() => Failed (pipeline num:4). tracked_value '0110' was not XXX1 at the 4-cycle. 
%%  55870 ns    Alert  ERROR               TB seq.(uvvm)       assert_shift_one_from_left() => Failed (pipeline num:2). tracked_value '0110' was not XXX1 at the 4-cycle. 
%%  55980 ns    Alert  ERROR               TB seq.(uvvm)       assert_shift_one_from_left() => Failed (pipeline num:2). tracked_value '0110' was not XXX1 at the 4-cycle. 
%%  56170 ns    Alert  ERROR               TB seq.(uvvm)       assert_shift_one_from_left() => Failed (pipeline num:1). tracked_value '1000' was not X1XX at the 2-cycle. 
%%  56170 ns    Alert  ERROR               TB seq.(uvvm)       assert_shift_one_from_left() => Failed (pipeline num:3). tracked_value '1000' was not XXX1 at the 4-cycle. 
%%  56170 ns    Alert  ERROR               TB seq.(uvvm)       assert_shift_one_from_left() => Failed (pipeline num:4). tracked_value '1000' was not XX1X at the 3-cycle. 
%%  56270 ns    Alert  ERROR               TB seq.(uvvm)       assert_shift_one_from_left() => Failed (pipeline num:1). tracked_value '1000' was not X1XX at the 2-cycle. 
%%  56270 ns    Alert  ERROR               TB seq.(uvvm)       assert_shift_one_from_left() => Failed (pipeline num:3). tracked_value '1000' was not XXX1 at the 4-cycle. 
%%  56270 ns    Alert  ERROR               TB seq.(uvvm)       assert_shift_one_from_left() => Failed (pipeline num:4). tracked_value '1000' was not XX1X at the 3-cycle. 
%%  56370 ns    Alert  ERROR               TB seq.(uvvm)       assert_shift_one_from_left() => Failed (pipeline num:1). tracked_value '1001' was not X1XX at the 2-cycle. 
%%  56370 ns    Alert  ERROR               TB seq.(uvvm)       assert_shift_one_from_left() => Failed (pipeline num:4). tracked_value '1001' was not XX1X at the 3-cycle. 
%%  56470 ns    Alert  ERROR               TB seq.(uvvm)       assert_shift_one_from_left() => Failed (pipeline num:1). tracked_value '1001' was not X1XX at the 2-cycle. 
%%  56470 ns    Alert  ERROR               TB seq.(uvvm)       assert_shift_one_from_left() => Failed (pipeline num:4). tracked_value '1001' was not XX1X at the 3-cycle. 
%%  56570 ns    Alert  ERROR               TB seq.(uvvm)       assert_shift_one_from_left() => Failed (pipeline num:1). tracked_value '1010' was not X1XX at the 2-cycle. 
%%  56570 ns    Alert  ERROR               TB seq.(uvvm)       assert_shift_one_from_left() => Failed (pipeline num:3). tracked_value '1010' was not XXX1 at the 4-cycle. 
%%  56580 ns    Alert  ERROR               TB seq.(uvvm)       assert_shift_one_from_left() => Failed (pipeline num:4). tracked_value '0110' was not XXX1 at the 4-cycle. 
%%  56670 ns    Alert  ERROR               TB seq.(uvvm)       assert_shift_one_from_left() => Failed (pipeline num:1). tracked_value '1010' was not X1XX at the 2-cycle. 
%%  56670 ns    Alert  ERROR               TB seq.(uvvm)       assert_shift_one_from_left() => Failed (pipeline num:3). tracked_value '1010' was not XXX1 at the 4-cycle. 
%%  56770 ns    Alert  ERROR               TB seq.(uvvm)       assert_shift_one_from_left() => Failed (pipeline num:1). tracked_value '1011' was not X1XX at the 2-cycle. 
%%  56780 ns    Alert  ERROR               TB seq.(uvvm)       assert_shift_one_from_left() => Failed (pipeline num:4). tracked_value '0110' was not XXX1 at the 4-cycle. 
%%  56870 ns    Alert  ERROR               TB seq.(uvvm)       assert_shift_one_from_left() => Failed (pipeline num:1). tracked_value '1011' was not X1XX at the 2-cycle. 
%%  56970 ns    Alert  ERROR               TB seq.(uvvm)       assert_shift_one_from_left() => Failed (pipeline num:3). tracked_value '1100' was not XXX1 at the 4-cycle. 
%%  56970 ns    Alert  ERROR               TB seq.(uvvm)       assert_shift_one_from_left() => Failed (pipeline num:4). tracked_value '1100' was not XX1X at the 3-cycle. 
%%  57070 ns    Alert  ERROR               TB seq.(uvvm)       assert_shift_one_from_left() => Failed (pipeline num:3). tracked_value '1100' was not XXX1 at the 4-cycle. 
%%  57070 ns    Alert  ERROR               TB seq.(uvvm)       assert_shift_one_from_left() => Failed (pipeline num:4). tracked_value '1100' was not XX1X at the 3-cycle. 
%%  57170 ns    Alert  ERROR               TB seq.(uvvm)       assert_shift_one_from_left() => Failed (pipeline num:4). tracked_value '1101' was not XX1X at the 3-cycle. 
%%  57270 ns    Alert  ERROR               TB seq.(uvvm)       assert_shift_one_from_left() => Failed (pipeline num:4). tracked_value '1101' was not XX1X at the 3-cycle. 
%%  57370 ns    Alert  ERROR               TB seq.(uvvm)       assert_shift_one_from_left() => Failed (pipeline num:3). tracked_value '1110' was not XXX1 at the 4-cycle. 
%%  57380 ns    Alert  ERROR               TB seq.(uvvm)       assert_shift_one_from_left() => Failed (pipeline num:4). tracked_value '0110' was not XXX1 at the 4-cycle. 
%%  57470 ns    Alert  ERROR               TB seq.(uvvm)       assert_shift_one_from_left() => Failed (pipeline num:3). tracked_value '1110' was not XXX1 at the 4-cycle. 
%%  57580 ns    Alert  ERROR               TB seq.(uvvm)       assert_shift_one_from_left() => Failed (pipeline num:4). tracked_value '0110' was not XXX1 at the 4-cycle. 
%%  57770 ns    Alert  ERROR               TB seq.(uvvm)       assert_shift_one_from_left() => Failed (pipeline num:1). tracked_value '0000' was not X1XX at the 2-cycle. 
%%  57770 ns    Alert  ERROR               TB seq.(uvvm)       assert_shift_one_from_left() => Failed (pipeline num:3). tracked_value '0000' was not XXX1 at the 4-cycle. 
%%  57770 ns    Alert  ERROR               TB seq.(uvvm)       assert_shift_one_from_left() => Failed (pipeline num:4). tracked_value '0000' was not XX1X at the 3-cycle. 
%%  57870 ns    Alert  ERROR               TB seq.(uvvm)       assert_shift_one_from_left() => Failed (pipeline num:2). tracked_value '0000' was not XXX1 at the 4-cycle. 
%%  57870 ns    Alert  ERROR               TB seq.(uvvm)       assert_shift_one_from_left() => Failed (pipeline num:3). tracked_value '0000' was not XX1X at the 3-cycle. 
%%  57870 ns    Alert  ERROR               TB seq.(uvvm)       assert_shift_one_from_left() => Failed (pipeline num:4). tracked_value '0000' was not X1XX at the 2-cycle. 
%%  57970 ns    Alert  ERROR               TB seq.(uvvm)       assert_shift_one_from_left() => Failed (pipeline num:2). tracked_value '0001' was not XX1X at the 3-cycle. 
%%  57970 ns    Alert  ERROR               TB seq.(uvvm)       assert_shift_one_from_left() => Failed (pipeline num:3). tracked_value '0001' was not X1XX at the 2-cycle. 
%%  58070 ns    Alert  ERROR               TB seq.(uvvm)       assert_shift_one_from_left() => Failed (pipeline num:1). tracked_value '0001' was not XX1X at the 3-cycle. 
%%  58070 ns    Alert  ERROR               TB seq.(uvvm)       assert_shift_one_from_left() => Failed (pipeline num:2). tracked_value '0001' was not X1XX at the 2-cycle. 
%%  58170 ns    Alert  ERROR               TB seq.(uvvm)       assert_shift_one_from_left() => Failed (pipeline num:1). tracked_value '0010' was not X1XX at the 2-cycle. 
%%  58170 ns    Alert  ERROR               TB seq.(uvvm)       assert_shift_one_from_left() => Failed (pipeline num:3). tracked_value '0010' was not XXX1 at the 4-cycle. 
%%  58180 ns    Alert  ERROR               TB seq.(uvvm)       assert_shift_one_from_left() => Failed (pipeline num:4). tracked_value '0110' was not XXX1 at the 4-cycle. 
%%  58270 ns    Alert  ERROR               TB seq.(uvvm)       assert_shift_one_from_left() => Failed (pipeline num:2). tracked_value '0010' was not XXX1 at the 4-cycle. 
%%  58270 ns    Alert  ERROR               TB seq.(uvvm)       assert_shift_one_from_left() => Failed (pipeline num:4). tracked_value '0010' was not X1XX at the 2-cycle. 
%%  58370 ns    Alert  ERROR               TB seq.(uvvm)       assert_shift_one_from_left() => Failed (pipeline num:3). tracked_value '0011' was not X1XX at the 2-cycle. 
%%  58380 ns    Alert  ERROR               TB seq.(uvvm)       assert_shift_one_from_left() => Failed (pipeline num:2). tracked_value '0110' was not XXX1 at the 4-cycle. 
%%  58470 ns    Alert  ERROR               TB seq.(uvvm)       assert_shift_one_from_left() => Failed (pipeline num:2). tracked_value '0011' was not X1XX at the 2-cycle. 
%%  58570 ns    Alert  ERROR               TB seq.(uvvm)       assert_shift_one_from_left() => Failed (pipeline num:3). tracked_value '0100' was not XXX1 at the 4-cycle. 
%%  58570 ns    Alert  ERROR               TB seq.(uvvm)       assert_shift_one_from_left() => Failed (pipeline num:4). tracked_value '0100' was not XX1X at the 3-cycle. 
%%  58670 ns    Alert  ERROR               TB seq.(uvvm)       assert_shift_one_from_left() => Failed (pipeline num:2). tracked_value '0100' was not XXX1 at the 4-cycle. 
%%  58670 ns    Alert  ERROR               TB seq.(uvvm)       assert_shift_one_from_left() => Failed (pipeline num:3). tracked_value '0100' was not XX1X at the 3-cycle. 
%%  58770 ns    Alert  ERROR               TB seq.(uvvm)       assert_shift_one_from_left() => Failed (pipeline num:2). tracked_value '0101' was not XX1X at the 3-cycle. 
%%  58870 ns    Alert  ERROR               TB seq.(uvvm)       assert_shift_one_from_left() => Failed (pipeline num:1). tracked_value '0101' was not XX1X at the 3-cycle. 
%%  58970 ns    Alert  ERROR               TB seq.(uvvm)       assert_shift_one_from_left() => Failed (pipeline num:3). tracked_value '0110' was not XXX1 at the 4-cycle. 
%%  58980 ns    Alert  ERROR               TB seq.(uvvm)       assert_shift_one_from_left() => Failed (pipeline num:4). tracked_value '0110' was not XXX1 at the 4-cycle. 
%%  59070 ns    Alert  ERROR               TB seq.(uvvm)       assert_shift_one_from_left() => Failed (pipeline num:2). tracked_value '0110' was not XXX1 at the 4-cycle. 
%%  59180 ns    Alert  ERROR               TB seq.(uvvm)       assert_shift_one_from_left() => Failed (pipeline num:2). tracked_value '0110' was not XXX1 at the 4-cycle. 
%%  59370 ns    Alert  ERROR               TB seq.(uvvm)       assert_shift_one_from_left() => Failed (pipeline num:1). tracked_value '1000' was not X1XX at the 2-cycle. 
%%  59370 ns    Alert  ERROR               TB seq.(uvvm)       assert_shift_one_from_left() => Failed (pipeline num:3). tracked_value '1000' was not XXX1 at the 4-cycle. 
%%  59370 ns    Alert  ERROR               TB seq.(uvvm)       assert_shift_one_from_left() => Failed (pipeline num:4). tracked_value '1000' was not XX1X at the 3-cycle. 
%%  59470 ns    Alert  ERROR               TB seq.(uvvm)       assert_shift_one_from_left() => Failed (pipeline num:1). tracked_value '1000' was not X1XX at the 2-cycle. 
%%  59470 ns    Alert  ERROR               TB seq.(uvvm)       assert_shift_one_from_left() => Failed (pipeline num:3). tracked_value '1000' was not XXX1 at the 4-cycle. 
%%  59470 ns    Alert  ERROR               TB seq.(uvvm)       assert_shift_one_from_left() => Failed (pipeline num:4). tracked_value '1000' was not XX1X at the 3-cycle. 
%%  59570 ns    Alert  ERROR               TB seq.(uvvm)       assert_shift_one_from_left() => Failed (pipeline num:1). tracked_value '1001' was not X1XX at the 2-cycle. 
%%  59570 ns    Alert  ERROR               TB seq.(uvvm)       assert_shift_one_from_left() => Failed (pipeline num:4). tracked_value '1001' was not XX1X at the 3-cycle. 
%%  59670 ns    Alert  ERROR               TB seq.(uvvm)       assert_shift_one_from_left() => Failed (pipeline num:1). tracked_value '1001' was not X1XX at the 2-cycle. 
%%  59670 ns    Alert  ERROR               TB seq.(uvvm)       assert_shift_one_from_left() => Failed (pipeline num:4). tracked_value '1001' was not XX1X at the 3-cycle. 
%%  59770 ns    Alert  ERROR               TB seq.(uvvm)       assert_shift_one_from_left() => Failed (pipeline num:1). tracked_value '1010' was not X1XX at the 2-cycle. 
%%  59770 ns    Alert  ERROR               TB seq.(uvvm)       assert_shift_one_from_left() => Failed (pipeline num:3). tracked_value '1010' was not XXX1 at the 4-cycle. 
%%  59780 ns    Alert  ERROR               TB seq.(uvvm)       assert_shift_one_from_left() => Failed (pipeline num:4). tracked_value '0110' was not XXX1 at the 4-cycle. 
%%  59870 ns    Alert  ERROR               TB seq.(uvvm)       assert_shift_one_from_left() => Failed (pipeline num:1). tracked_value '1010' was not X1XX at the 2-cycle. 
%%  59870 ns    Alert  ERROR               TB seq.(uvvm)       assert_shift_one_from_left() => Failed (pipeline num:3). tracked_value '1010' was not XXX1 at the 4-cycle. 
%%  59970 ns    Alert  ERROR               TB seq.(uvvm)       assert_shift_one_from_left() => Failed (pipeline num:1). tracked_value '1011' was not X1XX at the 2-cycle. 
%%  59980 ns    Alert  ERROR               TB seq.(uvvm)       assert_shift_one_from_left() => Failed (pipeline num:4). tracked_value '0110' was not XXX1 at the 4-cycle. 
%%  60070 ns    Alert  ERROR               TB seq.(uvvm)       assert_shift_one_from_left() => Failed (pipeline num:1). tracked_value '1011' was not X1XX at the 2-cycle. 
%%  60170 ns    Alert  ERROR               TB seq.(uvvm)       assert_shift_one_from_left() => Failed (pipeline num:3). tracked_value '1100' was not XXX1 at the 4-cycle. 
%%  60170 ns    Alert  ERROR               TB seq.(uvvm)       assert_shift_one_from_left() => Failed (pipeline num:4). tracked_value '1100' was not XX1X at the 3-cycle. 
%%  60270 ns    Alert  ERROR               TB seq.(uvvm)       assert_shift_one_from_left() => Failed (pipeline num:3). tracked_value '1100' was not XXX1 at the 4-cycle. 
%%  60270 ns    Alert  ERROR               TB seq.(uvvm)       assert_shift_one_from_left() => Failed (pipeline num:4). tracked_value '1100' was not XX1X at the 3-cycle. 
%%  60370 ns    Alert  ERROR               TB seq.(uvvm)       assert_shift_one_from_left() => Failed (pipeline num:4). tracked_value '1101' was not XX1X at the 3-cycle. 
%%  60470 ns    Alert  ERROR               TB seq.(uvvm)       assert_shift_one_from_left() => Failed (pipeline num:4). tracked_value '1101' was not XX1X at the 3-cycle. 
%%  60570 ns    Alert  ERROR               TB seq.(uvvm)       assert_shift_one_from_left() => Failed (pipeline num:3). tracked_value '1110' was not XXX1 at the 4-cycle. 
%%  60580 ns    Alert  ERROR               TB seq.(uvvm)       assert_shift_one_from_left() => Failed (pipeline num:4). tracked_value '0110' was not XXX1 at the 4-cycle. 
%%  60670 ns    Alert  ERROR               TB seq.(uvvm)       assert_shift_one_from_left() => Failed (pipeline num:3). tracked_value '1110' was not XXX1 at the 4-cycle. 
%%  60780 ns    Alert  ERROR               TB seq.(uvvm)       assert_shift_one_from_left() => Failed (pipeline num:4). tracked_value '0110' was not XXX1 at the 4-cycle. 
%% 
%% 
%%  60990 ns    Log    ID_LOG_HDR          TB seq.             Testing Normal Operation with necessary_condition: LAST_BIT_ALERT
%% ----------------------------------------------------------------------------------------------------------------------------------------------------------------------------
%%  60990 ns    Log    ID_SEQUENCER        TB seq.             Testing single sequence: 1000 -> 0100 -> 0010 -> 0001
%%  61020 ns    Log    ID_UVVM_ASSERTION   TB seq.(uvvm)       assert_shift_one_from_left() => OK (first). tracked_value '0001' had a full ripple from left to right.
%%  61060 ns    Log    ID_SEQUENCER        TB seq.             Testing two consecutive sequences: 1000 -> 0100 -> 0010 -> 0001 -> 1000 -> 0100 -> 0010 -> 0001
%%  61170 ns    Log    ID_SEQUENCER        TB seq.             Testing pipeline 2 sequences: 1000 -> 1100 -> 0110 -> 0011 -> 0001
%%  61250 ns    Log    ID_SEQUENCER        TB seq.             Testing pipeline 3 sequences: 1000 -> 1100 -> 1110 -> 0111 -> 0011 -> 0001
%%  61340 ns    Log    ID_SEQUENCER        TB seq.             Testing pipeline 4 sequences: 1000 -> 1100 -> 1110 -> 1111-> 0111 -> 0011 -> 0001
%%  61440 ns    Log    ID_SEQUENCER        TB seq.             Testing pipeline 2 sequences /w 1-bit gap: 1000 -> 0100 -> 1010 -> 0101 -> 0010 -> 0001
%%  61530 ns    Log    ID_SEQUENCER        TB seq.             Testing pipeline 2 sequences /w 2-bit gap: 1000 -> 0100 -> 0010 -> 1001 -> 0100 -> 0010 -> 0001
%%  61630 ns    Log    ID_SEQUENCER        TB seq.             Testing pipeline 3 sequences /w 1-bit gap between sequence 1 and 2:\n1000 -> 0100 -> 1010 -> 1101 -> 0110 -> 0011 -> 0001
%%  61730 ns    Log    ID_SEQUENCER        TB seq.             Testing pipeline 3 sequences /w 1-bit gap between sequence 2 and 3:\n1000 -> 1100 -> 0110 -> 1011 -> 0101 -> 0010 -> 0001
%% 
%% 
%%  61830 ns    Log    ID_LOG_HDR          TB seq.             Testing Triggering Assertion with necessary_condition: LAST_BIT_ALERT
%% ----------------------------------------------------------------------------------------------------------------------------------------------------------------------------
%%  61830 ns    Log    ID_SEQUENCER        TB seq.             Triggering Assertion: Single sequence\nTesting all combinations of 4-bit sequence starting with 1000\n
%%  62360 ns    Alert  ERROR               TB seq.(uvvm)       assert_shift_one_from_left() => Failed (pipeline num:1). Last cycle bit was not '1' at the 4-cycle (last cycle). 
%%  64310 ns    Alert  ERROR               TB seq.(uvvm)       assert_shift_one_from_left() => Failed (pipeline num:4). Last cycle bit was not '1' at the 4-cycle (last cycle). 
%%  64380 ns    Alert  ERROR               TB seq.(uvvm)       assert_shift_one_from_left() => Failed (pipeline num:2). Last cycle bit was not '1' at the 4-cycle (last cycle). 
%%  64450 ns    Alert  ERROR               TB seq.(uvvm)       assert_shift_one_from_left() => Failed (pipeline num:3). Last cycle bit was not '1' at the 4-cycle (last cycle). 
%%  64590 ns    Alert  ERROR               TB seq.(uvvm)       assert_shift_one_from_left() => Failed (pipeline num:1). Last cycle bit was not '1' at the 4-cycle (last cycle). 
%%  70580 ns    Log    ID_SEQUENCER        TB seq.             Triggering Assertion: Pipeline\nTesting 4 pipelines with all combinations in cycle 3 and 4\nTwo combinations (0110 and 0111) are tested in cycle 5\n
%%  77010 ns    Alert  ERROR               TB seq.(uvvm)       assert_shift_one_from_left() => Failed (pipeline num:3). Last cycle bit was not '1' at the 4-cycle (last cycle). 
%%  77110 ns    Alert  ERROR               TB seq.(uvvm)       assert_shift_one_from_left() => Failed (pipeline num:1). Last cycle bit was not '1' at the 4-cycle (last cycle). 
%%  77410 ns    Alert  ERROR               TB seq.(uvvm)       assert_shift_one_from_left() => Failed (pipeline num:3). Last cycle bit was not '1' at the 4-cycle (last cycle). 
%%  77510 ns    Alert  ERROR               TB seq.(uvvm)       assert_shift_one_from_left() => Failed (pipeline num:1). Last cycle bit was not '1' at the 4-cycle (last cycle). 
%%  77810 ns    Alert  ERROR               TB seq.(uvvm)       assert_shift_one_from_left() => Failed (pipeline num:3). Last cycle bit was not '1' at the 4-cycle (last cycle). 
%%  77910 ns    Alert  ERROR               TB seq.(uvvm)       assert_shift_one_from_left() => Failed (pipeline num:1). Last cycle bit was not '1' at the 4-cycle (last cycle). 
%%  78210 ns    Alert  ERROR               TB seq.(uvvm)       assert_shift_one_from_left() => Failed (pipeline num:3). Last cycle bit was not '1' at the 4-cycle (last cycle). 
%%  78310 ns    Alert  ERROR               TB seq.(uvvm)       assert_shift_one_from_left() => Failed (pipeline num:1). Last cycle bit was not '1' at the 4-cycle (last cycle). 
%%  78610 ns    Alert  ERROR               TB seq.(uvvm)       assert_shift_one_from_left() => Failed (pipeline num:3). Last cycle bit was not '1' at the 4-cycle (last cycle). 
%%  78710 ns    Alert  ERROR               TB seq.(uvvm)       assert_shift_one_from_left() => Failed (pipeline num:2). Last cycle bit was not '1' at the 4-cycle (last cycle). 
%%  79010 ns    Alert  ERROR               TB seq.(uvvm)       assert_shift_one_from_left() => Failed (pipeline num:3). Last cycle bit was not '1' at the 4-cycle (last cycle). 
%%  79110 ns    Alert  ERROR               TB seq.(uvvm)       assert_shift_one_from_left() => Failed (pipeline num:2). Last cycle bit was not '1' at the 4-cycle (last cycle). 
%%  79410 ns    Alert  ERROR               TB seq.(uvvm)       assert_shift_one_from_left() => Failed (pipeline num:3). Last cycle bit was not '1' at the 4-cycle (last cycle). 
%%  79510 ns    Alert  ERROR               TB seq.(uvvm)       assert_shift_one_from_left() => Failed (pipeline num:2). Last cycle bit was not '1' at the 4-cycle (last cycle). 
%%  79810 ns    Alert  ERROR               TB seq.(uvvm)       assert_shift_one_from_left() => Failed (pipeline num:3). Last cycle bit was not '1' at the 4-cycle (last cycle). 
%%  79910 ns    Alert  ERROR               TB seq.(uvvm)       assert_shift_one_from_left() => Failed (pipeline num:2). Last cycle bit was not '1' at the 4-cycle (last cycle). 
%%  80210 ns    Alert  ERROR               TB seq.(uvvm)       assert_shift_one_from_left() => Failed (pipeline num:3). Last cycle bit was not '1' at the 4-cycle (last cycle). 
%%  80310 ns    Alert  ERROR               TB seq.(uvvm)       assert_shift_one_from_left() => Failed (pipeline num:1). Last cycle bit was not '1' at the 4-cycle (last cycle). 
%%  80610 ns    Alert  ERROR               TB seq.(uvvm)       assert_shift_one_from_left() => Failed (pipeline num:3). Last cycle bit was not '1' at the 4-cycle (last cycle). 
%%  80710 ns    Alert  ERROR               TB seq.(uvvm)       assert_shift_one_from_left() => Failed (pipeline num:1). Last cycle bit was not '1' at the 4-cycle (last cycle). 
%%  81010 ns    Alert  ERROR               TB seq.(uvvm)       assert_shift_one_from_left() => Failed (pipeline num:3). Last cycle bit was not '1' at the 4-cycle (last cycle). 
%%  81110 ns    Alert  ERROR               TB seq.(uvvm)       assert_shift_one_from_left() => Failed (pipeline num:1). Last cycle bit was not '1' at the 4-cycle (last cycle). 
%%  81410 ns    Alert  ERROR               TB seq.(uvvm)       assert_shift_one_from_left() => Failed (pipeline num:3). Last cycle bit was not '1' at the 4-cycle (last cycle). 
%%  81510 ns    Alert  ERROR               TB seq.(uvvm)       assert_shift_one_from_left() => Failed (pipeline num:1). Last cycle bit was not '1' at the 4-cycle (last cycle). 
%%  81810 ns    Alert  ERROR               TB seq.(uvvm)       assert_shift_one_from_left() => Failed (pipeline num:3). Last cycle bit was not '1' at the 4-cycle (last cycle). 
%%  81910 ns    Alert  ERROR               TB seq.(uvvm)       assert_shift_one_from_left() => Failed (pipeline num:2). Last cycle bit was not '1' at the 4-cycle (last cycle). 
%%  82210 ns    Alert  ERROR               TB seq.(uvvm)       assert_shift_one_from_left() => Failed (pipeline num:3). Last cycle bit was not '1' at the 4-cycle (last cycle). 
%%  82310 ns    Alert  ERROR               TB seq.(uvvm)       assert_shift_one_from_left() => Failed (pipeline num:2). Last cycle bit was not '1' at the 4-cycle (last cycle). 
%%  82610 ns    Alert  ERROR               TB seq.(uvvm)       assert_shift_one_from_left() => Failed (pipeline num:3). Last cycle bit was not '1' at the 4-cycle (last cycle). 
%%  82710 ns    Alert  ERROR               TB seq.(uvvm)       assert_shift_one_from_left() => Failed (pipeline num:2). Last cycle bit was not '1' at the 4-cycle (last cycle). 
%%  83010 ns    Alert  ERROR               TB seq.(uvvm)       assert_shift_one_from_left() => Failed (pipeline num:3). Last cycle bit was not '1' at the 4-cycle (last cycle). 
%%  83110 ns    Alert  ERROR               TB seq.(uvvm)       assert_shift_one_from_left() => Failed (pipeline num:2). Last cycle bit was not '1' at the 4-cycle (last cycle). 
%%  83820 ns    Alert  ERROR               TB seq.(uvvm)       assert_shift_one_from_left() => Failed (pipeline num:4). Last cycle bit was not '1' at the 4-cycle (last cycle). 
%%  84020 ns    Alert  ERROR               TB seq.(uvvm)       assert_shift_one_from_left() => Failed (pipeline num:4). Last cycle bit was not '1' at the 4-cycle (last cycle). 
%%  84620 ns    Alert  ERROR               TB seq.(uvvm)       assert_shift_one_from_left() => Failed (pipeline num:4). Last cycle bit was not '1' at the 4-cycle (last cycle). 
%%  84820 ns    Alert  ERROR               TB seq.(uvvm)       assert_shift_one_from_left() => Failed (pipeline num:4). Last cycle bit was not '1' at the 4-cycle (last cycle). 
%%  85420 ns    Alert  ERROR               TB seq.(uvvm)       assert_shift_one_from_left() => Failed (pipeline num:4). Last cycle bit was not '1' at the 4-cycle (last cycle). 
%%  85620 ns    Alert  ERROR               TB seq.(uvvm)       assert_shift_one_from_left() => Failed (pipeline num:2). Last cycle bit was not '1' at the 4-cycle (last cycle). 
%%  86220 ns    Alert  ERROR               TB seq.(uvvm)       assert_shift_one_from_left() => Failed (pipeline num:4). Last cycle bit was not '1' at the 4-cycle (last cycle). 
%%  86420 ns    Alert  ERROR               TB seq.(uvvm)       assert_shift_one_from_left() => Failed (pipeline num:2). Last cycle bit was not '1' at the 4-cycle (last cycle). 
%%  87020 ns    Alert  ERROR               TB seq.(uvvm)       assert_shift_one_from_left() => Failed (pipeline num:4). Last cycle bit was not '1' at the 4-cycle (last cycle). 
%%  87220 ns    Alert  ERROR               TB seq.(uvvm)       assert_shift_one_from_left() => Failed (pipeline num:4). Last cycle bit was not '1' at the 4-cycle (last cycle). 
%%  87820 ns    Alert  ERROR               TB seq.(uvvm)       assert_shift_one_from_left() => Failed (pipeline num:4). Last cycle bit was not '1' at the 4-cycle (last cycle). 
%%  88020 ns    Alert  ERROR               TB seq.(uvvm)       assert_shift_one_from_left() => Failed (pipeline num:4). Last cycle bit was not '1' at the 4-cycle (last cycle). 
%%  88620 ns    Alert  ERROR               TB seq.(uvvm)       assert_shift_one_from_left() => Failed (pipeline num:4). Last cycle bit was not '1' at the 4-cycle (last cycle). 
%%  88820 ns    Alert  ERROR               TB seq.(uvvm)       assert_shift_one_from_left() => Failed (pipeline num:2). Last cycle bit was not '1' at the 4-cycle (last cycle). 
%%  89420 ns    Alert  ERROR               TB seq.(uvvm)       assert_shift_one_from_left() => Failed (pipeline num:4). Last cycle bit was not '1' at the 4-cycle (last cycle). 
%%  89620 ns    Alert  ERROR               TB seq.(uvvm)       assert_shift_one_from_left() => Failed (pipeline num:2). Last cycle bit was not '1' at the 4-cycle (last cycle). 
%%  89810 ns    Alert  ERROR               TB seq.(uvvm)       assert_shift_one_from_left() => Failed (pipeline num:3). Last cycle bit was not '1' at the 4-cycle (last cycle). 
%%  89910 ns    Alert  ERROR               TB seq.(uvvm)       assert_shift_one_from_left() => Failed (pipeline num:1). Last cycle bit was not '1' at the 4-cycle (last cycle). 
%%  90210 ns    Alert  ERROR               TB seq.(uvvm)       assert_shift_one_from_left() => Failed (pipeline num:3). Last cycle bit was not '1' at the 4-cycle (last cycle). 
%%  90220 ns    Alert  ERROR               TB seq.(uvvm)       assert_shift_one_from_left() => Failed (pipeline num:4). Last cycle bit was not '1' at the 4-cycle (last cycle). 
%%  90310 ns    Alert  ERROR               TB seq.(uvvm)       assert_shift_one_from_left() => Failed (pipeline num:1). Last cycle bit was not '1' at the 4-cycle (last cycle). 
%%  90420 ns    Alert  ERROR               TB seq.(uvvm)       assert_shift_one_from_left() => Failed (pipeline num:4). Last cycle bit was not '1' at the 4-cycle (last cycle). 
%%  90610 ns    Alert  ERROR               TB seq.(uvvm)       assert_shift_one_from_left() => Failed (pipeline num:3). Last cycle bit was not '1' at the 4-cycle (last cycle). 
%%  90710 ns    Alert  ERROR               TB seq.(uvvm)       assert_shift_one_from_left() => Failed (pipeline num:1). Last cycle bit was not '1' at the 4-cycle (last cycle). 
%%  91010 ns    Alert  ERROR               TB seq.(uvvm)       assert_shift_one_from_left() => Failed (pipeline num:3). Last cycle bit was not '1' at the 4-cycle (last cycle). 
%%  91020 ns    Alert  ERROR               TB seq.(uvvm)       assert_shift_one_from_left() => Failed (pipeline num:4). Last cycle bit was not '1' at the 4-cycle (last cycle). 
%%  91110 ns    Alert  ERROR               TB seq.(uvvm)       assert_shift_one_from_left() => Failed (pipeline num:1). Last cycle bit was not '1' at the 4-cycle (last cycle). 
%%  91220 ns    Alert  ERROR               TB seq.(uvvm)       assert_shift_one_from_left() => Failed (pipeline num:4). Last cycle bit was not '1' at the 4-cycle (last cycle). 
%%  91410 ns    Alert  ERROR               TB seq.(uvvm)       assert_shift_one_from_left() => Failed (pipeline num:3). Last cycle bit was not '1' at the 4-cycle (last cycle). 
%%  91510 ns    Alert  ERROR               TB seq.(uvvm)       assert_shift_one_from_left() => Failed (pipeline num:2). Last cycle bit was not '1' at the 4-cycle (last cycle). 
%%  91810 ns    Alert  ERROR               TB seq.(uvvm)       assert_shift_one_from_left() => Failed (pipeline num:3). Last cycle bit was not '1' at the 4-cycle (last cycle). 
%%  91820 ns    Alert  ERROR               TB seq.(uvvm)       assert_shift_one_from_left() => Failed (pipeline num:4). Last cycle bit was not '1' at the 4-cycle (last cycle). 
%%  91910 ns    Alert  ERROR               TB seq.(uvvm)       assert_shift_one_from_left() => Failed (pipeline num:2). Last cycle bit was not '1' at the 4-cycle (last cycle). 
%%  92020 ns    Alert  ERROR               TB seq.(uvvm)       assert_shift_one_from_left() => Failed (pipeline num:2). Last cycle bit was not '1' at the 4-cycle (last cycle). 
%%  92210 ns    Alert  ERROR               TB seq.(uvvm)       assert_shift_one_from_left() => Failed (pipeline num:3). Last cycle bit was not '1' at the 4-cycle (last cycle). 
%%  92310 ns    Alert  ERROR               TB seq.(uvvm)       assert_shift_one_from_left() => Failed (pipeline num:2). Last cycle bit was not '1' at the 4-cycle (last cycle). 
%%  92610 ns    Alert  ERROR               TB seq.(uvvm)       assert_shift_one_from_left() => Failed (pipeline num:3). Last cycle bit was not '1' at the 4-cycle (last cycle). 
%%  92620 ns    Alert  ERROR               TB seq.(uvvm)       assert_shift_one_from_left() => Failed (pipeline num:4). Last cycle bit was not '1' at the 4-cycle (last cycle). 
%%  92710 ns    Alert  ERROR               TB seq.(uvvm)       assert_shift_one_from_left() => Failed (pipeline num:2). Last cycle bit was not '1' at the 4-cycle (last cycle). 
%%  92820 ns    Alert  ERROR               TB seq.(uvvm)       assert_shift_one_from_left() => Failed (pipeline num:2). Last cycle bit was not '1' at the 4-cycle (last cycle). 
%%  93010 ns    Alert  ERROR               TB seq.(uvvm)       assert_shift_one_from_left() => Failed (pipeline num:3). Last cycle bit was not '1' at the 4-cycle (last cycle). 
%%  93110 ns    Alert  ERROR               TB seq.(uvvm)       assert_shift_one_from_left() => Failed (pipeline num:1). Last cycle bit was not '1' at the 4-cycle (last cycle). 
%%  93410 ns    Alert  ERROR               TB seq.(uvvm)       assert_shift_one_from_left() => Failed (pipeline num:3). Last cycle bit was not '1' at the 4-cycle (last cycle). 
%%  93420 ns    Alert  ERROR               TB seq.(uvvm)       assert_shift_one_from_left() => Failed (pipeline num:4). Last cycle bit was not '1' at the 4-cycle (last cycle). 
%%  93510 ns    Alert  ERROR               TB seq.(uvvm)       assert_shift_one_from_left() => Failed (pipeline num:1). Last cycle bit was not '1' at the 4-cycle (last cycle). 
%%  93620 ns    Alert  ERROR               TB seq.(uvvm)       assert_shift_one_from_left() => Failed (pipeline num:4). Last cycle bit was not '1' at the 4-cycle (last cycle). 
%%  93810 ns    Alert  ERROR               TB seq.(uvvm)       assert_shift_one_from_left() => Failed (pipeline num:3). Last cycle bit was not '1' at the 4-cycle (last cycle). 
%%  93910 ns    Alert  ERROR               TB seq.(uvvm)       assert_shift_one_from_left() => Failed (pipeline num:1). Last cycle bit was not '1' at the 4-cycle (last cycle). 
%%  94210 ns    Alert  ERROR               TB seq.(uvvm)       assert_shift_one_from_left() => Failed (pipeline num:3). Last cycle bit was not '1' at the 4-cycle (last cycle). 
%%  94220 ns    Alert  ERROR               TB seq.(uvvm)       assert_shift_one_from_left() => Failed (pipeline num:4). Last cycle bit was not '1' at the 4-cycle (last cycle). 
%%  94310 ns    Alert  ERROR               TB seq.(uvvm)       assert_shift_one_from_left() => Failed (pipeline num:1). Last cycle bit was not '1' at the 4-cycle (last cycle). 
%%  94420 ns    Alert  ERROR               TB seq.(uvvm)       assert_shift_one_from_left() => Failed (pipeline num:4). Last cycle bit was not '1' at the 4-cycle (last cycle). 
%%  94610 ns    Alert  ERROR               TB seq.(uvvm)       assert_shift_one_from_left() => Failed (pipeline num:3). Last cycle bit was not '1' at the 4-cycle (last cycle). 
%%  94710 ns    Alert  ERROR               TB seq.(uvvm)       assert_shift_one_from_left() => Failed (pipeline num:2). Last cycle bit was not '1' at the 4-cycle (last cycle). 
%%  95010 ns    Alert  ERROR               TB seq.(uvvm)       assert_shift_one_from_left() => Failed (pipeline num:3). Last cycle bit was not '1' at the 4-cycle (last cycle). 
%%  95020 ns    Alert  ERROR               TB seq.(uvvm)       assert_shift_one_from_left() => Failed (pipeline num:4). Last cycle bit was not '1' at the 4-cycle (last cycle). 
%%  95110 ns    Alert  ERROR               TB seq.(uvvm)       assert_shift_one_from_left() => Failed (pipeline num:2). Last cycle bit was not '1' at the 4-cycle (last cycle). 
%%  95220 ns    Alert  ERROR               TB seq.(uvvm)       assert_shift_one_from_left() => Failed (pipeline num:2). Last cycle bit was not '1' at the 4-cycle (last cycle). 
%%  95410 ns    Alert  ERROR               TB seq.(uvvm)       assert_shift_one_from_left() => Failed (pipeline num:3). Last cycle bit was not '1' at the 4-cycle (last cycle). 
%%  95510 ns    Alert  ERROR               TB seq.(uvvm)       assert_shift_one_from_left() => Failed (pipeline num:2). Last cycle bit was not '1' at the 4-cycle (last cycle). 
%%  95810 ns    Alert  ERROR               TB seq.(uvvm)       assert_shift_one_from_left() => Failed (pipeline num:3). Last cycle bit was not '1' at the 4-cycle (last cycle). 
%%  95820 ns    Alert  ERROR               TB seq.(uvvm)       assert_shift_one_from_left() => Failed (pipeline num:4). Last cycle bit was not '1' at the 4-cycle (last cycle). 
%%  95910 ns    Alert  ERROR               TB seq.(uvvm)       assert_shift_one_from_left() => Failed (pipeline num:2). Last cycle bit was not '1' at the 4-cycle (last cycle). 
%%  96020 ns    Alert  ERROR               TB seq.(uvvm)       assert_shift_one_from_left() => Failed (pipeline num:2). Last cycle bit was not '1' at the 4-cycle (last cycle). 
%% 102610 ns    Alert  ERROR               TB seq.(uvvm)       assert_shift_one_from_left() => Failed (pipeline num:3). Last cycle bit was not '1' at the 4-cycle (last cycle). 
%% 102710 ns    Alert  ERROR               TB seq.(uvvm)       assert_shift_one_from_left() => Failed (pipeline num:2). Last cycle bit was not '1' at the 4-cycle (last cycle). 
%% 103010 ns    Alert  ERROR               TB seq.(uvvm)       assert_shift_one_from_left() => Failed (pipeline num:3). Last cycle bit was not '1' at the 4-cycle (last cycle). 
%% 103110 ns    Alert  ERROR               TB seq.(uvvm)       assert_shift_one_from_left() => Failed (pipeline num:2). Last cycle bit was not '1' at the 4-cycle (last cycle). 
%% 103410 ns    Alert  ERROR               TB seq.(uvvm)       assert_shift_one_from_left() => Failed (pipeline num:3). Last cycle bit was not '1' at the 4-cycle (last cycle). 
%% 103510 ns    Alert  ERROR               TB seq.(uvvm)       assert_shift_one_from_left() => Failed (pipeline num:2). Last cycle bit was not '1' at the 4-cycle (last cycle). 
%% 103810 ns    Alert  ERROR               TB seq.(uvvm)       assert_shift_one_from_left() => Failed (pipeline num:3). Last cycle bit was not '1' at the 4-cycle (last cycle). 
%% 103910 ns    Alert  ERROR               TB seq.(uvvm)       assert_shift_one_from_left() => Failed (pipeline num:2). Last cycle bit was not '1' at the 4-cycle (last cycle). 
%% 104210 ns    Alert  ERROR               TB seq.(uvvm)       assert_shift_one_from_left() => Failed (pipeline num:3). Last cycle bit was not '1' at the 4-cycle (last cycle). 
%% 104310 ns    Alert  ERROR               TB seq.(uvvm)       assert_shift_one_from_left() => Failed (pipeline num:3). Last cycle bit was not '1' at the 4-cycle (last cycle). 
%% 104610 ns    Alert  ERROR               TB seq.(uvvm)       assert_shift_one_from_left() => Failed (pipeline num:3). Last cycle bit was not '1' at the 4-cycle (last cycle). 
%% 104710 ns    Alert  ERROR               TB seq.(uvvm)       assert_shift_one_from_left() => Failed (pipeline num:3). Last cycle bit was not '1' at the 4-cycle (last cycle). 
%% 105010 ns    Alert  ERROR               TB seq.(uvvm)       assert_shift_one_from_left() => Failed (pipeline num:3). Last cycle bit was not '1' at the 4-cycle (last cycle). 
%% 105110 ns    Alert  ERROR               TB seq.(uvvm)       assert_shift_one_from_left() => Failed (pipeline num:3). Last cycle bit was not '1' at the 4-cycle (last cycle). 
%% 105410 ns    Alert  ERROR               TB seq.(uvvm)       assert_shift_one_from_left() => Failed (pipeline num:3). Last cycle bit was not '1' at the 4-cycle (last cycle). 
%% 105510 ns    Alert  ERROR               TB seq.(uvvm)       assert_shift_one_from_left() => Failed (pipeline num:3). Last cycle bit was not '1' at the 4-cycle (last cycle). 
%% 105810 ns    Alert  ERROR               TB seq.(uvvm)       assert_shift_one_from_left() => Failed (pipeline num:3). Last cycle bit was not '1' at the 4-cycle (last cycle). 
%% 105910 ns    Alert  ERROR               TB seq.(uvvm)       assert_shift_one_from_left() => Failed (pipeline num:2). Last cycle bit was not '1' at the 4-cycle (last cycle). 
%% 106210 ns    Alert  ERROR               TB seq.(uvvm)       assert_shift_one_from_left() => Failed (pipeline num:3). Last cycle bit was not '1' at the 4-cycle (last cycle). 
%% 106310 ns    Alert  ERROR               TB seq.(uvvm)       assert_shift_one_from_left() => Failed (pipeline num:2). Last cycle bit was not '1' at the 4-cycle (last cycle). 
%% 106610 ns    Alert  ERROR               TB seq.(uvvm)       assert_shift_one_from_left() => Failed (pipeline num:3). Last cycle bit was not '1' at the 4-cycle (last cycle). 
%% 106710 ns    Alert  ERROR               TB seq.(uvvm)       assert_shift_one_from_left() => Failed (pipeline num:2). Last cycle bit was not '1' at the 4-cycle (last cycle). 
%% 107010 ns    Alert  ERROR               TB seq.(uvvm)       assert_shift_one_from_left() => Failed (pipeline num:3). Last cycle bit was not '1' at the 4-cycle (last cycle). 
%% 107110 ns    Alert  ERROR               TB seq.(uvvm)       assert_shift_one_from_left() => Failed (pipeline num:2). Last cycle bit was not '1' at the 4-cycle (last cycle). 
%% 107410 ns    Alert  ERROR               TB seq.(uvvm)       assert_shift_one_from_left() => Failed (pipeline num:3). Last cycle bit was not '1' at the 4-cycle (last cycle). 
%% 107510 ns    Alert  ERROR               TB seq.(uvvm)       assert_shift_one_from_left() => Failed (pipeline num:3). Last cycle bit was not '1' at the 4-cycle (last cycle). 
%% 107810 ns    Alert  ERROR               TB seq.(uvvm)       assert_shift_one_from_left() => Failed (pipeline num:3). Last cycle bit was not '1' at the 4-cycle (last cycle). 
%% 107910 ns    Alert  ERROR               TB seq.(uvvm)       assert_shift_one_from_left() => Failed (pipeline num:3). Last cycle bit was not '1' at the 4-cycle (last cycle). 
%% 108210 ns    Alert  ERROR               TB seq.(uvvm)       assert_shift_one_from_left() => Failed (pipeline num:3). Last cycle bit was not '1' at the 4-cycle (last cycle). 
%% 108310 ns    Alert  ERROR               TB seq.(uvvm)       assert_shift_one_from_left() => Failed (pipeline num:3). Last cycle bit was not '1' at the 4-cycle (last cycle). 
%% 108610 ns    Alert  ERROR               TB seq.(uvvm)       assert_shift_one_from_left() => Failed (pipeline num:3). Last cycle bit was not '1' at the 4-cycle (last cycle). 
%% 108710 ns    Alert  ERROR               TB seq.(uvvm)       assert_shift_one_from_left() => Failed (pipeline num:3). Last cycle bit was not '1' at the 4-cycle (last cycle). 
%% 109420 ns    Alert  ERROR               TB seq.(uvvm)       assert_shift_one_from_left() => Failed (pipeline num:4). Last cycle bit was not '1' at the 4-cycle (last cycle). 
%% 109620 ns    Alert  ERROR               TB seq.(uvvm)       assert_shift_one_from_left() => Failed (pipeline num:2). Last cycle bit was not '1' at the 4-cycle (last cycle). 
%% 110220 ns    Alert  ERROR               TB seq.(uvvm)       assert_shift_one_from_left() => Failed (pipeline num:4). Last cycle bit was not '1' at the 4-cycle (last cycle). 
%% 110420 ns    Alert  ERROR               TB seq.(uvvm)       assert_shift_one_from_left() => Failed (pipeline num:2). Last cycle bit was not '1' at the 4-cycle (last cycle). 
%% 111020 ns    Alert  ERROR               TB seq.(uvvm)       assert_shift_one_from_left() => Failed (pipeline num:4). Last cycle bit was not '1' at the 4-cycle (last cycle). 
%% 111220 ns    Alert  ERROR               TB seq.(uvvm)       assert_shift_one_from_left() => Failed (pipeline num:4). Last cycle bit was not '1' at the 4-cycle (last cycle). 
%% 111820 ns    Alert  ERROR               TB seq.(uvvm)       assert_shift_one_from_left() => Failed (pipeline num:4). Last cycle bit was not '1' at the 4-cycle (last cycle). 
%% 112020 ns    Alert  ERROR               TB seq.(uvvm)       assert_shift_one_from_left() => Failed (pipeline num:4). Last cycle bit was not '1' at the 4-cycle (last cycle). 
%% 112620 ns    Alert  ERROR               TB seq.(uvvm)       assert_shift_one_from_left() => Failed (pipeline num:4). Last cycle bit was not '1' at the 4-cycle (last cycle). 
%% 112820 ns    Alert  ERROR               TB seq.(uvvm)       assert_shift_one_from_left() => Failed (pipeline num:2). Last cycle bit was not '1' at the 4-cycle (last cycle). 
%% 113420 ns    Alert  ERROR               TB seq.(uvvm)       assert_shift_one_from_left() => Failed (pipeline num:4). Last cycle bit was not '1' at the 4-cycle (last cycle). 
%% 113620 ns    Alert  ERROR               TB seq.(uvvm)       assert_shift_one_from_left() => Failed (pipeline num:2). Last cycle bit was not '1' at the 4-cycle (last cycle). 
%% 114220 ns    Alert  ERROR               TB seq.(uvvm)       assert_shift_one_from_left() => Failed (pipeline num:4). Last cycle bit was not '1' at the 4-cycle (last cycle). 
%% 114420 ns    Alert  ERROR               TB seq.(uvvm)       assert_shift_one_from_left() => Failed (pipeline num:4). Last cycle bit was not '1' at the 4-cycle (last cycle). 
%% 115020 ns    Alert  ERROR               TB seq.(uvvm)       assert_shift_one_from_left() => Failed (pipeline num:4). Last cycle bit was not '1' at the 4-cycle (last cycle). 
%% 115220 ns    Alert  ERROR               TB seq.(uvvm)       assert_shift_one_from_left() => Failed (pipeline num:4). Last cycle bit was not '1' at the 4-cycle (last cycle). 
%% 115410 ns    Alert  ERROR               TB seq.(uvvm)       assert_shift_one_from_left() => Failed (pipeline num:3). Last cycle bit was not '1' at the 4-cycle (last cycle). 
%% 115510 ns    Alert  ERROR               TB seq.(uvvm)       assert_shift_one_from_left() => Failed (pipeline num:2). Last cycle bit was not '1' at the 4-cycle (last cycle). 
%% 115810 ns    Alert  ERROR               TB seq.(uvvm)       assert_shift_one_from_left() => Failed (pipeline num:3). Last cycle bit was not '1' at the 4-cycle (last cycle). 
%% 115820 ns    Alert  ERROR               TB seq.(uvvm)       assert_shift_one_from_left() => Failed (pipeline num:4). Last cycle bit was not '1' at the 4-cycle (last cycle). 
%% 115910 ns    Alert  ERROR               TB seq.(uvvm)       assert_shift_one_from_left() => Failed (pipeline num:2). Last cycle bit was not '1' at the 4-cycle (last cycle). 
%% 116020 ns    Alert  ERROR               TB seq.(uvvm)       assert_shift_one_from_left() => Failed (pipeline num:2). Last cycle bit was not '1' at the 4-cycle (last cycle). 
%% 116210 ns    Alert  ERROR               TB seq.(uvvm)       assert_shift_one_from_left() => Failed (pipeline num:3). Last cycle bit was not '1' at the 4-cycle (last cycle). 
%% 116310 ns    Alert  ERROR               TB seq.(uvvm)       assert_shift_one_from_left() => Failed (pipeline num:2). Last cycle bit was not '1' at the 4-cycle (last cycle). 
%% 116610 ns    Alert  ERROR               TB seq.(uvvm)       assert_shift_one_from_left() => Failed (pipeline num:3). Last cycle bit was not '1' at the 4-cycle (last cycle). 
%% 116620 ns    Alert  ERROR               TB seq.(uvvm)       assert_shift_one_from_left() => Failed (pipeline num:4). Last cycle bit was not '1' at the 4-cycle (last cycle). 
%% 116710 ns    Alert  ERROR               TB seq.(uvvm)       assert_shift_one_from_left() => Failed (pipeline num:2). Last cycle bit was not '1' at the 4-cycle (last cycle). 
%% 116820 ns    Alert  ERROR               TB seq.(uvvm)       assert_shift_one_from_left() => Failed (pipeline num:2). Last cycle bit was not '1' at the 4-cycle (last cycle). 
%% 117010 ns    Alert  ERROR               TB seq.(uvvm)       assert_shift_one_from_left() => Failed (pipeline num:3). Last cycle bit was not '1' at the 4-cycle (last cycle). 
%% 117110 ns    Alert  ERROR               TB seq.(uvvm)       assert_shift_one_from_left() => Failed (pipeline num:3). Last cycle bit was not '1' at the 4-cycle (last cycle). 
%% 117410 ns    Alert  ERROR               TB seq.(uvvm)       assert_shift_one_from_left() => Failed (pipeline num:3). Last cycle bit was not '1' at the 4-cycle (last cycle). 
%% 117420 ns    Alert  ERROR               TB seq.(uvvm)       assert_shift_one_from_left() => Failed (pipeline num:4). Last cycle bit was not '1' at the 4-cycle (last cycle). 
%% 117510 ns    Alert  ERROR               TB seq.(uvvm)       assert_shift_one_from_left() => Failed (pipeline num:3). Last cycle bit was not '1' at the 4-cycle (last cycle). 
%% 117620 ns    Alert  ERROR               TB seq.(uvvm)       assert_shift_one_from_left() => Failed (pipeline num:4). Last cycle bit was not '1' at the 4-cycle (last cycle). 
%% 117810 ns    Alert  ERROR               TB seq.(uvvm)       assert_shift_one_from_left() => Failed (pipeline num:3). Last cycle bit was not '1' at the 4-cycle (last cycle). 
%% 117910 ns    Alert  ERROR               TB seq.(uvvm)       assert_shift_one_from_left() => Failed (pipeline num:3). Last cycle bit was not '1' at the 4-cycle (last cycle). 
%% 118210 ns    Alert  ERROR               TB seq.(uvvm)       assert_shift_one_from_left() => Failed (pipeline num:3). Last cycle bit was not '1' at the 4-cycle (last cycle). 
%% 118220 ns    Alert  ERROR               TB seq.(uvvm)       assert_shift_one_from_left() => Failed (pipeline num:4). Last cycle bit was not '1' at the 4-cycle (last cycle). 
%% 118310 ns    Alert  ERROR               TB seq.(uvvm)       assert_shift_one_from_left() => Failed (pipeline num:3). Last cycle bit was not '1' at the 4-cycle (last cycle). 
%% 118420 ns    Alert  ERROR               TB seq.(uvvm)       assert_shift_one_from_left() => Failed (pipeline num:4). Last cycle bit was not '1' at the 4-cycle (last cycle). 
%% 118610 ns    Alert  ERROR               TB seq.(uvvm)       assert_shift_one_from_left() => Failed (pipeline num:3). Last cycle bit was not '1' at the 4-cycle (last cycle). 
%% 118710 ns    Alert  ERROR               TB seq.(uvvm)       assert_shift_one_from_left() => Failed (pipeline num:2). Last cycle bit was not '1' at the 4-cycle (last cycle). 
%% 119010 ns    Alert  ERROR               TB seq.(uvvm)       assert_shift_one_from_left() => Failed (pipeline num:3). Last cycle bit was not '1' at the 4-cycle (last cycle). 
%% 119020 ns    Alert  ERROR               TB seq.(uvvm)       assert_shift_one_from_left() => Failed (pipeline num:4). Last cycle bit was not '1' at the 4-cycle (last cycle). 
%% 119110 ns    Alert  ERROR               TB seq.(uvvm)       assert_shift_one_from_left() => Failed (pipeline num:2). Last cycle bit was not '1' at the 4-cycle (last cycle). 
%% 119220 ns    Alert  ERROR               TB seq.(uvvm)       assert_shift_one_from_left() => Failed (pipeline num:2). Last cycle bit was not '1' at the 4-cycle (last cycle). 
%% 119410 ns    Alert  ERROR               TB seq.(uvvm)       assert_shift_one_from_left() => Failed (pipeline num:3). Last cycle bit was not '1' at the 4-cycle (last cycle). 
%% 119510 ns    Alert  ERROR               TB seq.(uvvm)       assert_shift_one_from_left() => Failed (pipeline num:2). Last cycle bit was not '1' at the 4-cycle (last cycle). 
%% 119810 ns    Alert  ERROR               TB seq.(uvvm)       assert_shift_one_from_left() => Failed (pipeline num:3). Last cycle bit was not '1' at the 4-cycle (last cycle). 
%% 119820 ns    Alert  ERROR               TB seq.(uvvm)       assert_shift_one_from_left() => Failed (pipeline num:4). Last cycle bit was not '1' at the 4-cycle (last cycle). 
%% 119910 ns    Alert  ERROR               TB seq.(uvvm)       assert_shift_one_from_left() => Failed (pipeline num:2). Last cycle bit was not '1' at the 4-cycle (last cycle). 
%% 120020 ns    Alert  ERROR               TB seq.(uvvm)       assert_shift_one_from_left() => Failed (pipeline num:2). Last cycle bit was not '1' at the 4-cycle (last cycle). 
%% 120210 ns    Alert  ERROR               TB seq.(uvvm)       assert_shift_one_from_left() => Failed (pipeline num:3). Last cycle bit was not '1' at the 4-cycle (last cycle). 
%% 120310 ns    Alert  ERROR               TB seq.(uvvm)       assert_shift_one_from_left() => Failed (pipeline num:3). Last cycle bit was not '1' at the 4-cycle (last cycle). 
%% 120610 ns    Alert  ERROR               TB seq.(uvvm)       assert_shift_one_from_left() => Failed (pipeline num:3). Last cycle bit was not '1' at the 4-cycle (last cycle). 
%% 120620 ns    Alert  ERROR               TB seq.(uvvm)       assert_shift_one_from_left() => Failed (pipeline num:4). Last cycle bit was not '1' at the 4-cycle (last cycle). 
%% 120710 ns    Alert  ERROR               TB seq.(uvvm)       assert_shift_one_from_left() => Failed (pipeline num:3). Last cycle bit was not '1' at the 4-cycle (last cycle). 
%% 120820 ns    Alert  ERROR               TB seq.(uvvm)       assert_shift_one_from_left() => Failed (pipeline num:4). Last cycle bit was not '1' at the 4-cycle (last cycle). 
%% 121010 ns    Alert  ERROR               TB seq.(uvvm)       assert_shift_one_from_left() => Failed (pipeline num:3). Last cycle bit was not '1' at the 4-cycle (last cycle). 
%% 121110 ns    Alert  ERROR               TB seq.(uvvm)       assert_shift_one_from_left() => Failed (pipeline num:3). Last cycle bit was not '1' at the 4-cycle (last cycle). 
%% 121410 ns    Alert  ERROR               TB seq.(uvvm)       assert_shift_one_from_left() => Failed (pipeline num:3). Last cycle bit was not '1' at the 4-cycle (last cycle). 
%% 121420 ns    Alert  ERROR               TB seq.(uvvm)       assert_shift_one_from_left() => Failed (pipeline num:4). Last cycle bit was not '1' at the 4-cycle (last cycle). 
%% 121510 ns    Alert  ERROR               TB seq.(uvvm)       assert_shift_one_from_left() => Failed (pipeline num:3). Last cycle bit was not '1' at the 4-cycle (last cycle). 
%% 121620 ns    Alert  ERROR               TB seq.(uvvm)       assert_shift_one_from_left() => Failed (pipeline num:4). Last cycle bit was not '1' at the 4-cycle (last cycle). 
%% 
%% 
%% 121830 ns    Log    ID_LOG_HDR          TB seq.             Testing Normal Operation with necessary_condition: ANY_BIT_ALERT_NO_PIPE
%% ----------------------------------------------------------------------------------------------------------------------------------------------------------------------------
%% 121830 ns    Log    ID_SEQUENCER        TB seq.             Testing single sequence: 1000 -> 0100 -> 0010 -> 0001
%% 121860 ns    Log    ID_UVVM_ASSERTION   TB seq.(uvvm)       assert_shift_one_from_left() => OK (first). tracked_value '0001' had a full ripple from left to right.
%% 121900 ns    Log    ID_SEQUENCER        TB seq.             Testing two consecutive sequences: 1000 -> 0100 -> 0010 -> 0001 -> 1000 -> 0100 -> 0010 -> 0001
%% 122010 ns    Log    ID_SEQUENCER        TB seq.             Testing pipeline 2 sequences: 1000 -> 1100 -> 0110 -> 0011 -> 0001
%% 122090 ns    Log    ID_SEQUENCER        TB seq.             Testing pipeline 3 sequences: 1000 -> 1100 -> 1110 -> 0111 -> 0011 -> 0001
%% 122180 ns    Log    ID_SEQUENCER        TB seq.             Testing pipeline 4 sequences: 1000 -> 1100 -> 1110 -> 1111-> 0111 -> 0011 -> 0001
%% 122280 ns    Log    ID_SEQUENCER        TB seq.             Testing pipeline 2 sequences /w 1-bit gap: 1000 -> 0100 -> 1010 -> 0101 -> 0010 -> 0001
%% 122370 ns    Log    ID_SEQUENCER        TB seq.             Testing pipeline 2 sequences /w 2-bit gap: 1000 -> 0100 -> 0010 -> 1001 -> 0100 -> 0010 -> 0001
%% 122470 ns    Log    ID_SEQUENCER        TB seq.             Testing pipeline 3 sequences /w 1-bit gap between sequence 1 and 2:\n1000 -> 0100 -> 1010 -> 1101 -> 0110 -> 0011 -> 0001
%% 122570 ns    Log    ID_SEQUENCER        TB seq.             Testing pipeline 3 sequences /w 1-bit gap between sequence 2 and 3:\n1000 -> 1100 -> 0110 -> 1011 -> 0101 -> 0010 -> 0001
%% 
%% 
%% 122670 ns    Log    ID_LOG_HDR          TB seq.             Testing Triggering Assertion with necessary_condition: ANY_BIT_ALERT_NO_PIPE
%% ----------------------------------------------------------------------------------------------------------------------------------------------------------------------------
%% 122670 ns    Log    ID_SEQUENCER        TB seq.             Triggering Assertion: Single sequence\nTesting all combinations of 4-bit sequence starting with 1000\n
%% 122680 ns    Alert  ERROR               TB seq.(uvvm)       assert_shift_one_from_left() => Failed. tracked_value '1000' was not X1XX at the 2-cycle. 
%% 122700 ns    Alert  ERROR               TB seq.(uvvm)       assert_shift_one_from_left() => Failed. tracked_value '1000' was not X1XX at the 2-cycle. 
%% 122750 ns    Alert  ERROR               TB seq.(uvvm)       assert_shift_one_from_left() => Failed. tracked_value '1000' was not X1XX at the 2-cycle. 
%% 122780 ns    Alert  ERROR               TB seq.(uvvm)       assert_shift_one_from_left() => Failed. tracked_value '0100' was not XX1X at the 3-cycle. 
%% 122820 ns    Alert  ERROR               TB seq.(uvvm)       assert_shift_one_from_left() => Failed. tracked_value '1000' was not X1XX at the 2-cycle. 
%% 122840 ns    Alert  ERROR               TB seq.(uvvm)       assert_shift_one_from_left() => Failed. tracked_value '0010' was not X1XX at the 2-cycle. 
%% 122890 ns    Alert  ERROR               TB seq.(uvvm)       assert_shift_one_from_left() => Failed. tracked_value '1000' was not X1XX at the 2-cycle. 
%% 122910 ns    Alert  ERROR               TB seq.(uvvm)       assert_shift_one_from_left() => Failed. tracked_value '0001' was not X1XX at the 2-cycle. 
%% 122960 ns    Alert  ERROR               TB seq.(uvvm)       assert_shift_one_from_left() => Failed. tracked_value '1000' was not X1XX at the 2-cycle. 
%% 122980 ns    Alert  ERROR               TB seq.(uvvm)       assert_shift_one_from_left() => Failed. tracked_value '0000' was not X1XX at the 2-cycle. 
%% 123030 ns    Alert  ERROR               TB seq.(uvvm)       assert_shift_one_from_left() => Failed. tracked_value '1000' was not X1XX at the 2-cycle. 
%% 123060 ns    Alert  ERROR               TB seq.(uvvm)       assert_shift_one_from_left() => Failed. tracked_value '0000' was not X1XX at the 2-cycle. 
%% 123100 ns    Alert  ERROR               TB seq.(uvvm)       assert_shift_one_from_left() => Failed. tracked_value '1000' was not X1XX at the 2-cycle. 
%% 123170 ns    Alert  ERROR               TB seq.(uvvm)       assert_shift_one_from_left() => Failed. tracked_value '1000' was not X1XX at the 2-cycle. 
%% 123240 ns    Alert  ERROR               TB seq.(uvvm)       assert_shift_one_from_left() => Failed. tracked_value '1000' was not X1XX at the 2-cycle. 
%% 123310 ns    Alert  ERROR               TB seq.(uvvm)       assert_shift_one_from_left() => Failed. tracked_value '1000' was not X1XX at the 2-cycle. 
%% 123380 ns    Alert  ERROR               TB seq.(uvvm)       assert_shift_one_from_left() => Failed. tracked_value '1000' was not X1XX at the 2-cycle. 
%% 123410 ns    Alert  ERROR               TB seq.(uvvm)       assert_shift_one_from_left() => Failed. tracked_value '0000' was not X1XX at the 2-cycle. 
%% 123450 ns    Alert  ERROR               TB seq.(uvvm)       assert_shift_one_from_left() => Failed. tracked_value '1000' was not X1XX at the 2-cycle. 
%% 123520 ns    Alert  ERROR               TB seq.(uvvm)       assert_shift_one_from_left() => Failed. tracked_value '1000' was not X1XX at the 2-cycle. 
%% 123590 ns    Alert  ERROR               TB seq.(uvvm)       assert_shift_one_from_left() => Failed. tracked_value '1000' was not X1XX at the 2-cycle. 
%% 123660 ns    Alert  ERROR               TB seq.(uvvm)       assert_shift_one_from_left() => Failed. tracked_value '1000' was not X1XX at the 2-cycle. 
%% 123730 ns    Alert  ERROR               TB seq.(uvvm)       assert_shift_one_from_left() => Failed. tracked_value '1000' was not X1XX at the 2-cycle. 
%% 123760 ns    Alert  ERROR               TB seq.(uvvm)       assert_shift_one_from_left() => Failed. tracked_value '0000' was not X1XX at the 2-cycle. 
%% 123800 ns    Alert  ERROR               TB seq.(uvvm)       assert_shift_one_from_left() => Failed. tracked_value '1000' was not X1XX at the 2-cycle. 
%% 123870 ns    Alert  ERROR               TB seq.(uvvm)       assert_shift_one_from_left() => Failed. tracked_value '1000' was not X1XX at the 2-cycle. 
%% 123940 ns    Alert  ERROR               TB seq.(uvvm)       assert_shift_one_from_left() => Failed. tracked_value '1000' was not X1XX at the 2-cycle. 
%% 124010 ns    Alert  ERROR               TB seq.(uvvm)       assert_shift_one_from_left() => Failed. tracked_value '1000' was not X1XX at the 2-cycle. 
%% 124080 ns    Alert  ERROR               TB seq.(uvvm)       assert_shift_one_from_left() => Failed. tracked_value '1000' was not X1XX at the 2-cycle. 
%% 124110 ns    Alert  ERROR               TB seq.(uvvm)       assert_shift_one_from_left() => Failed. tracked_value '0000' was not X1XX at the 2-cycle. 
%% 124150 ns    Alert  ERROR               TB seq.(uvvm)       assert_shift_one_from_left() => Failed. tracked_value '1000' was not X1XX at the 2-cycle. 
%% 124220 ns    Alert  ERROR               TB seq.(uvvm)       assert_shift_one_from_left() => Failed. tracked_value '1000' was not X1XX at the 2-cycle. 
%% 124290 ns    Alert  ERROR               TB seq.(uvvm)       assert_shift_one_from_left() => Failed. tracked_value '1000' was not X1XX at the 2-cycle. 
%% 124360 ns    Alert  ERROR               TB seq.(uvvm)       assert_shift_one_from_left() => Failed. tracked_value '1000' was not X1XX at the 2-cycle. 
%% 124440 ns    Alert  ERROR               TB seq.(uvvm)       assert_shift_one_from_left() => Failed. tracked_value '1000' was not XX1X at the 3-cycle. 
%% 124460 ns    Alert  ERROR               TB seq.(uvvm)       assert_shift_one_from_left() => Failed. tracked_value '0000' was not X1XX at the 2-cycle. 
%% 124510 ns    Alert  ERROR               TB seq.(uvvm)       assert_shift_one_from_left() => Failed. tracked_value '1000' was not XX1X at the 3-cycle. 
%% 124580 ns    Alert  ERROR               TB seq.(uvvm)       assert_shift_one_from_left() => Failed. tracked_value '1000' was not XX1X at the 3-cycle. 
%% 124650 ns    Alert  ERROR               TB seq.(uvvm)       assert_shift_one_from_left() => Failed. tracked_value '1000' was not XX1X at the 3-cycle. 
%% 124720 ns    Alert  ERROR               TB seq.(uvvm)       assert_shift_one_from_left() => Failed. tracked_value '1000' was not XX1X at the 3-cycle. 
%% 124790 ns    Alert  ERROR               TB seq.(uvvm)       assert_shift_one_from_left() => Failed. tracked_value '0100' was not XX1X at the 3-cycle. 
%% 124810 ns    Alert  ERROR               TB seq.(uvvm)       assert_shift_one_from_left() => Failed. tracked_value '0000' was not X1XX at the 2-cycle. 
%% 124860 ns    Alert  ERROR               TB seq.(uvvm)       assert_shift_one_from_left() => Failed. tracked_value '0100' was not XX1X at the 3-cycle. 
%% 124930 ns    Alert  ERROR               TB seq.(uvvm)       assert_shift_one_from_left() => Failed. tracked_value '0100' was not XX1X at the 3-cycle. 
%% 125000 ns    Alert  ERROR               TB seq.(uvvm)       assert_shift_one_from_left() => Failed. tracked_value '0100' was not XX1X at the 3-cycle. 
%% 125070 ns    Alert  ERROR               TB seq.(uvvm)       assert_shift_one_from_left() => Failed. tracked_value '0100' was not XX1X at the 3-cycle. 
%% 125150 ns    Alert  ERROR               TB seq.(uvvm)       assert_shift_one_from_left() => Failed. tracked_value '1000' was not XXX1 at the 4-cycle. 
%% 125220 ns    Alert  ERROR               TB seq.(uvvm)       assert_shift_one_from_left() => Failed. tracked_value '0100' was not XXX1 at the 4-cycle. 
%% 125290 ns    Alert  ERROR               TB seq.(uvvm)       assert_shift_one_from_left() => Failed. tracked_value '0010' was not XXX1 at the 4-cycle. 
%% 125430 ns    Alert  ERROR               TB seq.(uvvm)       assert_shift_one_from_left() => Failed. tracked_value '0000' was not XXX1 at the 4-cycle. 
%% 125490 ns    Alert  ERROR               TB seq.(uvvm)       assert_shift_one_from_left() => Failed. tracked_value '0001' was not XX1X at the 3-cycle. 
%% 125510 ns    Alert  ERROR               TB seq.(uvvm)       assert_shift_one_from_left() => Failed. tracked_value '0000' was not X1XX at the 2-cycle. 
%% 125560 ns    Alert  ERROR               TB seq.(uvvm)       assert_shift_one_from_left() => Failed. tracked_value '0001' was not XX1X at the 3-cycle. 
%% 125630 ns    Alert  ERROR               TB seq.(uvvm)       assert_shift_one_from_left() => Failed. tracked_value '0001' was not XX1X at the 3-cycle. 
%% 125700 ns    Alert  ERROR               TB seq.(uvvm)       assert_shift_one_from_left() => Failed. tracked_value '0001' was not XX1X at the 3-cycle. 
%% 125770 ns    Alert  ERROR               TB seq.(uvvm)       assert_shift_one_from_left() => Failed. tracked_value '0001' was not XX1X at the 3-cycle. 
%% 125840 ns    Alert  ERROR               TB seq.(uvvm)       assert_shift_one_from_left() => Failed. tracked_value '0000' was not XX1X at the 3-cycle. 
%% 125860 ns    Alert  ERROR               TB seq.(uvvm)       assert_shift_one_from_left() => Failed. tracked_value '0000' was not X1XX at the 2-cycle. 
%% 125910 ns    Alert  ERROR               TB seq.(uvvm)       assert_shift_one_from_left() => Failed. tracked_value '0000' was not XX1X at the 3-cycle. 
%% 125980 ns    Alert  ERROR               TB seq.(uvvm)       assert_shift_one_from_left() => Failed. tracked_value '0000' was not XX1X at the 3-cycle. 
%% 126050 ns    Alert  ERROR               TB seq.(uvvm)       assert_shift_one_from_left() => Failed. tracked_value '0000' was not XX1X at the 3-cycle. 
%% 126120 ns    Alert  ERROR               TB seq.(uvvm)       assert_shift_one_from_left() => Failed. tracked_value '0000' was not XX1X at the 3-cycle. 
%% 126180 ns    Alert  ERROR               TB seq.(uvvm)       assert_shift_one_from_left() => Failed. tracked_value '0010' was not X1XX at the 2-cycle. 
%% 126200 ns    Alert  ERROR               TB seq.(uvvm)       assert_shift_one_from_left() => Failed. tracked_value '1000' was not X1XX at the 2-cycle. 
%% 126250 ns    Alert  ERROR               TB seq.(uvvm)       assert_shift_one_from_left() => Failed. tracked_value '0010' was not X1XX at the 2-cycle. 
%% 126280 ns    Alert  ERROR               TB seq.(uvvm)       assert_shift_one_from_left() => Failed. tracked_value '0100' was not XX1X at the 3-cycle. 
%% 126320 ns    Alert  ERROR               TB seq.(uvvm)       assert_shift_one_from_left() => Failed. tracked_value '0010' was not X1XX at the 2-cycle. 
%% 126340 ns    Alert  ERROR               TB seq.(uvvm)       assert_shift_one_from_left() => Failed. tracked_value '0010' was not X1XX at the 2-cycle. 
%% 126390 ns    Alert  ERROR               TB seq.(uvvm)       assert_shift_one_from_left() => Failed. tracked_value '0010' was not X1XX at the 2-cycle. 
%% 126410 ns    Alert  ERROR               TB seq.(uvvm)       assert_shift_one_from_left() => Failed. tracked_value '0001' was not X1XX at the 2-cycle. 
%% 126460 ns    Alert  ERROR               TB seq.(uvvm)       assert_shift_one_from_left() => Failed. tracked_value '0010' was not X1XX at the 2-cycle. 
%% 126480 ns    Alert  ERROR               TB seq.(uvvm)       assert_shift_one_from_left() => Failed. tracked_value '0000' was not X1XX at the 2-cycle. 
%% 126530 ns    Alert  ERROR               TB seq.(uvvm)       assert_shift_one_from_left() => Failed. tracked_value '0010' was not X1XX at the 2-cycle. 
%% 126560 ns    Alert  ERROR               TB seq.(uvvm)       assert_shift_one_from_left() => Failed. tracked_value '0000' was not X1XX at the 2-cycle. 
%% 126600 ns    Alert  ERROR               TB seq.(uvvm)       assert_shift_one_from_left() => Failed. tracked_value '0010' was not X1XX at the 2-cycle. 
%% 126670 ns    Alert  ERROR               TB seq.(uvvm)       assert_shift_one_from_left() => Failed. tracked_value '0010' was not X1XX at the 2-cycle. 
%% 126740 ns    Alert  ERROR               TB seq.(uvvm)       assert_shift_one_from_left() => Failed. tracked_value '0010' was not X1XX at the 2-cycle. 
%% 126810 ns    Alert  ERROR               TB seq.(uvvm)       assert_shift_one_from_left() => Failed. tracked_value '0010' was not X1XX at the 2-cycle. 
%% 126880 ns    Alert  ERROR               TB seq.(uvvm)       assert_shift_one_from_left() => Failed. tracked_value '0010' was not X1XX at the 2-cycle. 
%% 126910 ns    Alert  ERROR               TB seq.(uvvm)       assert_shift_one_from_left() => Failed. tracked_value '0000' was not X1XX at the 2-cycle. 
%% 126950 ns    Alert  ERROR               TB seq.(uvvm)       assert_shift_one_from_left() => Failed. tracked_value '0010' was not X1XX at the 2-cycle. 
%% 127020 ns    Alert  ERROR               TB seq.(uvvm)       assert_shift_one_from_left() => Failed. tracked_value '0010' was not X1XX at the 2-cycle. 
%% 127090 ns    Alert  ERROR               TB seq.(uvvm)       assert_shift_one_from_left() => Failed. tracked_value '0010' was not X1XX at the 2-cycle. 
%% 127160 ns    Alert  ERROR               TB seq.(uvvm)       assert_shift_one_from_left() => Failed. tracked_value '0010' was not X1XX at the 2-cycle. 
%% 127230 ns    Alert  ERROR               TB seq.(uvvm)       assert_shift_one_from_left() => Failed. tracked_value '0010' was not X1XX at the 2-cycle. 
%% 127260 ns    Alert  ERROR               TB seq.(uvvm)       assert_shift_one_from_left() => Failed. tracked_value '0000' was not X1XX at the 2-cycle. 
%% 127300 ns    Alert  ERROR               TB seq.(uvvm)       assert_shift_one_from_left() => Failed. tracked_value '0010' was not X1XX at the 2-cycle. 
%% 127370 ns    Alert  ERROR               TB seq.(uvvm)       assert_shift_one_from_left() => Failed. tracked_value '0010' was not X1XX at the 2-cycle. 
%% 127440 ns    Alert  ERROR               TB seq.(uvvm)       assert_shift_one_from_left() => Failed. tracked_value '0010' was not X1XX at the 2-cycle. 
%% 127510 ns    Alert  ERROR               TB seq.(uvvm)       assert_shift_one_from_left() => Failed. tracked_value '0010' was not X1XX at the 2-cycle. 
%% 127580 ns    Alert  ERROR               TB seq.(uvvm)       assert_shift_one_from_left() => Failed. tracked_value '0010' was not X1XX at the 2-cycle. 
%% 127610 ns    Alert  ERROR               TB seq.(uvvm)       assert_shift_one_from_left() => Failed. tracked_value '0000' was not X1XX at the 2-cycle. 
%% 127650 ns    Alert  ERROR               TB seq.(uvvm)       assert_shift_one_from_left() => Failed. tracked_value '0010' was not X1XX at the 2-cycle. 
%% 127720 ns    Alert  ERROR               TB seq.(uvvm)       assert_shift_one_from_left() => Failed. tracked_value '0010' was not X1XX at the 2-cycle. 
%% 127790 ns    Alert  ERROR               TB seq.(uvvm)       assert_shift_one_from_left() => Failed. tracked_value '0010' was not X1XX at the 2-cycle. 
%% 127860 ns    Alert  ERROR               TB seq.(uvvm)       assert_shift_one_from_left() => Failed. tracked_value '0010' was not X1XX at the 2-cycle. 
%% 127930 ns    Alert  ERROR               TB seq.(uvvm)       assert_shift_one_from_left() => Failed. tracked_value '0001' was not X1XX at the 2-cycle. 
%% 127950 ns    Alert  ERROR               TB seq.(uvvm)       assert_shift_one_from_left() => Failed. tracked_value '1000' was not X1XX at the 2-cycle. 
%% 128000 ns    Alert  ERROR               TB seq.(uvvm)       assert_shift_one_from_left() => Failed. tracked_value '0001' was not X1XX at the 2-cycle. 
%% 128030 ns    Alert  ERROR               TB seq.(uvvm)       assert_shift_one_from_left() => Failed. tracked_value '0100' was not XX1X at the 3-cycle. 
%% 128070 ns    Alert  ERROR               TB seq.(uvvm)       assert_shift_one_from_left() => Failed. tracked_value '0001' was not X1XX at the 2-cycle. 
%% 128090 ns    Alert  ERROR               TB seq.(uvvm)       assert_shift_one_from_left() => Failed. tracked_value '0010' was not X1XX at the 2-cycle. 
%% 128140 ns    Alert  ERROR               TB seq.(uvvm)       assert_shift_one_from_left() => Failed. tracked_value '0001' was not X1XX at the 2-cycle. 
%% 128160 ns    Alert  ERROR               TB seq.(uvvm)       assert_shift_one_from_left() => Failed. tracked_value '0001' was not X1XX at the 2-cycle. 
%% 128210 ns    Alert  ERROR               TB seq.(uvvm)       assert_shift_one_from_left() => Failed. tracked_value '0001' was not X1XX at the 2-cycle. 
%% 128230 ns    Alert  ERROR               TB seq.(uvvm)       assert_shift_one_from_left() => Failed. tracked_value '0000' was not X1XX at the 2-cycle. 
%% 128280 ns    Alert  ERROR               TB seq.(uvvm)       assert_shift_one_from_left() => Failed. tracked_value '0001' was not X1XX at the 2-cycle. 
%% 128310 ns    Alert  ERROR               TB seq.(uvvm)       assert_shift_one_from_left() => Failed. tracked_value '0000' was not X1XX at the 2-cycle. 
%% 128350 ns    Alert  ERROR               TB seq.(uvvm)       assert_shift_one_from_left() => Failed. tracked_value '0001' was not X1XX at the 2-cycle. 
%% 128420 ns    Alert  ERROR               TB seq.(uvvm)       assert_shift_one_from_left() => Failed. tracked_value '0001' was not X1XX at the 2-cycle. 
%% 128490 ns    Alert  ERROR               TB seq.(uvvm)       assert_shift_one_from_left() => Failed. tracked_value '0001' was not X1XX at the 2-cycle. 
%% 128560 ns    Alert  ERROR               TB seq.(uvvm)       assert_shift_one_from_left() => Failed. tracked_value '0001' was not X1XX at the 2-cycle. 
%% 128630 ns    Alert  ERROR               TB seq.(uvvm)       assert_shift_one_from_left() => Failed. tracked_value '0001' was not X1XX at the 2-cycle. 
%% 128660 ns    Alert  ERROR               TB seq.(uvvm)       assert_shift_one_from_left() => Failed. tracked_value '0000' was not X1XX at the 2-cycle. 
%% 128700 ns    Alert  ERROR               TB seq.(uvvm)       assert_shift_one_from_left() => Failed. tracked_value '0001' was not X1XX at the 2-cycle. 
%% 128770 ns    Alert  ERROR               TB seq.(uvvm)       assert_shift_one_from_left() => Failed. tracked_value '0001' was not X1XX at the 2-cycle. 
%% 128840 ns    Alert  ERROR               TB seq.(uvvm)       assert_shift_one_from_left() => Failed. tracked_value '0001' was not X1XX at the 2-cycle. 
%% 128910 ns    Alert  ERROR               TB seq.(uvvm)       assert_shift_one_from_left() => Failed. tracked_value '0001' was not X1XX at the 2-cycle. 
%% 128980 ns    Alert  ERROR               TB seq.(uvvm)       assert_shift_one_from_left() => Failed. tracked_value '0001' was not X1XX at the 2-cycle. 
%% 129010 ns    Alert  ERROR               TB seq.(uvvm)       assert_shift_one_from_left() => Failed. tracked_value '0000' was not X1XX at the 2-cycle. 
%% 129050 ns    Alert  ERROR               TB seq.(uvvm)       assert_shift_one_from_left() => Failed. tracked_value '0001' was not X1XX at the 2-cycle. 
%% 129120 ns    Alert  ERROR               TB seq.(uvvm)       assert_shift_one_from_left() => Failed. tracked_value '0001' was not X1XX at the 2-cycle. 
%% 129190 ns    Alert  ERROR               TB seq.(uvvm)       assert_shift_one_from_left() => Failed. tracked_value '0001' was not X1XX at the 2-cycle. 
%% 129260 ns    Alert  ERROR               TB seq.(uvvm)       assert_shift_one_from_left() => Failed. tracked_value '0001' was not X1XX at the 2-cycle. 
%% 129330 ns    Alert  ERROR               TB seq.(uvvm)       assert_shift_one_from_left() => Failed. tracked_value '0001' was not X1XX at the 2-cycle. 
%% 129360 ns    Alert  ERROR               TB seq.(uvvm)       assert_shift_one_from_left() => Failed. tracked_value '0000' was not X1XX at the 2-cycle. 
%% 129400 ns    Alert  ERROR               TB seq.(uvvm)       assert_shift_one_from_left() => Failed. tracked_value '0001' was not X1XX at the 2-cycle. 
%% 129470 ns    Alert  ERROR               TB seq.(uvvm)       assert_shift_one_from_left() => Failed. tracked_value '0001' was not X1XX at the 2-cycle. 
%% 129540 ns    Alert  ERROR               TB seq.(uvvm)       assert_shift_one_from_left() => Failed. tracked_value '0001' was not X1XX at the 2-cycle. 
%% 129610 ns    Alert  ERROR               TB seq.(uvvm)       assert_shift_one_from_left() => Failed. tracked_value '0001' was not X1XX at the 2-cycle. 
%% 129680 ns    Alert  ERROR               TB seq.(uvvm)       assert_shift_one_from_left() => Failed. tracked_value '0000' was not X1XX at the 2-cycle. 
%% 129700 ns    Alert  ERROR               TB seq.(uvvm)       assert_shift_one_from_left() => Failed. tracked_value '1000' was not X1XX at the 2-cycle. 
%% 129750 ns    Alert  ERROR               TB seq.(uvvm)       assert_shift_one_from_left() => Failed. tracked_value '0000' was not X1XX at the 2-cycle. 
%% 129780 ns    Alert  ERROR               TB seq.(uvvm)       assert_shift_one_from_left() => Failed. tracked_value '0100' was not XX1X at the 3-cycle. 
%% 129820 ns    Alert  ERROR               TB seq.(uvvm)       assert_shift_one_from_left() => Failed. tracked_value '0000' was not X1XX at the 2-cycle. 
%% 129840 ns    Alert  ERROR               TB seq.(uvvm)       assert_shift_one_from_left() => Failed. tracked_value '0010' was not X1XX at the 2-cycle. 
%% 129890 ns    Alert  ERROR               TB seq.(uvvm)       assert_shift_one_from_left() => Failed. tracked_value '0000' was not X1XX at the 2-cycle. 
%% 129910 ns    Alert  ERROR               TB seq.(uvvm)       assert_shift_one_from_left() => Failed. tracked_value '0001' was not X1XX at the 2-cycle. 
%% 129960 ns    Alert  ERROR               TB seq.(uvvm)       assert_shift_one_from_left() => Failed. tracked_value '0000' was not X1XX at the 2-cycle. 
%% 129980 ns    Alert  ERROR               TB seq.(uvvm)       assert_shift_one_from_left() => Failed. tracked_value '0000' was not X1XX at the 2-cycle. 
%% 130030 ns    Alert  ERROR               TB seq.(uvvm)       assert_shift_one_from_left() => Failed. tracked_value '0000' was not X1XX at the 2-cycle. 
%% 130060 ns    Alert  ERROR               TB seq.(uvvm)       assert_shift_one_from_left() => Failed. tracked_value '0000' was not X1XX at the 2-cycle. 
%% 130100 ns    Alert  ERROR               TB seq.(uvvm)       assert_shift_one_from_left() => Failed. tracked_value '0000' was not X1XX at the 2-cycle. 
%% 130170 ns    Alert  ERROR               TB seq.(uvvm)       assert_shift_one_from_left() => Failed. tracked_value '0000' was not X1XX at the 2-cycle. 
%% 130240 ns    Alert  ERROR               TB seq.(uvvm)       assert_shift_one_from_left() => Failed. tracked_value '0000' was not X1XX at the 2-cycle. 
%% 130310 ns    Alert  ERROR               TB seq.(uvvm)       assert_shift_one_from_left() => Failed. tracked_value '0000' was not X1XX at the 2-cycle. 
%% 130380 ns    Alert  ERROR               TB seq.(uvvm)       assert_shift_one_from_left() => Failed. tracked_value '0000' was not X1XX at the 2-cycle. 
%% 130410 ns    Alert  ERROR               TB seq.(uvvm)       assert_shift_one_from_left() => Failed. tracked_value '0000' was not X1XX at the 2-cycle. 
%% 130450 ns    Alert  ERROR               TB seq.(uvvm)       assert_shift_one_from_left() => Failed. tracked_value '0000' was not X1XX at the 2-cycle. 
%% 130520 ns    Alert  ERROR               TB seq.(uvvm)       assert_shift_one_from_left() => Failed. tracked_value '0000' was not X1XX at the 2-cycle. 
%% 130590 ns    Alert  ERROR               TB seq.(uvvm)       assert_shift_one_from_left() => Failed. tracked_value '0000' was not X1XX at the 2-cycle. 
%% 130660 ns    Alert  ERROR               TB seq.(uvvm)       assert_shift_one_from_left() => Failed. tracked_value '0000' was not X1XX at the 2-cycle. 
%% 130730 ns    Alert  ERROR               TB seq.(uvvm)       assert_shift_one_from_left() => Failed. tracked_value '0000' was not X1XX at the 2-cycle. 
%% 130760 ns    Alert  ERROR               TB seq.(uvvm)       assert_shift_one_from_left() => Failed. tracked_value '0000' was not X1XX at the 2-cycle. 
%% 130800 ns    Alert  ERROR               TB seq.(uvvm)       assert_shift_one_from_left() => Failed. tracked_value '0000' was not X1XX at the 2-cycle. 
%% 130870 ns    Alert  ERROR               TB seq.(uvvm)       assert_shift_one_from_left() => Failed. tracked_value '0000' was not X1XX at the 2-cycle. 
%% 130940 ns    Alert  ERROR               TB seq.(uvvm)       assert_shift_one_from_left() => Failed. tracked_value '0000' was not X1XX at the 2-cycle. 
%% 131010 ns    Alert  ERROR               TB seq.(uvvm)       assert_shift_one_from_left() => Failed. tracked_value '0000' was not X1XX at the 2-cycle. 
%% 131080 ns    Alert  ERROR               TB seq.(uvvm)       assert_shift_one_from_left() => Failed. tracked_value '0000' was not X1XX at the 2-cycle. 
%% 131110 ns    Alert  ERROR               TB seq.(uvvm)       assert_shift_one_from_left() => Failed. tracked_value '0000' was not X1XX at the 2-cycle. 
%% 131150 ns    Alert  ERROR               TB seq.(uvvm)       assert_shift_one_from_left() => Failed. tracked_value '0000' was not X1XX at the 2-cycle. 
%% 131220 ns    Alert  ERROR               TB seq.(uvvm)       assert_shift_one_from_left() => Failed. tracked_value '0000' was not X1XX at the 2-cycle. 
%% 131290 ns    Alert  ERROR               TB seq.(uvvm)       assert_shift_one_from_left() => Failed. tracked_value '0000' was not X1XX at the 2-cycle. 
%% 131360 ns    Alert  ERROR               TB seq.(uvvm)       assert_shift_one_from_left() => Failed. tracked_value '0000' was not X1XX at the 2-cycle. 
%% 131420 ns    Log    ID_SEQUENCER        TB seq.             Triggering Assertion: Pipeline\nTesting 4 pipelines with all combinations in cycle 3 and 4\nTwo combinations (0110 and 0111) are tested in cycle 5\n
%% 131440 ns    Alert  ERROR               TB seq.(uvvm)       assert_shift_one_from_left() => Failed. tracked_value '0000' was not XX1X at the 3-cycle. 
%% 131540 ns    Alert  ERROR               TB seq.(uvvm)       assert_shift_one_from_left() => Failed. tracked_value '0000' was not XX1X at the 3-cycle. 
%% 131640 ns    Alert  ERROR               TB seq.(uvvm)       assert_shift_one_from_left() => Failed. tracked_value '0000' was not XX1X at the 3-cycle. 
%% 131740 ns    Alert  ERROR               TB seq.(uvvm)       assert_shift_one_from_left() => Failed. tracked_value '0000' was not XX1X at the 3-cycle. 
%% 131840 ns    Alert  ERROR               TB seq.(uvvm)       assert_shift_one_from_left() => Failed. tracked_value '0000' was not XX1X at the 3-cycle. 
%% 131940 ns    Alert  ERROR               TB seq.(uvvm)       assert_shift_one_from_left() => Failed. tracked_value '0000' was not XX1X at the 3-cycle. 
%% 132040 ns    Alert  ERROR               TB seq.(uvvm)       assert_shift_one_from_left() => Failed. tracked_value '0000' was not XX1X at the 3-cycle. 
%% 132140 ns    Alert  ERROR               TB seq.(uvvm)       assert_shift_one_from_left() => Failed. tracked_value '0000' was not XX1X at the 3-cycle. 
%% 132240 ns    Alert  ERROR               TB seq.(uvvm)       assert_shift_one_from_left() => Failed. tracked_value '0000' was not XX1X at the 3-cycle. 
%% 132340 ns    Alert  ERROR               TB seq.(uvvm)       assert_shift_one_from_left() => Failed. tracked_value '0000' was not XX1X at the 3-cycle. 
%% 132440 ns    Alert  ERROR               TB seq.(uvvm)       assert_shift_one_from_left() => Failed. tracked_value '0000' was not XX1X at the 3-cycle. 
%% 132540 ns    Alert  ERROR               TB seq.(uvvm)       assert_shift_one_from_left() => Failed. tracked_value '0000' was not XX1X at the 3-cycle. 
%% 132640 ns    Alert  ERROR               TB seq.(uvvm)       assert_shift_one_from_left() => Failed. tracked_value '0000' was not XX1X at the 3-cycle. 
%% 132740 ns    Alert  ERROR               TB seq.(uvvm)       assert_shift_one_from_left() => Failed. tracked_value '0000' was not XX1X at the 3-cycle. 
%% 132840 ns    Alert  ERROR               TB seq.(uvvm)       assert_shift_one_from_left() => Failed. tracked_value '0000' was not XX1X at the 3-cycle. 
%% 132940 ns    Alert  ERROR               TB seq.(uvvm)       assert_shift_one_from_left() => Failed. tracked_value '0000' was not XX1X at the 3-cycle. 
%% 133040 ns    Alert  ERROR               TB seq.(uvvm)       assert_shift_one_from_left() => Failed. tracked_value '0000' was not XX1X at the 3-cycle. 
%% 133140 ns    Alert  ERROR               TB seq.(uvvm)       assert_shift_one_from_left() => Failed. tracked_value '0000' was not XX1X at the 3-cycle. 
%% 133240 ns    Alert  ERROR               TB seq.(uvvm)       assert_shift_one_from_left() => Failed. tracked_value '0000' was not XX1X at the 3-cycle. 
%% 133340 ns    Alert  ERROR               TB seq.(uvvm)       assert_shift_one_from_left() => Failed. tracked_value '0000' was not XX1X at the 3-cycle. 
%% 133440 ns    Alert  ERROR               TB seq.(uvvm)       assert_shift_one_from_left() => Failed. tracked_value '0000' was not XX1X at the 3-cycle. 
%% 133540 ns    Alert  ERROR               TB seq.(uvvm)       assert_shift_one_from_left() => Failed. tracked_value '0000' was not XX1X at the 3-cycle. 
%% 133640 ns    Alert  ERROR               TB seq.(uvvm)       assert_shift_one_from_left() => Failed. tracked_value '0000' was not XX1X at the 3-cycle. 
%% 133740 ns    Alert  ERROR               TB seq.(uvvm)       assert_shift_one_from_left() => Failed. tracked_value '0000' was not XX1X at the 3-cycle. 
%% 133840 ns    Alert  ERROR               TB seq.(uvvm)       assert_shift_one_from_left() => Failed. tracked_value '0000' was not XX1X at the 3-cycle. 
%% 133940 ns    Alert  ERROR               TB seq.(uvvm)       assert_shift_one_from_left() => Failed. tracked_value '0000' was not XX1X at the 3-cycle. 
%% 134040 ns    Alert  ERROR               TB seq.(uvvm)       assert_shift_one_from_left() => Failed. tracked_value '0000' was not XX1X at the 3-cycle. 
%% 134140 ns    Alert  ERROR               TB seq.(uvvm)       assert_shift_one_from_left() => Failed. tracked_value '0000' was not XX1X at the 3-cycle. 
%% 134240 ns    Alert  ERROR               TB seq.(uvvm)       assert_shift_one_from_left() => Failed. tracked_value '0000' was not XX1X at the 3-cycle. 
%% 134340 ns    Alert  ERROR               TB seq.(uvvm)       assert_shift_one_from_left() => Failed. tracked_value '0000' was not XX1X at the 3-cycle. 
%% 134440 ns    Alert  ERROR               TB seq.(uvvm)       assert_shift_one_from_left() => Failed. tracked_value '0000' was not XX1X at the 3-cycle. 
%% 134540 ns    Alert  ERROR               TB seq.(uvvm)       assert_shift_one_from_left() => Failed. tracked_value '0000' was not XX1X at the 3-cycle. 
%% 134640 ns    Alert  ERROR               TB seq.(uvvm)       assert_shift_one_from_left() => Failed. tracked_value '0001' was not XX1X at the 3-cycle. 
%% 134740 ns    Alert  ERROR               TB seq.(uvvm)       assert_shift_one_from_left() => Failed. tracked_value '0001' was not XX1X at the 3-cycle. 
%% 134840 ns    Alert  ERROR               TB seq.(uvvm)       assert_shift_one_from_left() => Failed. tracked_value '0001' was not XX1X at the 3-cycle. 
%% 134940 ns    Alert  ERROR               TB seq.(uvvm)       assert_shift_one_from_left() => Failed. tracked_value '0001' was not XX1X at the 3-cycle. 
%% 135040 ns    Alert  ERROR               TB seq.(uvvm)       assert_shift_one_from_left() => Failed. tracked_value '0001' was not XX1X at the 3-cycle. 
%% 135140 ns    Alert  ERROR               TB seq.(uvvm)       assert_shift_one_from_left() => Failed. tracked_value '0001' was not XX1X at the 3-cycle. 
%% 135240 ns    Alert  ERROR               TB seq.(uvvm)       assert_shift_one_from_left() => Failed. tracked_value '0001' was not XX1X at the 3-cycle. 
%% 135340 ns    Alert  ERROR               TB seq.(uvvm)       assert_shift_one_from_left() => Failed. tracked_value '0001' was not XX1X at the 3-cycle. 
%% 135440 ns    Alert  ERROR               TB seq.(uvvm)       assert_shift_one_from_left() => Failed. tracked_value '0001' was not XX1X at the 3-cycle. 
%% 135540 ns    Alert  ERROR               TB seq.(uvvm)       assert_shift_one_from_left() => Failed. tracked_value '0001' was not XX1X at the 3-cycle. 
%% 135640 ns    Alert  ERROR               TB seq.(uvvm)       assert_shift_one_from_left() => Failed. tracked_value '0001' was not XX1X at the 3-cycle. 
%% 135740 ns    Alert  ERROR               TB seq.(uvvm)       assert_shift_one_from_left() => Failed. tracked_value '0001' was not XX1X at the 3-cycle. 
%% 135840 ns    Alert  ERROR               TB seq.(uvvm)       assert_shift_one_from_left() => Failed. tracked_value '0001' was not XX1X at the 3-cycle. 
%% 135940 ns    Alert  ERROR               TB seq.(uvvm)       assert_shift_one_from_left() => Failed. tracked_value '0001' was not XX1X at the 3-cycle. 
%% 136040 ns    Alert  ERROR               TB seq.(uvvm)       assert_shift_one_from_left() => Failed. tracked_value '0001' was not XX1X at the 3-cycle. 
%% 136140 ns    Alert  ERROR               TB seq.(uvvm)       assert_shift_one_from_left() => Failed. tracked_value '0001' was not XX1X at the 3-cycle. 
%% 136240 ns    Alert  ERROR               TB seq.(uvvm)       assert_shift_one_from_left() => Failed. tracked_value '0001' was not XX1X at the 3-cycle. 
%% 136340 ns    Alert  ERROR               TB seq.(uvvm)       assert_shift_one_from_left() => Failed. tracked_value '0001' was not XX1X at the 3-cycle. 
%% 136440 ns    Alert  ERROR               TB seq.(uvvm)       assert_shift_one_from_left() => Failed. tracked_value '0001' was not XX1X at the 3-cycle. 
%% 136540 ns    Alert  ERROR               TB seq.(uvvm)       assert_shift_one_from_left() => Failed. tracked_value '0001' was not XX1X at the 3-cycle. 
%% 136640 ns    Alert  ERROR               TB seq.(uvvm)       assert_shift_one_from_left() => Failed. tracked_value '0001' was not XX1X at the 3-cycle. 
%% 136740 ns    Alert  ERROR               TB seq.(uvvm)       assert_shift_one_from_left() => Failed. tracked_value '0001' was not XX1X at the 3-cycle. 
%% 136840 ns    Alert  ERROR               TB seq.(uvvm)       assert_shift_one_from_left() => Failed. tracked_value '0001' was not XX1X at the 3-cycle. 
%% 136940 ns    Alert  ERROR               TB seq.(uvvm)       assert_shift_one_from_left() => Failed. tracked_value '0001' was not XX1X at the 3-cycle. 
%% 137040 ns    Alert  ERROR               TB seq.(uvvm)       assert_shift_one_from_left() => Failed. tracked_value '0001' was not XX1X at the 3-cycle. 
%% 137140 ns    Alert  ERROR               TB seq.(uvvm)       assert_shift_one_from_left() => Failed. tracked_value '0001' was not XX1X at the 3-cycle. 
%% 137240 ns    Alert  ERROR               TB seq.(uvvm)       assert_shift_one_from_left() => Failed. tracked_value '0001' was not XX1X at the 3-cycle. 
%% 137340 ns    Alert  ERROR               TB seq.(uvvm)       assert_shift_one_from_left() => Failed. tracked_value '0001' was not XX1X at the 3-cycle. 
%% 137440 ns    Alert  ERROR               TB seq.(uvvm)       assert_shift_one_from_left() => Failed. tracked_value '0001' was not XX1X at the 3-cycle. 
%% 137540 ns    Alert  ERROR               TB seq.(uvvm)       assert_shift_one_from_left() => Failed. tracked_value '0001' was not XX1X at the 3-cycle. 
%% 137640 ns    Alert  ERROR               TB seq.(uvvm)       assert_shift_one_from_left() => Failed. tracked_value '0001' was not XX1X at the 3-cycle. 
%% 137740 ns    Alert  ERROR               TB seq.(uvvm)       assert_shift_one_from_left() => Failed. tracked_value '0001' was not XX1X at the 3-cycle. 
%% 137850 ns    Alert  ERROR               TB seq.(uvvm)       assert_shift_one_from_left() => Failed. tracked_value '0000' was not XXX1 at the 4-cycle. 
%% 137950 ns    Alert  ERROR               TB seq.(uvvm)       assert_shift_one_from_left() => Failed. tracked_value '0000' was not XXX1 at the 4-cycle. 
%% 138250 ns    Alert  ERROR               TB seq.(uvvm)       assert_shift_one_from_left() => Failed. tracked_value '0010' was not XXX1 at the 4-cycle. 
%% 138350 ns    Alert  ERROR               TB seq.(uvvm)       assert_shift_one_from_left() => Failed. tracked_value '0010' was not XXX1 at the 4-cycle. 
%% 138650 ns    Alert  ERROR               TB seq.(uvvm)       assert_shift_one_from_left() => Failed. tracked_value '0100' was not XXX1 at the 4-cycle. 
%% 138750 ns    Alert  ERROR               TB seq.(uvvm)       assert_shift_one_from_left() => Failed. tracked_value '0100' was not XXX1 at the 4-cycle. 
%% 139050 ns    Alert  ERROR               TB seq.(uvvm)       assert_shift_one_from_left() => Failed. tracked_value '0110' was not XXX1 at the 4-cycle. 
%% 139150 ns    Alert  ERROR               TB seq.(uvvm)       assert_shift_one_from_left() => Failed. tracked_value '0110' was not XXX1 at the 4-cycle. 
%% 139450 ns    Alert  ERROR               TB seq.(uvvm)       assert_shift_one_from_left() => Failed. tracked_value '1000' was not XXX1 at the 4-cycle. 
%% 139550 ns    Alert  ERROR               TB seq.(uvvm)       assert_shift_one_from_left() => Failed. tracked_value '1000' was not XXX1 at the 4-cycle. 
%% 139850 ns    Alert  ERROR               TB seq.(uvvm)       assert_shift_one_from_left() => Failed. tracked_value '1010' was not XXX1 at the 4-cycle. 
%% 139950 ns    Alert  ERROR               TB seq.(uvvm)       assert_shift_one_from_left() => Failed. tracked_value '1010' was not XXX1 at the 4-cycle. 
%% 140250 ns    Alert  ERROR               TB seq.(uvvm)       assert_shift_one_from_left() => Failed. tracked_value '1100' was not XXX1 at the 4-cycle. 
%% 140350 ns    Alert  ERROR               TB seq.(uvvm)       assert_shift_one_from_left() => Failed. tracked_value '1100' was not XXX1 at the 4-cycle. 
%% 140650 ns    Alert  ERROR               TB seq.(uvvm)       assert_shift_one_from_left() => Failed. tracked_value '1110' was not XXX1 at the 4-cycle. 
%% 140750 ns    Alert  ERROR               TB seq.(uvvm)       assert_shift_one_from_left() => Failed. tracked_value '1110' was not XXX1 at the 4-cycle. 
%% 141050 ns    Alert  ERROR               TB seq.(uvvm)       assert_shift_one_from_left() => Failed. tracked_value '0000' was not XXX1 at the 4-cycle. 
%% 141150 ns    Alert  ERROR               TB seq.(uvvm)       assert_shift_one_from_left() => Failed. tracked_value '0000' was not XXX1 at the 4-cycle. 
%% 141450 ns    Alert  ERROR               TB seq.(uvvm)       assert_shift_one_from_left() => Failed. tracked_value '0010' was not XXX1 at the 4-cycle. 
%% 141550 ns    Alert  ERROR               TB seq.(uvvm)       assert_shift_one_from_left() => Failed. tracked_value '0010' was not XXX1 at the 4-cycle. 
%% 141850 ns    Alert  ERROR               TB seq.(uvvm)       assert_shift_one_from_left() => Failed. tracked_value '0100' was not XXX1 at the 4-cycle. 
%% 141950 ns    Alert  ERROR               TB seq.(uvvm)       assert_shift_one_from_left() => Failed. tracked_value '0100' was not XXX1 at the 4-cycle. 
%% 142250 ns    Alert  ERROR               TB seq.(uvvm)       assert_shift_one_from_left() => Failed. tracked_value '0110' was not XXX1 at the 4-cycle. 
%% 142350 ns    Alert  ERROR               TB seq.(uvvm)       assert_shift_one_from_left() => Failed. tracked_value '0110' was not XXX1 at the 4-cycle. 
%% 142650 ns    Alert  ERROR               TB seq.(uvvm)       assert_shift_one_from_left() => Failed. tracked_value '1000' was not XXX1 at the 4-cycle. 
%% 142750 ns    Alert  ERROR               TB seq.(uvvm)       assert_shift_one_from_left() => Failed. tracked_value '1000' was not XXX1 at the 4-cycle. 
%% 143050 ns    Alert  ERROR               TB seq.(uvvm)       assert_shift_one_from_left() => Failed. tracked_value '1010' was not XXX1 at the 4-cycle. 
%% 143150 ns    Alert  ERROR               TB seq.(uvvm)       assert_shift_one_from_left() => Failed. tracked_value '1010' was not XXX1 at the 4-cycle. 
%% 143450 ns    Alert  ERROR               TB seq.(uvvm)       assert_shift_one_from_left() => Failed. tracked_value '1100' was not XXX1 at the 4-cycle. 
%% 143550 ns    Alert  ERROR               TB seq.(uvvm)       assert_shift_one_from_left() => Failed. tracked_value '1100' was not XXX1 at the 4-cycle. 
%% 143850 ns    Alert  ERROR               TB seq.(uvvm)       assert_shift_one_from_left() => Failed. tracked_value '1110' was not XXX1 at the 4-cycle. 
%% 143950 ns    Alert  ERROR               TB seq.(uvvm)       assert_shift_one_from_left() => Failed. tracked_value '1110' was not XXX1 at the 4-cycle. 
%% 144240 ns    Alert  ERROR               TB seq.(uvvm)       assert_shift_one_from_left() => Failed. tracked_value '0100' was not XX1X at the 3-cycle. 
%% 144340 ns    Alert  ERROR               TB seq.(uvvm)       assert_shift_one_from_left() => Failed. tracked_value '0100' was not XX1X at the 3-cycle. 
%% 144440 ns    Alert  ERROR               TB seq.(uvvm)       assert_shift_one_from_left() => Failed. tracked_value '0100' was not XX1X at the 3-cycle. 
%% 144540 ns    Alert  ERROR               TB seq.(uvvm)       assert_shift_one_from_left() => Failed. tracked_value '0100' was not XX1X at the 3-cycle. 
%% 144640 ns    Alert  ERROR               TB seq.(uvvm)       assert_shift_one_from_left() => Failed. tracked_value '0100' was not XX1X at the 3-cycle. 
%% 144740 ns    Alert  ERROR               TB seq.(uvvm)       assert_shift_one_from_left() => Failed. tracked_value '0100' was not XX1X at the 3-cycle. 
%% 144840 ns    Alert  ERROR               TB seq.(uvvm)       assert_shift_one_from_left() => Failed. tracked_value '0100' was not XX1X at the 3-cycle. 
%% 144940 ns    Alert  ERROR               TB seq.(uvvm)       assert_shift_one_from_left() => Failed. tracked_value '0100' was not XX1X at the 3-cycle. 
%% 145040 ns    Alert  ERROR               TB seq.(uvvm)       assert_shift_one_from_left() => Failed. tracked_value '0100' was not XX1X at the 3-cycle. 
%% 145140 ns    Alert  ERROR               TB seq.(uvvm)       assert_shift_one_from_left() => Failed. tracked_value '0100' was not XX1X at the 3-cycle. 
%% 145240 ns    Alert  ERROR               TB seq.(uvvm)       assert_shift_one_from_left() => Failed. tracked_value '0100' was not XX1X at the 3-cycle. 
%% 145340 ns    Alert  ERROR               TB seq.(uvvm)       assert_shift_one_from_left() => Failed. tracked_value '0100' was not XX1X at the 3-cycle. 
%% 145440 ns    Alert  ERROR               TB seq.(uvvm)       assert_shift_one_from_left() => Failed. tracked_value '0100' was not XX1X at the 3-cycle. 
%% 145540 ns    Alert  ERROR               TB seq.(uvvm)       assert_shift_one_from_left() => Failed. tracked_value '0100' was not XX1X at the 3-cycle. 
%% 145640 ns    Alert  ERROR               TB seq.(uvvm)       assert_shift_one_from_left() => Failed. tracked_value '0100' was not XX1X at the 3-cycle. 
%% 145740 ns    Alert  ERROR               TB seq.(uvvm)       assert_shift_one_from_left() => Failed. tracked_value '0100' was not XX1X at the 3-cycle. 
%% 145840 ns    Alert  ERROR               TB seq.(uvvm)       assert_shift_one_from_left() => Failed. tracked_value '0100' was not XX1X at the 3-cycle. 
%% 145940 ns    Alert  ERROR               TB seq.(uvvm)       assert_shift_one_from_left() => Failed. tracked_value '0100' was not XX1X at the 3-cycle. 
%% 146040 ns    Alert  ERROR               TB seq.(uvvm)       assert_shift_one_from_left() => Failed. tracked_value '0100' was not XX1X at the 3-cycle. 
%% 146140 ns    Alert  ERROR               TB seq.(uvvm)       assert_shift_one_from_left() => Failed. tracked_value '0100' was not XX1X at the 3-cycle. 
%% 146240 ns    Alert  ERROR               TB seq.(uvvm)       assert_shift_one_from_left() => Failed. tracked_value '0100' was not XX1X at the 3-cycle. 
%% 146340 ns    Alert  ERROR               TB seq.(uvvm)       assert_shift_one_from_left() => Failed. tracked_value '0100' was not XX1X at the 3-cycle. 
%% 146440 ns    Alert  ERROR               TB seq.(uvvm)       assert_shift_one_from_left() => Failed. tracked_value '0100' was not XX1X at the 3-cycle. 
%% 146540 ns    Alert  ERROR               TB seq.(uvvm)       assert_shift_one_from_left() => Failed. tracked_value '0100' was not XX1X at the 3-cycle. 
%% 146640 ns    Alert  ERROR               TB seq.(uvvm)       assert_shift_one_from_left() => Failed. tracked_value '0100' was not XX1X at the 3-cycle. 
%% 146740 ns    Alert  ERROR               TB seq.(uvvm)       assert_shift_one_from_left() => Failed. tracked_value '0100' was not XX1X at the 3-cycle. 
%% 146840 ns    Alert  ERROR               TB seq.(uvvm)       assert_shift_one_from_left() => Failed. tracked_value '0100' was not XX1X at the 3-cycle. 
%% 146940 ns    Alert  ERROR               TB seq.(uvvm)       assert_shift_one_from_left() => Failed. tracked_value '0100' was not XX1X at the 3-cycle. 
%% 147040 ns    Alert  ERROR               TB seq.(uvvm)       assert_shift_one_from_left() => Failed. tracked_value '0100' was not XX1X at the 3-cycle. 
%% 147140 ns    Alert  ERROR               TB seq.(uvvm)       assert_shift_one_from_left() => Failed. tracked_value '0100' was not XX1X at the 3-cycle. 
%% 147240 ns    Alert  ERROR               TB seq.(uvvm)       assert_shift_one_from_left() => Failed. tracked_value '0100' was not XX1X at the 3-cycle. 
%% 147340 ns    Alert  ERROR               TB seq.(uvvm)       assert_shift_one_from_left() => Failed. tracked_value '0100' was not XX1X at the 3-cycle. 
%% 147440 ns    Alert  ERROR               TB seq.(uvvm)       assert_shift_one_from_left() => Failed. tracked_value '0101' was not XX1X at the 3-cycle. 
%% 147540 ns    Alert  ERROR               TB seq.(uvvm)       assert_shift_one_from_left() => Failed. tracked_value '0101' was not XX1X at the 3-cycle. 
%% 147640 ns    Alert  ERROR               TB seq.(uvvm)       assert_shift_one_from_left() => Failed. tracked_value '0101' was not XX1X at the 3-cycle. 
%% 147740 ns    Alert  ERROR               TB seq.(uvvm)       assert_shift_one_from_left() => Failed. tracked_value '0101' was not XX1X at the 3-cycle. 
%% 147840 ns    Alert  ERROR               TB seq.(uvvm)       assert_shift_one_from_left() => Failed. tracked_value '0101' was not XX1X at the 3-cycle. 
%% 147940 ns    Alert  ERROR               TB seq.(uvvm)       assert_shift_one_from_left() => Failed. tracked_value '0101' was not XX1X at the 3-cycle. 
%% 148040 ns    Alert  ERROR               TB seq.(uvvm)       assert_shift_one_from_left() => Failed. tracked_value '0101' was not XX1X at the 3-cycle. 
%% 148140 ns    Alert  ERROR               TB seq.(uvvm)       assert_shift_one_from_left() => Failed. tracked_value '0101' was not XX1X at the 3-cycle. 
%% 148240 ns    Alert  ERROR               TB seq.(uvvm)       assert_shift_one_from_left() => Failed. tracked_value '0101' was not XX1X at the 3-cycle. 
%% 148340 ns    Alert  ERROR               TB seq.(uvvm)       assert_shift_one_from_left() => Failed. tracked_value '0101' was not XX1X at the 3-cycle. 
%% 148440 ns    Alert  ERROR               TB seq.(uvvm)       assert_shift_one_from_left() => Failed. tracked_value '0101' was not XX1X at the 3-cycle. 
%% 148540 ns    Alert  ERROR               TB seq.(uvvm)       assert_shift_one_from_left() => Failed. tracked_value '0101' was not XX1X at the 3-cycle. 
%% 148640 ns    Alert  ERROR               TB seq.(uvvm)       assert_shift_one_from_left() => Failed. tracked_value '0101' was not XX1X at the 3-cycle. 
%% 148740 ns    Alert  ERROR               TB seq.(uvvm)       assert_shift_one_from_left() => Failed. tracked_value '0101' was not XX1X at the 3-cycle. 
%% 148840 ns    Alert  ERROR               TB seq.(uvvm)       assert_shift_one_from_left() => Failed. tracked_value '0101' was not XX1X at the 3-cycle. 
%% 148940 ns    Alert  ERROR               TB seq.(uvvm)       assert_shift_one_from_left() => Failed. tracked_value '0101' was not XX1X at the 3-cycle. 
%% 149040 ns    Alert  ERROR               TB seq.(uvvm)       assert_shift_one_from_left() => Failed. tracked_value '0101' was not XX1X at the 3-cycle. 
%% 149140 ns    Alert  ERROR               TB seq.(uvvm)       assert_shift_one_from_left() => Failed. tracked_value '0101' was not XX1X at the 3-cycle. 
%% 149240 ns    Alert  ERROR               TB seq.(uvvm)       assert_shift_one_from_left() => Failed. tracked_value '0101' was not XX1X at the 3-cycle. 
%% 149340 ns    Alert  ERROR               TB seq.(uvvm)       assert_shift_one_from_left() => Failed. tracked_value '0101' was not XX1X at the 3-cycle. 
%% 149440 ns    Alert  ERROR               TB seq.(uvvm)       assert_shift_one_from_left() => Failed. tracked_value '0101' was not XX1X at the 3-cycle. 
%% 149540 ns    Alert  ERROR               TB seq.(uvvm)       assert_shift_one_from_left() => Failed. tracked_value '0101' was not XX1X at the 3-cycle. 
%% 149640 ns    Alert  ERROR               TB seq.(uvvm)       assert_shift_one_from_left() => Failed. tracked_value '0101' was not XX1X at the 3-cycle. 
%% 149740 ns    Alert  ERROR               TB seq.(uvvm)       assert_shift_one_from_left() => Failed. tracked_value '0101' was not XX1X at the 3-cycle. 
%% 149840 ns    Alert  ERROR               TB seq.(uvvm)       assert_shift_one_from_left() => Failed. tracked_value '0101' was not XX1X at the 3-cycle. 
%% 149940 ns    Alert  ERROR               TB seq.(uvvm)       assert_shift_one_from_left() => Failed. tracked_value '0101' was not XX1X at the 3-cycle. 
%% 150040 ns    Alert  ERROR               TB seq.(uvvm)       assert_shift_one_from_left() => Failed. tracked_value '0101' was not XX1X at the 3-cycle. 
%% 150140 ns    Alert  ERROR               TB seq.(uvvm)       assert_shift_one_from_left() => Failed. tracked_value '0101' was not XX1X at the 3-cycle. 
%% 150240 ns    Alert  ERROR               TB seq.(uvvm)       assert_shift_one_from_left() => Failed. tracked_value '0101' was not XX1X at the 3-cycle. 
%% 150340 ns    Alert  ERROR               TB seq.(uvvm)       assert_shift_one_from_left() => Failed. tracked_value '0101' was not XX1X at the 3-cycle. 
%% 150440 ns    Alert  ERROR               TB seq.(uvvm)       assert_shift_one_from_left() => Failed. tracked_value '0101' was not XX1X at the 3-cycle. 
%% 150540 ns    Alert  ERROR               TB seq.(uvvm)       assert_shift_one_from_left() => Failed. tracked_value '0101' was not XX1X at the 3-cycle. 
%% 150650 ns    Alert  ERROR               TB seq.(uvvm)       assert_shift_one_from_left() => Failed. tracked_value '0000' was not XXX1 at the 4-cycle. 
%% 150750 ns    Alert  ERROR               TB seq.(uvvm)       assert_shift_one_from_left() => Failed. tracked_value '0000' was not XXX1 at the 4-cycle. 
%% 151050 ns    Alert  ERROR               TB seq.(uvvm)       assert_shift_one_from_left() => Failed. tracked_value '0010' was not XXX1 at the 4-cycle. 
%% 151150 ns    Alert  ERROR               TB seq.(uvvm)       assert_shift_one_from_left() => Failed. tracked_value '0010' was not XXX1 at the 4-cycle. 
%% 151450 ns    Alert  ERROR               TB seq.(uvvm)       assert_shift_one_from_left() => Failed. tracked_value '0100' was not XXX1 at the 4-cycle. 
%% 151550 ns    Alert  ERROR               TB seq.(uvvm)       assert_shift_one_from_left() => Failed. tracked_value '0100' was not XXX1 at the 4-cycle. 
%% 151850 ns    Alert  ERROR               TB seq.(uvvm)       assert_shift_one_from_left() => Failed. tracked_value '0110' was not XXX1 at the 4-cycle. 
%% 151950 ns    Alert  ERROR               TB seq.(uvvm)       assert_shift_one_from_left() => Failed. tracked_value '0110' was not XXX1 at the 4-cycle. 
%% 152250 ns    Alert  ERROR               TB seq.(uvvm)       assert_shift_one_from_left() => Failed. tracked_value '1000' was not XXX1 at the 4-cycle. 
%% 152350 ns    Alert  ERROR               TB seq.(uvvm)       assert_shift_one_from_left() => Failed. tracked_value '1000' was not XXX1 at the 4-cycle. 
%% 152650 ns    Alert  ERROR               TB seq.(uvvm)       assert_shift_one_from_left() => Failed. tracked_value '1010' was not XXX1 at the 4-cycle. 
%% 152750 ns    Alert  ERROR               TB seq.(uvvm)       assert_shift_one_from_left() => Failed. tracked_value '1010' was not XXX1 at the 4-cycle. 
%% 153050 ns    Alert  ERROR               TB seq.(uvvm)       assert_shift_one_from_left() => Failed. tracked_value '1100' was not XXX1 at the 4-cycle. 
%% 153150 ns    Alert  ERROR               TB seq.(uvvm)       assert_shift_one_from_left() => Failed. tracked_value '1100' was not XXX1 at the 4-cycle. 
%% 153450 ns    Alert  ERROR               TB seq.(uvvm)       assert_shift_one_from_left() => Failed. tracked_value '1110' was not XXX1 at the 4-cycle. 
%% 153550 ns    Alert  ERROR               TB seq.(uvvm)       assert_shift_one_from_left() => Failed. tracked_value '1110' was not XXX1 at the 4-cycle. 
%% 153850 ns    Alert  ERROR               TB seq.(uvvm)       assert_shift_one_from_left() => Failed. tracked_value '0000' was not XXX1 at the 4-cycle. 
%% 153950 ns    Alert  ERROR               TB seq.(uvvm)       assert_shift_one_from_left() => Failed. tracked_value '0000' was not XXX1 at the 4-cycle. 
%% 154250 ns    Alert  ERROR               TB seq.(uvvm)       assert_shift_one_from_left() => Failed. tracked_value '0010' was not XXX1 at the 4-cycle. 
%% 154350 ns    Alert  ERROR               TB seq.(uvvm)       assert_shift_one_from_left() => Failed. tracked_value '0010' was not XXX1 at the 4-cycle. 
%% 154650 ns    Alert  ERROR               TB seq.(uvvm)       assert_shift_one_from_left() => Failed. tracked_value '0100' was not XXX1 at the 4-cycle. 
%% 154750 ns    Alert  ERROR               TB seq.(uvvm)       assert_shift_one_from_left() => Failed. tracked_value '0100' was not XXX1 at the 4-cycle. 
%% 155050 ns    Alert  ERROR               TB seq.(uvvm)       assert_shift_one_from_left() => Failed. tracked_value '0110' was not XXX1 at the 4-cycle. 
%% 155150 ns    Alert  ERROR               TB seq.(uvvm)       assert_shift_one_from_left() => Failed. tracked_value '0110' was not XXX1 at the 4-cycle. 
%% 155450 ns    Alert  ERROR               TB seq.(uvvm)       assert_shift_one_from_left() => Failed. tracked_value '1000' was not XXX1 at the 4-cycle. 
%% 155550 ns    Alert  ERROR               TB seq.(uvvm)       assert_shift_one_from_left() => Failed. tracked_value '1000' was not XXX1 at the 4-cycle. 
%% 155850 ns    Alert  ERROR               TB seq.(uvvm)       assert_shift_one_from_left() => Failed. tracked_value '1010' was not XXX1 at the 4-cycle. 
%% 155950 ns    Alert  ERROR               TB seq.(uvvm)       assert_shift_one_from_left() => Failed. tracked_value '1010' was not XXX1 at the 4-cycle. 
%% 156250 ns    Alert  ERROR               TB seq.(uvvm)       assert_shift_one_from_left() => Failed. tracked_value '1100' was not XXX1 at the 4-cycle. 
%% 156350 ns    Alert  ERROR               TB seq.(uvvm)       assert_shift_one_from_left() => Failed. tracked_value '1100' was not XXX1 at the 4-cycle. 
%% 156650 ns    Alert  ERROR               TB seq.(uvvm)       assert_shift_one_from_left() => Failed. tracked_value '1110' was not XXX1 at the 4-cycle. 
%% 156750 ns    Alert  ERROR               TB seq.(uvvm)       assert_shift_one_from_left() => Failed. tracked_value '1110' was not XXX1 at the 4-cycle. 
%% 157040 ns    Alert  ERROR               TB seq.(uvvm)       assert_shift_one_from_left() => Failed. tracked_value '1000' was not XX1X at the 3-cycle. 
%% 157140 ns    Alert  ERROR               TB seq.(uvvm)       assert_shift_one_from_left() => Failed. tracked_value '1000' was not XX1X at the 3-cycle. 
%% 157240 ns    Alert  ERROR               TB seq.(uvvm)       assert_shift_one_from_left() => Failed. tracked_value '1000' was not XX1X at the 3-cycle. 
%% 157340 ns    Alert  ERROR               TB seq.(uvvm)       assert_shift_one_from_left() => Failed. tracked_value '1000' was not XX1X at the 3-cycle. 
%% 157440 ns    Alert  ERROR               TB seq.(uvvm)       assert_shift_one_from_left() => Failed. tracked_value '1000' was not XX1X at the 3-cycle. 
%% 157540 ns    Alert  ERROR               TB seq.(uvvm)       assert_shift_one_from_left() => Failed. tracked_value '1000' was not XX1X at the 3-cycle. 
%% 157640 ns    Alert  ERROR               TB seq.(uvvm)       assert_shift_one_from_left() => Failed. tracked_value '1000' was not XX1X at the 3-cycle. 
%% 157740 ns    Alert  ERROR               TB seq.(uvvm)       assert_shift_one_from_left() => Failed. tracked_value '1000' was not XX1X at the 3-cycle. 
%% 157840 ns    Alert  ERROR               TB seq.(uvvm)       assert_shift_one_from_left() => Failed. tracked_value '1000' was not XX1X at the 3-cycle. 
%% 157940 ns    Alert  ERROR               TB seq.(uvvm)       assert_shift_one_from_left() => Failed. tracked_value '1000' was not XX1X at the 3-cycle. 
%% 158040 ns    Alert  ERROR               TB seq.(uvvm)       assert_shift_one_from_left() => Failed. tracked_value '1000' was not XX1X at the 3-cycle. 
%% 158140 ns    Alert  ERROR               TB seq.(uvvm)       assert_shift_one_from_left() => Failed. tracked_value '1000' was not XX1X at the 3-cycle. 
%% 158240 ns    Alert  ERROR               TB seq.(uvvm)       assert_shift_one_from_left() => Failed. tracked_value '1000' was not XX1X at the 3-cycle. 
%% 158340 ns    Alert  ERROR               TB seq.(uvvm)       assert_shift_one_from_left() => Failed. tracked_value '1000' was not XX1X at the 3-cycle. 
%% 158440 ns    Alert  ERROR               TB seq.(uvvm)       assert_shift_one_from_left() => Failed. tracked_value '1000' was not XX1X at the 3-cycle. 
%% 158540 ns    Alert  ERROR               TB seq.(uvvm)       assert_shift_one_from_left() => Failed. tracked_value '1000' was not XX1X at the 3-cycle. 
%% 158640 ns    Alert  ERROR               TB seq.(uvvm)       assert_shift_one_from_left() => Failed. tracked_value '1000' was not XX1X at the 3-cycle. 
%% 158740 ns    Alert  ERROR               TB seq.(uvvm)       assert_shift_one_from_left() => Failed. tracked_value '1000' was not XX1X at the 3-cycle. 
%% 158840 ns    Alert  ERROR               TB seq.(uvvm)       assert_shift_one_from_left() => Failed. tracked_value '1000' was not XX1X at the 3-cycle. 
%% 158940 ns    Alert  ERROR               TB seq.(uvvm)       assert_shift_one_from_left() => Failed. tracked_value '1000' was not XX1X at the 3-cycle. 
%% 159040 ns    Alert  ERROR               TB seq.(uvvm)       assert_shift_one_from_left() => Failed. tracked_value '1000' was not XX1X at the 3-cycle. 
%% 159140 ns    Alert  ERROR               TB seq.(uvvm)       assert_shift_one_from_left() => Failed. tracked_value '1000' was not XX1X at the 3-cycle. 
%% 159240 ns    Alert  ERROR               TB seq.(uvvm)       assert_shift_one_from_left() => Failed. tracked_value '1000' was not XX1X at the 3-cycle. 
%% 159340 ns    Alert  ERROR               TB seq.(uvvm)       assert_shift_one_from_left() => Failed. tracked_value '1000' was not XX1X at the 3-cycle. 
%% 159440 ns    Alert  ERROR               TB seq.(uvvm)       assert_shift_one_from_left() => Failed. tracked_value '1000' was not XX1X at the 3-cycle. 
%% 159540 ns    Alert  ERROR               TB seq.(uvvm)       assert_shift_one_from_left() => Failed. tracked_value '1000' was not XX1X at the 3-cycle. 
%% 159640 ns    Alert  ERROR               TB seq.(uvvm)       assert_shift_one_from_left() => Failed. tracked_value '1000' was not XX1X at the 3-cycle. 
%% 159740 ns    Alert  ERROR               TB seq.(uvvm)       assert_shift_one_from_left() => Failed. tracked_value '1000' was not XX1X at the 3-cycle. 
%% 159840 ns    Alert  ERROR               TB seq.(uvvm)       assert_shift_one_from_left() => Failed. tracked_value '1000' was not XX1X at the 3-cycle. 
%% 159940 ns    Alert  ERROR               TB seq.(uvvm)       assert_shift_one_from_left() => Failed. tracked_value '1000' was not XX1X at the 3-cycle. 
%% 160040 ns    Alert  ERROR               TB seq.(uvvm)       assert_shift_one_from_left() => Failed. tracked_value '1000' was not XX1X at the 3-cycle. 
%% 160140 ns    Alert  ERROR               TB seq.(uvvm)       assert_shift_one_from_left() => Failed. tracked_value '1000' was not XX1X at the 3-cycle. 
%% 160240 ns    Alert  ERROR               TB seq.(uvvm)       assert_shift_one_from_left() => Failed. tracked_value '1001' was not XX1X at the 3-cycle. 
%% 160340 ns    Alert  ERROR               TB seq.(uvvm)       assert_shift_one_from_left() => Failed. tracked_value '1001' was not XX1X at the 3-cycle. 
%% 160440 ns    Alert  ERROR               TB seq.(uvvm)       assert_shift_one_from_left() => Failed. tracked_value '1001' was not XX1X at the 3-cycle. 
%% 160540 ns    Alert  ERROR               TB seq.(uvvm)       assert_shift_one_from_left() => Failed. tracked_value '1001' was not XX1X at the 3-cycle. 
%% 160640 ns    Alert  ERROR               TB seq.(uvvm)       assert_shift_one_from_left() => Failed. tracked_value '1001' was not XX1X at the 3-cycle. 
%% 160740 ns    Alert  ERROR               TB seq.(uvvm)       assert_shift_one_from_left() => Failed. tracked_value '1001' was not XX1X at the 3-cycle. 
%% 160840 ns    Alert  ERROR               TB seq.(uvvm)       assert_shift_one_from_left() => Failed. tracked_value '1001' was not XX1X at the 3-cycle. 
%% 160940 ns    Alert  ERROR               TB seq.(uvvm)       assert_shift_one_from_left() => Failed. tracked_value '1001' was not XX1X at the 3-cycle. 
%% 161040 ns    Alert  ERROR               TB seq.(uvvm)       assert_shift_one_from_left() => Failed. tracked_value '1001' was not XX1X at the 3-cycle. 
%% 161140 ns    Alert  ERROR               TB seq.(uvvm)       assert_shift_one_from_left() => Failed. tracked_value '1001' was not XX1X at the 3-cycle. 
%% 161240 ns    Alert  ERROR               TB seq.(uvvm)       assert_shift_one_from_left() => Failed. tracked_value '1001' was not XX1X at the 3-cycle. 
%% 161340 ns    Alert  ERROR               TB seq.(uvvm)       assert_shift_one_from_left() => Failed. tracked_value '1001' was not XX1X at the 3-cycle. 
%% 161440 ns    Alert  ERROR               TB seq.(uvvm)       assert_shift_one_from_left() => Failed. tracked_value '1001' was not XX1X at the 3-cycle. 
%% 161540 ns    Alert  ERROR               TB seq.(uvvm)       assert_shift_one_from_left() => Failed. tracked_value '1001' was not XX1X at the 3-cycle. 
%% 161640 ns    Alert  ERROR               TB seq.(uvvm)       assert_shift_one_from_left() => Failed. tracked_value '1001' was not XX1X at the 3-cycle. 
%% 161740 ns    Alert  ERROR               TB seq.(uvvm)       assert_shift_one_from_left() => Failed. tracked_value '1001' was not XX1X at the 3-cycle. 
%% 161840 ns    Alert  ERROR               TB seq.(uvvm)       assert_shift_one_from_left() => Failed. tracked_value '1001' was not XX1X at the 3-cycle. 
%% 161940 ns    Alert  ERROR               TB seq.(uvvm)       assert_shift_one_from_left() => Failed. tracked_value '1001' was not XX1X at the 3-cycle. 
%% 162040 ns    Alert  ERROR               TB seq.(uvvm)       assert_shift_one_from_left() => Failed. tracked_value '1001' was not XX1X at the 3-cycle. 
%% 162140 ns    Alert  ERROR               TB seq.(uvvm)       assert_shift_one_from_left() => Failed. tracked_value '1001' was not XX1X at the 3-cycle. 
%% 162240 ns    Alert  ERROR               TB seq.(uvvm)       assert_shift_one_from_left() => Failed. tracked_value '1001' was not XX1X at the 3-cycle. 
%% 162340 ns    Alert  ERROR               TB seq.(uvvm)       assert_shift_one_from_left() => Failed. tracked_value '1001' was not XX1X at the 3-cycle. 
%% 162440 ns    Alert  ERROR               TB seq.(uvvm)       assert_shift_one_from_left() => Failed. tracked_value '1001' was not XX1X at the 3-cycle. 
%% 162540 ns    Alert  ERROR               TB seq.(uvvm)       assert_shift_one_from_left() => Failed. tracked_value '1001' was not XX1X at the 3-cycle. 
%% 162640 ns    Alert  ERROR               TB seq.(uvvm)       assert_shift_one_from_left() => Failed. tracked_value '1001' was not XX1X at the 3-cycle. 
%% 162740 ns    Alert  ERROR               TB seq.(uvvm)       assert_shift_one_from_left() => Failed. tracked_value '1001' was not XX1X at the 3-cycle. 
%% 162840 ns    Alert  ERROR               TB seq.(uvvm)       assert_shift_one_from_left() => Failed. tracked_value '1001' was not XX1X at the 3-cycle. 
%% 162940 ns    Alert  ERROR               TB seq.(uvvm)       assert_shift_one_from_left() => Failed. tracked_value '1001' was not XX1X at the 3-cycle. 
%% 163040 ns    Alert  ERROR               TB seq.(uvvm)       assert_shift_one_from_left() => Failed. tracked_value '1001' was not XX1X at the 3-cycle. 
%% 163140 ns    Alert  ERROR               TB seq.(uvvm)       assert_shift_one_from_left() => Failed. tracked_value '1001' was not XX1X at the 3-cycle. 
%% 163240 ns    Alert  ERROR               TB seq.(uvvm)       assert_shift_one_from_left() => Failed. tracked_value '1001' was not XX1X at the 3-cycle. 
%% 163340 ns    Alert  ERROR               TB seq.(uvvm)       assert_shift_one_from_left() => Failed. tracked_value '1001' was not XX1X at the 3-cycle. 
%% 163450 ns    Alert  ERROR               TB seq.(uvvm)       assert_shift_one_from_left() => Failed. tracked_value '0000' was not XXX1 at the 4-cycle. 
%% 163550 ns    Alert  ERROR               TB seq.(uvvm)       assert_shift_one_from_left() => Failed. tracked_value '0000' was not XXX1 at the 4-cycle. 
%% 163850 ns    Alert  ERROR               TB seq.(uvvm)       assert_shift_one_from_left() => Failed. tracked_value '0010' was not XXX1 at the 4-cycle. 
%% 163950 ns    Alert  ERROR               TB seq.(uvvm)       assert_shift_one_from_left() => Failed. tracked_value '0010' was not XXX1 at the 4-cycle. 
%% 164250 ns    Alert  ERROR               TB seq.(uvvm)       assert_shift_one_from_left() => Failed. tracked_value '0100' was not XXX1 at the 4-cycle. 
%% 164350 ns    Alert  ERROR               TB seq.(uvvm)       assert_shift_one_from_left() => Failed. tracked_value '0100' was not XXX1 at the 4-cycle. 
%% 164650 ns    Alert  ERROR               TB seq.(uvvm)       assert_shift_one_from_left() => Failed. tracked_value '0110' was not XXX1 at the 4-cycle. 
%% 164750 ns    Alert  ERROR               TB seq.(uvvm)       assert_shift_one_from_left() => Failed. tracked_value '0110' was not XXX1 at the 4-cycle. 
%% 165050 ns    Alert  ERROR               TB seq.(uvvm)       assert_shift_one_from_left() => Failed. tracked_value '1000' was not XXX1 at the 4-cycle. 
%% 165150 ns    Alert  ERROR               TB seq.(uvvm)       assert_shift_one_from_left() => Failed. tracked_value '1000' was not XXX1 at the 4-cycle. 
%% 165450 ns    Alert  ERROR               TB seq.(uvvm)       assert_shift_one_from_left() => Failed. tracked_value '1010' was not XXX1 at the 4-cycle. 
%% 165550 ns    Alert  ERROR               TB seq.(uvvm)       assert_shift_one_from_left() => Failed. tracked_value '1010' was not XXX1 at the 4-cycle. 
%% 165850 ns    Alert  ERROR               TB seq.(uvvm)       assert_shift_one_from_left() => Failed. tracked_value '1100' was not XXX1 at the 4-cycle. 
%% 165950 ns    Alert  ERROR               TB seq.(uvvm)       assert_shift_one_from_left() => Failed. tracked_value '1100' was not XXX1 at the 4-cycle. 
%% 166250 ns    Alert  ERROR               TB seq.(uvvm)       assert_shift_one_from_left() => Failed. tracked_value '1110' was not XXX1 at the 4-cycle. 
%% 166350 ns    Alert  ERROR               TB seq.(uvvm)       assert_shift_one_from_left() => Failed. tracked_value '1110' was not XXX1 at the 4-cycle. 
%% 166650 ns    Alert  ERROR               TB seq.(uvvm)       assert_shift_one_from_left() => Failed. tracked_value '0000' was not XXX1 at the 4-cycle. 
%% 166750 ns    Alert  ERROR               TB seq.(uvvm)       assert_shift_one_from_left() => Failed. tracked_value '0000' was not XXX1 at the 4-cycle. 
%% 167050 ns    Alert  ERROR               TB seq.(uvvm)       assert_shift_one_from_left() => Failed. tracked_value '0010' was not XXX1 at the 4-cycle. 
%% 167150 ns    Alert  ERROR               TB seq.(uvvm)       assert_shift_one_from_left() => Failed. tracked_value '0010' was not XXX1 at the 4-cycle. 
%% 167450 ns    Alert  ERROR               TB seq.(uvvm)       assert_shift_one_from_left() => Failed. tracked_value '0100' was not XXX1 at the 4-cycle. 
%% 167550 ns    Alert  ERROR               TB seq.(uvvm)       assert_shift_one_from_left() => Failed. tracked_value '0100' was not XXX1 at the 4-cycle. 
%% 167850 ns    Alert  ERROR               TB seq.(uvvm)       assert_shift_one_from_left() => Failed. tracked_value '0110' was not XXX1 at the 4-cycle. 
%% 167950 ns    Alert  ERROR               TB seq.(uvvm)       assert_shift_one_from_left() => Failed. tracked_value '0110' was not XXX1 at the 4-cycle. 
%% 168250 ns    Alert  ERROR               TB seq.(uvvm)       assert_shift_one_from_left() => Failed. tracked_value '1000' was not XXX1 at the 4-cycle. 
%% 168350 ns    Alert  ERROR               TB seq.(uvvm)       assert_shift_one_from_left() => Failed. tracked_value '1000' was not XXX1 at the 4-cycle. 
%% 168650 ns    Alert  ERROR               TB seq.(uvvm)       assert_shift_one_from_left() => Failed. tracked_value '1010' was not XXX1 at the 4-cycle. 
%% 168750 ns    Alert  ERROR               TB seq.(uvvm)       assert_shift_one_from_left() => Failed. tracked_value '1010' was not XXX1 at the 4-cycle. 
%% 169050 ns    Alert  ERROR               TB seq.(uvvm)       assert_shift_one_from_left() => Failed. tracked_value '1100' was not XXX1 at the 4-cycle. 
%% 169150 ns    Alert  ERROR               TB seq.(uvvm)       assert_shift_one_from_left() => Failed. tracked_value '1100' was not XXX1 at the 4-cycle. 
%% 169450 ns    Alert  ERROR               TB seq.(uvvm)       assert_shift_one_from_left() => Failed. tracked_value '1110' was not XXX1 at the 4-cycle. 
%% 169550 ns    Alert  ERROR               TB seq.(uvvm)       assert_shift_one_from_left() => Failed. tracked_value '1110' was not XXX1 at the 4-cycle. 
%% 169840 ns    Alert  ERROR               TB seq.(uvvm)       assert_shift_one_from_left() => Failed. tracked_value '1100' was not XX1X at the 3-cycle. 
%% 169940 ns    Alert  ERROR               TB seq.(uvvm)       assert_shift_one_from_left() => Failed. tracked_value '1100' was not XX1X at the 3-cycle. 
%% 170040 ns    Alert  ERROR               TB seq.(uvvm)       assert_shift_one_from_left() => Failed. tracked_value '1100' was not XX1X at the 3-cycle. 
%% 170140 ns    Alert  ERROR               TB seq.(uvvm)       assert_shift_one_from_left() => Failed. tracked_value '1100' was not XX1X at the 3-cycle. 
%% 170240 ns    Alert  ERROR               TB seq.(uvvm)       assert_shift_one_from_left() => Failed. tracked_value '1100' was not XX1X at the 3-cycle. 
%% 170340 ns    Alert  ERROR               TB seq.(uvvm)       assert_shift_one_from_left() => Failed. tracked_value '1100' was not XX1X at the 3-cycle. 
%% 170440 ns    Alert  ERROR               TB seq.(uvvm)       assert_shift_one_from_left() => Failed. tracked_value '1100' was not XX1X at the 3-cycle. 
%% 170540 ns    Alert  ERROR               TB seq.(uvvm)       assert_shift_one_from_left() => Failed. tracked_value '1100' was not XX1X at the 3-cycle. 
%% 170640 ns    Alert  ERROR               TB seq.(uvvm)       assert_shift_one_from_left() => Failed. tracked_value '1100' was not XX1X at the 3-cycle. 
%% 170740 ns    Alert  ERROR               TB seq.(uvvm)       assert_shift_one_from_left() => Failed. tracked_value '1100' was not XX1X at the 3-cycle. 
%% 170840 ns    Alert  ERROR               TB seq.(uvvm)       assert_shift_one_from_left() => Failed. tracked_value '1100' was not XX1X at the 3-cycle. 
%% 170940 ns    Alert  ERROR               TB seq.(uvvm)       assert_shift_one_from_left() => Failed. tracked_value '1100' was not XX1X at the 3-cycle. 
%% 171040 ns    Alert  ERROR               TB seq.(uvvm)       assert_shift_one_from_left() => Failed. tracked_value '1100' was not XX1X at the 3-cycle. 
%% 171140 ns    Alert  ERROR               TB seq.(uvvm)       assert_shift_one_from_left() => Failed. tracked_value '1100' was not XX1X at the 3-cycle. 
%% 171240 ns    Alert  ERROR               TB seq.(uvvm)       assert_shift_one_from_left() => Failed. tracked_value '1100' was not XX1X at the 3-cycle. 
%% 171340 ns    Alert  ERROR               TB seq.(uvvm)       assert_shift_one_from_left() => Failed. tracked_value '1100' was not XX1X at the 3-cycle. 
%% 171440 ns    Alert  ERROR               TB seq.(uvvm)       assert_shift_one_from_left() => Failed. tracked_value '1100' was not XX1X at the 3-cycle. 
%% 171540 ns    Alert  ERROR               TB seq.(uvvm)       assert_shift_one_from_left() => Failed. tracked_value '1100' was not XX1X at the 3-cycle. 
%% 171640 ns    Alert  ERROR               TB seq.(uvvm)       assert_shift_one_from_left() => Failed. tracked_value '1100' was not XX1X at the 3-cycle. 
%% 171740 ns    Alert  ERROR               TB seq.(uvvm)       assert_shift_one_from_left() => Failed. tracked_value '1100' was not XX1X at the 3-cycle. 
%% 171840 ns    Alert  ERROR               TB seq.(uvvm)       assert_shift_one_from_left() => Failed. tracked_value '1100' was not XX1X at the 3-cycle. 
%% 171940 ns    Alert  ERROR               TB seq.(uvvm)       assert_shift_one_from_left() => Failed. tracked_value '1100' was not XX1X at the 3-cycle. 
%% 172040 ns    Alert  ERROR               TB seq.(uvvm)       assert_shift_one_from_left() => Failed. tracked_value '1100' was not XX1X at the 3-cycle. 
%% 172140 ns    Alert  ERROR               TB seq.(uvvm)       assert_shift_one_from_left() => Failed. tracked_value '1100' was not XX1X at the 3-cycle. 
%% 172240 ns    Alert  ERROR               TB seq.(uvvm)       assert_shift_one_from_left() => Failed. tracked_value '1100' was not XX1X at the 3-cycle. 
%% 172340 ns    Alert  ERROR               TB seq.(uvvm)       assert_shift_one_from_left() => Failed. tracked_value '1100' was not XX1X at the 3-cycle. 
%% 172440 ns    Alert  ERROR               TB seq.(uvvm)       assert_shift_one_from_left() => Failed. tracked_value '1100' was not XX1X at the 3-cycle. 
%% 172540 ns    Alert  ERROR               TB seq.(uvvm)       assert_shift_one_from_left() => Failed. tracked_value '1100' was not XX1X at the 3-cycle. 
%% 172640 ns    Alert  ERROR               TB seq.(uvvm)       assert_shift_one_from_left() => Failed. tracked_value '1100' was not XX1X at the 3-cycle. 
%% 172740 ns    Alert  ERROR               TB seq.(uvvm)       assert_shift_one_from_left() => Failed. tracked_value '1100' was not XX1X at the 3-cycle. 
%% 172840 ns    Alert  ERROR               TB seq.(uvvm)       assert_shift_one_from_left() => Failed. tracked_value '1100' was not XX1X at the 3-cycle. 
%% 172940 ns    Alert  ERROR               TB seq.(uvvm)       assert_shift_one_from_left() => Failed. tracked_value '1100' was not XX1X at the 3-cycle. 
%% 173040 ns    Alert  ERROR               TB seq.(uvvm)       assert_shift_one_from_left() => Failed. tracked_value '1101' was not XX1X at the 3-cycle. 
%% 173140 ns    Alert  ERROR               TB seq.(uvvm)       assert_shift_one_from_left() => Failed. tracked_value '1101' was not XX1X at the 3-cycle. 
%% 173240 ns    Alert  ERROR               TB seq.(uvvm)       assert_shift_one_from_left() => Failed. tracked_value '1101' was not XX1X at the 3-cycle. 
%% 173340 ns    Alert  ERROR               TB seq.(uvvm)       assert_shift_one_from_left() => Failed. tracked_value '1101' was not XX1X at the 3-cycle. 
%% 173440 ns    Alert  ERROR               TB seq.(uvvm)       assert_shift_one_from_left() => Failed. tracked_value '1101' was not XX1X at the 3-cycle. 
%% 173540 ns    Alert  ERROR               TB seq.(uvvm)       assert_shift_one_from_left() => Failed. tracked_value '1101' was not XX1X at the 3-cycle. 
%% 173640 ns    Alert  ERROR               TB seq.(uvvm)       assert_shift_one_from_left() => Failed. tracked_value '1101' was not XX1X at the 3-cycle. 
%% 173740 ns    Alert  ERROR               TB seq.(uvvm)       assert_shift_one_from_left() => Failed. tracked_value '1101' was not XX1X at the 3-cycle. 
%% 173840 ns    Alert  ERROR               TB seq.(uvvm)       assert_shift_one_from_left() => Failed. tracked_value '1101' was not XX1X at the 3-cycle. 
%% 173940 ns    Alert  ERROR               TB seq.(uvvm)       assert_shift_one_from_left() => Failed. tracked_value '1101' was not XX1X at the 3-cycle. 
%% 174040 ns    Alert  ERROR               TB seq.(uvvm)       assert_shift_one_from_left() => Failed. tracked_value '1101' was not XX1X at the 3-cycle. 
%% 174140 ns    Alert  ERROR               TB seq.(uvvm)       assert_shift_one_from_left() => Failed. tracked_value '1101' was not XX1X at the 3-cycle. 
%% 174240 ns    Alert  ERROR               TB seq.(uvvm)       assert_shift_one_from_left() => Failed. tracked_value '1101' was not XX1X at the 3-cycle. 
%% 174340 ns    Alert  ERROR               TB seq.(uvvm)       assert_shift_one_from_left() => Failed. tracked_value '1101' was not XX1X at the 3-cycle. 
%% 174440 ns    Alert  ERROR               TB seq.(uvvm)       assert_shift_one_from_left() => Failed. tracked_value '1101' was not XX1X at the 3-cycle. 
%% 174540 ns    Alert  ERROR               TB seq.(uvvm)       assert_shift_one_from_left() => Failed. tracked_value '1101' was not XX1X at the 3-cycle. 
%% 174640 ns    Alert  ERROR               TB seq.(uvvm)       assert_shift_one_from_left() => Failed. tracked_value '1101' was not XX1X at the 3-cycle. 
%% 174740 ns    Alert  ERROR               TB seq.(uvvm)       assert_shift_one_from_left() => Failed. tracked_value '1101' was not XX1X at the 3-cycle. 
%% 174840 ns    Alert  ERROR               TB seq.(uvvm)       assert_shift_one_from_left() => Failed. tracked_value '1101' was not XX1X at the 3-cycle. 
%% 174940 ns    Alert  ERROR               TB seq.(uvvm)       assert_shift_one_from_left() => Failed. tracked_value '1101' was not XX1X at the 3-cycle. 
%% 175040 ns    Alert  ERROR               TB seq.(uvvm)       assert_shift_one_from_left() => Failed. tracked_value '1101' was not XX1X at the 3-cycle. 
%% 175140 ns    Alert  ERROR               TB seq.(uvvm)       assert_shift_one_from_left() => Failed. tracked_value '1101' was not XX1X at the 3-cycle. 
%% 175240 ns    Alert  ERROR               TB seq.(uvvm)       assert_shift_one_from_left() => Failed. tracked_value '1101' was not XX1X at the 3-cycle. 
%% 175340 ns    Alert  ERROR               TB seq.(uvvm)       assert_shift_one_from_left() => Failed. tracked_value '1101' was not XX1X at the 3-cycle. 
%% 175440 ns    Alert  ERROR               TB seq.(uvvm)       assert_shift_one_from_left() => Failed. tracked_value '1101' was not XX1X at the 3-cycle. 
%% 175540 ns    Alert  ERROR               TB seq.(uvvm)       assert_shift_one_from_left() => Failed. tracked_value '1101' was not XX1X at the 3-cycle. 
%% 175640 ns    Alert  ERROR               TB seq.(uvvm)       assert_shift_one_from_left() => Failed. tracked_value '1101' was not XX1X at the 3-cycle. 
%% 175740 ns    Alert  ERROR               TB seq.(uvvm)       assert_shift_one_from_left() => Failed. tracked_value '1101' was not XX1X at the 3-cycle. 
%% 175840 ns    Alert  ERROR               TB seq.(uvvm)       assert_shift_one_from_left() => Failed. tracked_value '1101' was not XX1X at the 3-cycle. 
%% 175940 ns    Alert  ERROR               TB seq.(uvvm)       assert_shift_one_from_left() => Failed. tracked_value '1101' was not XX1X at the 3-cycle. 
%% 176040 ns    Alert  ERROR               TB seq.(uvvm)       assert_shift_one_from_left() => Failed. tracked_value '1101' was not XX1X at the 3-cycle. 
%% 176140 ns    Alert  ERROR               TB seq.(uvvm)       assert_shift_one_from_left() => Failed. tracked_value '1101' was not XX1X at the 3-cycle. 
%% 176250 ns    Alert  ERROR               TB seq.(uvvm)       assert_shift_one_from_left() => Failed. tracked_value '0000' was not XXX1 at the 4-cycle. 
%% 176350 ns    Alert  ERROR               TB seq.(uvvm)       assert_shift_one_from_left() => Failed. tracked_value '0000' was not XXX1 at the 4-cycle. 
%% 176650 ns    Alert  ERROR               TB seq.(uvvm)       assert_shift_one_from_left() => Failed. tracked_value '0010' was not XXX1 at the 4-cycle. 
%% 176750 ns    Alert  ERROR               TB seq.(uvvm)       assert_shift_one_from_left() => Failed. tracked_value '0010' was not XXX1 at the 4-cycle. 
%% 177050 ns    Alert  ERROR               TB seq.(uvvm)       assert_shift_one_from_left() => Failed. tracked_value '0100' was not XXX1 at the 4-cycle. 
%% 177150 ns    Alert  ERROR               TB seq.(uvvm)       assert_shift_one_from_left() => Failed. tracked_value '0100' was not XXX1 at the 4-cycle. 
%% 177450 ns    Alert  ERROR               TB seq.(uvvm)       assert_shift_one_from_left() => Failed. tracked_value '0110' was not XXX1 at the 4-cycle. 
%% 177550 ns    Alert  ERROR               TB seq.(uvvm)       assert_shift_one_from_left() => Failed. tracked_value '0110' was not XXX1 at the 4-cycle. 
%% 177850 ns    Alert  ERROR               TB seq.(uvvm)       assert_shift_one_from_left() => Failed. tracked_value '1000' was not XXX1 at the 4-cycle. 
%% 177950 ns    Alert  ERROR               TB seq.(uvvm)       assert_shift_one_from_left() => Failed. tracked_value '1000' was not XXX1 at the 4-cycle. 
%% 178250 ns    Alert  ERROR               TB seq.(uvvm)       assert_shift_one_from_left() => Failed. tracked_value '1010' was not XXX1 at the 4-cycle. 
%% 178350 ns    Alert  ERROR               TB seq.(uvvm)       assert_shift_one_from_left() => Failed. tracked_value '1010' was not XXX1 at the 4-cycle. 
%% 178650 ns    Alert  ERROR               TB seq.(uvvm)       assert_shift_one_from_left() => Failed. tracked_value '1100' was not XXX1 at the 4-cycle. 
%% 178750 ns    Alert  ERROR               TB seq.(uvvm)       assert_shift_one_from_left() => Failed. tracked_value '1100' was not XXX1 at the 4-cycle. 
%% 179050 ns    Alert  ERROR               TB seq.(uvvm)       assert_shift_one_from_left() => Failed. tracked_value '1110' was not XXX1 at the 4-cycle. 
%% 179150 ns    Alert  ERROR               TB seq.(uvvm)       assert_shift_one_from_left() => Failed. tracked_value '1110' was not XXX1 at the 4-cycle. 
%% 179450 ns    Alert  ERROR               TB seq.(uvvm)       assert_shift_one_from_left() => Failed. tracked_value '0000' was not XXX1 at the 4-cycle. 
%% 179550 ns    Alert  ERROR               TB seq.(uvvm)       assert_shift_one_from_left() => Failed. tracked_value '0000' was not XXX1 at the 4-cycle. 
%% 179850 ns    Alert  ERROR               TB seq.(uvvm)       assert_shift_one_from_left() => Failed. tracked_value '0010' was not XXX1 at the 4-cycle. 
%% 179950 ns    Alert  ERROR               TB seq.(uvvm)       assert_shift_one_from_left() => Failed. tracked_value '0010' was not XXX1 at the 4-cycle. 
%% 180250 ns    Alert  ERROR               TB seq.(uvvm)       assert_shift_one_from_left() => Failed. tracked_value '0100' was not XXX1 at the 4-cycle. 
%% 180350 ns    Alert  ERROR               TB seq.(uvvm)       assert_shift_one_from_left() => Failed. tracked_value '0100' was not XXX1 at the 4-cycle. 
%% 180650 ns    Alert  ERROR               TB seq.(uvvm)       assert_shift_one_from_left() => Failed. tracked_value '0110' was not XXX1 at the 4-cycle. 
%% 180750 ns    Alert  ERROR               TB seq.(uvvm)       assert_shift_one_from_left() => Failed. tracked_value '0110' was not XXX1 at the 4-cycle. 
%% 181050 ns    Alert  ERROR               TB seq.(uvvm)       assert_shift_one_from_left() => Failed. tracked_value '1000' was not XXX1 at the 4-cycle. 
%% 181150 ns    Alert  ERROR               TB seq.(uvvm)       assert_shift_one_from_left() => Failed. tracked_value '1000' was not XXX1 at the 4-cycle. 
%% 181450 ns    Alert  ERROR               TB seq.(uvvm)       assert_shift_one_from_left() => Failed. tracked_value '1010' was not XXX1 at the 4-cycle. 
%% 181550 ns    Alert  ERROR               TB seq.(uvvm)       assert_shift_one_from_left() => Failed. tracked_value '1010' was not XXX1 at the 4-cycle. 
%% 181850 ns    Alert  ERROR               TB seq.(uvvm)       assert_shift_one_from_left() => Failed. tracked_value '1100' was not XXX1 at the 4-cycle. 
%% 181950 ns    Alert  ERROR               TB seq.(uvvm)       assert_shift_one_from_left() => Failed. tracked_value '1100' was not XXX1 at the 4-cycle. 
%% 182250 ns    Alert  ERROR               TB seq.(uvvm)       assert_shift_one_from_left() => Failed. tracked_value '1110' was not XXX1 at the 4-cycle. 
%% 182350 ns    Alert  ERROR               TB seq.(uvvm)       assert_shift_one_from_left() => Failed. tracked_value '1110' was not XXX1 at the 4-cycle. 
%% 
%% 
%% 182670 ns    Log    ID_LOG_HDR          TB seq.             Testing Normal Operation with necessary_condition: LAST_BIT_ALERT_NO_PIPE
%% ----------------------------------------------------------------------------------------------------------------------------------------------------------------------------
%% 182670 ns    Log    ID_SEQUENCER        TB seq.             Testing single sequence: 1000 -> 0100 -> 0010 -> 0001
%% 182700 ns    Log    ID_UVVM_ASSERTION   TB seq.(uvvm)       assert_shift_one_from_left() => OK (first). tracked_value '0001' had a full ripple from left to right.
%% 182740 ns    Log    ID_SEQUENCER        TB seq.             Testing two consecutive sequences: 1000 -> 0100 -> 0010 -> 0001 -> 1000 -> 0100 -> 0010 -> 0001
%% 182850 ns    Log    ID_SEQUENCER        TB seq.             Testing pipeline 2 sequences: 1000 -> 1100 -> 0110 -> 0011 -> 0001
%% 182930 ns    Log    ID_SEQUENCER        TB seq.             Testing pipeline 3 sequences: 1000 -> 1100 -> 1110 -> 0111 -> 0011 -> 0001
%% 183020 ns    Log    ID_SEQUENCER        TB seq.             Testing pipeline 4 sequences: 1000 -> 1100 -> 1110 -> 1111-> 0111 -> 0011 -> 0001
%% 183120 ns    Log    ID_SEQUENCER        TB seq.             Testing pipeline 2 sequences /w 1-bit gap: 1000 -> 0100 -> 1010 -> 0101 -> 0010 -> 0001
%% 183210 ns    Log    ID_SEQUENCER        TB seq.             Testing pipeline 2 sequences /w 2-bit gap: 1000 -> 0100 -> 0010 -> 1001 -> 0100 -> 0010 -> 0001
%% 183310 ns    Log    ID_SEQUENCER        TB seq.             Testing pipeline 3 sequences /w 1-bit gap between sequence 1 and 2:\n1000 -> 0100 -> 1010 -> 1101 -> 0110 -> 0011 -> 0001
%% 183410 ns    Log    ID_SEQUENCER        TB seq.             Testing pipeline 3 sequences /w 1-bit gap between sequence 2 and 3:\n1000 -> 1100 -> 0110 -> 1011 -> 0101 -> 0010 -> 0001
%% 
%% 
%% 183510 ns    Log    ID_LOG_HDR          TB seq.             Testing Triggering Assertion with necessary_condition: LAST_BIT_ALERT_NO_PIPE
%% ----------------------------------------------------------------------------------------------------------------------------------------------------------------------------
%% 183510 ns    Log    ID_SEQUENCER        TB seq.             Triggering Assertion: Single sequence\nTesting all combinations of 4-bit sequence starting with 1000\n
%% 185990 ns    Alert  ERROR               TB seq.(uvvm)       assert_shift_one_from_left() => Failed. Last cycle bit was not '1' at the 4-cycle (last cycle). 
%% 186060 ns    Alert  ERROR               TB seq.(uvvm)       assert_shift_one_from_left() => Failed. Last cycle bit was not '1' at the 4-cycle (last cycle). 
%% 186130 ns    Alert  ERROR               TB seq.(uvvm)       assert_shift_one_from_left() => Failed. Last cycle bit was not '1' at the 4-cycle (last cycle). 
%% 186270 ns    Alert  ERROR               TB seq.(uvvm)       assert_shift_one_from_left() => Failed. Last cycle bit was not '1' at the 4-cycle (last cycle). 
%% 192260 ns    Log    ID_SEQUENCER        TB seq.             Triggering Assertion: Pipeline\nTesting 4 pipelines with all combinations in cycle 3 and 4\nTwo combinations (0110 and 0111) are tested in cycle 5\n
%% 198690 ns    Alert  ERROR               TB seq.(uvvm)       assert_shift_one_from_left() => Failed. Last cycle bit was not '1' at the 4-cycle (last cycle). 
%% 198790 ns    Alert  ERROR               TB seq.(uvvm)       assert_shift_one_from_left() => Failed. Last cycle bit was not '1' at the 4-cycle (last cycle). 
%% 199090 ns    Alert  ERROR               TB seq.(uvvm)       assert_shift_one_from_left() => Failed. Last cycle bit was not '1' at the 4-cycle (last cycle). 
%% 199190 ns    Alert  ERROR               TB seq.(uvvm)       assert_shift_one_from_left() => Failed. Last cycle bit was not '1' at the 4-cycle (last cycle). 
%% 199490 ns    Alert  ERROR               TB seq.(uvvm)       assert_shift_one_from_left() => Failed. Last cycle bit was not '1' at the 4-cycle (last cycle). 
%% 199590 ns    Alert  ERROR               TB seq.(uvvm)       assert_shift_one_from_left() => Failed. Last cycle bit was not '1' at the 4-cycle (last cycle). 
%% 199890 ns    Alert  ERROR               TB seq.(uvvm)       assert_shift_one_from_left() => Failed. Last cycle bit was not '1' at the 4-cycle (last cycle). 
%% 199990 ns    Alert  ERROR               TB seq.(uvvm)       assert_shift_one_from_left() => Failed. Last cycle bit was not '1' at the 4-cycle (last cycle). 
%% 200290 ns    Alert  ERROR               TB seq.(uvvm)       assert_shift_one_from_left() => Failed. Last cycle bit was not '1' at the 4-cycle (last cycle). 
%% 200390 ns    Alert  ERROR               TB seq.(uvvm)       assert_shift_one_from_left() => Failed. Last cycle bit was not '1' at the 4-cycle (last cycle). 
%% 200690 ns    Alert  ERROR               TB seq.(uvvm)       assert_shift_one_from_left() => Failed. Last cycle bit was not '1' at the 4-cycle (last cycle). 
%% 200790 ns    Alert  ERROR               TB seq.(uvvm)       assert_shift_one_from_left() => Failed. Last cycle bit was not '1' at the 4-cycle (last cycle). 
%% 201090 ns    Alert  ERROR               TB seq.(uvvm)       assert_shift_one_from_left() => Failed. Last cycle bit was not '1' at the 4-cycle (last cycle). 
%% 201190 ns    Alert  ERROR               TB seq.(uvvm)       assert_shift_one_from_left() => Failed. Last cycle bit was not '1' at the 4-cycle (last cycle). 
%% 201490 ns    Alert  ERROR               TB seq.(uvvm)       assert_shift_one_from_left() => Failed. Last cycle bit was not '1' at the 4-cycle (last cycle). 
%% 201590 ns    Alert  ERROR               TB seq.(uvvm)       assert_shift_one_from_left() => Failed. Last cycle bit was not '1' at the 4-cycle (last cycle). 
%% 201890 ns    Alert  ERROR               TB seq.(uvvm)       assert_shift_one_from_left() => Failed. Last cycle bit was not '1' at the 4-cycle (last cycle). 
%% 201990 ns    Alert  ERROR               TB seq.(uvvm)       assert_shift_one_from_left() => Failed. Last cycle bit was not '1' at the 4-cycle (last cycle). 
%% 202290 ns    Alert  ERROR               TB seq.(uvvm)       assert_shift_one_from_left() => Failed. Last cycle bit was not '1' at the 4-cycle (last cycle). 
%% 202390 ns    Alert  ERROR               TB seq.(uvvm)       assert_shift_one_from_left() => Failed. Last cycle bit was not '1' at the 4-cycle (last cycle). 
%% 202690 ns    Alert  ERROR               TB seq.(uvvm)       assert_shift_one_from_left() => Failed. Last cycle bit was not '1' at the 4-cycle (last cycle). 
%% 202790 ns    Alert  ERROR               TB seq.(uvvm)       assert_shift_one_from_left() => Failed. Last cycle bit was not '1' at the 4-cycle (last cycle). 
%% 203090 ns    Alert  ERROR               TB seq.(uvvm)       assert_shift_one_from_left() => Failed. Last cycle bit was not '1' at the 4-cycle (last cycle). 
%% 203190 ns    Alert  ERROR               TB seq.(uvvm)       assert_shift_one_from_left() => Failed. Last cycle bit was not '1' at the 4-cycle (last cycle). 
%% 203490 ns    Alert  ERROR               TB seq.(uvvm)       assert_shift_one_from_left() => Failed. Last cycle bit was not '1' at the 4-cycle (last cycle). 
%% 203590 ns    Alert  ERROR               TB seq.(uvvm)       assert_shift_one_from_left() => Failed. Last cycle bit was not '1' at the 4-cycle (last cycle). 
%% 203890 ns    Alert  ERROR               TB seq.(uvvm)       assert_shift_one_from_left() => Failed. Last cycle bit was not '1' at the 4-cycle (last cycle). 
%% 203990 ns    Alert  ERROR               TB seq.(uvvm)       assert_shift_one_from_left() => Failed. Last cycle bit was not '1' at the 4-cycle (last cycle). 
%% 204290 ns    Alert  ERROR               TB seq.(uvvm)       assert_shift_one_from_left() => Failed. Last cycle bit was not '1' at the 4-cycle (last cycle). 
%% 204390 ns    Alert  ERROR               TB seq.(uvvm)       assert_shift_one_from_left() => Failed. Last cycle bit was not '1' at the 4-cycle (last cycle). 
%% 204690 ns    Alert  ERROR               TB seq.(uvvm)       assert_shift_one_from_left() => Failed. Last cycle bit was not '1' at the 4-cycle (last cycle). 
%% 204790 ns    Alert  ERROR               TB seq.(uvvm)       assert_shift_one_from_left() => Failed. Last cycle bit was not '1' at the 4-cycle (last cycle). 
%% 211490 ns    Alert  ERROR               TB seq.(uvvm)       assert_shift_one_from_left() => Failed. Last cycle bit was not '1' at the 4-cycle (last cycle). 
%% 211590 ns    Alert  ERROR               TB seq.(uvvm)       assert_shift_one_from_left() => Failed. Last cycle bit was not '1' at the 4-cycle (last cycle). 
%% 211890 ns    Alert  ERROR               TB seq.(uvvm)       assert_shift_one_from_left() => Failed. Last cycle bit was not '1' at the 4-cycle (last cycle). 
%% 211990 ns    Alert  ERROR               TB seq.(uvvm)       assert_shift_one_from_left() => Failed. Last cycle bit was not '1' at the 4-cycle (last cycle). 
%% 212290 ns    Alert  ERROR               TB seq.(uvvm)       assert_shift_one_from_left() => Failed. Last cycle bit was not '1' at the 4-cycle (last cycle). 
%% 212390 ns    Alert  ERROR               TB seq.(uvvm)       assert_shift_one_from_left() => Failed. Last cycle bit was not '1' at the 4-cycle (last cycle). 
%% 212690 ns    Alert  ERROR               TB seq.(uvvm)       assert_shift_one_from_left() => Failed. Last cycle bit was not '1' at the 4-cycle (last cycle). 
%% 212790 ns    Alert  ERROR               TB seq.(uvvm)       assert_shift_one_from_left() => Failed. Last cycle bit was not '1' at the 4-cycle (last cycle). 
%% 213090 ns    Alert  ERROR               TB seq.(uvvm)       assert_shift_one_from_left() => Failed. Last cycle bit was not '1' at the 4-cycle (last cycle). 
%% 213190 ns    Alert  ERROR               TB seq.(uvvm)       assert_shift_one_from_left() => Failed. Last cycle bit was not '1' at the 4-cycle (last cycle). 
%% 213490 ns    Alert  ERROR               TB seq.(uvvm)       assert_shift_one_from_left() => Failed. Last cycle bit was not '1' at the 4-cycle (last cycle). 
%% 213590 ns    Alert  ERROR               TB seq.(uvvm)       assert_shift_one_from_left() => Failed. Last cycle bit was not '1' at the 4-cycle (last cycle). 
%% 213890 ns    Alert  ERROR               TB seq.(uvvm)       assert_shift_one_from_left() => Failed. Last cycle bit was not '1' at the 4-cycle (last cycle). 
%% 213990 ns    Alert  ERROR               TB seq.(uvvm)       assert_shift_one_from_left() => Failed. Last cycle bit was not '1' at the 4-cycle (last cycle). 
%% 214290 ns    Alert  ERROR               TB seq.(uvvm)       assert_shift_one_from_left() => Failed. Last cycle bit was not '1' at the 4-cycle (last cycle). 
%% 214390 ns    Alert  ERROR               TB seq.(uvvm)       assert_shift_one_from_left() => Failed. Last cycle bit was not '1' at the 4-cycle (last cycle). 
%% 214690 ns    Alert  ERROR               TB seq.(uvvm)       assert_shift_one_from_left() => Failed. Last cycle bit was not '1' at the 4-cycle (last cycle). 
%% 214790 ns    Alert  ERROR               TB seq.(uvvm)       assert_shift_one_from_left() => Failed. Last cycle bit was not '1' at the 4-cycle (last cycle). 
%% 215090 ns    Alert  ERROR               TB seq.(uvvm)       assert_shift_one_from_left() => Failed. Last cycle bit was not '1' at the 4-cycle (last cycle). 
%% 215190 ns    Alert  ERROR               TB seq.(uvvm)       assert_shift_one_from_left() => Failed. Last cycle bit was not '1' at the 4-cycle (last cycle). 
%% 215490 ns    Alert  ERROR               TB seq.(uvvm)       assert_shift_one_from_left() => Failed. Last cycle bit was not '1' at the 4-cycle (last cycle). 
%% 215590 ns    Alert  ERROR               TB seq.(uvvm)       assert_shift_one_from_left() => Failed. Last cycle bit was not '1' at the 4-cycle (last cycle). 
%% 215890 ns    Alert  ERROR               TB seq.(uvvm)       assert_shift_one_from_left() => Failed. Last cycle bit was not '1' at the 4-cycle (last cycle). 
%% 215990 ns    Alert  ERROR               TB seq.(uvvm)       assert_shift_one_from_left() => Failed. Last cycle bit was not '1' at the 4-cycle (last cycle). 
%% 216290 ns    Alert  ERROR               TB seq.(uvvm)       assert_shift_one_from_left() => Failed. Last cycle bit was not '1' at the 4-cycle (last cycle). 
%% 216390 ns    Alert  ERROR               TB seq.(uvvm)       assert_shift_one_from_left() => Failed. Last cycle bit was not '1' at the 4-cycle (last cycle). 
%% 216690 ns    Alert  ERROR               TB seq.(uvvm)       assert_shift_one_from_left() => Failed. Last cycle bit was not '1' at the 4-cycle (last cycle). 
%% 216790 ns    Alert  ERROR               TB seq.(uvvm)       assert_shift_one_from_left() => Failed. Last cycle bit was not '1' at the 4-cycle (last cycle). 
%% 217090 ns    Alert  ERROR               TB seq.(uvvm)       assert_shift_one_from_left() => Failed. Last cycle bit was not '1' at the 4-cycle (last cycle). 
%% 217190 ns    Alert  ERROR               TB seq.(uvvm)       assert_shift_one_from_left() => Failed. Last cycle bit was not '1' at the 4-cycle (last cycle). 
%% 217490 ns    Alert  ERROR               TB seq.(uvvm)       assert_shift_one_from_left() => Failed. Last cycle bit was not '1' at the 4-cycle (last cycle). 
%% 217590 ns    Alert  ERROR               TB seq.(uvvm)       assert_shift_one_from_left() => Failed. Last cycle bit was not '1' at the 4-cycle (last cycle). 
%% 224290 ns    Alert  ERROR               TB seq.(uvvm)       assert_shift_one_from_left() => Failed. Last cycle bit was not '1' at the 4-cycle (last cycle). 
%% 224390 ns    Alert  ERROR               TB seq.(uvvm)       assert_shift_one_from_left() => Failed. Last cycle bit was not '1' at the 4-cycle (last cycle). 
%% 224690 ns    Alert  ERROR               TB seq.(uvvm)       assert_shift_one_from_left() => Failed. Last cycle bit was not '1' at the 4-cycle (last cycle). 
%% 224790 ns    Alert  ERROR               TB seq.(uvvm)       assert_shift_one_from_left() => Failed. Last cycle bit was not '1' at the 4-cycle (last cycle). 
%% 225090 ns    Alert  ERROR               TB seq.(uvvm)       assert_shift_one_from_left() => Failed. Last cycle bit was not '1' at the 4-cycle (last cycle). 
%% 225190 ns    Alert  ERROR               TB seq.(uvvm)       assert_shift_one_from_left() => Failed. Last cycle bit was not '1' at the 4-cycle (last cycle). 
%% 225490 ns    Alert  ERROR               TB seq.(uvvm)       assert_shift_one_from_left() => Failed. Last cycle bit was not '1' at the 4-cycle (last cycle). 
%% 225590 ns    Alert  ERROR               TB seq.(uvvm)       assert_shift_one_from_left() => Failed. Last cycle bit was not '1' at the 4-cycle (last cycle). 
%% 225890 ns    Alert  ERROR               TB seq.(uvvm)       assert_shift_one_from_left() => Failed. Last cycle bit was not '1' at the 4-cycle (last cycle). 
%% 225990 ns    Alert  ERROR               TB seq.(uvvm)       assert_shift_one_from_left() => Failed. Last cycle bit was not '1' at the 4-cycle (last cycle). 
%% 226290 ns    Alert  ERROR               TB seq.(uvvm)       assert_shift_one_from_left() => Failed. Last cycle bit was not '1' at the 4-cycle (last cycle). 
%% 226390 ns    Alert  ERROR               TB seq.(uvvm)       assert_shift_one_from_left() => Failed. Last cycle bit was not '1' at the 4-cycle (last cycle). 
%% 226690 ns    Alert  ERROR               TB seq.(uvvm)       assert_shift_one_from_left() => Failed. Last cycle bit was not '1' at the 4-cycle (last cycle). 
%% 226790 ns    Alert  ERROR               TB seq.(uvvm)       assert_shift_one_from_left() => Failed. Last cycle bit was not '1' at the 4-cycle (last cycle). 
%% 227090 ns    Alert  ERROR               TB seq.(uvvm)       assert_shift_one_from_left() => Failed. Last cycle bit was not '1' at the 4-cycle (last cycle). 
%% 227190 ns    Alert  ERROR               TB seq.(uvvm)       assert_shift_one_from_left() => Failed. Last cycle bit was not '1' at the 4-cycle (last cycle). 
%% 227490 ns    Alert  ERROR               TB seq.(uvvm)       assert_shift_one_from_left() => Failed. Last cycle bit was not '1' at the 4-cycle (last cycle). 
%% 227590 ns    Alert  ERROR               TB seq.(uvvm)       assert_shift_one_from_left() => Failed. Last cycle bit was not '1' at the 4-cycle (last cycle). 
%% 227890 ns    Alert  ERROR               TB seq.(uvvm)       assert_shift_one_from_left() => Failed. Last cycle bit was not '1' at the 4-cycle (last cycle). 
%% 227990 ns    Alert  ERROR               TB seq.(uvvm)       assert_shift_one_from_left() => Failed. Last cycle bit was not '1' at the 4-cycle (last cycle). 
%% 228290 ns    Alert  ERROR               TB seq.(uvvm)       assert_shift_one_from_left() => Failed. Last cycle bit was not '1' at the 4-cycle (last cycle). 
%% 228390 ns    Alert  ERROR               TB seq.(uvvm)       assert_shift_one_from_left() => Failed. Last cycle bit was not '1' at the 4-cycle (last cycle). 
%% 228690 ns    Alert  ERROR               TB seq.(uvvm)       assert_shift_one_from_left() => Failed. Last cycle bit was not '1' at the 4-cycle (last cycle). 
%% 228790 ns    Alert  ERROR               TB seq.(uvvm)       assert_shift_one_from_left() => Failed. Last cycle bit was not '1' at the 4-cycle (last cycle). 
%% 229090 ns    Alert  ERROR               TB seq.(uvvm)       assert_shift_one_from_left() => Failed. Last cycle bit was not '1' at the 4-cycle (last cycle). 
%% 229190 ns    Alert  ERROR               TB seq.(uvvm)       assert_shift_one_from_left() => Failed. Last cycle bit was not '1' at the 4-cycle (last cycle). 
%% 229490 ns    Alert  ERROR               TB seq.(uvvm)       assert_shift_one_from_left() => Failed. Last cycle bit was not '1' at the 4-cycle (last cycle). 
%% 229590 ns    Alert  ERROR               TB seq.(uvvm)       assert_shift_one_from_left() => Failed. Last cycle bit was not '1' at the 4-cycle (last cycle). 
%% 229890 ns    Alert  ERROR               TB seq.(uvvm)       assert_shift_one_from_left() => Failed. Last cycle bit was not '1' at the 4-cycle (last cycle). 
%% 229990 ns    Alert  ERROR               TB seq.(uvvm)       assert_shift_one_from_left() => Failed. Last cycle bit was not '1' at the 4-cycle (last cycle). 
%% 230290 ns    Alert  ERROR               TB seq.(uvvm)       assert_shift_one_from_left() => Failed. Last cycle bit was not '1' at the 4-cycle (last cycle). 
%% 230390 ns    Alert  ERROR               TB seq.(uvvm)       assert_shift_one_from_left() => Failed. Last cycle bit was not '1' at the 4-cycle (last cycle). 
%% 237090 ns    Alert  ERROR               TB seq.(uvvm)       assert_shift_one_from_left() => Failed. Last cycle bit was not '1' at the 4-cycle (last cycle). 
%% 237190 ns    Alert  ERROR               TB seq.(uvvm)       assert_shift_one_from_left() => Failed. Last cycle bit was not '1' at the 4-cycle (last cycle). 
%% 237490 ns    Alert  ERROR               TB seq.(uvvm)       assert_shift_one_from_left() => Failed. Last cycle bit was not '1' at the 4-cycle (last cycle). 
%% 237590 ns    Alert  ERROR               TB seq.(uvvm)       assert_shift_one_from_left() => Failed. Last cycle bit was not '1' at the 4-cycle (last cycle). 
%% 237890 ns    Alert  ERROR               TB seq.(uvvm)       assert_shift_one_from_left() => Failed. Last cycle bit was not '1' at the 4-cycle (last cycle). 
%% 237990 ns    Alert  ERROR               TB seq.(uvvm)       assert_shift_one_from_left() => Failed. Last cycle bit was not '1' at the 4-cycle (last cycle). 
%% 238290 ns    Alert  ERROR               TB seq.(uvvm)       assert_shift_one_from_left() => Failed. Last cycle bit was not '1' at the 4-cycle (last cycle). 
%% 238390 ns    Alert  ERROR               TB seq.(uvvm)       assert_shift_one_from_left() => Failed. Last cycle bit was not '1' at the 4-cycle (last cycle). 
%% 238690 ns    Alert  ERROR               TB seq.(uvvm)       assert_shift_one_from_left() => Failed. Last cycle bit was not '1' at the 4-cycle (last cycle). 
%% 238790 ns    Alert  ERROR               TB seq.(uvvm)       assert_shift_one_from_left() => Failed. Last cycle bit was not '1' at the 4-cycle (last cycle). 
%% 239090 ns    Alert  ERROR               TB seq.(uvvm)       assert_shift_one_from_left() => Failed. Last cycle bit was not '1' at the 4-cycle (last cycle). 
%% 239190 ns    Alert  ERROR               TB seq.(uvvm)       assert_shift_one_from_left() => Failed. Last cycle bit was not '1' at the 4-cycle (last cycle). 
%% 239490 ns    Alert  ERROR               TB seq.(uvvm)       assert_shift_one_from_left() => Failed. Last cycle bit was not '1' at the 4-cycle (last cycle). 
%% 239590 ns    Alert  ERROR               TB seq.(uvvm)       assert_shift_one_from_left() => Failed. Last cycle bit was not '1' at the 4-cycle (last cycle). 
%% 239890 ns    Alert  ERROR               TB seq.(uvvm)       assert_shift_one_from_left() => Failed. Last cycle bit was not '1' at the 4-cycle (last cycle). 
%% 239990 ns    Alert  ERROR               TB seq.(uvvm)       assert_shift_one_from_left() => Failed. Last cycle bit was not '1' at the 4-cycle (last cycle). 
%% 240290 ns    Alert  ERROR               TB seq.(uvvm)       assert_shift_one_from_left() => Failed. Last cycle bit was not '1' at the 4-cycle (last cycle). 
%% 240390 ns    Alert  ERROR               TB seq.(uvvm)       assert_shift_one_from_left() => Failed. Last cycle bit was not '1' at the 4-cycle (last cycle). 
%% 240690 ns    Alert  ERROR               TB seq.(uvvm)       assert_shift_one_from_left() => Failed. Last cycle bit was not '1' at the 4-cycle (last cycle). 
%% 240790 ns    Alert  ERROR               TB seq.(uvvm)       assert_shift_one_from_left() => Failed. Last cycle bit was not '1' at the 4-cycle (last cycle). 
%% 241090 ns    Alert  ERROR               TB seq.(uvvm)       assert_shift_one_from_left() => Failed. Last cycle bit was not '1' at the 4-cycle (last cycle). 
%% 241190 ns    Alert  ERROR               TB seq.(uvvm)       assert_shift_one_from_left() => Failed. Last cycle bit was not '1' at the 4-cycle (last cycle). 
%% 241490 ns    Alert  ERROR               TB seq.(uvvm)       assert_shift_one_from_left() => Failed. Last cycle bit was not '1' at the 4-cycle (last cycle). 
%% 241590 ns    Alert  ERROR               TB seq.(uvvm)       assert_shift_one_from_left() => Failed. Last cycle bit was not '1' at the 4-cycle (last cycle). 
%% 241890 ns    Alert  ERROR               TB seq.(uvvm)       assert_shift_one_from_left() => Failed. Last cycle bit was not '1' at the 4-cycle (last cycle). 
%% 241990 ns    Alert  ERROR               TB seq.(uvvm)       assert_shift_one_from_left() => Failed. Last cycle bit was not '1' at the 4-cycle (last cycle). 
%% 242290 ns    Alert  ERROR               TB seq.(uvvm)       assert_shift_one_from_left() => Failed. Last cycle bit was not '1' at the 4-cycle (last cycle). 
%% 242390 ns    Alert  ERROR               TB seq.(uvvm)       assert_shift_one_from_left() => Failed. Last cycle bit was not '1' at the 4-cycle (last cycle). 
%% 242690 ns    Alert  ERROR               TB seq.(uvvm)       assert_shift_one_from_left() => Failed. Last cycle bit was not '1' at the 4-cycle (last cycle). 
%% 242790 ns    Alert  ERROR               TB seq.(uvvm)       assert_shift_one_from_left() => Failed. Last cycle bit was not '1' at the 4-cycle (last cycle). 
%% 243090 ns    Alert  ERROR               TB seq.(uvvm)       assert_shift_one_from_left() => Failed. Last cycle bit was not '1' at the 4-cycle (last cycle). 
%% 243190 ns    Alert  ERROR               TB seq.(uvvm)       assert_shift_one_from_left() => Failed. Last cycle bit was not '1' at the 4-cycle (last cycle). 
%% 
%% 
%% 243460 ns    Log    ID_LOG_HDR          TB seq.             Testing pos_ack_kind: EVERY
%% ----------------------------------------------------------------------------------------------------------------------------------------------------------------------------
%% 243460 ns    Log    ID_SEQUENCER        TB seq.             Expecting a positive acknowledge on each successful cycle sequence
%% 243540 ns    Log    ID_UVVM_ASSERTION   TB seq.(uvvm)       assert_shift_one_from_left() => OK. tracked_value '1111' had a full ripple from left to right.
%% 243550 ns    Log    ID_UVVM_ASSERTION   TB seq.(uvvm)       assert_shift_one_from_left() => OK. tracked_value '0111' had a full ripple from left to right.
%% 243560 ns    Log    ID_UVVM_ASSERTION   TB seq.(uvvm)       assert_shift_one_from_left() => OK. tracked_value '0011' had a full ripple from left to right.
%% 243570 ns    Log    ID_UVVM_ASSERTION   TB seq.(uvvm)       assert_shift_one_from_left() => OK. tracked_value '0001' had a full ripple from left to right.
%% 
%% 
%% 243620 ns    Log    ID_LOG_HDR          TB seq.             Testing Assertion Enable
%% ----------------------------------------------------------------------------------------------------------------------------------------------------------------------------
%% 243620 ns    Log    ID_SEQUENCER        TB seq.             Assertion enabled as cycle sequence is started, expecting alert
%% 243630 ns    Alert  ERROR               TB seq.(uvvm)       assert_shift_one_from_left() => Failed (pipeline num:1). tracked_value '0000' was not X1XX at the 2-cycle. 
%% 243680 ns    Log    ID_SEQUENCER        TB seq.             Assertion enabled prior to cycle sequence, expecting alert
%% 243700 ns    Alert  ERROR               TB seq.(uvvm)       assert_shift_one_from_left() => Failed (pipeline num:1). tracked_value '0000' was not X1XX at the 2-cycle. 
%% 
%% 
%% 243750 ns    Log    ID_LOG_HDR          TB seq.             Testing CLK Disabled
%% ----------------------------------------------------------------------------------------------------------------------------------------------------------------------------
%% 243750 ns    Log    ID_SEQUENCER        TB seq.             Clock deactivated
%% 243790 ns    Log    ID_SEQUENCER        TB seq.             Triggering assertion while clk is disabled, expecting no behavior
%% 
%% ============================================================================================================================================================================
%%  *** FINAL SUMMARY OF ALL ALERTS ***
%% ============================================================================================================================================================================
%% 243890 ns    DONE   NOCHECKS   assert_shift_one_from_left  Passed: 0
%%    Expected      Failures: 0  Errors: -2038  Warnings: 0  Passed: 0
%%    VHDL Asserts  Failures: 0  Errors: 0  Warnings: 0  Passed: 0
%%    Default       Failures: 0  Errors: 2038  Warnings: 0  Passed: 0
%%    OSVVM         Failures: 0  Errors: 0  Warnings: 0  Passed: 0
%% ============================================================================================================================================================================
%% 
%% 
%% 
%% 243890 ns    Log    ID_LOG_HDR          TB seq.(uvvm)       SIMULATION COMPLETED
%% ----------------------------------------------------------------------------------------------------------------------------------------------------------------------------
