%%           0.0 ns  Log    ID_CONSTRUCTOR      SBI_VVC,0           VVC instantiated.
%%           0.0 ns  Log    ID_CONSTRUCTOR_SUB  SBI_VVC,0           Command queue instantiated and will give a warning when reaching 1000 elements in queue.
%%           0.0 ns  Log    ID_CONSTRUCTOR_SUB  SBI_VVC,0           Result queue instantiated and will give a warning when reaching 1000 elements in queue.
%%           0.0 ns  Log    ID_CONSTRUCTOR      I2C_VVC,3           VVC instantiated.
%%           0.0 ns  Log    ID_CONSTRUCTOR_SUB  I2C_VVC,3           Command queue instantiated and will give a warning when reaching 1000 elements in queue.
%%           0.0 ns  Log    ID_CONSTRUCTOR_SUB  I2C_VVC,3           Result queue instantiated and will give a warning when reaching 1000 elements in queue.
%%           0.0 ns  Log    ID_CONSTRUCTOR      I2C_VVC,6           VVC instantiated.
%%           0.0 ns  Log    ID_CONSTRUCTOR_SUB  I2C_VVC,6           Command queue instantiated and will give a warning when reaching 1000 elements in queue.
%%           0.0 ns  Log    ID_CONSTRUCTOR_SUB  I2C_VVC,6           Result queue instantiated and will give a warning when reaching 1000 elements in queue.
%%           0.0 ns  Log    ID_CONSTRUCTOR      I2C_VVC,4           VVC instantiated.
%%           0.0 ns  Log    ID_CONSTRUCTOR_SUB  I2C_VVC,4           Command queue instantiated and will give a warning when reaching 1000 elements in queue.
%%           0.0 ns  Log    ID_CONSTRUCTOR_SUB  I2C_VVC,4           Result queue instantiated and will give a warning when reaching 1000 elements in queue.
%%           0.0 ns  Log    ID_CONSTRUCTOR      I2C_VVC,5           VVC instantiated.
%%           0.0 ns  Log    ID_CONSTRUCTOR_SUB  I2C_VVC,5           Command queue instantiated and will give a warning when reaching 1000 elements in queue.
%%           0.0 ns  Log    ID_CONSTRUCTOR_SUB  I2C_VVC,5           Result queue instantiated and will give a warning when reaching 1000 elements in queue.
%%           0.0 ns  Log    ID_CONSTRUCTOR      I2C_VVC,2           VVC instantiated.
%%           0.0 ns  Log    ID_CONSTRUCTOR_SUB  I2C_VVC,2           Command queue instantiated and will give a warning when reaching 1000 elements in queue.
%%           0.0 ns  Log    ID_CONSTRUCTOR_SUB  I2C_VVC,2           Result queue instantiated and will give a warning when reaching 1000 elements in queue.
%%           0.0 ns  Log    ID_CONSTRUCTOR      WISHBONE_VVC,0      VVC instantiated.
%%           0.0 ns  Log    ID_CONSTRUCTOR_SUB  WISHBONE_VVC,0      Command queue instantiated and will give a warning when reaching 1000 elements in queue.
%%           0.0 ns  Log    ID_CONSTRUCTOR_SUB  WISHBONE_VVC,0      Result queue instantiated and will give a warning when reaching 1000 elements in queue.
%%           0.0 ns  Log    ID_CONSTRUCTOR      I2C_VVC,1           VVC instantiated.
%%           0.0 ns  Log    ID_CONSTRUCTOR_SUB  I2C_VVC,1           Command queue instantiated and will give a warning when reaching 1000 elements in queue.
%%           0.0 ns  Log    ID_CONSTRUCTOR_SUB  I2C_VVC,1           Result queue instantiated and will give a warning when reaching 1000 elements in queue.
%%           0.0 ns  Log    ID_CONSTRUCTOR      I2C_VVC,0           VVC instantiated.
%%           0.0 ns  Log    ID_CONSTRUCTOR_SUB  I2C_VVC,0           Command queue instantiated and will give a warning when reaching 1000 elements in queue.
%%           0.0 ns  Log    ID_CONSTRUCTOR_SUB  I2C_VVC,0           Result queue instantiated and will give a warning when reaching 1000 elements in queue.
%%           0.0 ns  Log    ID_CMD_INTERPRETER  SBI_VVC,0           Interpreter: Waiting for command
%%           0.0 ns  Log    ID_CMD_INTERPRETER  I2C_VVC,3           Interpreter: Waiting for command
%%           0.0 ns  Log    ID_CMD_INTERPRETER  I2C_VVC,6           Interpreter: Waiting for command
%%           0.0 ns  Log    ID_CMD_INTERPRETER  I2C_VVC,4           Interpreter: Waiting for command
%%           0.0 ns  Log    ID_CMD_INTERPRETER  I2C_VVC,5           Interpreter: Waiting for command
%%           0.0 ns  Log    ID_CMD_INTERPRETER  I2C_VVC,2           Interpreter: Waiting for command
%%           0.0 ns  Log    ID_CMD_INTERPRETER  WISHBONE_VVC,0      Interpreter: Waiting for command
%%           0.0 ns  Log    ID_CMD_INTERPRETER  I2C_VVC,1           Interpreter: Waiting for command
%%           0.0 ns  Log    ID_CMD_INTERPRETER  I2C_VVC,0           Interpreter: Waiting for command
%%           0.0 ns  Log    ID_CTRL             SBI_VVC_SB,0        enable() => SB enabled. 'SBI VVC SB Enabled'
%%           0.0 ns  Log    ID_CTRL             SBI_VVC_SB,0        config() => config applied to SB.
%%           0.0 ns  Log    ID_CTRL             SBI_VVC_SB,0        enable_log_msg() => message id id_data enabled.
%%           0.0 ns  Log    ID_CTRL             I2C_VVC_SB,3        enable() => SB enabled. 'I2C VVC SB Enabled'
%%           0.0 ns  Log    ID_CTRL             I2C_VVC_SB,3        config() => config applied to SB.
%%           0.0 ns  Log    ID_CTRL             I2C_VVC_SB,3        enable_log_msg() => message id id_data enabled.
%%           0.0 ns  Log    ID_CTRL             I2C_VVC_SB,6        enable() => SB enabled. 'I2C VVC SB Enabled'
%%           0.0 ns  Log    ID_CTRL             I2C_VVC_SB,6        config() => config applied to SB.
%%           0.0 ns  Log    ID_CTRL             I2C_VVC_SB,6        enable_log_msg() => message id id_data enabled.
%%           0.0 ns  Log    ID_CTRL             I2C_VVC_SB,4        enable() => SB enabled. 'I2C VVC SB Enabled'
%%           0.0 ns  Log    ID_CTRL             I2C_VVC_SB,4        config() => config applied to SB.
%%           0.0 ns  Log    ID_CTRL             I2C_VVC_SB,4        enable_log_msg() => message id id_data enabled.
%%           0.0 ns  Log    ID_CTRL             I2C_VVC_SB,5        enable() => SB enabled. 'I2C VVC SB Enabled'
%%           0.0 ns  Log    ID_CTRL             I2C_VVC_SB,5        config() => config applied to SB.
%%           0.0 ns  Log    ID_CTRL             I2C_VVC_SB,5        enable_log_msg() => message id id_data enabled.
%%           0.0 ns  Log    ID_CTRL             I2C_VVC_SB,2        enable() => SB enabled. 'I2C VVC SB Enabled'
%%           0.0 ns  Log    ID_CTRL             I2C_VVC_SB,2        config() => config applied to SB.
%%           0.0 ns  Log    ID_CTRL             I2C_VVC_SB,2        enable_log_msg() => message id id_data enabled.
%%           0.0 ns  Log    ID_CTRL             WISHBONE_VVC_SB,0   enable() => SB enabled. 'WISHBONE VVC SB Enabled'
%%           0.0 ns  Log    ID_CTRL             WISHBONE_VVC_SB,0   config() => config applied to SB.
%%           0.0 ns  Log    ID_CTRL             WISHBONE_VVC_SB,0   enable_log_msg() => message id id_data enabled.
%%           0.0 ns  Log    ID_CTRL             I2C_VVC_SB,1        enable() => SB enabled. 'I2C VVC SB Enabled'
%%           0.0 ns  Log    ID_CTRL             I2C_VVC_SB,1        config() => config applied to SB.
%%           0.0 ns  Log    ID_CTRL             I2C_VVC_SB,1        enable_log_msg() => message id id_data enabled.
%%           0.0 ns  Log    ID_CTRL             I2C_VVC_SB,0        enable() => SB enabled. 'I2C VVC SB Enabled'
%%           0.0 ns  Log    ID_CTRL             I2C_VVC_SB,0        config() => config applied to SB.
%%           0.0 ns  Log    ID_CTRL             I2C_VVC_SB,0        enable_log_msg() => message id id_data enabled.
%%           0.0 ns  Log    ID_LOG_MSG_CTRL     TB seq.             disable_log_msg(ID_AWAIT_COMPLETION).
%%           0.0 ns  Log    ID_LOG_MSG_CTRL     TB seq.             disable_log_msg(ID_AWAIT_COMPLETION_LIST).
%%           0.0 ns  Log    ID_LOG_MSG_CTRL     TB seq.             disable_log_msg(ID_AWAIT_COMPLETION_WAIT).
%%           0.0 ns  Log    ID_LOG_MSG_CTRL     TB seq.             disable_log_msg(ID_AWAIT_COMPLETION_END).
%%           0.0 ns  Log    ID_LOG_MSG_CTRL     TB seq.             disable_log_msg(ID_UVVM_CMD_ACK).
%%           0.0 ns  Log    ID_LOG_MSG_CTRL     TB seq.             disable_log_msg(ID_POS_ACK).
%%           0.0 ns  Log    ID_LOG_MSG_CTRL     TB seq.             disable_log_msg(ID_UVVM_CMD_RESULT).
%%           0.0 ns  Log    ID_UVVM_SEND_CMD    TB seq.(uvvm)       disable_log_msg(VVC_BROADCAST, ID_CMD_EXECUTOR): [1]
%%           0.0 ns  Log    ID_UVVM_SEND_CMD    SBI_VVC,0           disable_log_msg(VVC_BROADCAST, ID_CMD_EXECUTOR): [1]
%%           0.0 ns  Log    ID_UVVM_SEND_CMD    I2C_VVC,3           disable_log_msg(VVC_BROADCAST, ID_CMD_EXECUTOR): [1]
%%           0.0 ns  Log    ID_UVVM_SEND_CMD    I2C_VVC,6           disable_log_msg(VVC_BROADCAST, ID_CMD_EXECUTOR): [1]
%%           0.0 ns  Log    ID_UVVM_SEND_CMD    I2C_VVC,4           disable_log_msg(VVC_BROADCAST, ID_CMD_EXECUTOR): [1]
%%           0.0 ns  Log    ID_UVVM_SEND_CMD    I2C_VVC,5           disable_log_msg(VVC_BROADCAST, ID_CMD_EXECUTOR): [1]
%%           0.0 ns  Log    ID_UVVM_SEND_CMD    I2C_VVC,2           disable_log_msg(VVC_BROADCAST, ID_CMD_EXECUTOR): [1]
%%           0.0 ns  Log    ID_UVVM_SEND_CMD    WISHBONE_VVC,0      disable_log_msg(VVC_BROADCAST, ID_CMD_EXECUTOR): [1]
%%           0.0 ns  Log    ID_UVVM_SEND_CMD    I2C_VVC,1           disable_log_msg(VVC_BROADCAST, ID_CMD_EXECUTOR): [1]
%%           0.0 ns  Log    ID_UVVM_SEND_CMD    I2C_VVC,0           disable_log_msg(VVC_BROADCAST, ID_CMD_EXECUTOR): [1]
%%           0.0 ns  Log    ID_CMD_EXECUTOR_WA  SBI_VVC,0           Executor: Waiting for command
%%           0.0 ns  Log    ID_CMD_EXECUTOR_WA  I2C_VVC,3           Executor: Waiting for command
%%           0.0 ns  Log    ID_CMD_EXECUTOR_WA  I2C_VVC,6           Executor: Waiting for command
%%           0.0 ns  Log    ID_CMD_EXECUTOR_WA  I2C_VVC,4           Executor: Waiting for command
%%           0.0 ns  Log    ID_CMD_EXECUTOR_WA  I2C_VVC,5           Executor: Waiting for command
%%           0.0 ns  Log    ID_CMD_EXECUTOR_WA  I2C_VVC,2           Executor: Waiting for command
%%           0.0 ns  Log    ID_CMD_EXECUTOR_WA  WISHBONE_VVC,0      Executor: Waiting for command
%%           0.0 ns  Log    ID_CMD_EXECUTOR_WA  I2C_VVC,1           Executor: Waiting for command
%%           0.0 ns  Log    ID_CMD_EXECUTOR_WA  I2C_VVC,0           Executor: Waiting for command
%%           0.0 ns  Log    ID_CMD_INTERPRETER  SBI_VVC,0           disable_log_msg(VVC_BROADCAST, ID_CMD_EXECUTOR). Command received  [1]
%%           0.0 ns  Log    ID_LOG_MSG_CTRL     SBI_VVC,0           disable_log_msg(ID_CMD_EXECUTOR). ' [1]'
%%           0.0 ns  Log    ID_CMD_INTERPRETER  I2C_VVC,3           disable_log_msg(VVC_BROADCAST, ID_CMD_EXECUTOR). Command received  [1]
%%           0.0 ns  Log    ID_LOG_MSG_CTRL     I2C_VVC,3           disable_log_msg(ID_CMD_EXECUTOR). ' [1]'
%%           0.0 ns  Log    ID_CMD_INTERPRETER  I2C_VVC,6           disable_log_msg(VVC_BROADCAST, ID_CMD_EXECUTOR). Command received  [1]
%%           0.0 ns  Log    ID_LOG_MSG_CTRL     I2C_VVC,6           disable_log_msg(ID_CMD_EXECUTOR). ' [1]'
%%           0.0 ns  Log    ID_CMD_INTERPRETER  I2C_VVC,4           disable_log_msg(VVC_BROADCAST, ID_CMD_EXECUTOR). Command received  [1]
%%           0.0 ns  Log    ID_LOG_MSG_CTRL     I2C_VVC,4           disable_log_msg(ID_CMD_EXECUTOR). ' [1]'
%%           0.0 ns  Log    ID_CMD_INTERPRETER  I2C_VVC,5           disable_log_msg(VVC_BROADCAST, ID_CMD_EXECUTOR). Command received  [1]
%%           0.0 ns  Log    ID_LOG_MSG_CTRL     I2C_VVC,5           disable_log_msg(ID_CMD_EXECUTOR). ' [1]'
%%           0.0 ns  Log    ID_CMD_INTERPRETER  I2C_VVC,2           disable_log_msg(VVC_BROADCAST, ID_CMD_EXECUTOR). Command received  [1]
%%           0.0 ns  Log    ID_LOG_MSG_CTRL     I2C_VVC,2           disable_log_msg(ID_CMD_EXECUTOR). ' [1]'
%%           0.0 ns  Log    ID_CMD_INTERPRETER  WISHBONE_VVC,0      disable_log_msg(VVC_BROADCAST, ID_CMD_EXECUTOR). Command received  [1]
%%           0.0 ns  Log    ID_LOG_MSG_CTRL     WISHBONE_VVC,0      disable_log_msg(ID_CMD_EXECUTOR). ' [1]'
%%           0.0 ns  Log    ID_CMD_INTERPRETER  I2C_VVC,1           disable_log_msg(VVC_BROADCAST, ID_CMD_EXECUTOR). Command received  [1]
%%           0.0 ns  Log    ID_LOG_MSG_CTRL     I2C_VVC,1           disable_log_msg(ID_CMD_EXECUTOR). ' [1]'
%%           0.0 ns  Log    ID_CMD_INTERPRETER  I2C_VVC,0           disable_log_msg(VVC_BROADCAST, ID_CMD_EXECUTOR). Command received  [1]
%%           0.0 ns  Log    ID_LOG_MSG_CTRL     I2C_VVC,0           disable_log_msg(ID_CMD_EXECUTOR). ' [1]'
%%           0.0 ns  Log    ID_CMD_INTERPRETER  I2C_VVC,3           Interpreter: Waiting for command
%%           0.0 ns  Log    ID_CMD_INTERPRETER  I2C_VVC,6           Interpreter: Waiting for command
%%           0.0 ns  Log    ID_CMD_INTERPRETER  I2C_VVC,4           Interpreter: Waiting for command
%%           0.0 ns  Log    ID_CMD_INTERPRETER  I2C_VVC,5           Interpreter: Waiting for command
%%           0.0 ns  Log    ID_CMD_INTERPRETER  I2C_VVC,2           Interpreter: Waiting for command
%%           0.0 ns  Log    ID_CMD_INTERPRETER  I2C_VVC,1           Interpreter: Waiting for command
%%           0.0 ns  Log    ID_CMD_INTERPRETER  I2C_VVC,0           Interpreter: Waiting for command
%%           0.0 ns  Log    ID_CMD_INTERPRETER  WISHBONE_VVC,0      Interpreter: Waiting for command
%%           0.0 ns  Log    ID_CMD_INTERPRETER  SBI_VVC,0           Interpreter: Waiting for command
%%           0.0 ns  Log    ID_UVVM_SEND_CMD    TB seq.(uvvm)       disable_log_msg(VVC_BROADCAST, ID_CMD_EXECUTOR_WAIT): [2]
%%           0.0 ns  Log    ID_UVVM_SEND_CMD    I2C_VVC,3           disable_log_msg(VVC_BROADCAST, ID_CMD_EXECUTOR_WAIT): [2]
%%           0.0 ns  Log    ID_UVVM_SEND_CMD    I2C_VVC,6           disable_log_msg(VVC_BROADCAST, ID_CMD_EXECUTOR_WAIT): [2]
%%           0.0 ns  Log    ID_UVVM_SEND_CMD    I2C_VVC,4           disable_log_msg(VVC_BROADCAST, ID_CMD_EXECUTOR_WAIT): [2]
%%           0.0 ns  Log    ID_UVVM_SEND_CMD    I2C_VVC,5           disable_log_msg(VVC_BROADCAST, ID_CMD_EXECUTOR_WAIT): [2]
%%           0.0 ns  Log    ID_UVVM_SEND_CMD    I2C_VVC,2           disable_log_msg(VVC_BROADCAST, ID_CMD_EXECUTOR_WAIT): [2]
%%           0.0 ns  Log    ID_UVVM_SEND_CMD    I2C_VVC,1           disable_log_msg(VVC_BROADCAST, ID_CMD_EXECUTOR_WAIT): [2]
%%           0.0 ns  Log    ID_UVVM_SEND_CMD    I2C_VVC,0           disable_log_msg(VVC_BROADCAST, ID_CMD_EXECUTOR_WAIT): [2]
%%           0.0 ns  Log    ID_UVVM_SEND_CMD    WISHBONE_VVC,0      disable_log_msg(VVC_BROADCAST, ID_CMD_EXECUTOR_WAIT): [2]
%%           0.0 ns  Log    ID_UVVM_SEND_CMD    SBI_VVC,0           disable_log_msg(VVC_BROADCAST, ID_CMD_EXECUTOR_WAIT): [2]
%%           0.0 ns  Log    ID_CMD_INTERPRETER  I2C_VVC,3           disable_log_msg(VVC_BROADCAST, ID_CMD_EXECUTOR_WAIT). Command received  [2]
%%           0.0 ns  Log    ID_LOG_MSG_CTRL     I2C_VVC,3           disable_log_msg(ID_CMD_EXECUTOR_WAIT). ' [2]'
%%           0.0 ns  Log    ID_CMD_INTERPRETER  I2C_VVC,6           disable_log_msg(VVC_BROADCAST, ID_CMD_EXECUTOR_WAIT). Command received  [2]
%%           0.0 ns  Log    ID_LOG_MSG_CTRL     I2C_VVC,6           disable_log_msg(ID_CMD_EXECUTOR_WAIT). ' [2]'
%%           0.0 ns  Log    ID_CMD_INTERPRETER  I2C_VVC,4           disable_log_msg(VVC_BROADCAST, ID_CMD_EXECUTOR_WAIT). Command received  [2]
%%           0.0 ns  Log    ID_LOG_MSG_CTRL     I2C_VVC,4           disable_log_msg(ID_CMD_EXECUTOR_WAIT). ' [2]'
%%           0.0 ns  Log    ID_CMD_INTERPRETER  I2C_VVC,5           disable_log_msg(VVC_BROADCAST, ID_CMD_EXECUTOR_WAIT). Command received  [2]
%%           0.0 ns  Log    ID_LOG_MSG_CTRL     I2C_VVC,5           disable_log_msg(ID_CMD_EXECUTOR_WAIT). ' [2]'
%%           0.0 ns  Log    ID_CMD_INTERPRETER  I2C_VVC,2           disable_log_msg(VVC_BROADCAST, ID_CMD_EXECUTOR_WAIT). Command received  [2]
%%           0.0 ns  Log    ID_LOG_MSG_CTRL     I2C_VVC,2           disable_log_msg(ID_CMD_EXECUTOR_WAIT). ' [2]'
%%           0.0 ns  Log    ID_CMD_INTERPRETER  I2C_VVC,1           disable_log_msg(VVC_BROADCAST, ID_CMD_EXECUTOR_WAIT). Command received  [2]
%%           0.0 ns  Log    ID_LOG_MSG_CTRL     I2C_VVC,1           disable_log_msg(ID_CMD_EXECUTOR_WAIT). ' [2]'
%%           0.0 ns  Log    ID_CMD_INTERPRETER  I2C_VVC,0           disable_log_msg(VVC_BROADCAST, ID_CMD_EXECUTOR_WAIT). Command received  [2]
%%           0.0 ns  Log    ID_LOG_MSG_CTRL     I2C_VVC,0           disable_log_msg(ID_CMD_EXECUTOR_WAIT). ' [2]'
%%           0.0 ns  Log    ID_CMD_INTERPRETER  WISHBONE_VVC,0      disable_log_msg(VVC_BROADCAST, ID_CMD_EXECUTOR_WAIT). Command received  [2]
%%           0.0 ns  Log    ID_LOG_MSG_CTRL     WISHBONE_VVC,0      disable_log_msg(ID_CMD_EXECUTOR_WAIT). ' [2]'
%%           0.0 ns  Log    ID_CMD_INTERPRETER  SBI_VVC,0           disable_log_msg(VVC_BROADCAST, ID_CMD_EXECUTOR_WAIT). Command received  [2]
%%           0.0 ns  Log    ID_LOG_MSG_CTRL     SBI_VVC,0           disable_log_msg(ID_CMD_EXECUTOR_WAIT). ' [2]'
%%           0.0 ns  Log    ID_CMD_INTERPRETER  SBI_VVC,0           Interpreter: Waiting for command
%%           0.0 ns  Log    ID_CMD_INTERPRETER  WISHBONE_VVC,0      Interpreter: Waiting for command
%%           0.0 ns  Log    ID_CMD_INTERPRETER  I2C_VVC,3           Interpreter: Waiting for command
%%           0.0 ns  Log    ID_CMD_INTERPRETER  I2C_VVC,6           Interpreter: Waiting for command
%%           0.0 ns  Log    ID_CMD_INTERPRETER  I2C_VVC,4           Interpreter: Waiting for command
%%           0.0 ns  Log    ID_CMD_INTERPRETER  I2C_VVC,5           Interpreter: Waiting for command
%%           0.0 ns  Log    ID_CMD_INTERPRETER  I2C_VVC,2           Interpreter: Waiting for command
%%           0.0 ns  Log    ID_CMD_INTERPRETER  I2C_VVC,1           Interpreter: Waiting for command
%%           0.0 ns  Log    ID_CMD_INTERPRETER  I2C_VVC,0           Interpreter: Waiting for command
%%           0.0 ns  Log    ID_UVVM_SEND_CMD    TB seq.(uvvm)       disable_log_msg(VVC_BROADCAST, ID_CMD_INTERPRETER): [3]
%%           0.0 ns  Log    ID_UVVM_SEND_CMD    SBI_VVC,0           disable_log_msg(VVC_BROADCAST, ID_CMD_INTERPRETER): [3]
%%           0.0 ns  Log    ID_UVVM_SEND_CMD    WISHBONE_VVC,0      disable_log_msg(VVC_BROADCAST, ID_CMD_INTERPRETER): [3]
%%           0.0 ns  Log    ID_UVVM_SEND_CMD    I2C_VVC,3           disable_log_msg(VVC_BROADCAST, ID_CMD_INTERPRETER): [3]
%%           0.0 ns  Log    ID_UVVM_SEND_CMD    I2C_VVC,6           disable_log_msg(VVC_BROADCAST, ID_CMD_INTERPRETER): [3]
%%           0.0 ns  Log    ID_UVVM_SEND_CMD    I2C_VVC,4           disable_log_msg(VVC_BROADCAST, ID_CMD_INTERPRETER): [3]
%%           0.0 ns  Log    ID_UVVM_SEND_CMD    I2C_VVC,5           disable_log_msg(VVC_BROADCAST, ID_CMD_INTERPRETER): [3]
%%           0.0 ns  Log    ID_UVVM_SEND_CMD    I2C_VVC,2           disable_log_msg(VVC_BROADCAST, ID_CMD_INTERPRETER): [3]
%%           0.0 ns  Log    ID_UVVM_SEND_CMD    I2C_VVC,1           disable_log_msg(VVC_BROADCAST, ID_CMD_INTERPRETER): [3]
%%           0.0 ns  Log    ID_UVVM_SEND_CMD    I2C_VVC,0           disable_log_msg(VVC_BROADCAST, ID_CMD_INTERPRETER): [3]
%%           0.0 ns  Log    ID_CMD_INTERPRETER  SBI_VVC,0           disable_log_msg(VVC_BROADCAST, ID_CMD_INTERPRETER). Command received  [3]
%%           0.0 ns  Log    ID_LOG_MSG_CTRL     SBI_VVC,0           disable_log_msg(ID_CMD_INTERPRETER). ' [3]'
%%           0.0 ns  Log    ID_CMD_INTERPRETER  WISHBONE_VVC,0      disable_log_msg(VVC_BROADCAST, ID_CMD_INTERPRETER). Command received  [3]
%%           0.0 ns  Log    ID_LOG_MSG_CTRL     WISHBONE_VVC,0      disable_log_msg(ID_CMD_INTERPRETER). ' [3]'
%%           0.0 ns  Log    ID_CMD_INTERPRETER  I2C_VVC,3           disable_log_msg(VVC_BROADCAST, ID_CMD_INTERPRETER). Command received  [3]
%%           0.0 ns  Log    ID_LOG_MSG_CTRL     I2C_VVC,3           disable_log_msg(ID_CMD_INTERPRETER). ' [3]'
%%           0.0 ns  Log    ID_CMD_INTERPRETER  I2C_VVC,6           disable_log_msg(VVC_BROADCAST, ID_CMD_INTERPRETER). Command received  [3]
%%           0.0 ns  Log    ID_LOG_MSG_CTRL     I2C_VVC,6           disable_log_msg(ID_CMD_INTERPRETER). ' [3]'
%%           0.0 ns  Log    ID_CMD_INTERPRETER  I2C_VVC,4           disable_log_msg(VVC_BROADCAST, ID_CMD_INTERPRETER). Command received  [3]
%%           0.0 ns  Log    ID_LOG_MSG_CTRL     I2C_VVC,4           disable_log_msg(ID_CMD_INTERPRETER). ' [3]'
%%           0.0 ns  Log    ID_CMD_INTERPRETER  I2C_VVC,5           disable_log_msg(VVC_BROADCAST, ID_CMD_INTERPRETER). Command received  [3]
%%           0.0 ns  Log    ID_LOG_MSG_CTRL     I2C_VVC,5           disable_log_msg(ID_CMD_INTERPRETER). ' [3]'
%%           0.0 ns  Log    ID_CMD_INTERPRETER  I2C_VVC,2           disable_log_msg(VVC_BROADCAST, ID_CMD_INTERPRETER). Command received  [3]
%%           0.0 ns  Log    ID_LOG_MSG_CTRL     I2C_VVC,2           disable_log_msg(ID_CMD_INTERPRETER). ' [3]'
%%           0.0 ns  Log    ID_CMD_INTERPRETER  I2C_VVC,1           disable_log_msg(VVC_BROADCAST, ID_CMD_INTERPRETER). Command received  [3]
%%           0.0 ns  Log    ID_LOG_MSG_CTRL     I2C_VVC,1           disable_log_msg(ID_CMD_INTERPRETER). ' [3]'
%%           0.0 ns  Log    ID_CMD_INTERPRETER  I2C_VVC,0           disable_log_msg(VVC_BROADCAST, ID_CMD_INTERPRETER). Command received  [3]
%%           0.0 ns  Log    ID_LOG_MSG_CTRL     I2C_VVC,0           disable_log_msg(ID_CMD_INTERPRETER). ' [3]'
%%           0.0 ns  Log    ID_CMD_INTERPRETER  I2C_VVC,3           Interpreter: Waiting for command
%%           0.0 ns  Log    ID_CMD_INTERPRETER  I2C_VVC,6           Interpreter: Waiting for command
%%           0.0 ns  Log    ID_CMD_INTERPRETER  I2C_VVC,4           Interpreter: Waiting for command
%%           0.0 ns  Log    ID_CMD_INTERPRETER  I2C_VVC,5           Interpreter: Waiting for command
%%           0.0 ns  Log    ID_CMD_INTERPRETER  I2C_VVC,2           Interpreter: Waiting for command
%%           0.0 ns  Log    ID_CMD_INTERPRETER  I2C_VVC,1           Interpreter: Waiting for command
%%           0.0 ns  Log    ID_CMD_INTERPRETER  I2C_VVC,0           Interpreter: Waiting for command
%%           0.0 ns  Log    ID_CMD_INTERPRETER  WISHBONE_VVC,0      Interpreter: Waiting for command
%%           0.0 ns  Log    ID_CMD_INTERPRETER  SBI_VVC,0           Interpreter: Waiting for command
%%           0.0 ns  Log    ID_UVVM_SEND_CMD    TB seq.(uvvm)       disable_log_msg(VVC_BROADCAST, ID_CMD_INTERPRETER_WAIT): [4]
%%           0.0 ns  Log    ID_UVVM_SEND_CMD    I2C_VVC,3           disable_log_msg(VVC_BROADCAST, ID_CMD_INTERPRETER_WAIT): [4]
%%           0.0 ns  Log    ID_UVVM_SEND_CMD    I2C_VVC,6           disable_log_msg(VVC_BROADCAST, ID_CMD_INTERPRETER_WAIT): [4]
%%           0.0 ns  Log    ID_UVVM_SEND_CMD    I2C_VVC,4           disable_log_msg(VVC_BROADCAST, ID_CMD_INTERPRETER_WAIT): [4]
%%           0.0 ns  Log    ID_UVVM_SEND_CMD    I2C_VVC,5           disable_log_msg(VVC_BROADCAST, ID_CMD_INTERPRETER_WAIT): [4]
%%           0.0 ns  Log    ID_UVVM_SEND_CMD    I2C_VVC,2           disable_log_msg(VVC_BROADCAST, ID_CMD_INTERPRETER_WAIT): [4]
%%           0.0 ns  Log    ID_UVVM_SEND_CMD    I2C_VVC,1           disable_log_msg(VVC_BROADCAST, ID_CMD_INTERPRETER_WAIT): [4]
%%           0.0 ns  Log    ID_UVVM_SEND_CMD    I2C_VVC,0           disable_log_msg(VVC_BROADCAST, ID_CMD_INTERPRETER_WAIT): [4]
%%           0.0 ns  Log    ID_UVVM_SEND_CMD    WISHBONE_VVC,0      disable_log_msg(VVC_BROADCAST, ID_CMD_INTERPRETER_WAIT): [4]
%%           0.0 ns  Log    ID_UVVM_SEND_CMD    SBI_VVC,0           disable_log_msg(VVC_BROADCAST, ID_CMD_INTERPRETER_WAIT): [4]
%%           0.0 ns  Log    ID_LOG_MSG_CTRL     I2C_VVC,3           disable_log_msg(ID_CMD_INTERPRETER_WAIT). ' [4]'
%%           0.0 ns  Log    ID_LOG_MSG_CTRL     I2C_VVC,6           disable_log_msg(ID_CMD_INTERPRETER_WAIT). ' [4]'
%%           0.0 ns  Log    ID_LOG_MSG_CTRL     I2C_VVC,4           disable_log_msg(ID_CMD_INTERPRETER_WAIT). ' [4]'
%%           0.0 ns  Log    ID_LOG_MSG_CTRL     I2C_VVC,5           disable_log_msg(ID_CMD_INTERPRETER_WAIT). ' [4]'
%%           0.0 ns  Log    ID_LOG_MSG_CTRL     I2C_VVC,2           disable_log_msg(ID_CMD_INTERPRETER_WAIT). ' [4]'
%%           0.0 ns  Log    ID_LOG_MSG_CTRL     I2C_VVC,1           disable_log_msg(ID_CMD_INTERPRETER_WAIT). ' [4]'
%%           0.0 ns  Log    ID_LOG_MSG_CTRL     I2C_VVC,0           disable_log_msg(ID_CMD_INTERPRETER_WAIT). ' [4]'
%%           0.0 ns  Log    ID_LOG_MSG_CTRL     WISHBONE_VVC,0      disable_log_msg(ID_CMD_INTERPRETER_WAIT). ' [4]'
%%           0.0 ns  Log    ID_LOG_MSG_CTRL     SBI_VVC,0           disable_log_msg(ID_CMD_INTERPRETER_WAIT). ' [4]'
%%           0.0 ns  Log    ID_UVVM_SEND_CMD    TB seq.(uvvm)       disable_log_msg(VVC_BROADCAST, ID_IMMEDIATE_CMD): [5]
%%           0.0 ns  Log    ID_UVVM_SEND_CMD    SBI_VVC,0           disable_log_msg(VVC_BROADCAST, ID_IMMEDIATE_CMD): [5]
%%           0.0 ns  Log    ID_UVVM_SEND_CMD    WISHBONE_VVC,0      disable_log_msg(VVC_BROADCAST, ID_IMMEDIATE_CMD): [5]
%%           0.0 ns  Log    ID_UVVM_SEND_CMD    I2C_VVC,3           disable_log_msg(VVC_BROADCAST, ID_IMMEDIATE_CMD): [5]
%%           0.0 ns  Log    ID_UVVM_SEND_CMD    I2C_VVC,6           disable_log_msg(VVC_BROADCAST, ID_IMMEDIATE_CMD): [5]
%%           0.0 ns  Log    ID_UVVM_SEND_CMD    I2C_VVC,4           disable_log_msg(VVC_BROADCAST, ID_IMMEDIATE_CMD): [5]
%%           0.0 ns  Log    ID_UVVM_SEND_CMD    I2C_VVC,5           disable_log_msg(VVC_BROADCAST, ID_IMMEDIATE_CMD): [5]
%%           0.0 ns  Log    ID_UVVM_SEND_CMD    I2C_VVC,2           disable_log_msg(VVC_BROADCAST, ID_IMMEDIATE_CMD): [5]
%%           0.0 ns  Log    ID_UVVM_SEND_CMD    I2C_VVC,1           disable_log_msg(VVC_BROADCAST, ID_IMMEDIATE_CMD): [5]
%%           0.0 ns  Log    ID_UVVM_SEND_CMD    I2C_VVC,0           disable_log_msg(VVC_BROADCAST, ID_IMMEDIATE_CMD): [5]
%%           0.0 ns  Log    ID_LOG_MSG_CTRL     SBI_VVC,0           disable_log_msg(ID_IMMEDIATE_CMD). ' [5]'
%%           0.0 ns  Log    ID_LOG_MSG_CTRL     WISHBONE_VVC,0      disable_log_msg(ID_IMMEDIATE_CMD). ' [5]'
%%           0.0 ns  Log    ID_LOG_MSG_CTRL     I2C_VVC,3           disable_log_msg(ID_IMMEDIATE_CMD). ' [5]'
%%           0.0 ns  Log    ID_LOG_MSG_CTRL     I2C_VVC,6           disable_log_msg(ID_IMMEDIATE_CMD). ' [5]'
%%           0.0 ns  Log    ID_LOG_MSG_CTRL     I2C_VVC,4           disable_log_msg(ID_IMMEDIATE_CMD). ' [5]'
%%           0.0 ns  Log    ID_LOG_MSG_CTRL     I2C_VVC,5           disable_log_msg(ID_IMMEDIATE_CMD). ' [5]'
%%           0.0 ns  Log    ID_LOG_MSG_CTRL     I2C_VVC,2           disable_log_msg(ID_IMMEDIATE_CMD). ' [5]'
%%           0.0 ns  Log    ID_LOG_MSG_CTRL     I2C_VVC,1           disable_log_msg(ID_IMMEDIATE_CMD). ' [5]'
%%           0.0 ns  Log    ID_LOG_MSG_CTRL     I2C_VVC,0           disable_log_msg(ID_IMMEDIATE_CMD). ' [5]'
%%      
%%      -----------------------------------------------------------------------------------------------------------------------------------------------------------------------
%%      ***  REPORT OF GLOBAL CTRL ***
%%      -----------------------------------------------------------------------------------------------------------------------------------------------------------------------
%%                                IGNORE    STOP_LIMIT
%%                NOTE         :  REGARD         0
%%                TB_NOTE      :  REGARD         0
%%                WARNING      :  REGARD         0
%%                TB_WARNING   :  REGARD         0
%%                MANUAL_CHECK :  REGARD         0
%%                ERROR        :  REGARD         0
%%                TB_ERROR     :  REGARD         0
%%                FAILURE      :  REGARD         1
%%                TB_FAILURE   :  REGARD         1
%%      -----------------------------------------------------------------------------------------------------------------------------------------------------------------------
%%      
%%      
%%      -----------------------------------------------------------------------------------------------------------------------------------------------------------------------
%%      ***  REPORT OF MSG ID PANEL ***
%%      -----------------------------------------------------------------------------------------------------------------------------------------------------------------------
%%                ID                             Status
%%                ------------------------       ------
%%                ID_UTIL_BURIED               : DISABLED
%%                ID_BITVIS_DEBUG              : DISABLED
%%                ID_UTIL_SETUP                : ENABLED
%%                ID_LOG_MSG_CTRL              : ENABLED
%%                ID_ALERT_CTRL                : ENABLED
%%                ID_FINISH_OR_STOP            : ENABLED
%%                ID_CLOCK_GEN                 : ENABLED
%%                ID_GEN_PULSE                 : ENABLED
%%                ID_BLOCKING                  : ENABLED
%%                ID_WATCHDOG                  : ENABLED
%%                ID_RAND_GEN                  : DISABLED
%%                ID_RAND_CONF                 : DISABLED
%%                ID_FUNC_COV_BINS             : DISABLED
%%                ID_FUNC_COV_BINS_INFO        : DISABLED
%%                ID_FUNC_COV_RAND             : DISABLED
%%                ID_FUNC_COV_SAMPLE           : DISABLED
%%                ID_FUNC_COV_CONFIG           : DISABLED
%%                ID_POS_ACK                   : DISABLED
%%                ID_UVVM_ASSERTION            : ENABLED
%%                ID_LOG_HDR                   : ENABLED
%%                ID_LOG_HDR_LARGE             : ENABLED
%%                ID_LOG_HDR_XL                : ENABLED
%%                ID_SEQUENCER                 : ENABLED
%%                ID_SEQUENCER_SUB             : ENABLED
%%                ID_BFM                       : ENABLED
%%                ID_BFM_WAIT                  : ENABLED
%%                ID_BFM_POLL                  : ENABLED
%%                ID_BFM_POLL_SUMMARY          : ENABLED
%%                ID_CHANNEL_BFM               : ENABLED
%%                ID_TERMINATE_CMD             : ENABLED
%%                ID_SEGMENT_INITIATE          : ENABLED
%%                ID_SEGMENT_COMPLETE          : ENABLED
%%                ID_SEGMENT_HDR               : ENABLED
%%                ID_SEGMENT_DATA              : ENABLED
%%                ID_PACKET_INITIATE           : ENABLED
%%                ID_PACKET_PREAMBLE           : ENABLED
%%                ID_PACKET_COMPLETE           : ENABLED
%%                ID_PACKET_HDR                : ENABLED
%%                ID_PACKET_DATA               : ENABLED
%%                ID_PACKET_CHECKSUM           : ENABLED
%%                ID_PACKET_GAP                : ENABLED
%%                ID_PACKET_PAYLOAD            : ENABLED
%%                ID_FRAME_INITIATE            : ENABLED
%%                ID_FRAME_COMPLETE            : ENABLED
%%                ID_FRAME_HDR                 : ENABLED
%%                ID_FRAME_DATA                : ENABLED
%%                ID_COVERAGE_MAKEBIN          : DISABLED
%%                ID_COVERAGE_ADDBIN           : DISABLED
%%                ID_COVERAGE_ICOVER           : DISABLED
%%                ID_COVERAGE_CONFIG           : ENABLED
%%                ID_COVERAGE_SUMMARY          : ENABLED
%%                ID_COVERAGE_HOLES            : ENABLED
%%                ID_UVVM_SEND_CMD             : ENABLED
%%                ID_UVVM_CMD_ACK              : DISABLED
%%                ID_UVVM_CMD_RESULT           : DISABLED
%%                ID_CMD_INTERPRETER           : ENABLED
%%                ID_CMD_INTERPRETER_WAIT      : ENABLED
%%                ID_IMMEDIATE_CMD             : ENABLED
%%                ID_IMMEDIATE_CMD_WAIT        : ENABLED
%%                ID_CMD_EXECUTOR              : ENABLED
%%                ID_CMD_EXECUTOR_WAIT         : ENABLED
%%                ID_CHANNEL_EXECUTOR          : ENABLED
%%                ID_CHANNEL_EXECUTOR_WAIT     : ENABLED
%%                ID_NEW_HVVC_CMD_SEQ          : ENABLED
%%                ID_INSERTED_DELAY            : ENABLED
%%                ID_OLD_AWAIT_COMPLETION      : ENABLED
%%                ID_AWAIT_COMPLETION          : DISABLED
%%                ID_AWAIT_COMPLETION_LIST     : DISABLED
%%                ID_AWAIT_COMPLETION_WAIT     : DISABLED
%%                ID_AWAIT_COMPLETION_END      : DISABLED
%%                ID_AWAIT_UVVM_COMPLETION     : ENABLED
%%                ID_UVVM_DATA_QUEUE           : ENABLED
%%                ID_CONSTRUCTOR               : ENABLED
%%                ID_CONSTRUCTOR_SUB           : ENABLED
%%                ID_VVC_ACTIVITY              : ENABLED
%%                ID_MONITOR                   : ENABLED
%%                ID_MONITOR_ERROR             : ENABLED
%%                ID_DATA                      : ENABLED
%%                ID_CTRL                      : ENABLED
%%                ID_SPEC_COV_INIT             : ENABLED
%%                ID_SPEC_COV_REQS             : ENABLED
%%                ID_SPEC_COV                  : ENABLED
%%                ID_FILE_OPEN_CLOSE           : ENABLED
%%                ID_FILE_PARSER               : ENABLED
%%      -----------------------------------------------------------------------------------------------------------------------------------------------------------------------
%%      
%% 
%%           0.0 ns  Log    ID_SEQUENCER        TB seq.             Setting inter-bfm delay
%%          12.5 ns  Log    ID_GEN_PULSE        TB seq.             Pulsed to 1 for 12500 ps. 'Trigger DUT reset'
%%     1000012.5 ns  Log    ID_UVVM_SEND_CMD    TB seq.(uvvm)       wishbone_write(WISHBONE_VVC,0, x"0", x"13"): 'Set SCL prescaler LSB'. [6]
%%     1000012.5 ns  Log    ID_UVVM_SEND_CMD    TB seq.(uvvm)       wishbone_write(WISHBONE_VVC,0, x"1", x"00"): 'Set SCL prescaler MSB'. [7]
%%     1000012.5 ns  Log    ID_UVVM_SEND_CMD    TB seq.(uvvm)       wishbone_write(WISHBONE_VVC,0, x"2", x"80"): 'Enable DUT'. [8]
%%     1000032.5 ns  Log    ID_BFM              WISHBONE_VVC,0      wishbone_write(A:x"0", x"13") completed. ' 'Set SCL prescaler LSB'  [6]'
%%     1000052.5 ns  Log    ID_BFM              WISHBONE_VVC,0      wishbone_write(A:x"1", x"00") completed. ' 'Set SCL prescaler MSB'  [7]'
%%     1000072.5 ns  Log    ID_BFM              WISHBONE_VVC,0      wishbone_write(A:x"2", x"80") completed. ' 'Enable DUT'  [8]'
%%     1000072.5 ns  Log    ID_UVVM_SEND_CMD    TB seq.(uvvm)       i2c_master_transmit(I2C_VVC,3): 'Transmit data to I2C slave'. [10]
%%     1000072.5 ns  Log    ID_UVVM_SEND_CMD    TB seq.(uvvm)       i2c_master_transmit(I2C_VVC,3): 'Transmit data to I2C slave'. [11]
%%     1000072.5 ns  Log    ID_UVVM_SEND_CMD    TB seq.(uvvm)       i2c_master_transmit(I2C_VVC,3): 'Transmit data to I2C slave'. [12]
%%     1000072.5 ns  Log    ID_UVVM_SEND_CMD    TB seq.(uvvm)       i2c_master_transmit(I2C_VVC,3): 'Transmit data to I2C slave'. [13]
%%     1021832.5 ns  Log    ID_BFM              I2C_VVC,3           i2c_master_transmit(A:x"02A", (x"22"))=> (x"22"). ' 'Transmit data to I2C slave'  [10]'
%%     1021832.5 ns  Alert  WARNING             I2C_VVC,3: i2c_check_slave_addr()  This address is reserved for 10-bit-addressing. Only use this address if you are certain
%%:                                                                                that the address is never going to be used for its intended purpose. See I2C-bus
%%:                                                                                specification Rev. 6 for more information.
%%     1043592.5 ns  Log    ID_BFM              I2C_VVC,3           i2c_master_transmit(A:x"078", (x"E3"))=> (x"E3"). ' 'Transmit data to I2C slave'  [11]'
%%     1043592.5 ns  Alert  WARNING             I2C_VVC,3: i2c_check_slave_addr()  This address is reserved for general call and START byte. Only use this address if you are
%%:                                                                                certain that the address is never going to be used for its intended purpose. See I2C-bus
%%:                                                                                specification Rev. 6 for more information.
%%     1065352.5 ns  Log    ID_BFM              I2C_VVC,3           i2c_master_transmit(A:x"000", (x"70"))=> (x"70"). ' 'Transmit data to I2C slave'  [12]'
%%     1065352.5 ns  Alert  WARNING             I2C_VVC,3: i2c_check_slave_addr()  This address is reserved for device ID. Only use this address if you are certain that the
%%:                                                                                address is never going to be used for its intended purpose. See I2C-bus specification Rev. 6
%%:                                                                                for more information.
%%     1087112.5 ns  Log    ID_BFM              I2C_VVC,3           i2c_master_transmit(A:x"07F", (x"99"))=> (x"99"). ' 'Transmit data to I2C slave'  [13]'
%%     1087112.5 ns  Log    ID_UVVM_SEND_CMD    TB seq.(uvvm)       sbi_check(SBI_VVC,0, x"2A", x"22"): 'Checking data that was just written via I2C'. [15]
%%     1087112.5 ns  Log    ID_UVVM_SEND_CMD    TB seq.(uvvm)       sbi_check(SBI_VVC,0, x"78", x"E3"): 'Checking data that was just written via I2C'. [16]
%%     1087112.5 ns  Log    ID_UVVM_SEND_CMD    TB seq.(uvvm)       sbi_check(SBI_VVC,0, x"00", x"70"): 'Checking data that was just written via I2C'. [17]
%%     1087112.5 ns  Log    ID_UVVM_SEND_CMD    TB seq.(uvvm)       sbi_check(SBI_VVC,0, x"7F", x"99"): 'Checking data that was just written via I2C'. [18]
%%     1087122.5 ns  Log    ID_BFM              SBI_VVC,0           sbi_check(A:x"2A", x"22")=> OK, read data = x"22". ' 'Checking data that was just written via I2C'  [15]'
%%     1087132.5 ns  Log    ID_BFM              SBI_VVC,0           sbi_check(A:x"78", x"E3")=> OK, read data = x"E3". ' 'Checking data that was just written via I2C'  [16]'
%%     1087142.5 ns  Log    ID_BFM              SBI_VVC,0           sbi_check(A:x"00", x"70")=> OK, read data = x"70". ' 'Checking data that was just written via I2C'  [17]'
%%     1087152.5 ns  Log    ID_BFM              SBI_VVC,0           sbi_check(A:x"7F", x"99")=> OK, read data = x"99". ' 'Checking data that was just written via I2C'  [18]'
%%     1087152.5 ns  Log    ID_UVVM_SEND_CMD    TB seq.(uvvm)       i2c_master_transmit(I2C_VVC,3): 'Transmit data to I2C slave'. [20]
%%     1087152.5 ns  Log    ID_UVVM_SEND_CMD    TB seq.(uvvm)       i2c_master_transmit(I2C_VVC,3): 'Transmit data to I2C slave'. [21]
%%     1087152.5 ns  Log    ID_UVVM_SEND_CMD    TB seq.(uvvm)       i2c_master_transmit(I2C_VVC,3): 'Transmit data to I2C slave'. [22]
%%     1087152.5 ns  Log    ID_UVVM_SEND_CMD    TB seq.(uvvm)       i2c_master_transmit(I2C_VVC,3): 'Transmit data to I2C slave'. [23]
%%     1108912.5 ns  Log    ID_BFM              I2C_VVC,3           i2c_master_transmit(A:x"02A", (x"2B"))=> (x"2B"). ' 'Transmit data to I2C slave'  [20]'
%%     1108912.5 ns  Alert  WARNING             I2C_VVC,3: i2c_check_slave_addr()  This address is reserved for 10-bit-addressing. Only use this address if you are certain
%%:                                                                                that the address is never going to be used for its intended purpose. See I2C-bus
%%:                                                                                specification Rev. 6 for more information.
%%     1130672.5 ns  Log    ID_BFM              I2C_VVC,3           i2c_master_transmit(A:x"078", (x"11"))=> (x"11"). ' 'Transmit data to I2C slave'  [21]'
%%     1130672.5 ns  Alert  WARNING             I2C_VVC,3: i2c_check_slave_addr()  This address is reserved for general call and START byte. Only use this address if you are
%%:                                                                                certain that the address is never going to be used for its intended purpose. See I2C-bus
%%:                                                                                specification Rev. 6 for more information.
%%     1152432.5 ns  Log    ID_BFM              I2C_VVC,3           i2c_master_transmit(A:x"000", (x"2C"))=> (x"2C"). ' 'Transmit data to I2C slave'  [22]'
%%     1152432.5 ns  Alert  WARNING             I2C_VVC,3: i2c_check_slave_addr()  This address is reserved for device ID. Only use this address if you are certain that the
%%:                                                                                address is never going to be used for its intended purpose. See I2C-bus specification Rev. 6
%%:                                                                                for more information.
%%     1174192.5 ns  Log    ID_BFM              I2C_VVC,3           i2c_master_transmit(A:x"07F", (x"9C"))=> (x"9C"). ' 'Transmit data to I2C slave'  [23]'
%%     1174192.5 ns  Log    ID_UVVM_SEND_CMD    TB seq.(uvvm)       sbi_check(SBI_VVC,0, x"2A", x"2B"): 'Checking data that was just written via I2C'. [25]
%%     1174192.5 ns  Log    ID_UVVM_SEND_CMD    TB seq.(uvvm)       sbi_check(SBI_VVC,0, x"78", x"11"): 'Checking data that was just written via I2C'. [26]
%%     1174192.5 ns  Log    ID_UVVM_SEND_CMD    TB seq.(uvvm)       sbi_check(SBI_VVC,0, x"00", x"2C"): 'Checking data that was just written via I2C'. [27]
%%     1174192.5 ns  Log    ID_UVVM_SEND_CMD    TB seq.(uvvm)       sbi_check(SBI_VVC,0, x"7F", x"9C"): 'Checking data that was just written via I2C'. [28]
%%     1174202.5 ns  Log    ID_BFM              SBI_VVC,0           sbi_check(A:x"2A", x"2B")=> OK, read data = x"2B". ' 'Checking data that was just written via I2C'  [25]'
%%     1174212.5 ns  Log    ID_BFM              SBI_VVC,0           sbi_check(A:x"78", x"11")=> OK, read data = x"11". ' 'Checking data that was just written via I2C'  [26]'
%%     1174222.5 ns  Log    ID_BFM              SBI_VVC,0           sbi_check(A:x"00", x"2C")=> OK, read data = x"2C". ' 'Checking data that was just written via I2C'  [27]'
%%     1174232.5 ns  Log    ID_BFM              SBI_VVC,0           sbi_check(A:x"7F", x"9C")=> OK, read data = x"9C". ' 'Checking data that was just written via I2C'  [28]'
%%     1174232.5 ns  Log    ID_UVVM_SEND_CMD    TB seq.(uvvm)       i2c_master_transmit(I2C_VVC,3): 'Transmit data to I2C slave'. [30]
%%     1174232.5 ns  Log    ID_UVVM_SEND_CMD    TB seq.(uvvm)       i2c_master_transmit(I2C_VVC,3): 'Transmit data to I2C slave'. [31]
%%     1174232.5 ns  Log    ID_UVVM_SEND_CMD    TB seq.(uvvm)       i2c_master_transmit(I2C_VVC,3): 'Transmit data to I2C slave'. [32]
%%     1174232.5 ns  Log    ID_UVVM_SEND_CMD    TB seq.(uvvm)       i2c_master_transmit(I2C_VVC,3): 'Transmit data to I2C slave'. [33]
%%     1195992.5 ns  Log    ID_BFM              I2C_VVC,3           i2c_master_transmit(A:x"02A", (x"80"))=> (x"80"). ' 'Transmit data to I2C slave'  [30]'
%%     1195992.5 ns  Alert  WARNING             I2C_VVC,3: i2c_check_slave_addr()  This address is reserved for 10-bit-addressing. Only use this address if you are certain
%%:                                                                                that the address is never going to be used for its intended purpose. See I2C-bus
%%:                                                                                specification Rev. 6 for more information.
%%     1217752.5 ns  Log    ID_BFM              I2C_VVC,3           i2c_master_transmit(A:x"078", (x"CB"))=> (x"CB"). ' 'Transmit data to I2C slave'  [31]'
%%     1217752.5 ns  Alert  WARNING             I2C_VVC,3: i2c_check_slave_addr()  This address is reserved for general call and START byte. Only use this address if you are
%%:                                                                                certain that the address is never going to be used for its intended purpose. See I2C-bus
%%:                                                                                specification Rev. 6 for more information.
%%     1239512.5 ns  Log    ID_BFM              I2C_VVC,3           i2c_master_transmit(A:x"000", (x"64"))=> (x"64"). ' 'Transmit data to I2C slave'  [32]'
%%     1239512.5 ns  Alert  WARNING             I2C_VVC,3: i2c_check_slave_addr()  This address is reserved for device ID. Only use this address if you are certain that the
%%:                                                                                address is never going to be used for its intended purpose. See I2C-bus specification Rev. 6
%%:                                                                                for more information.
%%     1261272.5 ns  Log    ID_BFM              I2C_VVC,3           i2c_master_transmit(A:x"07F", (x"4F"))=> (x"4F"). ' 'Transmit data to I2C slave'  [33]'
%%     1261272.5 ns  Log    ID_UVVM_SEND_CMD    TB seq.(uvvm)       sbi_check(SBI_VVC,0, x"2A", x"80"): 'Checking data that was just written via I2C'. [35]
%%     1261272.5 ns  Log    ID_UVVM_SEND_CMD    TB seq.(uvvm)       sbi_check(SBI_VVC,0, x"78", x"CB"): 'Checking data that was just written via I2C'. [36]
%%     1261272.5 ns  Log    ID_UVVM_SEND_CMD    TB seq.(uvvm)       sbi_check(SBI_VVC,0, x"00", x"64"): 'Checking data that was just written via I2C'. [37]
%%     1261272.5 ns  Log    ID_UVVM_SEND_CMD    TB seq.(uvvm)       sbi_check(SBI_VVC,0, x"7F", x"4F"): 'Checking data that was just written via I2C'. [38]
%%     1261282.5 ns  Log    ID_BFM              SBI_VVC,0           sbi_check(A:x"2A", x"80")=> OK, read data = x"80". ' 'Checking data that was just written via I2C'  [35]'
%%     1261292.5 ns  Log    ID_BFM              SBI_VVC,0           sbi_check(A:x"78", x"CB")=> OK, read data = x"CB". ' 'Checking data that was just written via I2C'  [36]'
%%     1261302.5 ns  Log    ID_BFM              SBI_VVC,0           sbi_check(A:x"00", x"64")=> OK, read data = x"64". ' 'Checking data that was just written via I2C'  [37]'
%%     1261312.5 ns  Log    ID_BFM              SBI_VVC,0           sbi_check(A:x"7F", x"4F")=> OK, read data = x"4F". ' 'Checking data that was just written via I2C'  [38]'
%%     1261312.5 ns  Log    ID_UVVM_SEND_CMD    TB seq.(uvvm)       i2c_master_transmit(I2C_VVC,3): 'Transmit data to I2C slave'. [40]
%%     1261312.5 ns  Log    ID_UVVM_SEND_CMD    TB seq.(uvvm)       i2c_master_transmit(I2C_VVC,3): 'Transmit data to I2C slave'. [41]
%%     1261312.5 ns  Log    ID_UVVM_SEND_CMD    TB seq.(uvvm)       i2c_master_transmit(I2C_VVC,3): 'Transmit data to I2C slave'. [42]
%%     1261312.5 ns  Log    ID_UVVM_SEND_CMD    TB seq.(uvvm)       i2c_master_transmit(I2C_VVC,3): 'Transmit data to I2C slave'. [43]
%%     1283072.5 ns  Log    ID_BFM              I2C_VVC,3           i2c_master_transmit(A:x"02A", (x"21"))=> (x"21"). ' 'Transmit data to I2C slave'  [40]'
%%     1283072.5 ns  Alert  WARNING             I2C_VVC,3: i2c_check_slave_addr()  This address is reserved for 10-bit-addressing. Only use this address if you are certain
%%:                                                                                that the address is never going to be used for its intended purpose. See I2C-bus
%%:                                                                                specification Rev. 6 for more information.
%%     1304832.5 ns  Log    ID_BFM              I2C_VVC,3           i2c_master_transmit(A:x"078", (x"92"))=> (x"92"). ' 'Transmit data to I2C slave'  [41]'
%%     1304832.5 ns  Alert  WARNING             I2C_VVC,3: i2c_check_slave_addr()  This address is reserved for general call and START byte. Only use this address if you are
%%:                                                                                certain that the address is never going to be used for its intended purpose. See I2C-bus
%%:                                                                                specification Rev. 6 for more information.
%%     1326592.5 ns  Log    ID_BFM              I2C_VVC,3           i2c_master_transmit(A:x"000", (x"60"))=> (x"60"). ' 'Transmit data to I2C slave'  [42]'
%%     1326592.5 ns  Alert  WARNING             I2C_VVC,3: i2c_check_slave_addr()  This address is reserved for device ID. Only use this address if you are certain that the
%%:                                                                                address is never going to be used for its intended purpose. See I2C-bus specification Rev. 6
%%:                                                                                for more information.
%%     1348352.5 ns  Log    ID_BFM              I2C_VVC,3           i2c_master_transmit(A:x"07F", (x"7B"))=> (x"7B"). ' 'Transmit data to I2C slave'  [43]'
%%     1348352.5 ns  Log    ID_UVVM_SEND_CMD    TB seq.(uvvm)       sbi_check(SBI_VVC,0, x"2A", x"21"): 'Checking data that was just written via I2C'. [45]
%%     1348352.5 ns  Log    ID_UVVM_SEND_CMD    TB seq.(uvvm)       sbi_check(SBI_VVC,0, x"78", x"92"): 'Checking data that was just written via I2C'. [46]
%%     1348352.5 ns  Log    ID_UVVM_SEND_CMD    TB seq.(uvvm)       sbi_check(SBI_VVC,0, x"00", x"60"): 'Checking data that was just written via I2C'. [47]
%%     1348352.5 ns  Log    ID_UVVM_SEND_CMD    TB seq.(uvvm)       sbi_check(SBI_VVC,0, x"7F", x"7B"): 'Checking data that was just written via I2C'. [48]
%%     1348362.5 ns  Log    ID_BFM              SBI_VVC,0           sbi_check(A:x"2A", x"21")=> OK, read data = x"21". ' 'Checking data that was just written via I2C'  [45]'
%%     1348372.5 ns  Log    ID_BFM              SBI_VVC,0           sbi_check(A:x"78", x"92")=> OK, read data = x"92". ' 'Checking data that was just written via I2C'  [46]'
%%     1348382.5 ns  Log    ID_BFM              SBI_VVC,0           sbi_check(A:x"00", x"60")=> OK, read data = x"60". ' 'Checking data that was just written via I2C'  [47]'
%%     1348392.5 ns  Log    ID_BFM              SBI_VVC,0           sbi_check(A:x"7F", x"7B")=> OK, read data = x"7B". ' 'Checking data that was just written via I2C'  [48]'
%%     1348392.5 ns  Log    ID_UVVM_SEND_CMD    TB seq.(uvvm)       i2c_master_transmit(I2C_VVC,3): 'Transmit data to I2C slave'. [50]
%%     1348392.5 ns  Log    ID_UVVM_SEND_CMD    TB seq.(uvvm)       i2c_master_transmit(I2C_VVC,3): 'Transmit data to I2C slave'. [51]
%%     1348392.5 ns  Log    ID_UVVM_SEND_CMD    TB seq.(uvvm)       i2c_master_transmit(I2C_VVC,3): 'Transmit data to I2C slave'. [52]
%%     1348392.5 ns  Log    ID_UVVM_SEND_CMD    TB seq.(uvvm)       i2c_master_transmit(I2C_VVC,3): 'Transmit data to I2C slave'. [53]
%%     1370152.5 ns  Log    ID_BFM              I2C_VVC,3           i2c_master_transmit(A:x"02A", (x"60"))=> (x"60"). ' 'Transmit data to I2C slave'  [50]'
%%     1370152.5 ns  Alert  WARNING             I2C_VVC,3: i2c_check_slave_addr()  This address is reserved for 10-bit-addressing. Only use this address if you are certain
%%:                                                                                that the address is never going to be used for its intended purpose. See I2C-bus
%%:                                                                                specification Rev. 6 for more information.
%%     1391912.5 ns  Log    ID_BFM              I2C_VVC,3           i2c_master_transmit(A:x"078", (x"8B"))=> (x"8B"). ' 'Transmit data to I2C slave'  [51]'
%%     1391912.5 ns  Alert  WARNING             I2C_VVC,3: i2c_check_slave_addr()  This address is reserved for general call and START byte. Only use this address if you are
%%:                                                                                certain that the address is never going to be used for its intended purpose. See I2C-bus
%%:                                                                                specification Rev. 6 for more information.
%%     1413672.5 ns  Log    ID_BFM              I2C_VVC,3           i2c_master_transmit(A:x"000", (x"C5"))=> (x"C5"). ' 'Transmit data to I2C slave'  [52]'
%%     1413672.5 ns  Alert  WARNING             I2C_VVC,3: i2c_check_slave_addr()  This address is reserved for device ID. Only use this address if you are certain that the
%%:                                                                                address is never going to be used for its intended purpose. See I2C-bus specification Rev. 6
%%:                                                                                for more information.
%%     1435432.5 ns  Log    ID_BFM              I2C_VVC,3           i2c_master_transmit(A:x"07F", (x"88"))=> (x"88"). ' 'Transmit data to I2C slave'  [53]'
%%     1435432.5 ns  Log    ID_UVVM_SEND_CMD    TB seq.(uvvm)       sbi_check(SBI_VVC,0, x"2A", x"60"): 'Checking data that was just written via I2C'. [55]
%%     1435432.5 ns  Log    ID_UVVM_SEND_CMD    TB seq.(uvvm)       sbi_check(SBI_VVC,0, x"78", x"8B"): 'Checking data that was just written via I2C'. [56]
%%     1435432.5 ns  Log    ID_UVVM_SEND_CMD    TB seq.(uvvm)       sbi_check(SBI_VVC,0, x"00", x"C5"): 'Checking data that was just written via I2C'. [57]
%%     1435432.5 ns  Log    ID_UVVM_SEND_CMD    TB seq.(uvvm)       sbi_check(SBI_VVC,0, x"7F", x"88"): 'Checking data that was just written via I2C'. [58]
%%     1435442.5 ns  Log    ID_BFM              SBI_VVC,0           sbi_check(A:x"2A", x"60")=> OK, read data = x"60". ' 'Checking data that was just written via I2C'  [55]'
%%     1435452.5 ns  Log    ID_BFM              SBI_VVC,0           sbi_check(A:x"78", x"8B")=> OK, read data = x"8B". ' 'Checking data that was just written via I2C'  [56]'
%%     1435462.5 ns  Log    ID_BFM              SBI_VVC,0           sbi_check(A:x"00", x"C5")=> OK, read data = x"C5". ' 'Checking data that was just written via I2C'  [57]'
%%     1435472.5 ns  Log    ID_BFM              SBI_VVC,0           sbi_check(A:x"7F", x"88")=> OK, read data = x"88". ' 'Checking data that was just written via I2C'  [58]'
%%     1435472.5 ns  Log    ID_UVVM_SEND_CMD    TB seq.(uvvm)       i2c_master_transmit(I2C_VVC,3): 'Transmit data to I2C slave'. [60]
%%     1435472.5 ns  Log    ID_UVVM_SEND_CMD    TB seq.(uvvm)       i2c_master_transmit(I2C_VVC,3): 'Transmit data to I2C slave'. [61]
%%     1435472.5 ns  Log    ID_UVVM_SEND_CMD    TB seq.(uvvm)       i2c_master_transmit(I2C_VVC,3): 'Transmit data to I2C slave'. [62]
%%     1435472.5 ns  Log    ID_UVVM_SEND_CMD    TB seq.(uvvm)       i2c_master_transmit(I2C_VVC,3): 'Transmit data to I2C slave'. [63]
%%     1457232.5 ns  Log    ID_BFM              I2C_VVC,3           i2c_master_transmit(A:x"02A", (x"06"))=> (x"6"). ' 'Transmit data to I2C slave'  [60]'
%%     1457232.5 ns  Alert  WARNING             I2C_VVC,3: i2c_check_slave_addr()  This address is reserved for 10-bit-addressing. Only use this address if you are certain
%%:                                                                                that the address is never going to be used for its intended purpose. See I2C-bus
%%:                                                                                specification Rev. 6 for more information.
%%     1478992.5 ns  Log    ID_BFM              I2C_VVC,3           i2c_master_transmit(A:x"078", (x"5D"))=> (x"5D"). ' 'Transmit data to I2C slave'  [61]'
%%     1478992.5 ns  Alert  WARNING             I2C_VVC,3: i2c_check_slave_addr()  This address is reserved for general call and START byte. Only use this address if you are
%%:                                                                                certain that the address is never going to be used for its intended purpose. See I2C-bus
%%:                                                                                specification Rev. 6 for more information.
%%     1500752.5 ns  Log    ID_BFM              I2C_VVC,3           i2c_master_transmit(A:x"000", (x"56"))=> (x"56"). ' 'Transmit data to I2C slave'  [62]'
%%     1500752.5 ns  Alert  WARNING             I2C_VVC,3: i2c_check_slave_addr()  This address is reserved for device ID. Only use this address if you are certain that the
%%:                                                                                address is never going to be used for its intended purpose. See I2C-bus specification Rev. 6
%%:                                                                                for more information.
%%     1522512.5 ns  Log    ID_BFM              I2C_VVC,3           i2c_master_transmit(A:x"07F", (x"65"))=> (x"65"). ' 'Transmit data to I2C slave'  [63]'
%%     1522512.5 ns  Log    ID_UVVM_SEND_CMD    TB seq.(uvvm)       sbi_check(SBI_VVC,0, x"2A", x"06"): 'Checking data that was just written via I2C'. [65]
%%     1522512.5 ns  Log    ID_UVVM_SEND_CMD    TB seq.(uvvm)       sbi_check(SBI_VVC,0, x"78", x"5D"): 'Checking data that was just written via I2C'. [66]
%%     1522512.5 ns  Log    ID_UVVM_SEND_CMD    TB seq.(uvvm)       sbi_check(SBI_VVC,0, x"00", x"56"): 'Checking data that was just written via I2C'. [67]
%%     1522512.5 ns  Log    ID_UVVM_SEND_CMD    TB seq.(uvvm)       sbi_check(SBI_VVC,0, x"7F", x"65"): 'Checking data that was just written via I2C'. [68]
%%     1522522.5 ns  Log    ID_BFM              SBI_VVC,0           sbi_check(A:x"2A", x"06")=> OK, read data = x"6". ' 'Checking data that was just written via I2C'  [65]'
%%     1522532.5 ns  Log    ID_BFM              SBI_VVC,0           sbi_check(A:x"78", x"5D")=> OK, read data = x"5D". ' 'Checking data that was just written via I2C'  [66]'
%%     1522542.5 ns  Log    ID_BFM              SBI_VVC,0           sbi_check(A:x"00", x"56")=> OK, read data = x"56". ' 'Checking data that was just written via I2C'  [67]'
%%     1522552.5 ns  Log    ID_BFM              SBI_VVC,0           sbi_check(A:x"7F", x"65")=> OK, read data = x"65". ' 'Checking data that was just written via I2C'  [68]'
%%     1522552.5 ns  Log    ID_UVVM_SEND_CMD    TB seq.(uvvm)       i2c_master_transmit(I2C_VVC,3): 'Transmit data to I2C slave'. [70]
%%     1522552.5 ns  Log    ID_UVVM_SEND_CMD    TB seq.(uvvm)       i2c_master_transmit(I2C_VVC,3): 'Transmit data to I2C slave'. [71]
%%     1522552.5 ns  Log    ID_UVVM_SEND_CMD    TB seq.(uvvm)       i2c_master_transmit(I2C_VVC,3): 'Transmit data to I2C slave'. [72]
%%     1522552.5 ns  Log    ID_UVVM_SEND_CMD    TB seq.(uvvm)       i2c_master_transmit(I2C_VVC,3): 'Transmit data to I2C slave'. [73]
%%     1544312.5 ns  Log    ID_BFM              I2C_VVC,3           i2c_master_transmit(A:x"02A", (x"6B"))=> (x"6B"). ' 'Transmit data to I2C slave'  [70]'
%%     1544312.5 ns  Alert  WARNING             I2C_VVC,3: i2c_check_slave_addr()  This address is reserved for 10-bit-addressing. Only use this address if you are certain
%%:                                                                                that the address is never going to be used for its intended purpose. See I2C-bus
%%:                                                                                specification Rev. 6 for more information.
%%     1566072.5 ns  Log    ID_BFM              I2C_VVC,3           i2c_master_transmit(A:x"078", (x"1C"))=> (x"1C"). ' 'Transmit data to I2C slave'  [71]'
%%     1566072.5 ns  Alert  WARNING             I2C_VVC,3: i2c_check_slave_addr()  This address is reserved for general call and START byte. Only use this address if you are
%%:                                                                                certain that the address is never going to be used for its intended purpose. See I2C-bus
%%:                                                                                specification Rev. 6 for more information.
%%     1587832.5 ns  Log    ID_BFM              I2C_VVC,3           i2c_master_transmit(A:x"000", (x"1F"))=> (x"1F"). ' 'Transmit data to I2C slave'  [72]'
%%     1587832.5 ns  Alert  WARNING             I2C_VVC,3: i2c_check_slave_addr()  This address is reserved for device ID. Only use this address if you are certain that the
%%:                                                                                address is never going to be used for its intended purpose. See I2C-bus specification Rev. 6
%%:                                                                                for more information.
%%     1609592.5 ns  Log    ID_BFM              I2C_VVC,3           i2c_master_transmit(A:x"07F", (x"12"))=> (x"12"). ' 'Transmit data to I2C slave'  [73]'
%%     1609592.5 ns  Log    ID_UVVM_SEND_CMD    TB seq.(uvvm)       sbi_check(SBI_VVC,0, x"2A", x"6B"): 'Checking data that was just written via I2C'. [75]
%%     1609592.5 ns  Log    ID_UVVM_SEND_CMD    TB seq.(uvvm)       sbi_check(SBI_VVC,0, x"78", x"1C"): 'Checking data that was just written via I2C'. [76]
%%     1609592.5 ns  Log    ID_UVVM_SEND_CMD    TB seq.(uvvm)       sbi_check(SBI_VVC,0, x"00", x"1F"): 'Checking data that was just written via I2C'. [77]
%%     1609592.5 ns  Log    ID_UVVM_SEND_CMD    TB seq.(uvvm)       sbi_check(SBI_VVC,0, x"7F", x"12"): 'Checking data that was just written via I2C'. [78]
%%     1609602.5 ns  Log    ID_BFM              SBI_VVC,0           sbi_check(A:x"2A", x"6B")=> OK, read data = x"6B". ' 'Checking data that was just written via I2C'  [75]'
%%     1609612.5 ns  Log    ID_BFM              SBI_VVC,0           sbi_check(A:x"78", x"1C")=> OK, read data = x"1C". ' 'Checking data that was just written via I2C'  [76]'
%%     1609622.5 ns  Log    ID_BFM              SBI_VVC,0           sbi_check(A:x"00", x"1F")=> OK, read data = x"1F". ' 'Checking data that was just written via I2C'  [77]'
%%     1609632.5 ns  Log    ID_BFM              SBI_VVC,0           sbi_check(A:x"7F", x"12")=> OK, read data = x"12". ' 'Checking data that was just written via I2C'  [78]'
%%     1609632.5 ns  Log    ID_UVVM_SEND_CMD    TB seq.(uvvm)       i2c_master_transmit(I2C_VVC,3): 'Transmit data to I2C slave'. [80]
%%     1609632.5 ns  Log    ID_UVVM_SEND_CMD    TB seq.(uvvm)       i2c_master_transmit(I2C_VVC,3): 'Transmit data to I2C slave'. [81]
%%     1609632.5 ns  Log    ID_UVVM_SEND_CMD    TB seq.(uvvm)       i2c_master_transmit(I2C_VVC,3): 'Transmit data to I2C slave'. [82]
%%     1609632.5 ns  Log    ID_UVVM_SEND_CMD    TB seq.(uvvm)       i2c_master_transmit(I2C_VVC,3): 'Transmit data to I2C slave'. [83]
%%     1631392.5 ns  Log    ID_BFM              I2C_VVC,3           i2c_master_transmit(A:x"02A", (x"B1"))=> (x"B1"). ' 'Transmit data to I2C slave'  [80]'
%%     1631392.5 ns  Alert  WARNING             I2C_VVC,3: i2c_check_slave_addr()  This address is reserved for 10-bit-addressing. Only use this address if you are certain
%%:                                                                                that the address is never going to be used for its intended purpose. See I2C-bus
%%:                                                                                specification Rev. 6 for more information.
%%     1653152.5 ns  Log    ID_BFM              I2C_VVC,3           i2c_master_transmit(A:x"078", (x"B6"))=> (x"B6"). ' 'Transmit data to I2C slave'  [81]'
%%     1653152.5 ns  Alert  WARNING             I2C_VVC,3: i2c_check_slave_addr()  This address is reserved for general call and START byte. Only use this address if you are
%%:                                                                                certain that the address is never going to be used for its intended purpose. See I2C-bus
%%:                                                                                specification Rev. 6 for more information.
%%     1674912.5 ns  Log    ID_BFM              I2C_VVC,3           i2c_master_transmit(A:x"000", (x"8B"))=> (x"8B"). ' 'Transmit data to I2C slave'  [82]'
%%     1674912.5 ns  Alert  WARNING             I2C_VVC,3: i2c_check_slave_addr()  This address is reserved for device ID. Only use this address if you are certain that the
%%:                                                                                address is never going to be used for its intended purpose. See I2C-bus specification Rev. 6
%%:                                                                                for more information.
%%     1696672.5 ns  Log    ID_BFM              I2C_VVC,3           i2c_master_transmit(A:x"07F", (x"BB"))=> (x"BB"). ' 'Transmit data to I2C slave'  [83]'
%%     1696672.5 ns  Log    ID_UVVM_SEND_CMD    TB seq.(uvvm)       sbi_check(SBI_VVC,0, x"2A", x"B1"): 'Checking data that was just written via I2C'. [85]
%%     1696672.5 ns  Log    ID_UVVM_SEND_CMD    TB seq.(uvvm)       sbi_check(SBI_VVC,0, x"78", x"B6"): 'Checking data that was just written via I2C'. [86]
%%     1696672.5 ns  Log    ID_UVVM_SEND_CMD    TB seq.(uvvm)       sbi_check(SBI_VVC,0, x"00", x"8B"): 'Checking data that was just written via I2C'. [87]
%%     1696672.5 ns  Log    ID_UVVM_SEND_CMD    TB seq.(uvvm)       sbi_check(SBI_VVC,0, x"7F", x"BB"): 'Checking data that was just written via I2C'. [88]
%%     1696682.5 ns  Log    ID_BFM              SBI_VVC,0           sbi_check(A:x"2A", x"B1")=> OK, read data = x"B1". ' 'Checking data that was just written via I2C'  [85]'
%%     1696692.5 ns  Log    ID_BFM              SBI_VVC,0           sbi_check(A:x"78", x"B6")=> OK, read data = x"B6". ' 'Checking data that was just written via I2C'  [86]'
%%     1696702.5 ns  Log    ID_BFM              SBI_VVC,0           sbi_check(A:x"00", x"8B")=> OK, read data = x"8B". ' 'Checking data that was just written via I2C'  [87]'
%%     1696712.5 ns  Log    ID_BFM              SBI_VVC,0           sbi_check(A:x"7F", x"BB")=> OK, read data = x"BB". ' 'Checking data that was just written via I2C'  [88]'
%%     1696712.5 ns  Log    ID_UVVM_SEND_CMD    TB seq.(uvvm)       i2c_master_transmit(I2C_VVC,3): 'Transmit data to I2C slave'. [90]
%%     1696712.5 ns  Log    ID_UVVM_SEND_CMD    TB seq.(uvvm)       i2c_master_transmit(I2C_VVC,3): 'Transmit data to I2C slave'. [91]
%%     1696712.5 ns  Log    ID_UVVM_SEND_CMD    TB seq.(uvvm)       i2c_master_transmit(I2C_VVC,3): 'Transmit data to I2C slave'. [92]
%%     1696712.5 ns  Log    ID_UVVM_SEND_CMD    TB seq.(uvvm)       i2c_master_transmit(I2C_VVC,3): 'Transmit data to I2C slave'. [93]
%%     1718472.5 ns  Log    ID_BFM              I2C_VVC,3           i2c_master_transmit(A:x"02A", (x"8E"))=> (x"8E"). ' 'Transmit data to I2C slave'  [90]'
%%     1718472.5 ns  Alert  WARNING             I2C_VVC,3: i2c_check_slave_addr()  This address is reserved for 10-bit-addressing. Only use this address if you are certain
%%:                                                                                that the address is never going to be used for its intended purpose. See I2C-bus
%%:                                                                                specification Rev. 6 for more information.
%%     1740232.5 ns  Log    ID_BFM              I2C_VVC,3           i2c_master_transmit(A:x"078", (x"71"))=> (x"71"). ' 'Transmit data to I2C slave'  [91]'
%%     1740232.5 ns  Alert  WARNING             I2C_VVC,3: i2c_check_slave_addr()  This address is reserved for general call and START byte. Only use this address if you are
%%:                                                                                certain that the address is never going to be used for its intended purpose. See I2C-bus
%%:                                                                                specification Rev. 6 for more information.
%%     1761992.5 ns  Log    ID_BFM              I2C_VVC,3           i2c_master_transmit(A:x"000", (x"A2"))=> (x"A2"). ' 'Transmit data to I2C slave'  [92]'
%%     1761992.5 ns  Alert  WARNING             I2C_VVC,3: i2c_check_slave_addr()  This address is reserved for device ID. Only use this address if you are certain that the
%%:                                                                                address is never going to be used for its intended purpose. See I2C-bus specification Rev. 6
%%:                                                                                for more information.
%%     1783752.5 ns  Log    ID_BFM              I2C_VVC,3           i2c_master_transmit(A:x"07F", (x"EE"))=> (x"EE"). ' 'Transmit data to I2C slave'  [93]'
%%     1783752.5 ns  Log    ID_UVVM_SEND_CMD    TB seq.(uvvm)       sbi_check(SBI_VVC,0, x"2A", x"8E"): 'Checking data that was just written via I2C'. [95]
%%     1783752.5 ns  Log    ID_UVVM_SEND_CMD    TB seq.(uvvm)       sbi_check(SBI_VVC,0, x"78", x"71"): 'Checking data that was just written via I2C'. [96]
%%     1783752.5 ns  Log    ID_UVVM_SEND_CMD    TB seq.(uvvm)       sbi_check(SBI_VVC,0, x"00", x"A2"): 'Checking data that was just written via I2C'. [97]
%%     1783752.5 ns  Log    ID_UVVM_SEND_CMD    TB seq.(uvvm)       sbi_check(SBI_VVC,0, x"7F", x"EE"): 'Checking data that was just written via I2C'. [98]
%%     1783762.5 ns  Log    ID_BFM              SBI_VVC,0           sbi_check(A:x"2A", x"8E")=> OK, read data = x"8E". ' 'Checking data that was just written via I2C'  [95]'
%%     1783772.5 ns  Log    ID_BFM              SBI_VVC,0           sbi_check(A:x"78", x"71")=> OK, read data = x"71". ' 'Checking data that was just written via I2C'  [96]'
%%     1783782.5 ns  Log    ID_BFM              SBI_VVC,0           sbi_check(A:x"00", x"A2")=> OK, read data = x"A2". ' 'Checking data that was just written via I2C'  [97]'
%%     1783792.5 ns  Log    ID_BFM              SBI_VVC,0           sbi_check(A:x"7F", x"EE")=> OK, read data = x"EE". ' 'Checking data that was just written via I2C'  [98]'
%%     1783792.5 ns  Log    ID_UVVM_SEND_CMD    TB seq.(uvvm)       i2c_master_transmit(I2C_VVC,3): 'Transmit data to I2C slave'. [100]
%%     1783792.5 ns  Log    ID_UVVM_SEND_CMD    TB seq.(uvvm)       i2c_master_transmit(I2C_VVC,3): 'Transmit data to I2C slave'. [101]
%%     1783792.5 ns  Log    ID_UVVM_SEND_CMD    TB seq.(uvvm)       i2c_master_transmit(I2C_VVC,3): 'Transmit data to I2C slave'. [102]
%%     1783792.5 ns  Log    ID_UVVM_SEND_CMD    TB seq.(uvvm)       i2c_master_transmit(I2C_VVC,3): 'Transmit data to I2C slave'. [103]
%%     1805552.5 ns  Log    ID_BFM              I2C_VVC,3           i2c_master_transmit(A:x"02A", (x"50"))=> (x"50"). ' 'Transmit data to I2C slave'  [100]'
%%     1805552.5 ns  Alert  WARNING             I2C_VVC,3: i2c_check_slave_addr()  This address is reserved for 10-bit-addressing. Only use this address if you are certain
%%:                                                                                that the address is never going to be used for its intended purpose. See I2C-bus
%%:                                                                                specification Rev. 6 for more information.
%%     1827312.5 ns  Log    ID_BFM              I2C_VVC,3           i2c_master_transmit(A:x"078", (x"FF"))=> (x"FF"). ' 'Transmit data to I2C slave'  [101]'
%%     1827312.5 ns  Alert  WARNING             I2C_VVC,3: i2c_check_slave_addr()  This address is reserved for general call and START byte. Only use this address if you are
%%:                                                                                certain that the address is never going to be used for its intended purpose. See I2C-bus
%%:                                                                                specification Rev. 6 for more information.
%%     1849072.5 ns  Log    ID_BFM              I2C_VVC,3           i2c_master_transmit(A:x"000", (x"B7"))=> (x"B7"). ' 'Transmit data to I2C slave'  [102]'
%%     1849072.5 ns  Alert  WARNING             I2C_VVC,3: i2c_check_slave_addr()  This address is reserved for device ID. Only use this address if you are certain that the
%%:                                                                                address is never going to be used for its intended purpose. See I2C-bus specification Rev. 6
%%:                                                                                for more information.
%%     1870832.5 ns  Log    ID_BFM              I2C_VVC,3           i2c_master_transmit(A:x"07F", (x"51"))=> (x"51"). ' 'Transmit data to I2C slave'  [103]'
%%     1870832.5 ns  Log    ID_UVVM_SEND_CMD    TB seq.(uvvm)       sbi_check(SBI_VVC,0, x"2A", x"50"): 'Checking data that was just written via I2C'. [105]
%%     1870832.5 ns  Log    ID_UVVM_SEND_CMD    TB seq.(uvvm)       sbi_check(SBI_VVC,0, x"78", x"FF"): 'Checking data that was just written via I2C'. [106]
%%     1870832.5 ns  Log    ID_UVVM_SEND_CMD    TB seq.(uvvm)       sbi_check(SBI_VVC,0, x"00", x"B7"): 'Checking data that was just written via I2C'. [107]
%%     1870832.5 ns  Log    ID_UVVM_SEND_CMD    TB seq.(uvvm)       sbi_check(SBI_VVC,0, x"7F", x"51"): 'Checking data that was just written via I2C'. [108]
%%     1870842.5 ns  Log    ID_BFM              SBI_VVC,0           sbi_check(A:x"2A", x"50")=> OK, read data = x"50". ' 'Checking data that was just written via I2C'  [105]'
%%     1870852.5 ns  Log    ID_BFM              SBI_VVC,0           sbi_check(A:x"78", x"FF")=> OK, read data = x"FF". ' 'Checking data that was just written via I2C'  [106]'
%%     1870862.5 ns  Log    ID_BFM              SBI_VVC,0           sbi_check(A:x"00", x"B7")=> OK, read data = x"B7". ' 'Checking data that was just written via I2C'  [107]'
%%     1870872.5 ns  Log    ID_BFM              SBI_VVC,0           sbi_check(A:x"7F", x"51")=> OK, read data = x"51". ' 'Checking data that was just written via I2C'  [108]'
%%     1870872.5 ns  Log    ID_UVVM_SEND_CMD    TB seq.(uvvm)       i2c_master_check(I2C_VVC,3): 'Check data from I2C slave'. [110]
%%     1870872.5 ns  Log    ID_UVVM_SEND_CMD    TB seq.(uvvm)       i2c_master_check(I2C_VVC,3): 'Check data from I2C slave'. [111]
%%     1870872.5 ns  Log    ID_UVVM_SEND_CMD    TB seq.(uvvm)       i2c_master_check(I2C_VVC,3): 'Check data from I2C slave'. [112]
%%     1870872.5 ns  Log    ID_UVVM_SEND_CMD    TB seq.(uvvm)       i2c_master_check(I2C_VVC,3): 'Check data from I2C slave'. [113]
%%     1870872.5 ns  Log    ID_UVVM_SEND_CMD    TB seq.(uvvm)       sbi_write(SBI_VVC,0, x"2A", x"2F"): 'Write data that shall be transmitted via I2C'. [114]
%%     1870872.5 ns  Log    ID_UVVM_SEND_CMD    TB seq.(uvvm)       sbi_write(SBI_VVC,0, x"78", x"AC"): 'Write data that shall be transmitted via I2C'. [115]
%%     1870872.5 ns  Log    ID_UVVM_SEND_CMD    TB seq.(uvvm)       sbi_write(SBI_VVC,0, x"00", x"10"): 'Write data that shall be transmitted via I2C'. [116]
%%     1870872.5 ns  Log    ID_UVVM_SEND_CMD    TB seq.(uvvm)       sbi_write(SBI_VVC,0, x"7F", x"09"): 'Write data that shall be transmitted via I2C'. [117]
%%     1870880.0 ns  Log    ID_BFM_WAIT         SBI_VVC,0           sbi_write(A:x"2A", x"2F") waiting for response (sbi ready=0) ' 'Write data that shall be transmitted via I2C'  [114]'
%%     1870892.5 ns  Log    ID_BFM              SBI_VVC,0           sbi_write(A:x"2A", x"2F") completed. ' 'Write data that shall be transmitted via I2C'  [114]'
%%     1870900.0 ns  Log    ID_BFM_WAIT         SBI_VVC,0           sbi_write(A:x"78", x"AC") waiting for response (sbi ready=0) ' 'Write data that shall be transmitted via I2C'  [115]'
%%     1870912.5 ns  Log    ID_BFM              SBI_VVC,0           sbi_write(A:x"78", x"AC") completed. ' 'Write data that shall be transmitted via I2C'  [115]'
%%     1870920.0 ns  Log    ID_BFM_WAIT         SBI_VVC,0           sbi_write(A:x"00", x"10") waiting for response (sbi ready=0) ' 'Write data that shall be transmitted via I2C'  [116]'
%%     1870932.5 ns  Log    ID_BFM              SBI_VVC,0           sbi_write(A:x"00", x"10") completed. ' 'Write data that shall be transmitted via I2C'  [116]'
%%     1870940.0 ns  Log    ID_BFM_WAIT         SBI_VVC,0           sbi_write(A:x"7F", x"09") waiting for response (sbi ready=0) ' 'Write data that shall be transmitted via I2C'  [117]'
%%     1870952.5 ns  Log    ID_BFM              SBI_VVC,0           sbi_write(A:x"7F", x"09") completed. ' 'Write data that shall be transmitted via I2C'  [117]'
%%     1892632.5 ns  Log    ID_BFM              I2C_VVC,3           i2c_master_check(A:x"02A", (x"2F"))=> OK, read data = (x"2F"). ' 'Check data from I2C slave'  [110]'
%%     1892632.5 ns  Alert  WARNING             I2C_VVC,3: i2c_check_slave_addr()  This address is reserved for 10-bit-addressing. Only use this address if you are certain
%%:                                                                                that the address is never going to be used for its intended purpose. See I2C-bus
%%:                                                                                specification Rev. 6 for more information.
%%     1914392.5 ns  Log    ID_BFM              I2C_VVC,3           i2c_master_check(A:x"078", (x"AC"))=> OK, read data = (x"AC"). ' 'Check data from I2C slave'  [111]'
%%     1914392.5 ns  Alert  WARNING             I2C_VVC,3: i2c_check_slave_addr()  This address is reserved for general call and START byte. Only use this address if you are
%%:                                                                                certain that the address is never going to be used for its intended purpose. See I2C-bus
%%:                                                                                specification Rev. 6 for more information.
%%     1936152.5 ns  Log    ID_BFM              I2C_VVC,3           i2c_master_check(A:x"000", (x"10"))=> OK, read data = (x"10"). ' 'Check data from I2C slave'  [112]'
%%     1936152.5 ns  Alert  WARNING             I2C_VVC,3: i2c_check_slave_addr()  This address is reserved for device ID. Only use this address if you are certain that the
%%:                                                                                address is never going to be used for its intended purpose. See I2C-bus specification Rev. 6
%%:                                                                                for more information.
%%     1957912.5 ns  Log    ID_BFM              I2C_VVC,3           i2c_master_check(A:x"07F", (x"09"))=> OK, read data = (x"9"). ' 'Check data from I2C slave'  [113]'
%%     1957912.5 ns  Log    ID_UVVM_SEND_CMD    TB seq.(uvvm)       i2c_master_check(I2C_VVC,3): 'Check data from I2C slave'. [120]
%%     1957912.5 ns  Log    ID_UVVM_SEND_CMD    TB seq.(uvvm)       i2c_master_check(I2C_VVC,3): 'Check data from I2C slave'. [121]
%%     1957912.5 ns  Log    ID_UVVM_SEND_CMD    TB seq.(uvvm)       i2c_master_check(I2C_VVC,3): 'Check data from I2C slave'. [122]
%%     1957912.5 ns  Log    ID_UVVM_SEND_CMD    TB seq.(uvvm)       i2c_master_check(I2C_VVC,3): 'Check data from I2C slave'. [123]
%%     1957912.5 ns  Log    ID_UVVM_SEND_CMD    TB seq.(uvvm)       sbi_write(SBI_VVC,0, x"2A", x"99"): 'Write data that shall be transmitted via I2C'. [124]
%%     1957912.5 ns  Log    ID_UVVM_SEND_CMD    TB seq.(uvvm)       sbi_write(SBI_VVC,0, x"78", x"F7"): 'Write data that shall be transmitted via I2C'. [125]
%%     1957912.5 ns  Log    ID_UVVM_SEND_CMD    TB seq.(uvvm)       sbi_write(SBI_VVC,0, x"00", x"3A"): 'Write data that shall be transmitted via I2C'. [126]
%%     1957912.5 ns  Log    ID_UVVM_SEND_CMD    TB seq.(uvvm)       sbi_write(SBI_VVC,0, x"7F", x"00"): 'Write data that shall be transmitted via I2C'. [127]
%%     1957920.0 ns  Log    ID_BFM_WAIT         SBI_VVC,0           sbi_write(A:x"2A", x"99") waiting for response (sbi ready=0) ' 'Write data that shall be transmitted via I2C'  [124]'
%%     1957932.5 ns  Log    ID_BFM              SBI_VVC,0           sbi_write(A:x"2A", x"99") completed. ' 'Write data that shall be transmitted via I2C'  [124]'
%%     1957940.0 ns  Log    ID_BFM_WAIT         SBI_VVC,0           sbi_write(A:x"78", x"F7") waiting for response (sbi ready=0) ' 'Write data that shall be transmitted via I2C'  [125]'
%%     1957952.5 ns  Log    ID_BFM              SBI_VVC,0           sbi_write(A:x"78", x"F7") completed. ' 'Write data that shall be transmitted via I2C'  [125]'
%%     1957960.0 ns  Log    ID_BFM_WAIT         SBI_VVC,0           sbi_write(A:x"00", x"3A") waiting for response (sbi ready=0) ' 'Write data that shall be transmitted via I2C'  [126]'
%%     1957972.5 ns  Log    ID_BFM              SBI_VVC,0           sbi_write(A:x"00", x"3A") completed. ' 'Write data that shall be transmitted via I2C'  [126]'
%%     1957980.0 ns  Log    ID_BFM_WAIT         SBI_VVC,0           sbi_write(A:x"7F", x"00") waiting for response (sbi ready=0) ' 'Write data that shall be transmitted via I2C'  [127]'
%%     1957992.5 ns  Log    ID_BFM              SBI_VVC,0           sbi_write(A:x"7F", x"00") completed. ' 'Write data that shall be transmitted via I2C'  [127]'
%%     1979672.5 ns  Log    ID_BFM              I2C_VVC,3           i2c_master_check(A:x"02A", (x"99"))=> OK, read data = (x"99"). ' 'Check data from I2C slave'  [120]'
%%     1979672.5 ns  Alert  WARNING             I2C_VVC,3: i2c_check_slave_addr()  This address is reserved for 10-bit-addressing. Only use this address if you are certain
%%:                                                                                that the address is never going to be used for its intended purpose. See I2C-bus
%%:                                                                                specification Rev. 6 for more information.
%%     2001432.5 ns  Log    ID_BFM              I2C_VVC,3           i2c_master_check(A:x"078", (x"F7"))=> OK, read data = (x"F7"). ' 'Check data from I2C slave'  [121]'
%%     2001432.5 ns  Alert  WARNING             I2C_VVC,3: i2c_check_slave_addr()  This address is reserved for general call and START byte. Only use this address if you are
%%:                                                                                certain that the address is never going to be used for its intended purpose. See I2C-bus
%%:                                                                                specification Rev. 6 for more information.
%%     2023192.5 ns  Log    ID_BFM              I2C_VVC,3           i2c_master_check(A:x"000", (x"3A"))=> OK, read data = (x"3A"). ' 'Check data from I2C slave'  [122]'
%%     2023192.5 ns  Alert  WARNING             I2C_VVC,3: i2c_check_slave_addr()  This address is reserved for device ID. Only use this address if you are certain that the
%%:                                                                                address is never going to be used for its intended purpose. See I2C-bus specification Rev. 6
%%:                                                                                for more information.
%%     2044952.5 ns  Log    ID_BFM              I2C_VVC,3           i2c_master_check(A:x"07F", (x"00"))=> OK, read data = (x"00"). ' 'Check data from I2C slave'  [123]'
%%     2044952.5 ns  Log    ID_UVVM_SEND_CMD    TB seq.(uvvm)       i2c_master_check(I2C_VVC,3): 'Check data from I2C slave'. [130]
%%     2044952.5 ns  Log    ID_UVVM_SEND_CMD    TB seq.(uvvm)       i2c_master_check(I2C_VVC,3): 'Check data from I2C slave'. [131]
%%     2044952.5 ns  Log    ID_UVVM_SEND_CMD    TB seq.(uvvm)       i2c_master_check(I2C_VVC,3): 'Check data from I2C slave'. [132]
%%     2044952.5 ns  Log    ID_UVVM_SEND_CMD    TB seq.(uvvm)       i2c_master_check(I2C_VVC,3): 'Check data from I2C slave'. [133]
%%     2044952.5 ns  Log    ID_UVVM_SEND_CMD    TB seq.(uvvm)       sbi_write(SBI_VVC,0, x"2A", x"ED"): 'Write data that shall be transmitted via I2C'. [134]
%%     2044952.5 ns  Log    ID_UVVM_SEND_CMD    TB seq.(uvvm)       sbi_write(SBI_VVC,0, x"78", x"C1"): 'Write data that shall be transmitted via I2C'. [135]
%%     2044952.5 ns  Log    ID_UVVM_SEND_CMD    TB seq.(uvvm)       sbi_write(SBI_VVC,0, x"00", x"3B"): 'Write data that shall be transmitted via I2C'. [136]
%%     2044952.5 ns  Log    ID_UVVM_SEND_CMD    TB seq.(uvvm)       sbi_write(SBI_VVC,0, x"7F", x"40"): 'Write data that shall be transmitted via I2C'. [137]
%%     2044960.0 ns  Log    ID_BFM_WAIT         SBI_VVC,0           sbi_write(A:x"2A", x"ED") waiting for response (sbi ready=0) ' 'Write data that shall be transmitted via I2C'  [134]'
%%     2044972.5 ns  Log    ID_BFM              SBI_VVC,0           sbi_write(A:x"2A", x"ED") completed. ' 'Write data that shall be transmitted via I2C'  [134]'
%%     2044980.0 ns  Log    ID_BFM_WAIT         SBI_VVC,0           sbi_write(A:x"78", x"C1") waiting for response (sbi ready=0) ' 'Write data that shall be transmitted via I2C'  [135]'
%%     2044992.5 ns  Log    ID_BFM              SBI_VVC,0           sbi_write(A:x"78", x"C1") completed. ' 'Write data that shall be transmitted via I2C'  [135]'
%%     2045000.0 ns  Log    ID_BFM_WAIT         SBI_VVC,0           sbi_write(A:x"00", x"3B") waiting for response (sbi ready=0) ' 'Write data that shall be transmitted via I2C'  [136]'
%%     2045012.5 ns  Log    ID_BFM              SBI_VVC,0           sbi_write(A:x"00", x"3B") completed. ' 'Write data that shall be transmitted via I2C'  [136]'
%%     2045020.0 ns  Log    ID_BFM_WAIT         SBI_VVC,0           sbi_write(A:x"7F", x"40") waiting for response (sbi ready=0) ' 'Write data that shall be transmitted via I2C'  [137]'
%%     2045032.5 ns  Log    ID_BFM              SBI_VVC,0           sbi_write(A:x"7F", x"40") completed. ' 'Write data that shall be transmitted via I2C'  [137]'
%%     2066712.5 ns  Log    ID_BFM              I2C_VVC,3           i2c_master_check(A:x"02A", (x"ED"))=> OK, read data = (x"ED"). ' 'Check data from I2C slave'  [130]'
%%     2066712.5 ns  Alert  WARNING             I2C_VVC,3: i2c_check_slave_addr()  This address is reserved for 10-bit-addressing. Only use this address if you are certain
%%:                                                                                that the address is never going to be used for its intended purpose. See I2C-bus
%%:                                                                                specification Rev. 6 for more information.
%%     2088472.5 ns  Log    ID_BFM              I2C_VVC,3           i2c_master_check(A:x"078", (x"C1"))=> OK, read data = (x"C1"). ' 'Check data from I2C slave'  [131]'
%%     2088472.5 ns  Alert  WARNING             I2C_VVC,3: i2c_check_slave_addr()  This address is reserved for general call and START byte. Only use this address if you are
%%:                                                                                certain that the address is never going to be used for its intended purpose. See I2C-bus
%%:                                                                                specification Rev. 6 for more information.
%%     2110232.5 ns  Log    ID_BFM              I2C_VVC,3           i2c_master_check(A:x"000", (x"3B"))=> OK, read data = (x"3B"). ' 'Check data from I2C slave'  [132]'
%%     2110232.5 ns  Alert  WARNING             I2C_VVC,3: i2c_check_slave_addr()  This address is reserved for device ID. Only use this address if you are certain that the
%%:                                                                                address is never going to be used for its intended purpose. See I2C-bus specification Rev. 6
%%:                                                                                for more information.
%%     2131992.5 ns  Log    ID_BFM              I2C_VVC,3           i2c_master_check(A:x"07F", (x"40"))=> OK, read data = (x"40"). ' 'Check data from I2C slave'  [133]'
%%     2131992.5 ns  Log    ID_UVVM_SEND_CMD    TB seq.(uvvm)       i2c_master_check(I2C_VVC,3): 'Check data from I2C slave'. [140]
%%     2131992.5 ns  Log    ID_UVVM_SEND_CMD    TB seq.(uvvm)       i2c_master_check(I2C_VVC,3): 'Check data from I2C slave'. [141]
%%     2131992.5 ns  Log    ID_UVVM_SEND_CMD    TB seq.(uvvm)       i2c_master_check(I2C_VVC,3): 'Check data from I2C slave'. [142]
%%     2131992.5 ns  Log    ID_UVVM_SEND_CMD    TB seq.(uvvm)       i2c_master_check(I2C_VVC,3): 'Check data from I2C slave'. [143]
%%     2131992.5 ns  Log    ID_UVVM_SEND_CMD    TB seq.(uvvm)       sbi_write(SBI_VVC,0, x"2A", x"D5"): 'Write data that shall be transmitted via I2C'. [144]
%%     2131992.5 ns  Log    ID_UVVM_SEND_CMD    TB seq.(uvvm)       sbi_write(SBI_VVC,0, x"78", x"DC"): 'Write data that shall be transmitted via I2C'. [145]
%%     2131992.5 ns  Log    ID_UVVM_SEND_CMD    TB seq.(uvvm)       sbi_write(SBI_VVC,0, x"00", x"E6"): 'Write data that shall be transmitted via I2C'. [146]
%%     2131992.5 ns  Log    ID_UVVM_SEND_CMD    TB seq.(uvvm)       sbi_write(SBI_VVC,0, x"7F", x"A6"): 'Write data that shall be transmitted via I2C'. [147]
%%     2132000.0 ns  Log    ID_BFM_WAIT         SBI_VVC,0           sbi_write(A:x"2A", x"D5") waiting for response (sbi ready=0) ' 'Write data that shall be transmitted via I2C'  [144]'
%%     2132012.5 ns  Log    ID_BFM              SBI_VVC,0           sbi_write(A:x"2A", x"D5") completed. ' 'Write data that shall be transmitted via I2C'  [144]'
%%     2132020.0 ns  Log    ID_BFM_WAIT         SBI_VVC,0           sbi_write(A:x"78", x"DC") waiting for response (sbi ready=0) ' 'Write data that shall be transmitted via I2C'  [145]'
%%     2132032.5 ns  Log    ID_BFM              SBI_VVC,0           sbi_write(A:x"78", x"DC") completed. ' 'Write data that shall be transmitted via I2C'  [145]'
%%     2132040.0 ns  Log    ID_BFM_WAIT         SBI_VVC,0           sbi_write(A:x"00", x"E6") waiting for response (sbi ready=0) ' 'Write data that shall be transmitted via I2C'  [146]'
%%     2132052.5 ns  Log    ID_BFM              SBI_VVC,0           sbi_write(A:x"00", x"E6") completed. ' 'Write data that shall be transmitted via I2C'  [146]'
%%     2132060.0 ns  Log    ID_BFM_WAIT         SBI_VVC,0           sbi_write(A:x"7F", x"A6") waiting for response (sbi ready=0) ' 'Write data that shall be transmitted via I2C'  [147]'
%%     2132072.5 ns  Log    ID_BFM              SBI_VVC,0           sbi_write(A:x"7F", x"A6") completed. ' 'Write data that shall be transmitted via I2C'  [147]'
%%     2153752.5 ns  Log    ID_BFM              I2C_VVC,3           i2c_master_check(A:x"02A", (x"D5"))=> OK, read data = (x"D5"). ' 'Check data from I2C slave'  [140]'
%%     2153752.5 ns  Alert  WARNING             I2C_VVC,3: i2c_check_slave_addr()  This address is reserved for 10-bit-addressing. Only use this address if you are certain
%%:                                                                                that the address is never going to be used for its intended purpose. See I2C-bus
%%:                                                                                specification Rev. 6 for more information.
%%     2175512.5 ns  Log    ID_BFM              I2C_VVC,3           i2c_master_check(A:x"078", (x"DC"))=> OK, read data = (x"DC"). ' 'Check data from I2C slave'  [141]'
%%     2175512.5 ns  Alert  WARNING             I2C_VVC,3: i2c_check_slave_addr()  This address is reserved for general call and START byte. Only use this address if you are
%%:                                                                                certain that the address is never going to be used for its intended purpose. See I2C-bus
%%:                                                                                specification Rev. 6 for more information.
%%     2197272.5 ns  Log    ID_BFM              I2C_VVC,3           i2c_master_check(A:x"000", (x"E6"))=> OK, read data = (x"E6"). ' 'Check data from I2C slave'  [142]'
%%     2197272.5 ns  Alert  WARNING             I2C_VVC,3: i2c_check_slave_addr()  This address is reserved for device ID. Only use this address if you are certain that the
%%:                                                                                address is never going to be used for its intended purpose. See I2C-bus specification Rev. 6
%%:                                                                                for more information.
%%     2219032.5 ns  Log    ID_BFM              I2C_VVC,3           i2c_master_check(A:x"07F", (x"A6"))=> OK, read data = (x"A6"). ' 'Check data from I2C slave'  [143]'
%%     2219032.5 ns  Log    ID_UVVM_SEND_CMD    TB seq.(uvvm)       i2c_master_check(I2C_VVC,3): 'Check data from I2C slave'. [150]
%%     2219032.5 ns  Log    ID_UVVM_SEND_CMD    TB seq.(uvvm)       i2c_master_check(I2C_VVC,3): 'Check data from I2C slave'. [151]
%%     2219032.5 ns  Log    ID_UVVM_SEND_CMD    TB seq.(uvvm)       i2c_master_check(I2C_VVC,3): 'Check data from I2C slave'. [152]
%%     2219032.5 ns  Log    ID_UVVM_SEND_CMD    TB seq.(uvvm)       i2c_master_check(I2C_VVC,3): 'Check data from I2C slave'. [153]
%%     2219032.5 ns  Log    ID_UVVM_SEND_CMD    TB seq.(uvvm)       sbi_write(SBI_VVC,0, x"2A", x"1F"): 'Write data that shall be transmitted via I2C'. [154]
%%     2219032.5 ns  Log    ID_UVVM_SEND_CMD    TB seq.(uvvm)       sbi_write(SBI_VVC,0, x"78", x"E3"): 'Write data that shall be transmitted via I2C'. [155]
%%     2219032.5 ns  Log    ID_UVVM_SEND_CMD    TB seq.(uvvm)       sbi_write(SBI_VVC,0, x"00", x"D8"): 'Write data that shall be transmitted via I2C'. [156]
%%     2219032.5 ns  Log    ID_UVVM_SEND_CMD    TB seq.(uvvm)       sbi_write(SBI_VVC,0, x"7F", x"04"): 'Write data that shall be transmitted via I2C'. [157]
%%     2219040.0 ns  Log    ID_BFM_WAIT         SBI_VVC,0           sbi_write(A:x"2A", x"1F") waiting for response (sbi ready=0) ' 'Write data that shall be transmitted via I2C'  [154]'
%%     2219052.5 ns  Log    ID_BFM              SBI_VVC,0           sbi_write(A:x"2A", x"1F") completed. ' 'Write data that shall be transmitted via I2C'  [154]'
%%     2219060.0 ns  Log    ID_BFM_WAIT         SBI_VVC,0           sbi_write(A:x"78", x"E3") waiting for response (sbi ready=0) ' 'Write data that shall be transmitted via I2C'  [155]'
%%     2219072.5 ns  Log    ID_BFM              SBI_VVC,0           sbi_write(A:x"78", x"E3") completed. ' 'Write data that shall be transmitted via I2C'  [155]'
%%     2219080.0 ns  Log    ID_BFM_WAIT         SBI_VVC,0           sbi_write(A:x"00", x"D8") waiting for response (sbi ready=0) ' 'Write data that shall be transmitted via I2C'  [156]'
%%     2219092.5 ns  Log    ID_BFM              SBI_VVC,0           sbi_write(A:x"00", x"D8") completed. ' 'Write data that shall be transmitted via I2C'  [156]'
%%     2219100.0 ns  Log    ID_BFM_WAIT         SBI_VVC,0           sbi_write(A:x"7F", x"04") waiting for response (sbi ready=0) ' 'Write data that shall be transmitted via I2C'  [157]'
%%     2219112.5 ns  Log    ID_BFM              SBI_VVC,0           sbi_write(A:x"7F", x"04") completed. ' 'Write data that shall be transmitted via I2C'  [157]'
%%     2240792.5 ns  Log    ID_BFM              I2C_VVC,3           i2c_master_check(A:x"02A", (x"1F"))=> OK, read data = (x"1F"). ' 'Check data from I2C slave'  [150]'
%%     2240792.5 ns  Alert  WARNING             I2C_VVC,3: i2c_check_slave_addr()  This address is reserved for 10-bit-addressing. Only use this address if you are certain
%%:                                                                                that the address is never going to be used for its intended purpose. See I2C-bus
%%:                                                                                specification Rev. 6 for more information.
%%     2262552.5 ns  Log    ID_BFM              I2C_VVC,3           i2c_master_check(A:x"078", (x"E3"))=> OK, read data = (x"E3"). ' 'Check data from I2C slave'  [151]'
%%     2262552.5 ns  Alert  WARNING             I2C_VVC,3: i2c_check_slave_addr()  This address is reserved for general call and START byte. Only use this address if you are
%%:                                                                                certain that the address is never going to be used for its intended purpose. See I2C-bus
%%:                                                                                specification Rev. 6 for more information.
%%     2284312.5 ns  Log    ID_BFM              I2C_VVC,3           i2c_master_check(A:x"000", (x"D8"))=> OK, read data = (x"D8"). ' 'Check data from I2C slave'  [152]'
%%     2284312.5 ns  Alert  WARNING             I2C_VVC,3: i2c_check_slave_addr()  This address is reserved for device ID. Only use this address if you are certain that the
%%:                                                                                address is never going to be used for its intended purpose. See I2C-bus specification Rev. 6
%%:                                                                                for more information.
%%     2306072.5 ns  Log    ID_BFM              I2C_VVC,3           i2c_master_check(A:x"07F", (x"04"))=> OK, read data = (x"4"). ' 'Check data from I2C slave'  [153]'
%%     2306072.5 ns  Log    ID_UVVM_SEND_CMD    TB seq.(uvvm)       i2c_master_check(I2C_VVC,3): 'Check data from I2C slave'. [160]
%%     2306072.5 ns  Log    ID_UVVM_SEND_CMD    TB seq.(uvvm)       i2c_master_check(I2C_VVC,3): 'Check data from I2C slave'. [161]
%%     2306072.5 ns  Log    ID_UVVM_SEND_CMD    TB seq.(uvvm)       i2c_master_check(I2C_VVC,3): 'Check data from I2C slave'. [162]
%%     2306072.5 ns  Log    ID_UVVM_SEND_CMD    TB seq.(uvvm)       i2c_master_check(I2C_VVC,3): 'Check data from I2C slave'. [163]
%%     2306072.5 ns  Log    ID_UVVM_SEND_CMD    TB seq.(uvvm)       sbi_write(SBI_VVC,0, x"2A", x"C4"): 'Write data that shall be transmitted via I2C'. [164]
%%     2306072.5 ns  Log    ID_UVVM_SEND_CMD    TB seq.(uvvm)       sbi_write(SBI_VVC,0, x"78", x"EA"): 'Write data that shall be transmitted via I2C'. [165]
%%     2306072.5 ns  Log    ID_UVVM_SEND_CMD    TB seq.(uvvm)       sbi_write(SBI_VVC,0, x"00", x"63"): 'Write data that shall be transmitted via I2C'. [166]
%%     2306072.5 ns  Log    ID_UVVM_SEND_CMD    TB seq.(uvvm)       sbi_write(SBI_VVC,0, x"7F", x"2C"): 'Write data that shall be transmitted via I2C'. [167]
%%     2306080.0 ns  Log    ID_BFM_WAIT         SBI_VVC,0           sbi_write(A:x"2A", x"C4") waiting for response (sbi ready=0) ' 'Write data that shall be transmitted via I2C'  [164]'
%%     2306092.5 ns  Log    ID_BFM              SBI_VVC,0           sbi_write(A:x"2A", x"C4") completed. ' 'Write data that shall be transmitted via I2C'  [164]'
%%     2306100.0 ns  Log    ID_BFM_WAIT         SBI_VVC,0           sbi_write(A:x"78", x"EA") waiting for response (sbi ready=0) ' 'Write data that shall be transmitted via I2C'  [165]'
%%     2306112.5 ns  Log    ID_BFM              SBI_VVC,0           sbi_write(A:x"78", x"EA") completed. ' 'Write data that shall be transmitted via I2C'  [165]'
%%     2306120.0 ns  Log    ID_BFM_WAIT         SBI_VVC,0           sbi_write(A:x"00", x"63") waiting for response (sbi ready=0) ' 'Write data that shall be transmitted via I2C'  [166]'
%%     2306132.5 ns  Log    ID_BFM              SBI_VVC,0           sbi_write(A:x"00", x"63") completed. ' 'Write data that shall be transmitted via I2C'  [166]'
%%     2306140.0 ns  Log    ID_BFM_WAIT         SBI_VVC,0           sbi_write(A:x"7F", x"2C") waiting for response (sbi ready=0) ' 'Write data that shall be transmitted via I2C'  [167]'
%%     2306152.5 ns  Log    ID_BFM              SBI_VVC,0           sbi_write(A:x"7F", x"2C") completed. ' 'Write data that shall be transmitted via I2C'  [167]'
%%     2327832.5 ns  Log    ID_BFM              I2C_VVC,3           i2c_master_check(A:x"02A", (x"C4"))=> OK, read data = (x"C4"). ' 'Check data from I2C slave'  [160]'
%%     2327832.5 ns  Alert  WARNING             I2C_VVC,3: i2c_check_slave_addr()  This address is reserved for 10-bit-addressing. Only use this address if you are certain
%%:                                                                                that the address is never going to be used for its intended purpose. See I2C-bus
%%:                                                                                specification Rev. 6 for more information.
%%     2349592.5 ns  Log    ID_BFM              I2C_VVC,3           i2c_master_check(A:x"078", (x"EA"))=> OK, read data = (x"EA"). ' 'Check data from I2C slave'  [161]'
%%     2349592.5 ns  Alert  WARNING             I2C_VVC,3: i2c_check_slave_addr()  This address is reserved for general call and START byte. Only use this address if you are
%%:                                                                                certain that the address is never going to be used for its intended purpose. See I2C-bus
%%:                                                                                specification Rev. 6 for more information.
%%     2371352.5 ns  Log    ID_BFM              I2C_VVC,3           i2c_master_check(A:x"000", (x"63"))=> OK, read data = (x"63"). ' 'Check data from I2C slave'  [162]'
%%     2371352.5 ns  Alert  WARNING             I2C_VVC,3: i2c_check_slave_addr()  This address is reserved for device ID. Only use this address if you are certain that the
%%:                                                                                address is never going to be used for its intended purpose. See I2C-bus specification Rev. 6
%%:                                                                                for more information.
%%     2393112.5 ns  Log    ID_BFM              I2C_VVC,3           i2c_master_check(A:x"07F", (x"2C"))=> OK, read data = (x"2C"). ' 'Check data from I2C slave'  [163]'
%%     2393112.5 ns  Log    ID_UVVM_SEND_CMD    TB seq.(uvvm)       i2c_master_check(I2C_VVC,3): 'Check data from I2C slave'. [170]
%%     2393112.5 ns  Log    ID_UVVM_SEND_CMD    TB seq.(uvvm)       i2c_master_check(I2C_VVC,3): 'Check data from I2C slave'. [171]
%%     2393112.5 ns  Log    ID_UVVM_SEND_CMD    TB seq.(uvvm)       i2c_master_check(I2C_VVC,3): 'Check data from I2C slave'. [172]
%%     2393112.5 ns  Log    ID_UVVM_SEND_CMD    TB seq.(uvvm)       i2c_master_check(I2C_VVC,3): 'Check data from I2C slave'. [173]
%%     2393112.5 ns  Log    ID_UVVM_SEND_CMD    TB seq.(uvvm)       sbi_write(SBI_VVC,0, x"2A", x"D0"): 'Write data that shall be transmitted via I2C'. [174]
%%     2393112.5 ns  Log    ID_UVVM_SEND_CMD    TB seq.(uvvm)       sbi_write(SBI_VVC,0, x"78", x"02"): 'Write data that shall be transmitted via I2C'. [175]
%%     2393112.5 ns  Log    ID_UVVM_SEND_CMD    TB seq.(uvvm)       sbi_write(SBI_VVC,0, x"00", x"25"): 'Write data that shall be transmitted via I2C'. [176]
%%     2393112.5 ns  Log    ID_UVVM_SEND_CMD    TB seq.(uvvm)       sbi_write(SBI_VVC,0, x"7F", x"92"): 'Write data that shall be transmitted via I2C'. [177]
%%     2393120.0 ns  Log    ID_BFM_WAIT         SBI_VVC,0           sbi_write(A:x"2A", x"D0") waiting for response (sbi ready=0) ' 'Write data that shall be transmitted via I2C'  [174]'
%%     2393132.5 ns  Log    ID_BFM              SBI_VVC,0           sbi_write(A:x"2A", x"D0") completed. ' 'Write data that shall be transmitted via I2C'  [174]'
%%     2393140.0 ns  Log    ID_BFM_WAIT         SBI_VVC,0           sbi_write(A:x"78", x"02") waiting for response (sbi ready=0) ' 'Write data that shall be transmitted via I2C'  [175]'
%%     2393152.5 ns  Log    ID_BFM              SBI_VVC,0           sbi_write(A:x"78", x"02") completed. ' 'Write data that shall be transmitted via I2C'  [175]'
%%     2393160.0 ns  Log    ID_BFM_WAIT         SBI_VVC,0           sbi_write(A:x"00", x"25") waiting for response (sbi ready=0) ' 'Write data that shall be transmitted via I2C'  [176]'
%%     2393172.5 ns  Log    ID_BFM              SBI_VVC,0           sbi_write(A:x"00", x"25") completed. ' 'Write data that shall be transmitted via I2C'  [176]'
%%     2393180.0 ns  Log    ID_BFM_WAIT         SBI_VVC,0           sbi_write(A:x"7F", x"92") waiting for response (sbi ready=0) ' 'Write data that shall be transmitted via I2C'  [177]'
%%     2393192.5 ns  Log    ID_BFM              SBI_VVC,0           sbi_write(A:x"7F", x"92") completed. ' 'Write data that shall be transmitted via I2C'  [177]'
%%     2414872.5 ns  Log    ID_BFM              I2C_VVC,3           i2c_master_check(A:x"02A", (x"D0"))=> OK, read data = (x"D0"). ' 'Check data from I2C slave'  [170]'
%%     2414872.5 ns  Alert  WARNING             I2C_VVC,3: i2c_check_slave_addr()  This address is reserved for 10-bit-addressing. Only use this address if you are certain
%%:                                                                                that the address is never going to be used for its intended purpose. See I2C-bus
%%:                                                                                specification Rev. 6 for more information.
%%     2436632.5 ns  Log    ID_BFM              I2C_VVC,3           i2c_master_check(A:x"078", (x"02"))=> OK, read data = (x"2"). ' 'Check data from I2C slave'  [171]'
%%     2436632.5 ns  Alert  WARNING             I2C_VVC,3: i2c_check_slave_addr()  This address is reserved for general call and START byte. Only use this address if you are
%%:                                                                                certain that the address is never going to be used for its intended purpose. See I2C-bus
%%:                                                                                specification Rev. 6 for more information.
%%     2458392.5 ns  Log    ID_BFM              I2C_VVC,3           i2c_master_check(A:x"000", (x"25"))=> OK, read data = (x"25"). ' 'Check data from I2C slave'  [172]'
%%     2458392.5 ns  Alert  WARNING             I2C_VVC,3: i2c_check_slave_addr()  This address is reserved for device ID. Only use this address if you are certain that the
%%:                                                                                address is never going to be used for its intended purpose. See I2C-bus specification Rev. 6
%%:                                                                                for more information.
%%     2480152.5 ns  Log    ID_BFM              I2C_VVC,3           i2c_master_check(A:x"07F", (x"92"))=> OK, read data = (x"92"). ' 'Check data from I2C slave'  [173]'
%%     2480152.5 ns  Log    ID_UVVM_SEND_CMD    TB seq.(uvvm)       i2c_master_check(I2C_VVC,3): 'Check data from I2C slave'. [180]
%%     2480152.5 ns  Log    ID_UVVM_SEND_CMD    TB seq.(uvvm)       i2c_master_check(I2C_VVC,3): 'Check data from I2C slave'. [181]
%%     2480152.5 ns  Log    ID_UVVM_SEND_CMD    TB seq.(uvvm)       i2c_master_check(I2C_VVC,3): 'Check data from I2C slave'. [182]
%%     2480152.5 ns  Log    ID_UVVM_SEND_CMD    TB seq.(uvvm)       i2c_master_check(I2C_VVC,3): 'Check data from I2C slave'. [183]
%%     2480152.5 ns  Log    ID_UVVM_SEND_CMD    TB seq.(uvvm)       sbi_write(SBI_VVC,0, x"2A", x"E1"): 'Write data that shall be transmitted via I2C'. [184]
%%     2480152.5 ns  Log    ID_UVVM_SEND_CMD    TB seq.(uvvm)       sbi_write(SBI_VVC,0, x"78", x"29"): 'Write data that shall be transmitted via I2C'. [185]
%%     2480152.5 ns  Log    ID_UVVM_SEND_CMD    TB seq.(uvvm)       sbi_write(SBI_VVC,0, x"00", x"A3"): 'Write data that shall be transmitted via I2C'. [186]
%%     2480152.5 ns  Log    ID_UVVM_SEND_CMD    TB seq.(uvvm)       sbi_write(SBI_VVC,0, x"7F", x"E0"): 'Write data that shall be transmitted via I2C'. [187]
%%     2480160.0 ns  Log    ID_BFM_WAIT         SBI_VVC,0           sbi_write(A:x"2A", x"E1") waiting for response (sbi ready=0) ' 'Write data that shall be transmitted via I2C'  [184]'
%%     2480172.5 ns  Log    ID_BFM              SBI_VVC,0           sbi_write(A:x"2A", x"E1") completed. ' 'Write data that shall be transmitted via I2C'  [184]'
%%     2480180.0 ns  Log    ID_BFM_WAIT         SBI_VVC,0           sbi_write(A:x"78", x"29") waiting for response (sbi ready=0) ' 'Write data that shall be transmitted via I2C'  [185]'
%%     2480192.5 ns  Log    ID_BFM              SBI_VVC,0           sbi_write(A:x"78", x"29") completed. ' 'Write data that shall be transmitted via I2C'  [185]'
%%     2480200.0 ns  Log    ID_BFM_WAIT         SBI_VVC,0           sbi_write(A:x"00", x"A3") waiting for response (sbi ready=0) ' 'Write data that shall be transmitted via I2C'  [186]'
%%     2480212.5 ns  Log    ID_BFM              SBI_VVC,0           sbi_write(A:x"00", x"A3") completed. ' 'Write data that shall be transmitted via I2C'  [186]'
%%     2480220.0 ns  Log    ID_BFM_WAIT         SBI_VVC,0           sbi_write(A:x"7F", x"E0") waiting for response (sbi ready=0) ' 'Write data that shall be transmitted via I2C'  [187]'
%%     2480232.5 ns  Log    ID_BFM              SBI_VVC,0           sbi_write(A:x"7F", x"E0") completed. ' 'Write data that shall be transmitted via I2C'  [187]'
%%     2501912.5 ns  Log    ID_BFM              I2C_VVC,3           i2c_master_check(A:x"02A", (x"E1"))=> OK, read data = (x"E1"). ' 'Check data from I2C slave'  [180]'
%%     2501912.5 ns  Alert  WARNING             I2C_VVC,3: i2c_check_slave_addr()  This address is reserved for 10-bit-addressing. Only use this address if you are certain
%%:                                                                                that the address is never going to be used for its intended purpose. See I2C-bus
%%:                                                                                specification Rev. 6 for more information.
%%     2523672.5 ns  Log    ID_BFM              I2C_VVC,3           i2c_master_check(A:x"078", (x"29"))=> OK, read data = (x"29"). ' 'Check data from I2C slave'  [181]'
%%     2523672.5 ns  Alert  WARNING             I2C_VVC,3: i2c_check_slave_addr()  This address is reserved for general call and START byte. Only use this address if you are
%%:                                                                                certain that the address is never going to be used for its intended purpose. See I2C-bus
%%:                                                                                specification Rev. 6 for more information.
%%     2545432.5 ns  Log    ID_BFM              I2C_VVC,3           i2c_master_check(A:x"000", (x"A3"))=> OK, read data = (x"A3"). ' 'Check data from I2C slave'  [182]'
%%     2545432.5 ns  Alert  WARNING             I2C_VVC,3: i2c_check_slave_addr()  This address is reserved for device ID. Only use this address if you are certain that the
%%:                                                                                address is never going to be used for its intended purpose. See I2C-bus specification Rev. 6
%%:                                                                                for more information.
%%     2567192.5 ns  Log    ID_BFM              I2C_VVC,3           i2c_master_check(A:x"07F", (x"E0"))=> OK, read data = (x"E0"). ' 'Check data from I2C slave'  [183]'
%%     2567192.5 ns  Log    ID_UVVM_SEND_CMD    TB seq.(uvvm)       i2c_master_check(I2C_VVC,3): 'Check data from I2C slave'. [190]
%%     2567192.5 ns  Log    ID_UVVM_SEND_CMD    TB seq.(uvvm)       i2c_master_check(I2C_VVC,3): 'Check data from I2C slave'. [191]
%%     2567192.5 ns  Log    ID_UVVM_SEND_CMD    TB seq.(uvvm)       i2c_master_check(I2C_VVC,3): 'Check data from I2C slave'. [192]
%%     2567192.5 ns  Log    ID_UVVM_SEND_CMD    TB seq.(uvvm)       i2c_master_check(I2C_VVC,3): 'Check data from I2C slave'. [193]
%%     2567192.5 ns  Log    ID_UVVM_SEND_CMD    TB seq.(uvvm)       sbi_write(SBI_VVC,0, x"2A", x"4D"): 'Write data that shall be transmitted via I2C'. [194]
%%     2567192.5 ns  Log    ID_UVVM_SEND_CMD    TB seq.(uvvm)       sbi_write(SBI_VVC,0, x"78", x"D4"): 'Write data that shall be transmitted via I2C'. [195]
%%     2567192.5 ns  Log    ID_UVVM_SEND_CMD    TB seq.(uvvm)       sbi_write(SBI_VVC,0, x"00", x"01"): 'Write data that shall be transmitted via I2C'. [196]
%%     2567192.5 ns  Log    ID_UVVM_SEND_CMD    TB seq.(uvvm)       sbi_write(SBI_VVC,0, x"7F", x"41"): 'Write data that shall be transmitted via I2C'. [197]
%%     2567200.0 ns  Log    ID_BFM_WAIT         SBI_VVC,0           sbi_write(A:x"2A", x"4D") waiting for response (sbi ready=0) ' 'Write data that shall be transmitted via I2C'  [194]'
%%     2567212.5 ns  Log    ID_BFM              SBI_VVC,0           sbi_write(A:x"2A", x"4D") completed. ' 'Write data that shall be transmitted via I2C'  [194]'
%%     2567220.0 ns  Log    ID_BFM_WAIT         SBI_VVC,0           sbi_write(A:x"78", x"D4") waiting for response (sbi ready=0) ' 'Write data that shall be transmitted via I2C'  [195]'
%%     2567232.5 ns  Log    ID_BFM              SBI_VVC,0           sbi_write(A:x"78", x"D4") completed. ' 'Write data that shall be transmitted via I2C'  [195]'
%%     2567240.0 ns  Log    ID_BFM_WAIT         SBI_VVC,0           sbi_write(A:x"00", x"01") waiting for response (sbi ready=0) ' 'Write data that shall be transmitted via I2C'  [196]'
%%     2567252.5 ns  Log    ID_BFM              SBI_VVC,0           sbi_write(A:x"00", x"01") completed. ' 'Write data that shall be transmitted via I2C'  [196]'
%%     2567260.0 ns  Log    ID_BFM_WAIT         SBI_VVC,0           sbi_write(A:x"7F", x"41") waiting for response (sbi ready=0) ' 'Write data that shall be transmitted via I2C'  [197]'
%%     2567272.5 ns  Log    ID_BFM              SBI_VVC,0           sbi_write(A:x"7F", x"41") completed. ' 'Write data that shall be transmitted via I2C'  [197]'
%%     2588952.5 ns  Log    ID_BFM              I2C_VVC,3           i2c_master_check(A:x"02A", (x"4D"))=> OK, read data = (x"4D"). ' 'Check data from I2C slave'  [190]'
%%     2588952.5 ns  Alert  WARNING             I2C_VVC,3: i2c_check_slave_addr()  This address is reserved for 10-bit-addressing. Only use this address if you are certain
%%:                                                                                that the address is never going to be used for its intended purpose. See I2C-bus
%%:                                                                                specification Rev. 6 for more information.
%%     2610712.5 ns  Log    ID_BFM              I2C_VVC,3           i2c_master_check(A:x"078", (x"D4"))=> OK, read data = (x"D4"). ' 'Check data from I2C slave'  [191]'
%%     2610712.5 ns  Alert  WARNING             I2C_VVC,3: i2c_check_slave_addr()  This address is reserved for general call and START byte. Only use this address if you are
%%:                                                                                certain that the address is never going to be used for its intended purpose. See I2C-bus
%%:                                                                                specification Rev. 6 for more information.
%%     2632472.5 ns  Log    ID_BFM              I2C_VVC,3           i2c_master_check(A:x"000", (x"01"))=> OK, read data = (x"1"). ' 'Check data from I2C slave'  [192]'
%%     2632472.5 ns  Alert  WARNING             I2C_VVC,3: i2c_check_slave_addr()  This address is reserved for device ID. Only use this address if you are certain that the
%%:                                                                                address is never going to be used for its intended purpose. See I2C-bus specification Rev. 6
%%:                                                                                for more information.
%%     2654232.5 ns  Log    ID_BFM              I2C_VVC,3           i2c_master_check(A:x"07F", (x"41"))=> OK, read data = (x"41"). ' 'Check data from I2C slave'  [193]'
%%     2654232.5 ns  Log    ID_UVVM_SEND_CMD    TB seq.(uvvm)       i2c_master_check(I2C_VVC,3): 'Check data from I2C slave'. [200]
%%     2654232.5 ns  Log    ID_UVVM_SEND_CMD    TB seq.(uvvm)       i2c_master_check(I2C_VVC,3): 'Check data from I2C slave'. [201]
%%     2654232.5 ns  Log    ID_UVVM_SEND_CMD    TB seq.(uvvm)       i2c_master_check(I2C_VVC,3): 'Check data from I2C slave'. [202]
%%     2654232.5 ns  Log    ID_UVVM_SEND_CMD    TB seq.(uvvm)       i2c_master_check(I2C_VVC,3): 'Check data from I2C slave'. [203]
%%     2654232.5 ns  Log    ID_UVVM_SEND_CMD    TB seq.(uvvm)       sbi_write(SBI_VVC,0, x"2A", x"D2"): 'Write data that shall be transmitted via I2C'. [204]
%%     2654232.5 ns  Log    ID_UVVM_SEND_CMD    TB seq.(uvvm)       sbi_write(SBI_VVC,0, x"78", x"C1"): 'Write data that shall be transmitted via I2C'. [205]
%%     2654232.5 ns  Log    ID_UVVM_SEND_CMD    TB seq.(uvvm)       sbi_write(SBI_VVC,0, x"00", x"78"): 'Write data that shall be transmitted via I2C'. [206]
%%     2654232.5 ns  Log    ID_UVVM_SEND_CMD    TB seq.(uvvm)       sbi_write(SBI_VVC,0, x"7F", x"8A"): 'Write data that shall be transmitted via I2C'. [207]
%%     2654240.0 ns  Log    ID_BFM_WAIT         SBI_VVC,0           sbi_write(A:x"2A", x"D2") waiting for response (sbi ready=0) ' 'Write data that shall be transmitted via I2C'  [204]'
%%     2654252.5 ns  Log    ID_BFM              SBI_VVC,0           sbi_write(A:x"2A", x"D2") completed. ' 'Write data that shall be transmitted via I2C'  [204]'
%%     2654260.0 ns  Log    ID_BFM_WAIT         SBI_VVC,0           sbi_write(A:x"78", x"C1") waiting for response (sbi ready=0) ' 'Write data that shall be transmitted via I2C'  [205]'
%%     2654272.5 ns  Log    ID_BFM              SBI_VVC,0           sbi_write(A:x"78", x"C1") completed. ' 'Write data that shall be transmitted via I2C'  [205]'
%%     2654280.0 ns  Log    ID_BFM_WAIT         SBI_VVC,0           sbi_write(A:x"00", x"78") waiting for response (sbi ready=0) ' 'Write data that shall be transmitted via I2C'  [206]'
%%     2654292.5 ns  Log    ID_BFM              SBI_VVC,0           sbi_write(A:x"00", x"78") completed. ' 'Write data that shall be transmitted via I2C'  [206]'
%%     2654300.0 ns  Log    ID_BFM_WAIT         SBI_VVC,0           sbi_write(A:x"7F", x"8A") waiting for response (sbi ready=0) ' 'Write data that shall be transmitted via I2C'  [207]'
%%     2654312.5 ns  Log    ID_BFM              SBI_VVC,0           sbi_write(A:x"7F", x"8A") completed. ' 'Write data that shall be transmitted via I2C'  [207]'
%%     2675992.5 ns  Log    ID_BFM              I2C_VVC,3           i2c_master_check(A:x"02A", (x"D2"))=> OK, read data = (x"D2"). ' 'Check data from I2C slave'  [200]'
%%     2675992.5 ns  Alert  WARNING             I2C_VVC,3: i2c_check_slave_addr()  This address is reserved for 10-bit-addressing. Only use this address if you are certain
%%:                                                                                that the address is never going to be used for its intended purpose. See I2C-bus
%%:                                                                                specification Rev. 6 for more information.
%%     2697752.5 ns  Log    ID_BFM              I2C_VVC,3           i2c_master_check(A:x"078", (x"C1"))=> OK, read data = (x"C1"). ' 'Check data from I2C slave'  [201]'
%%     2697752.5 ns  Alert  WARNING             I2C_VVC,3: i2c_check_slave_addr()  This address is reserved for general call and START byte. Only use this address if you are
%%:                                                                                certain that the address is never going to be used for its intended purpose. See I2C-bus
%%:                                                                                specification Rev. 6 for more information.
%%     2719512.5 ns  Log    ID_BFM              I2C_VVC,3           i2c_master_check(A:x"000", (x"78"))=> OK, read data = (x"78"). ' 'Check data from I2C slave'  [202]'
%%     2719512.5 ns  Alert  WARNING             I2C_VVC,3: i2c_check_slave_addr()  This address is reserved for device ID. Only use this address if you are certain that the
%%:                                                                                address is never going to be used for its intended purpose. See I2C-bus specification Rev. 6
%%:                                                                                for more information.
%%     2741272.5 ns  Log    ID_BFM              I2C_VVC,3           i2c_master_check(A:x"07F", (x"8A"))=> OK, read data = (x"8A"). ' 'Check data from I2C slave'  [203]'
%%     2741273.5 ns  Log    ID_AWAIT_UVVM_COMP  I2C_VVC_TB          await_uvvm_completion() => OK. All VVCs are inactive. Condition occurred after 1 ns
%%     2741273.5 ns  Log    ID_AWAIT_UVVM_COMP  I2C_VVC_TB          await_uvvm_completion()() => OK. All UVVM scoreboards are empty. Condition occurred after 0 ns
%% 
%% ============================================================================================================================================================================
%%  *** INTERMEDIATE SUMMARY OF ALL ALERTS ***
%% ============================================================================================================================================================================
%%     2741273.5 ns  DONE   NOCHECKS  single-byte_communication_with_multiple_slave_duts  Passed: 0
%%    Expected      Failures: 0  Errors: 0  Warnings: -60  Passed: 0
%%    VHDL Asserts  Failures: 0  Errors: 0  Warnings: 0  Passed: 0
%%    Default       Failures: 0  Errors: 0  Warnings: 60  Passed: 0
%%    OSVVM         Failures: 0  Errors: 0  Warnings: 0  Passed: 0
%% ============================================================================================================================================================================
%% 
%% 
%% 
%%     2741273.5 ns  Log    ID_LOG_HDR          I2C_VVC_TB          SIMULATION COMPLETED
%% ----------------------------------------------------------------------------------------------------------------------------------------------------------------------------
