%%           0.0 ns  Log    ID_CONSTRUCTOR      SBI_VVC,0           VVC instantiated.
%%           0.0 ns  Log    ID_CONSTRUCTOR_SUB  SBI_VVC,0           Command queue instantiated and will give a warning when reaching 1000 elements in queue.
%%           0.0 ns  Log    ID_CONSTRUCTOR_SUB  SBI_VVC,0           Result queue instantiated and will give a warning when reaching 1000 elements in queue.
%%           0.0 ns  Log    ID_CONSTRUCTOR      I2C_VVC,3           VVC instantiated.
%%           0.0 ns  Log    ID_CONSTRUCTOR_SUB  I2C_VVC,3           Command queue instantiated and will give a warning when reaching 1000 elements in queue.
%%           0.0 ns  Log    ID_CONSTRUCTOR_SUB  I2C_VVC,3           Result queue instantiated and will give a warning when reaching 1000 elements in queue.
%%           0.0 ns  Log    ID_CONSTRUCTOR      I2C_VVC,6           VVC instantiated.
%%           0.0 ns  Log    ID_CONSTRUCTOR_SUB  I2C_VVC,6           Command queue instantiated and will give a warning when reaching 1000 elements in queue.
%%           0.0 ns  Log    ID_CONSTRUCTOR_SUB  I2C_VVC,6           Result queue instantiated and will give a warning when reaching 1000 elements in queue.
%%           0.0 ns  Log    ID_CONSTRUCTOR      I2C_VVC,4           VVC instantiated.
%%           0.0 ns  Log    ID_CONSTRUCTOR_SUB  I2C_VVC,4           Command queue instantiated and will give a warning when reaching 1000 elements in queue.
%%           0.0 ns  Log    ID_CONSTRUCTOR_SUB  I2C_VVC,4           Result queue instantiated and will give a warning when reaching 1000 elements in queue.
%%           0.0 ns  Log    ID_CONSTRUCTOR      I2C_VVC,5           VVC instantiated.
%%           0.0 ns  Log    ID_CONSTRUCTOR_SUB  I2C_VVC,5           Command queue instantiated and will give a warning when reaching 1000 elements in queue.
%%           0.0 ns  Log    ID_CONSTRUCTOR_SUB  I2C_VVC,5           Result queue instantiated and will give a warning when reaching 1000 elements in queue.
%%           0.0 ns  Log    ID_CONSTRUCTOR      I2C_VVC,2           VVC instantiated.
%%           0.0 ns  Log    ID_CONSTRUCTOR_SUB  I2C_VVC,2           Command queue instantiated and will give a warning when reaching 1000 elements in queue.
%%           0.0 ns  Log    ID_CONSTRUCTOR_SUB  I2C_VVC,2           Result queue instantiated and will give a warning when reaching 1000 elements in queue.
%%           0.0 ns  Log    ID_CONSTRUCTOR      WISHBONE_VVC,0      VVC instantiated.
%%           0.0 ns  Log    ID_CONSTRUCTOR_SUB  WISHBONE_VVC,0      Command queue instantiated and will give a warning when reaching 1000 elements in queue.
%%           0.0 ns  Log    ID_CONSTRUCTOR_SUB  WISHBONE_VVC,0      Result queue instantiated and will give a warning when reaching 1000 elements in queue.
%%           0.0 ns  Log    ID_CONSTRUCTOR      I2C_VVC,1           VVC instantiated.
%%           0.0 ns  Log    ID_CONSTRUCTOR_SUB  I2C_VVC,1           Command queue instantiated and will give a warning when reaching 1000 elements in queue.
%%           0.0 ns  Log    ID_CONSTRUCTOR_SUB  I2C_VVC,1           Result queue instantiated and will give a warning when reaching 1000 elements in queue.
%%           0.0 ns  Log    ID_CONSTRUCTOR      I2C_VVC,0           VVC instantiated.
%%           0.0 ns  Log    ID_CONSTRUCTOR_SUB  I2C_VVC,0           Command queue instantiated and will give a warning when reaching 1000 elements in queue.
%%           0.0 ns  Log    ID_CONSTRUCTOR_SUB  I2C_VVC,0           Result queue instantiated and will give a warning when reaching 1000 elements in queue.
%%           0.0 ns  Log    ID_CMD_INTERPRETER  SBI_VVC,0           Interpreter: Waiting for command
%%           0.0 ns  Log    ID_CMD_INTERPRETER  I2C_VVC,3           Interpreter: Waiting for command
%%           0.0 ns  Log    ID_CMD_INTERPRETER  I2C_VVC,6           Interpreter: Waiting for command
%%           0.0 ns  Log    ID_CMD_INTERPRETER  I2C_VVC,4           Interpreter: Waiting for command
%%           0.0 ns  Log    ID_CMD_INTERPRETER  I2C_VVC,5           Interpreter: Waiting for command
%%           0.0 ns  Log    ID_CMD_INTERPRETER  I2C_VVC,2           Interpreter: Waiting for command
%%           0.0 ns  Log    ID_CMD_INTERPRETER  WISHBONE_VVC,0      Interpreter: Waiting for command
%%           0.0 ns  Log    ID_CMD_INTERPRETER  I2C_VVC,1           Interpreter: Waiting for command
%%           0.0 ns  Log    ID_CMD_INTERPRETER  I2C_VVC,0           Interpreter: Waiting for command
%%           0.0 ns  Log    ID_CTRL             SBI_VVC_SB,0        enable() => SB enabled. 'SBI VVC SB Enabled'
%%           0.0 ns  Log    ID_CTRL             SBI_VVC_SB,0        config() => config applied to SB.
%%           0.0 ns  Log    ID_CTRL             SBI_VVC_SB,0        enable_log_msg() => message id id_data enabled.
%%           0.0 ns  Log    ID_CTRL             I2C_VVC_SB,3        enable() => SB enabled. 'I2C VVC SB Enabled'
%%           0.0 ns  Log    ID_CTRL             I2C_VVC_SB,3        config() => config applied to SB.
%%           0.0 ns  Log    ID_CTRL             I2C_VVC_SB,3        enable_log_msg() => message id id_data enabled.
%%           0.0 ns  Log    ID_CTRL             I2C_VVC_SB,6        enable() => SB enabled. 'I2C VVC SB Enabled'
%%           0.0 ns  Log    ID_CTRL             I2C_VVC_SB,6        config() => config applied to SB.
%%           0.0 ns  Log    ID_CTRL             I2C_VVC_SB,6        enable_log_msg() => message id id_data enabled.
%%           0.0 ns  Log    ID_CTRL             I2C_VVC_SB,4        enable() => SB enabled. 'I2C VVC SB Enabled'
%%           0.0 ns  Log    ID_CTRL             I2C_VVC_SB,4        config() => config applied to SB.
%%           0.0 ns  Log    ID_CTRL             I2C_VVC_SB,4        enable_log_msg() => message id id_data enabled.
%%           0.0 ns  Log    ID_CTRL             I2C_VVC_SB,5        enable() => SB enabled. 'I2C VVC SB Enabled'
%%           0.0 ns  Log    ID_CTRL             I2C_VVC_SB,5        config() => config applied to SB.
%%           0.0 ns  Log    ID_CTRL             I2C_VVC_SB,5        enable_log_msg() => message id id_data enabled.
%%           0.0 ns  Log    ID_CTRL             I2C_VVC_SB,2        enable() => SB enabled. 'I2C VVC SB Enabled'
%%           0.0 ns  Log    ID_CTRL             I2C_VVC_SB,2        config() => config applied to SB.
%%           0.0 ns  Log    ID_CTRL             I2C_VVC_SB,2        enable_log_msg() => message id id_data enabled.
%%           0.0 ns  Log    ID_CTRL             WISHBONE_VVC_SB,0   enable() => SB enabled. 'WISHBONE VVC SB Enabled'
%%           0.0 ns  Log    ID_CTRL             WISHBONE_VVC_SB,0   config() => config applied to SB.
%%           0.0 ns  Log    ID_CTRL             WISHBONE_VVC_SB,0   enable_log_msg() => message id id_data enabled.
%%           0.0 ns  Log    ID_CTRL             I2C_VVC_SB,1        enable() => SB enabled. 'I2C VVC SB Enabled'
%%           0.0 ns  Log    ID_CTRL             I2C_VVC_SB,1        config() => config applied to SB.
%%           0.0 ns  Log    ID_CTRL             I2C_VVC_SB,1        enable_log_msg() => message id id_data enabled.
%%           0.0 ns  Log    ID_CTRL             I2C_VVC_SB,0        enable() => SB enabled. 'I2C VVC SB Enabled'
%%           0.0 ns  Log    ID_CTRL             I2C_VVC_SB,0        config() => config applied to SB.
%%           0.0 ns  Log    ID_CTRL             I2C_VVC_SB,0        enable_log_msg() => message id id_data enabled.
%%           0.0 ns  Log    ID_LOG_MSG_CTRL     TB seq.             disable_log_msg(ID_AWAIT_COMPLETION).
%%           0.0 ns  Log    ID_LOG_MSG_CTRL     TB seq.             disable_log_msg(ID_AWAIT_COMPLETION_LIST).
%%           0.0 ns  Log    ID_LOG_MSG_CTRL     TB seq.             disable_log_msg(ID_AWAIT_COMPLETION_WAIT).
%%           0.0 ns  Log    ID_LOG_MSG_CTRL     TB seq.             disable_log_msg(ID_AWAIT_COMPLETION_END).
%%           0.0 ns  Log    ID_LOG_MSG_CTRL     TB seq.             disable_log_msg(ID_UVVM_CMD_ACK).
%%           0.0 ns  Log    ID_LOG_MSG_CTRL     TB seq.             disable_log_msg(ID_POS_ACK).
%%           0.0 ns  Log    ID_LOG_MSG_CTRL     TB seq.             disable_log_msg(ID_UVVM_CMD_RESULT).
%%           0.0 ns  Log    ID_UVVM_SEND_CMD    TB seq.(uvvm)       disable_log_msg(VVC_BROADCAST, ID_CMD_EXECUTOR): [1]
%%           0.0 ns  Log    ID_UVVM_SEND_CMD    SBI_VVC,0           disable_log_msg(VVC_BROADCAST, ID_CMD_EXECUTOR): [1]
%%           0.0 ns  Log    ID_UVVM_SEND_CMD    I2C_VVC,3           disable_log_msg(VVC_BROADCAST, ID_CMD_EXECUTOR): [1]
%%           0.0 ns  Log    ID_UVVM_SEND_CMD    I2C_VVC,6           disable_log_msg(VVC_BROADCAST, ID_CMD_EXECUTOR): [1]
%%           0.0 ns  Log    ID_UVVM_SEND_CMD    I2C_VVC,4           disable_log_msg(VVC_BROADCAST, ID_CMD_EXECUTOR): [1]
%%           0.0 ns  Log    ID_UVVM_SEND_CMD    I2C_VVC,5           disable_log_msg(VVC_BROADCAST, ID_CMD_EXECUTOR): [1]
%%           0.0 ns  Log    ID_UVVM_SEND_CMD    I2C_VVC,2           disable_log_msg(VVC_BROADCAST, ID_CMD_EXECUTOR): [1]
%%           0.0 ns  Log    ID_UVVM_SEND_CMD    WISHBONE_VVC,0      disable_log_msg(VVC_BROADCAST, ID_CMD_EXECUTOR): [1]
%%           0.0 ns  Log    ID_UVVM_SEND_CMD    I2C_VVC,1           disable_log_msg(VVC_BROADCAST, ID_CMD_EXECUTOR): [1]
%%           0.0 ns  Log    ID_UVVM_SEND_CMD    I2C_VVC,0           disable_log_msg(VVC_BROADCAST, ID_CMD_EXECUTOR): [1]
%%           0.0 ns  Log    ID_CMD_EXECUTOR_WA  SBI_VVC,0           Executor: Waiting for command
%%           0.0 ns  Log    ID_CMD_EXECUTOR_WA  I2C_VVC,3           Executor: Waiting for command
%%           0.0 ns  Log    ID_CMD_EXECUTOR_WA  I2C_VVC,6           Executor: Waiting for command
%%           0.0 ns  Log    ID_CMD_EXECUTOR_WA  I2C_VVC,4           Executor: Waiting for command
%%           0.0 ns  Log    ID_CMD_EXECUTOR_WA  I2C_VVC,5           Executor: Waiting for command
%%           0.0 ns  Log    ID_CMD_EXECUTOR_WA  I2C_VVC,2           Executor: Waiting for command
%%           0.0 ns  Log    ID_CMD_EXECUTOR_WA  WISHBONE_VVC,0      Executor: Waiting for command
%%           0.0 ns  Log    ID_CMD_EXECUTOR_WA  I2C_VVC,1           Executor: Waiting for command
%%           0.0 ns  Log    ID_CMD_EXECUTOR_WA  I2C_VVC,0           Executor: Waiting for command
%%           0.0 ns  Log    ID_CMD_INTERPRETER  SBI_VVC,0           disable_log_msg(VVC_BROADCAST, ID_CMD_EXECUTOR). Command received  [1]
%%           0.0 ns  Log    ID_LOG_MSG_CTRL     SBI_VVC,0           disable_log_msg(ID_CMD_EXECUTOR). ' [1]'
%%           0.0 ns  Log    ID_CMD_INTERPRETER  I2C_VVC,3           disable_log_msg(VVC_BROADCAST, ID_CMD_EXECUTOR). Command received  [1]
%%           0.0 ns  Log    ID_LOG_MSG_CTRL     I2C_VVC,3           disable_log_msg(ID_CMD_EXECUTOR). ' [1]'
%%           0.0 ns  Log    ID_CMD_INTERPRETER  I2C_VVC,6           disable_log_msg(VVC_BROADCAST, ID_CMD_EXECUTOR). Command received  [1]
%%           0.0 ns  Log    ID_LOG_MSG_CTRL     I2C_VVC,6           disable_log_msg(ID_CMD_EXECUTOR). ' [1]'
%%           0.0 ns  Log    ID_CMD_INTERPRETER  I2C_VVC,4           disable_log_msg(VVC_BROADCAST, ID_CMD_EXECUTOR). Command received  [1]
%%           0.0 ns  Log    ID_LOG_MSG_CTRL     I2C_VVC,4           disable_log_msg(ID_CMD_EXECUTOR). ' [1]'
%%           0.0 ns  Log    ID_CMD_INTERPRETER  I2C_VVC,5           disable_log_msg(VVC_BROADCAST, ID_CMD_EXECUTOR). Command received  [1]
%%           0.0 ns  Log    ID_LOG_MSG_CTRL     I2C_VVC,5           disable_log_msg(ID_CMD_EXECUTOR). ' [1]'
%%           0.0 ns  Log    ID_CMD_INTERPRETER  I2C_VVC,2           disable_log_msg(VVC_BROADCAST, ID_CMD_EXECUTOR). Command received  [1]
%%           0.0 ns  Log    ID_LOG_MSG_CTRL     I2C_VVC,2           disable_log_msg(ID_CMD_EXECUTOR). ' [1]'
%%           0.0 ns  Log    ID_CMD_INTERPRETER  WISHBONE_VVC,0      disable_log_msg(VVC_BROADCAST, ID_CMD_EXECUTOR). Command received  [1]
%%           0.0 ns  Log    ID_LOG_MSG_CTRL     WISHBONE_VVC,0      disable_log_msg(ID_CMD_EXECUTOR). ' [1]'
%%           0.0 ns  Log    ID_CMD_INTERPRETER  I2C_VVC,1           disable_log_msg(VVC_BROADCAST, ID_CMD_EXECUTOR). Command received  [1]
%%           0.0 ns  Log    ID_LOG_MSG_CTRL     I2C_VVC,1           disable_log_msg(ID_CMD_EXECUTOR). ' [1]'
%%           0.0 ns  Log    ID_CMD_INTERPRETER  I2C_VVC,0           disable_log_msg(VVC_BROADCAST, ID_CMD_EXECUTOR). Command received  [1]
%%           0.0 ns  Log    ID_LOG_MSG_CTRL     I2C_VVC,0           disable_log_msg(ID_CMD_EXECUTOR). ' [1]'
%%           0.0 ns  Log    ID_CMD_INTERPRETER  I2C_VVC,3           Interpreter: Waiting for command
%%           0.0 ns  Log    ID_CMD_INTERPRETER  I2C_VVC,6           Interpreter: Waiting for command
%%           0.0 ns  Log    ID_CMD_INTERPRETER  I2C_VVC,4           Interpreter: Waiting for command
%%           0.0 ns  Log    ID_CMD_INTERPRETER  I2C_VVC,5           Interpreter: Waiting for command
%%           0.0 ns  Log    ID_CMD_INTERPRETER  I2C_VVC,2           Interpreter: Waiting for command
%%           0.0 ns  Log    ID_CMD_INTERPRETER  I2C_VVC,1           Interpreter: Waiting for command
%%           0.0 ns  Log    ID_CMD_INTERPRETER  I2C_VVC,0           Interpreter: Waiting for command
%%           0.0 ns  Log    ID_CMD_INTERPRETER  WISHBONE_VVC,0      Interpreter: Waiting for command
%%           0.0 ns  Log    ID_CMD_INTERPRETER  SBI_VVC,0           Interpreter: Waiting for command
%%           0.0 ns  Log    ID_UVVM_SEND_CMD    TB seq.(uvvm)       disable_log_msg(VVC_BROADCAST, ID_CMD_EXECUTOR_WAIT): [2]
%%           0.0 ns  Log    ID_UVVM_SEND_CMD    I2C_VVC,3           disable_log_msg(VVC_BROADCAST, ID_CMD_EXECUTOR_WAIT): [2]
%%           0.0 ns  Log    ID_UVVM_SEND_CMD    I2C_VVC,6           disable_log_msg(VVC_BROADCAST, ID_CMD_EXECUTOR_WAIT): [2]
%%           0.0 ns  Log    ID_UVVM_SEND_CMD    I2C_VVC,4           disable_log_msg(VVC_BROADCAST, ID_CMD_EXECUTOR_WAIT): [2]
%%           0.0 ns  Log    ID_UVVM_SEND_CMD    I2C_VVC,5           disable_log_msg(VVC_BROADCAST, ID_CMD_EXECUTOR_WAIT): [2]
%%           0.0 ns  Log    ID_UVVM_SEND_CMD    I2C_VVC,2           disable_log_msg(VVC_BROADCAST, ID_CMD_EXECUTOR_WAIT): [2]
%%           0.0 ns  Log    ID_UVVM_SEND_CMD    I2C_VVC,1           disable_log_msg(VVC_BROADCAST, ID_CMD_EXECUTOR_WAIT): [2]
%%           0.0 ns  Log    ID_UVVM_SEND_CMD    I2C_VVC,0           disable_log_msg(VVC_BROADCAST, ID_CMD_EXECUTOR_WAIT): [2]
%%           0.0 ns  Log    ID_UVVM_SEND_CMD    WISHBONE_VVC,0      disable_log_msg(VVC_BROADCAST, ID_CMD_EXECUTOR_WAIT): [2]
%%           0.0 ns  Log    ID_UVVM_SEND_CMD    SBI_VVC,0           disable_log_msg(VVC_BROADCAST, ID_CMD_EXECUTOR_WAIT): [2]
%%           0.0 ns  Log    ID_CMD_INTERPRETER  I2C_VVC,3           disable_log_msg(VVC_BROADCAST, ID_CMD_EXECUTOR_WAIT). Command received  [2]
%%           0.0 ns  Log    ID_LOG_MSG_CTRL     I2C_VVC,3           disable_log_msg(ID_CMD_EXECUTOR_WAIT). ' [2]'
%%           0.0 ns  Log    ID_CMD_INTERPRETER  I2C_VVC,6           disable_log_msg(VVC_BROADCAST, ID_CMD_EXECUTOR_WAIT). Command received  [2]
%%           0.0 ns  Log    ID_LOG_MSG_CTRL     I2C_VVC,6           disable_log_msg(ID_CMD_EXECUTOR_WAIT). ' [2]'
%%           0.0 ns  Log    ID_CMD_INTERPRETER  I2C_VVC,4           disable_log_msg(VVC_BROADCAST, ID_CMD_EXECUTOR_WAIT). Command received  [2]
%%           0.0 ns  Log    ID_LOG_MSG_CTRL     I2C_VVC,4           disable_log_msg(ID_CMD_EXECUTOR_WAIT). ' [2]'
%%           0.0 ns  Log    ID_CMD_INTERPRETER  I2C_VVC,5           disable_log_msg(VVC_BROADCAST, ID_CMD_EXECUTOR_WAIT). Command received  [2]
%%           0.0 ns  Log    ID_LOG_MSG_CTRL     I2C_VVC,5           disable_log_msg(ID_CMD_EXECUTOR_WAIT). ' [2]'
%%           0.0 ns  Log    ID_CMD_INTERPRETER  I2C_VVC,2           disable_log_msg(VVC_BROADCAST, ID_CMD_EXECUTOR_WAIT). Command received  [2]
%%           0.0 ns  Log    ID_LOG_MSG_CTRL     I2C_VVC,2           disable_log_msg(ID_CMD_EXECUTOR_WAIT). ' [2]'
%%           0.0 ns  Log    ID_CMD_INTERPRETER  I2C_VVC,1           disable_log_msg(VVC_BROADCAST, ID_CMD_EXECUTOR_WAIT). Command received  [2]
%%           0.0 ns  Log    ID_LOG_MSG_CTRL     I2C_VVC,1           disable_log_msg(ID_CMD_EXECUTOR_WAIT). ' [2]'
%%           0.0 ns  Log    ID_CMD_INTERPRETER  I2C_VVC,0           disable_log_msg(VVC_BROADCAST, ID_CMD_EXECUTOR_WAIT). Command received  [2]
%%           0.0 ns  Log    ID_LOG_MSG_CTRL     I2C_VVC,0           disable_log_msg(ID_CMD_EXECUTOR_WAIT). ' [2]'
%%           0.0 ns  Log    ID_CMD_INTERPRETER  WISHBONE_VVC,0      disable_log_msg(VVC_BROADCAST, ID_CMD_EXECUTOR_WAIT). Command received  [2]
%%           0.0 ns  Log    ID_LOG_MSG_CTRL     WISHBONE_VVC,0      disable_log_msg(ID_CMD_EXECUTOR_WAIT). ' [2]'
%%           0.0 ns  Log    ID_CMD_INTERPRETER  SBI_VVC,0           disable_log_msg(VVC_BROADCAST, ID_CMD_EXECUTOR_WAIT). Command received  [2]
%%           0.0 ns  Log    ID_LOG_MSG_CTRL     SBI_VVC,0           disable_log_msg(ID_CMD_EXECUTOR_WAIT). ' [2]'
%%           0.0 ns  Log    ID_CMD_INTERPRETER  SBI_VVC,0           Interpreter: Waiting for command
%%           0.0 ns  Log    ID_CMD_INTERPRETER  WISHBONE_VVC,0      Interpreter: Waiting for command
%%           0.0 ns  Log    ID_CMD_INTERPRETER  I2C_VVC,3           Interpreter: Waiting for command
%%           0.0 ns  Log    ID_CMD_INTERPRETER  I2C_VVC,6           Interpreter: Waiting for command
%%           0.0 ns  Log    ID_CMD_INTERPRETER  I2C_VVC,4           Interpreter: Waiting for command
%%           0.0 ns  Log    ID_CMD_INTERPRETER  I2C_VVC,5           Interpreter: Waiting for command
%%           0.0 ns  Log    ID_CMD_INTERPRETER  I2C_VVC,2           Interpreter: Waiting for command
%%           0.0 ns  Log    ID_CMD_INTERPRETER  I2C_VVC,1           Interpreter: Waiting for command
%%           0.0 ns  Log    ID_CMD_INTERPRETER  I2C_VVC,0           Interpreter: Waiting for command
%%           0.0 ns  Log    ID_UVVM_SEND_CMD    TB seq.(uvvm)       disable_log_msg(VVC_BROADCAST, ID_CMD_INTERPRETER): [3]
%%           0.0 ns  Log    ID_UVVM_SEND_CMD    SBI_VVC,0           disable_log_msg(VVC_BROADCAST, ID_CMD_INTERPRETER): [3]
%%           0.0 ns  Log    ID_UVVM_SEND_CMD    WISHBONE_VVC,0      disable_log_msg(VVC_BROADCAST, ID_CMD_INTERPRETER): [3]
%%           0.0 ns  Log    ID_UVVM_SEND_CMD    I2C_VVC,3           disable_log_msg(VVC_BROADCAST, ID_CMD_INTERPRETER): [3]
%%           0.0 ns  Log    ID_UVVM_SEND_CMD    I2C_VVC,6           disable_log_msg(VVC_BROADCAST, ID_CMD_INTERPRETER): [3]
%%           0.0 ns  Log    ID_UVVM_SEND_CMD    I2C_VVC,4           disable_log_msg(VVC_BROADCAST, ID_CMD_INTERPRETER): [3]
%%           0.0 ns  Log    ID_UVVM_SEND_CMD    I2C_VVC,5           disable_log_msg(VVC_BROADCAST, ID_CMD_INTERPRETER): [3]
%%           0.0 ns  Log    ID_UVVM_SEND_CMD    I2C_VVC,2           disable_log_msg(VVC_BROADCAST, ID_CMD_INTERPRETER): [3]
%%           0.0 ns  Log    ID_UVVM_SEND_CMD    I2C_VVC,1           disable_log_msg(VVC_BROADCAST, ID_CMD_INTERPRETER): [3]
%%           0.0 ns  Log    ID_UVVM_SEND_CMD    I2C_VVC,0           disable_log_msg(VVC_BROADCAST, ID_CMD_INTERPRETER): [3]
%%           0.0 ns  Log    ID_CMD_INTERPRETER  SBI_VVC,0           disable_log_msg(VVC_BROADCAST, ID_CMD_INTERPRETER). Command received  [3]
%%           0.0 ns  Log    ID_LOG_MSG_CTRL     SBI_VVC,0           disable_log_msg(ID_CMD_INTERPRETER). ' [3]'
%%           0.0 ns  Log    ID_CMD_INTERPRETER  WISHBONE_VVC,0      disable_log_msg(VVC_BROADCAST, ID_CMD_INTERPRETER). Command received  [3]
%%           0.0 ns  Log    ID_LOG_MSG_CTRL     WISHBONE_VVC,0      disable_log_msg(ID_CMD_INTERPRETER). ' [3]'
%%           0.0 ns  Log    ID_CMD_INTERPRETER  I2C_VVC,3           disable_log_msg(VVC_BROADCAST, ID_CMD_INTERPRETER). Command received  [3]
%%           0.0 ns  Log    ID_LOG_MSG_CTRL     I2C_VVC,3           disable_log_msg(ID_CMD_INTERPRETER). ' [3]'
%%           0.0 ns  Log    ID_CMD_INTERPRETER  I2C_VVC,6           disable_log_msg(VVC_BROADCAST, ID_CMD_INTERPRETER). Command received  [3]
%%           0.0 ns  Log    ID_LOG_MSG_CTRL     I2C_VVC,6           disable_log_msg(ID_CMD_INTERPRETER). ' [3]'
%%           0.0 ns  Log    ID_CMD_INTERPRETER  I2C_VVC,4           disable_log_msg(VVC_BROADCAST, ID_CMD_INTERPRETER). Command received  [3]
%%           0.0 ns  Log    ID_LOG_MSG_CTRL     I2C_VVC,4           disable_log_msg(ID_CMD_INTERPRETER). ' [3]'
%%           0.0 ns  Log    ID_CMD_INTERPRETER  I2C_VVC,5           disable_log_msg(VVC_BROADCAST, ID_CMD_INTERPRETER). Command received  [3]
%%           0.0 ns  Log    ID_LOG_MSG_CTRL     I2C_VVC,5           disable_log_msg(ID_CMD_INTERPRETER). ' [3]'
%%           0.0 ns  Log    ID_CMD_INTERPRETER  I2C_VVC,2           disable_log_msg(VVC_BROADCAST, ID_CMD_INTERPRETER). Command received  [3]
%%           0.0 ns  Log    ID_LOG_MSG_CTRL     I2C_VVC,2           disable_log_msg(ID_CMD_INTERPRETER). ' [3]'
%%           0.0 ns  Log    ID_CMD_INTERPRETER  I2C_VVC,1           disable_log_msg(VVC_BROADCAST, ID_CMD_INTERPRETER). Command received  [3]
%%           0.0 ns  Log    ID_LOG_MSG_CTRL     I2C_VVC,1           disable_log_msg(ID_CMD_INTERPRETER). ' [3]'
%%           0.0 ns  Log    ID_CMD_INTERPRETER  I2C_VVC,0           disable_log_msg(VVC_BROADCAST, ID_CMD_INTERPRETER). Command received  [3]
%%           0.0 ns  Log    ID_LOG_MSG_CTRL     I2C_VVC,0           disable_log_msg(ID_CMD_INTERPRETER). ' [3]'
%%           0.0 ns  Log    ID_CMD_INTERPRETER  I2C_VVC,3           Interpreter: Waiting for command
%%           0.0 ns  Log    ID_CMD_INTERPRETER  I2C_VVC,6           Interpreter: Waiting for command
%%           0.0 ns  Log    ID_CMD_INTERPRETER  I2C_VVC,4           Interpreter: Waiting for command
%%           0.0 ns  Log    ID_CMD_INTERPRETER  I2C_VVC,5           Interpreter: Waiting for command
%%           0.0 ns  Log    ID_CMD_INTERPRETER  I2C_VVC,2           Interpreter: Waiting for command
%%           0.0 ns  Log    ID_CMD_INTERPRETER  I2C_VVC,1           Interpreter: Waiting for command
%%           0.0 ns  Log    ID_CMD_INTERPRETER  I2C_VVC,0           Interpreter: Waiting for command
%%           0.0 ns  Log    ID_CMD_INTERPRETER  WISHBONE_VVC,0      Interpreter: Waiting for command
%%           0.0 ns  Log    ID_CMD_INTERPRETER  SBI_VVC,0           Interpreter: Waiting for command
%%           0.0 ns  Log    ID_UVVM_SEND_CMD    TB seq.(uvvm)       disable_log_msg(VVC_BROADCAST, ID_CMD_INTERPRETER_WAIT): [4]
%%           0.0 ns  Log    ID_UVVM_SEND_CMD    I2C_VVC,3           disable_log_msg(VVC_BROADCAST, ID_CMD_INTERPRETER_WAIT): [4]
%%           0.0 ns  Log    ID_UVVM_SEND_CMD    I2C_VVC,6           disable_log_msg(VVC_BROADCAST, ID_CMD_INTERPRETER_WAIT): [4]
%%           0.0 ns  Log    ID_UVVM_SEND_CMD    I2C_VVC,4           disable_log_msg(VVC_BROADCAST, ID_CMD_INTERPRETER_WAIT): [4]
%%           0.0 ns  Log    ID_UVVM_SEND_CMD    I2C_VVC,5           disable_log_msg(VVC_BROADCAST, ID_CMD_INTERPRETER_WAIT): [4]
%%           0.0 ns  Log    ID_UVVM_SEND_CMD    I2C_VVC,2           disable_log_msg(VVC_BROADCAST, ID_CMD_INTERPRETER_WAIT): [4]
%%           0.0 ns  Log    ID_UVVM_SEND_CMD    I2C_VVC,1           disable_log_msg(VVC_BROADCAST, ID_CMD_INTERPRETER_WAIT): [4]
%%           0.0 ns  Log    ID_UVVM_SEND_CMD    I2C_VVC,0           disable_log_msg(VVC_BROADCAST, ID_CMD_INTERPRETER_WAIT): [4]
%%           0.0 ns  Log    ID_UVVM_SEND_CMD    WISHBONE_VVC,0      disable_log_msg(VVC_BROADCAST, ID_CMD_INTERPRETER_WAIT): [4]
%%           0.0 ns  Log    ID_UVVM_SEND_CMD    SBI_VVC,0           disable_log_msg(VVC_BROADCAST, ID_CMD_INTERPRETER_WAIT): [4]
%%           0.0 ns  Log    ID_LOG_MSG_CTRL     I2C_VVC,3           disable_log_msg(ID_CMD_INTERPRETER_WAIT). ' [4]'
%%           0.0 ns  Log    ID_LOG_MSG_CTRL     I2C_VVC,6           disable_log_msg(ID_CMD_INTERPRETER_WAIT). ' [4]'
%%           0.0 ns  Log    ID_LOG_MSG_CTRL     I2C_VVC,4           disable_log_msg(ID_CMD_INTERPRETER_WAIT). ' [4]'
%%           0.0 ns  Log    ID_LOG_MSG_CTRL     I2C_VVC,5           disable_log_msg(ID_CMD_INTERPRETER_WAIT). ' [4]'
%%           0.0 ns  Log    ID_LOG_MSG_CTRL     I2C_VVC,2           disable_log_msg(ID_CMD_INTERPRETER_WAIT). ' [4]'
%%           0.0 ns  Log    ID_LOG_MSG_CTRL     I2C_VVC,1           disable_log_msg(ID_CMD_INTERPRETER_WAIT). ' [4]'
%%           0.0 ns  Log    ID_LOG_MSG_CTRL     I2C_VVC,0           disable_log_msg(ID_CMD_INTERPRETER_WAIT). ' [4]'
%%           0.0 ns  Log    ID_LOG_MSG_CTRL     WISHBONE_VVC,0      disable_log_msg(ID_CMD_INTERPRETER_WAIT). ' [4]'
%%           0.0 ns  Log    ID_LOG_MSG_CTRL     SBI_VVC,0           disable_log_msg(ID_CMD_INTERPRETER_WAIT). ' [4]'
%%           0.0 ns  Log    ID_UVVM_SEND_CMD    TB seq.(uvvm)       disable_log_msg(VVC_BROADCAST, ID_IMMEDIATE_CMD): [5]
%%           0.0 ns  Log    ID_UVVM_SEND_CMD    SBI_VVC,0           disable_log_msg(VVC_BROADCAST, ID_IMMEDIATE_CMD): [5]
%%           0.0 ns  Log    ID_UVVM_SEND_CMD    WISHBONE_VVC,0      disable_log_msg(VVC_BROADCAST, ID_IMMEDIATE_CMD): [5]
%%           0.0 ns  Log    ID_UVVM_SEND_CMD    I2C_VVC,3           disable_log_msg(VVC_BROADCAST, ID_IMMEDIATE_CMD): [5]
%%           0.0 ns  Log    ID_UVVM_SEND_CMD    I2C_VVC,6           disable_log_msg(VVC_BROADCAST, ID_IMMEDIATE_CMD): [5]
%%           0.0 ns  Log    ID_UVVM_SEND_CMD    I2C_VVC,4           disable_log_msg(VVC_BROADCAST, ID_IMMEDIATE_CMD): [5]
%%           0.0 ns  Log    ID_UVVM_SEND_CMD    I2C_VVC,5           disable_log_msg(VVC_BROADCAST, ID_IMMEDIATE_CMD): [5]
%%           0.0 ns  Log    ID_UVVM_SEND_CMD    I2C_VVC,2           disable_log_msg(VVC_BROADCAST, ID_IMMEDIATE_CMD): [5]
%%           0.0 ns  Log    ID_UVVM_SEND_CMD    I2C_VVC,1           disable_log_msg(VVC_BROADCAST, ID_IMMEDIATE_CMD): [5]
%%           0.0 ns  Log    ID_UVVM_SEND_CMD    I2C_VVC,0           disable_log_msg(VVC_BROADCAST, ID_IMMEDIATE_CMD): [5]
%%           0.0 ns  Log    ID_LOG_MSG_CTRL     SBI_VVC,0           disable_log_msg(ID_IMMEDIATE_CMD). ' [5]'
%%           0.0 ns  Log    ID_LOG_MSG_CTRL     WISHBONE_VVC,0      disable_log_msg(ID_IMMEDIATE_CMD). ' [5]'
%%           0.0 ns  Log    ID_LOG_MSG_CTRL     I2C_VVC,3           disable_log_msg(ID_IMMEDIATE_CMD). ' [5]'
%%           0.0 ns  Log    ID_LOG_MSG_CTRL     I2C_VVC,6           disable_log_msg(ID_IMMEDIATE_CMD). ' [5]'
%%           0.0 ns  Log    ID_LOG_MSG_CTRL     I2C_VVC,4           disable_log_msg(ID_IMMEDIATE_CMD). ' [5]'
%%           0.0 ns  Log    ID_LOG_MSG_CTRL     I2C_VVC,5           disable_log_msg(ID_IMMEDIATE_CMD). ' [5]'
%%           0.0 ns  Log    ID_LOG_MSG_CTRL     I2C_VVC,2           disable_log_msg(ID_IMMEDIATE_CMD). ' [5]'
%%           0.0 ns  Log    ID_LOG_MSG_CTRL     I2C_VVC,1           disable_log_msg(ID_IMMEDIATE_CMD). ' [5]'
%%           0.0 ns  Log    ID_LOG_MSG_CTRL     I2C_VVC,0           disable_log_msg(ID_IMMEDIATE_CMD). ' [5]'
%%      
%%      -----------------------------------------------------------------------------------------------------------------------------------------------------------------------
%%      ***  REPORT OF GLOBAL CTRL ***
%%      -----------------------------------------------------------------------------------------------------------------------------------------------------------------------
%%                                IGNORE    STOP_LIMIT
%%                NOTE         :  REGARD         0
%%                TB_NOTE      :  REGARD         0
%%                WARNING      :  REGARD         0
%%                TB_WARNING   :  REGARD         0
%%                MANUAL_CHECK :  REGARD         0
%%                ERROR        :  REGARD         0
%%                TB_ERROR     :  REGARD         0
%%                FAILURE      :  REGARD         1
%%                TB_FAILURE   :  REGARD         1
%%      -----------------------------------------------------------------------------------------------------------------------------------------------------------------------
%%      
%%      
%%      -----------------------------------------------------------------------------------------------------------------------------------------------------------------------
%%      ***  REPORT OF MSG ID PANEL ***
%%      -----------------------------------------------------------------------------------------------------------------------------------------------------------------------
%%                ID                             Status
%%                ------------------------       ------
%%                ID_UTIL_BURIED               : DISABLED
%%                ID_BITVIS_DEBUG              : DISABLED
%%                ID_UTIL_SETUP                : ENABLED
%%                ID_LOG_MSG_CTRL              : ENABLED
%%                ID_ALERT_CTRL                : ENABLED
%%                ID_FINISH_OR_STOP            : ENABLED
%%                ID_CLOCK_GEN                 : ENABLED
%%                ID_GEN_PULSE                 : ENABLED
%%                ID_BLOCKING                  : ENABLED
%%                ID_WATCHDOG                  : ENABLED
%%                ID_RAND_GEN                  : DISABLED
%%                ID_RAND_CONF                 : DISABLED
%%                ID_FUNC_COV_BINS             : DISABLED
%%                ID_FUNC_COV_BINS_INFO        : DISABLED
%%                ID_FUNC_COV_RAND             : DISABLED
%%                ID_FUNC_COV_SAMPLE           : DISABLED
%%                ID_FUNC_COV_CONFIG           : DISABLED
%%                ID_POS_ACK                   : DISABLED
%%                ID_UVVM_ASSERTION            : ENABLED
%%                ID_LOG_HDR                   : ENABLED
%%                ID_LOG_HDR_LARGE             : ENABLED
%%                ID_LOG_HDR_XL                : ENABLED
%%                ID_SEQUENCER                 : ENABLED
%%                ID_SEQUENCER_SUB             : ENABLED
%%                ID_BFM                       : ENABLED
%%                ID_BFM_WAIT                  : ENABLED
%%                ID_BFM_POLL                  : ENABLED
%%                ID_BFM_POLL_SUMMARY          : ENABLED
%%                ID_CHANNEL_BFM               : ENABLED
%%                ID_TERMINATE_CMD             : ENABLED
%%                ID_SEGMENT_INITIATE          : ENABLED
%%                ID_SEGMENT_COMPLETE          : ENABLED
%%                ID_SEGMENT_HDR               : ENABLED
%%                ID_SEGMENT_DATA              : ENABLED
%%                ID_PACKET_INITIATE           : ENABLED
%%                ID_PACKET_PREAMBLE           : ENABLED
%%                ID_PACKET_COMPLETE           : ENABLED
%%                ID_PACKET_HDR                : ENABLED
%%                ID_PACKET_DATA               : ENABLED
%%                ID_PACKET_CHECKSUM           : ENABLED
%%                ID_PACKET_GAP                : ENABLED
%%                ID_PACKET_PAYLOAD            : ENABLED
%%                ID_FRAME_INITIATE            : ENABLED
%%                ID_FRAME_COMPLETE            : ENABLED
%%                ID_FRAME_HDR                 : ENABLED
%%                ID_FRAME_DATA                : ENABLED
%%                ID_COVERAGE_MAKEBIN          : DISABLED
%%                ID_COVERAGE_ADDBIN           : DISABLED
%%                ID_COVERAGE_ICOVER           : DISABLED
%%                ID_COVERAGE_CONFIG           : ENABLED
%%                ID_COVERAGE_SUMMARY          : ENABLED
%%                ID_COVERAGE_HOLES            : ENABLED
%%                ID_UVVM_SEND_CMD             : ENABLED
%%                ID_UVVM_CMD_ACK              : DISABLED
%%                ID_UVVM_CMD_RESULT           : DISABLED
%%                ID_CMD_INTERPRETER           : ENABLED
%%                ID_CMD_INTERPRETER_WAIT      : ENABLED
%%                ID_IMMEDIATE_CMD             : ENABLED
%%                ID_IMMEDIATE_CMD_WAIT        : ENABLED
%%                ID_CMD_EXECUTOR              : ENABLED
%%                ID_CMD_EXECUTOR_WAIT         : ENABLED
%%                ID_CHANNEL_EXECUTOR          : ENABLED
%%                ID_CHANNEL_EXECUTOR_WAIT     : ENABLED
%%                ID_NEW_HVVC_CMD_SEQ          : ENABLED
%%                ID_INSERTED_DELAY            : ENABLED
%%                ID_OLD_AWAIT_COMPLETION      : ENABLED
%%                ID_AWAIT_COMPLETION          : DISABLED
%%                ID_AWAIT_COMPLETION_LIST     : DISABLED
%%                ID_AWAIT_COMPLETION_WAIT     : DISABLED
%%                ID_AWAIT_COMPLETION_END      : DISABLED
%%                ID_AWAIT_UVVM_COMPLETION     : ENABLED
%%                ID_UVVM_DATA_QUEUE           : ENABLED
%%                ID_CONSTRUCTOR               : ENABLED
%%                ID_CONSTRUCTOR_SUB           : ENABLED
%%                ID_VVC_ACTIVITY              : ENABLED
%%                ID_MONITOR                   : ENABLED
%%                ID_MONITOR_ERROR             : ENABLED
%%                ID_DATA                      : ENABLED
%%                ID_CTRL                      : ENABLED
%%                ID_SPEC_COV_INIT             : ENABLED
%%                ID_SPEC_COV_REQS             : ENABLED
%%                ID_SPEC_COV                  : ENABLED
%%                ID_FILE_OPEN_CLOSE           : ENABLED
%%                ID_FILE_PARSER               : ENABLED
%%      -----------------------------------------------------------------------------------------------------------------------------------------------------------------------
%%      
%% 
%%           0.0 ns  Log    ID_SEQUENCER        TB seq.             Setting inter-bfm delay
%%          12.5 ns  Log    ID_GEN_PULSE        TB seq.             Pulsed to 1 for 12500 ps. 'Trigger DUT reset'
%%     1000012.5 ns  Log    ID_UVVM_SEND_CMD    TB seq.(uvvm)       wishbone_write(WISHBONE_VVC,0, x"0", x"13"): 'Set SCL prescaler LSB'. [6]
%%     1000012.5 ns  Log    ID_UVVM_SEND_CMD    TB seq.(uvvm)       wishbone_write(WISHBONE_VVC,0, x"1", x"00"): 'Set SCL prescaler MSB'. [7]
%%     1000012.5 ns  Log    ID_UVVM_SEND_CMD    TB seq.(uvvm)       wishbone_write(WISHBONE_VVC,0, x"2", x"80"): 'Enable DUT'. [8]
%%     1000032.5 ns  Log    ID_BFM              WISHBONE_VVC,0      wishbone_write(A:x"0", x"13") completed. ' 'Set SCL prescaler LSB'  [6]'
%%     1000052.5 ns  Log    ID_BFM              WISHBONE_VVC,0      wishbone_write(A:x"1", x"00") completed. ' 'Set SCL prescaler MSB'  [7]'
%%     1000072.5 ns  Log    ID_BFM              WISHBONE_VVC,0      wishbone_write(A:x"2", x"80") completed. ' 'Enable DUT'  [8]'
%%     1000072.5 ns  Log    ID_UVVM_SEND_CMD    TB seq.(uvvm)       i2c_slave_transmit(I2C_VVC,1): 'Slave to Master transmit'. [10]
%%     1000072.5 ns  Log    ID_UVVM_SEND_CMD    TB seq.(uvvm)       i2c_master_check(I2C_VVC,0): 'Slave to Master check'. [11]
%%     1000072.5 ns  Log    ID_UVVM_SEND_CMD    TB seq.(uvvm)       i2c_slave_transmit(I2C_VVC,1): 'Slave to Master transmit'. [12]
%%     1000072.5 ns  Log    ID_UVVM_SEND_CMD    TB seq.(uvvm)       i2c_master_check(I2C_VVC,0): 'Slave to Master check'. [13]
%%     1000072.5 ns  Log    ID_UVVM_SEND_CMD    TB seq.(uvvm)       i2c_slave_transmit(I2C_VVC,1): 'Slave to Master transmit'. [14]
%%     1000072.5 ns  Log    ID_UVVM_SEND_CMD    TB seq.(uvvm)       i2c_master_check(I2C_VVC,0): 'Slave to Master check'. [15]
%%     1000072.5 ns  Log    ID_UVVM_SEND_CMD    TB seq.(uvvm)       i2c_slave_transmit(I2C_VVC,1): 'Slave to Master transmit'. [16]
%%     1000072.5 ns  Log    ID_UVVM_SEND_CMD    TB seq.(uvvm)       i2c_master_check(I2C_VVC,0): 'Slave to Master check'. [17]
%%     1000072.5 ns  Log    ID_UVVM_SEND_CMD    TB seq.(uvvm)       i2c_slave_transmit(I2C_VVC,1): 'Slave to Master transmit'. [18]
%%     1000072.5 ns  Log    ID_UVVM_SEND_CMD    TB seq.(uvvm)       i2c_master_check(I2C_VVC,0): 'Slave to Master check'. [19]
%%     1000072.5 ns  Log    ID_UVVM_SEND_CMD    TB seq.(uvvm)       i2c_slave_transmit(I2C_VVC,1): 'Slave to Master transmit'. [20]
%%     1000072.5 ns  Log    ID_UVVM_SEND_CMD    TB seq.(uvvm)       i2c_master_check(I2C_VVC,0): 'Slave to Master check'. [21]
%%     1000072.5 ns  Log    ID_UVVM_SEND_CMD    TB seq.(uvvm)       i2c_slave_transmit(I2C_VVC,1): 'Slave to Master transmit'. [22]
%%     1000072.5 ns  Log    ID_UVVM_SEND_CMD    TB seq.(uvvm)       i2c_master_check(I2C_VVC,0): 'Slave to Master check'. [23]
%%     1000072.5 ns  Log    ID_UVVM_SEND_CMD    TB seq.(uvvm)       i2c_slave_transmit(I2C_VVC,1): 'Slave to Master transmit'. [24]
%%     1000072.5 ns  Log    ID_UVVM_SEND_CMD    TB seq.(uvvm)       i2c_master_check(I2C_VVC,0): 'Slave to Master check'. [25]
%%     1000072.5 ns  Log    ID_UVVM_SEND_CMD    TB seq.(uvvm)       i2c_slave_transmit(I2C_VVC,1): 'Slave to Master transmit'. [26]
%%     1000072.5 ns  Log    ID_UVVM_SEND_CMD    TB seq.(uvvm)       i2c_master_check(I2C_VVC,0): 'Slave to Master check'. [27]
%%     1000072.5 ns  Log    ID_UVVM_SEND_CMD    TB seq.(uvvm)       i2c_slave_transmit(I2C_VVC,1): 'Slave to Master transmit'. [28]
%%     1000072.5 ns  Log    ID_UVVM_SEND_CMD    TB seq.(uvvm)       i2c_master_check(I2C_VVC,0): 'Slave to Master check'. [29]
%%     1000072.5 ns  Log    ID_UVVM_SEND_CMD    TB seq.(uvvm)       i2c_slave_transmit(I2C_VVC,1): 'Slave to Master transmit'. [30]
%%     1000072.5 ns  Log    ID_UVVM_SEND_CMD    TB seq.(uvvm)       i2c_master_check(I2C_VVC,0): 'Slave to Master check'. [31]
%%     1000072.5 ns  Log    ID_UVVM_SEND_CMD    TB seq.(uvvm)       i2c_slave_transmit(I2C_VVC,1): 'Slave to Master transmit'. [32]
%%     1000072.5 ns  Log    ID_UVVM_SEND_CMD    TB seq.(uvvm)       i2c_master_check(I2C_VVC,0): 'Slave to Master check'. [33]
%%     1000072.5 ns  Log    ID_UVVM_SEND_CMD    TB seq.(uvvm)       i2c_slave_transmit(I2C_VVC,1): 'Slave to Master transmit'. [34]
%%     1000072.5 ns  Log    ID_UVVM_SEND_CMD    TB seq.(uvvm)       i2c_master_check(I2C_VVC,0): 'Slave to Master check'. [35]
%%     1000072.5 ns  Log    ID_UVVM_SEND_CMD    TB seq.(uvvm)       i2c_slave_transmit(I2C_VVC,1): 'Slave to Master transmit'. [36]
%%     1000072.5 ns  Log    ID_UVVM_SEND_CMD    TB seq.(uvvm)       i2c_master_check(I2C_VVC,0): 'Slave to Master check'. [37]
%%     1000072.5 ns  Log    ID_UVVM_SEND_CMD    TB seq.(uvvm)       i2c_slave_transmit(I2C_VVC,1): 'Slave to Master transmit'. [38]
%%     1000072.5 ns  Log    ID_UVVM_SEND_CMD    TB seq.(uvvm)       i2c_master_check(I2C_VVC,0): 'Slave to Master check'. [39]
%%     1000072.5 ns  Log    ID_UVVM_SEND_CMD    TB seq.(uvvm)       i2c_slave_transmit(I2C_VVC,1): 'Slave to Master transmit'. [40]
%%     1000072.5 ns  Log    ID_UVVM_SEND_CMD    TB seq.(uvvm)       i2c_master_check(I2C_VVC,0): 'Slave to Master check'. [41]
%%     1000072.5 ns  Log    ID_UVVM_SEND_CMD    TB seq.(uvvm)       i2c_slave_transmit(I2C_VVC,1): 'Slave to Master transmit'. [42]
%%     1000072.5 ns  Log    ID_UVVM_SEND_CMD    TB seq.(uvvm)       i2c_master_check(I2C_VVC,0): 'Slave to Master check'. [43]
%%     1000072.5 ns  Log    ID_UVVM_SEND_CMD    TB seq.(uvvm)       i2c_slave_transmit(I2C_VVC,1): 'Slave to Master transmit'. [44]
%%     1000072.5 ns  Log    ID_UVVM_SEND_CMD    TB seq.(uvvm)       i2c_master_check(I2C_VVC,0): 'Slave to Master check'. [45]
%%     1000072.5 ns  Log    ID_UVVM_SEND_CMD    TB seq.(uvvm)       i2c_slave_transmit(I2C_VVC,1): 'Slave to Master transmit'. [46]
%%     1000072.5 ns  Log    ID_UVVM_SEND_CMD    TB seq.(uvvm)       i2c_master_check(I2C_VVC,0): 'Slave to Master check'. [47]
%%     1000072.5 ns  Log    ID_UVVM_SEND_CMD    TB seq.(uvvm)       i2c_slave_transmit(I2C_VVC,1): 'Slave to Master transmit'. [48]
%%     1000072.5 ns  Log    ID_UVVM_SEND_CMD    TB seq.(uvvm)       i2c_master_check(I2C_VVC,0): 'Slave to Master check'. [49]
%%     1000072.5 ns  Log    ID_UVVM_SEND_CMD    TB seq.(uvvm)       i2c_slave_transmit(I2C_VVC,1): 'Slave to Master transmit'. [50]
%%     1000072.5 ns  Log    ID_UVVM_SEND_CMD    TB seq.(uvvm)       i2c_master_check(I2C_VVC,0): 'Slave to Master check'. [51]
%%     1000072.5 ns  Log    ID_UVVM_SEND_CMD    TB seq.(uvvm)       i2c_slave_transmit(I2C_VVC,1): 'Slave to Master transmit'. [52]
%%     1000072.5 ns  Log    ID_UVVM_SEND_CMD    TB seq.(uvvm)       i2c_master_check(I2C_VVC,0): 'Slave to Master check'. [53]
%%     1000072.5 ns  Log    ID_UVVM_SEND_CMD    TB seq.(uvvm)       i2c_slave_transmit(I2C_VVC,1): 'Slave to Master transmit'. [54]
%%     1000072.5 ns  Log    ID_UVVM_SEND_CMD    TB seq.(uvvm)       i2c_master_check(I2C_VVC,0): 'Slave to Master check'. [55]
%%     1000072.5 ns  Log    ID_UVVM_SEND_CMD    TB seq.(uvvm)       i2c_slave_transmit(I2C_VVC,1): 'Slave to Master transmit'. [56]
%%     1000072.5 ns  Log    ID_UVVM_SEND_CMD    TB seq.(uvvm)       i2c_master_check(I2C_VVC,0): 'Slave to Master check'. [57]
%%     1000072.5 ns  Log    ID_UVVM_SEND_CMD    TB seq.(uvvm)       i2c_slave_transmit(I2C_VVC,1): 'Slave to Master transmit'. [58]
%%     1000072.5 ns  Log    ID_UVVM_SEND_CMD    TB seq.(uvvm)       i2c_master_check(I2C_VVC,0): 'Slave to Master check'. [59]
%%     1000072.5 ns  Log    ID_UVVM_SEND_CMD    TB seq.(uvvm)       i2c_slave_transmit(I2C_VVC,1): 'Slave to Master transmit'. [60]
%%     1000072.5 ns  Log    ID_UVVM_SEND_CMD    TB seq.(uvvm)       i2c_master_check(I2C_VVC,0): 'Slave to Master check'. [61]
%%     1000072.5 ns  Log    ID_UVVM_SEND_CMD    TB seq.(uvvm)       i2c_slave_transmit(I2C_VVC,1): 'Slave to Master transmit'. [62]
%%     1000072.5 ns  Log    ID_UVVM_SEND_CMD    TB seq.(uvvm)       i2c_master_check(I2C_VVC,0): 'Slave to Master check'. [63]
%%     1000072.5 ns  Log    ID_UVVM_SEND_CMD    TB seq.(uvvm)       i2c_slave_transmit(I2C_VVC,1): 'Slave to Master transmit'. [64]
%%     1000072.5 ns  Log    ID_UVVM_SEND_CMD    TB seq.(uvvm)       i2c_master_check(I2C_VVC,0): 'Slave to Master check'. [65]
%%     1000072.5 ns  Log    ID_UVVM_SEND_CMD    TB seq.(uvvm)       i2c_slave_transmit(I2C_VVC,1): 'Slave to Master transmit'. [66]
%%     1000072.5 ns  Log    ID_UVVM_SEND_CMD    TB seq.(uvvm)       i2c_master_check(I2C_VVC,0): 'Slave to Master check'. [67]
%%     1000072.5 ns  Log    ID_UVVM_SEND_CMD    TB seq.(uvvm)       i2c_slave_transmit(I2C_VVC,1): 'Slave to Master transmit'. [68]
%%     1000072.5 ns  Log    ID_UVVM_SEND_CMD    TB seq.(uvvm)       i2c_master_check(I2C_VVC,0): 'Slave to Master check'. [69]
%%     1000072.5 ns  Log    ID_UVVM_SEND_CMD    TB seq.(uvvm)       i2c_slave_transmit(I2C_VVC,1): 'Slave to Master transmit'. [70]
%%     1000072.5 ns  Log    ID_UVVM_SEND_CMD    TB seq.(uvvm)       i2c_master_check(I2C_VVC,0): 'Slave to Master check'. [71]
%%     1000072.5 ns  Log    ID_UVVM_SEND_CMD    TB seq.(uvvm)       i2c_slave_transmit(I2C_VVC,1): 'Slave to Master transmit'. [72]
%%     1000072.5 ns  Log    ID_UVVM_SEND_CMD    TB seq.(uvvm)       i2c_master_check(I2C_VVC,0): 'Slave to Master check'. [73]
%%     1000072.5 ns  Log    ID_UVVM_SEND_CMD    TB seq.(uvvm)       i2c_slave_transmit(I2C_VVC,1): 'Slave to Master transmit'. [74]
%%     1000072.5 ns  Log    ID_UVVM_SEND_CMD    TB seq.(uvvm)       i2c_master_check(I2C_VVC,0): 'Slave to Master check'. [75]
%%     1000072.5 ns  Log    ID_UVVM_SEND_CMD    TB seq.(uvvm)       i2c_slave_transmit(I2C_VVC,1): 'Slave to Master transmit'. [76]
%%     1000072.5 ns  Log    ID_UVVM_SEND_CMD    TB seq.(uvvm)       i2c_master_check(I2C_VVC,0): 'Slave to Master check'. [77]
%%     1000072.5 ns  Log    ID_UVVM_SEND_CMD    TB seq.(uvvm)       i2c_slave_transmit(I2C_VVC,1): 'Slave to Master transmit'. [78]
%%     1000072.5 ns  Log    ID_UVVM_SEND_CMD    TB seq.(uvvm)       i2c_master_check(I2C_VVC,0): 'Slave to Master check'. [79]
%%     1000072.5 ns  Log    ID_UVVM_SEND_CMD    TB seq.(uvvm)       i2c_slave_transmit(I2C_VVC,1): 'Slave to Master transmit'. [80]
%%     1000072.5 ns  Log    ID_UVVM_SEND_CMD    TB seq.(uvvm)       i2c_master_check(I2C_VVC,0): 'Slave to Master check'. [81]
%%     1000072.5 ns  Log    ID_UVVM_SEND_CMD    TB seq.(uvvm)       i2c_slave_transmit(I2C_VVC,1): 'Slave to Master transmit'. [82]
%%     1000072.5 ns  Log    ID_UVVM_SEND_CMD    TB seq.(uvvm)       i2c_master_check(I2C_VVC,0): 'Slave to Master check'. [83]
%%     1000072.5 ns  Log    ID_UVVM_SEND_CMD    TB seq.(uvvm)       i2c_slave_transmit(I2C_VVC,1): 'Slave to Master transmit'. [84]
%%     1000072.5 ns  Log    ID_UVVM_SEND_CMD    TB seq.(uvvm)       i2c_master_check(I2C_VVC,0): 'Slave to Master check'. [85]
%%     1000072.5 ns  Log    ID_UVVM_SEND_CMD    TB seq.(uvvm)       i2c_slave_transmit(I2C_VVC,1): 'Slave to Master transmit'. [86]
%%     1000072.5 ns  Log    ID_UVVM_SEND_CMD    TB seq.(uvvm)       i2c_master_check(I2C_VVC,0): 'Slave to Master check'. [87]
%%     1000072.5 ns  Log    ID_UVVM_SEND_CMD    TB seq.(uvvm)       i2c_slave_transmit(I2C_VVC,1): 'Slave to Master transmit'. [88]
%%     1000072.5 ns  Log    ID_UVVM_SEND_CMD    TB seq.(uvvm)       i2c_master_check(I2C_VVC,0): 'Slave to Master check'. [89]
%%     1000072.5 ns  Log    ID_UVVM_SEND_CMD    TB seq.(uvvm)       i2c_slave_transmit(I2C_VVC,1): 'Slave to Master transmit'. [90]
%%     1000072.5 ns  Log    ID_UVVM_SEND_CMD    TB seq.(uvvm)       i2c_master_check(I2C_VVC,0): 'Slave to Master check'. [91]
%%     1000072.5 ns  Log    ID_UVVM_SEND_CMD    TB seq.(uvvm)       i2c_slave_transmit(I2C_VVC,1): 'Slave to Master transmit'. [92]
%%     1000072.5 ns  Log    ID_UVVM_SEND_CMD    TB seq.(uvvm)       i2c_master_check(I2C_VVC,0): 'Slave to Master check'. [93]
%%     1000072.5 ns  Log    ID_UVVM_SEND_CMD    TB seq.(uvvm)       i2c_slave_transmit(I2C_VVC,1): 'Slave to Master transmit'. [94]
%%     1000072.5 ns  Log    ID_UVVM_SEND_CMD    TB seq.(uvvm)       i2c_master_check(I2C_VVC,0): 'Slave to Master check'. [95]
%%     1000072.5 ns  Log    ID_UVVM_SEND_CMD    TB seq.(uvvm)       i2c_slave_transmit(I2C_VVC,1): 'Slave to Master transmit'. [96]
%%     1000072.5 ns  Log    ID_UVVM_SEND_CMD    TB seq.(uvvm)       i2c_master_check(I2C_VVC,0): 'Slave to Master check'. [97]
%%     1000072.5 ns  Log    ID_UVVM_SEND_CMD    TB seq.(uvvm)       i2c_slave_transmit(I2C_VVC,1): 'Slave to Master transmit'. [98]
%%     1000072.5 ns  Log    ID_UVVM_SEND_CMD    TB seq.(uvvm)       i2c_master_check(I2C_VVC,0): 'Slave to Master check'. [99]
%%     1000072.5 ns  Log    ID_UVVM_SEND_CMD    TB seq.(uvvm)       i2c_slave_transmit(I2C_VVC,1): 'Slave to Master transmit'. [100]
%%     1000072.5 ns  Log    ID_UVVM_SEND_CMD    TB seq.(uvvm)       i2c_master_check(I2C_VVC,0): 'Slave to Master check'. [101]
%%     1000072.5 ns  Log    ID_UVVM_SEND_CMD    TB seq.(uvvm)       i2c_slave_transmit(I2C_VVC,1): 'Slave to Master transmit'. [102]
%%     1000072.5 ns  Log    ID_UVVM_SEND_CMD    TB seq.(uvvm)       i2c_master_check(I2C_VVC,0): 'Slave to Master check'. [103]
%%     1000072.5 ns  Log    ID_UVVM_SEND_CMD    TB seq.(uvvm)       i2c_slave_transmit(I2C_VVC,1): 'Slave to Master transmit'. [104]
%%     1000072.5 ns  Log    ID_UVVM_SEND_CMD    TB seq.(uvvm)       i2c_master_check(I2C_VVC,0): 'Slave to Master check'. [105]
%%     1000072.5 ns  Log    ID_UVVM_SEND_CMD    TB seq.(uvvm)       i2c_slave_transmit(I2C_VVC,1): 'Slave to Master transmit'. [106]
%%     1000072.5 ns  Log    ID_UVVM_SEND_CMD    TB seq.(uvvm)       i2c_master_check(I2C_VVC,0): 'Slave to Master check'. [107]
%%     1000072.5 ns  Log    ID_UVVM_SEND_CMD    TB seq.(uvvm)       i2c_slave_transmit(I2C_VVC,1): 'Slave to Master transmit'. [108]
%%     1000072.5 ns  Log    ID_UVVM_SEND_CMD    TB seq.(uvvm)       i2c_master_check(I2C_VVC,0): 'Slave to Master check'. [109]
%%     1000072.5 ns  Log    ID_UVVM_SEND_CMD    TB seq.(uvvm)       i2c_slave_transmit(I2C_VVC,1): 'Slave to Master transmit'. [110]
%%     1000072.5 ns  Log    ID_UVVM_SEND_CMD    TB seq.(uvvm)       i2c_master_check(I2C_VVC,0): 'Slave to Master check'. [111]
%%     1000072.5 ns  Log    ID_UVVM_SEND_CMD    TB seq.(uvvm)       i2c_slave_transmit(I2C_VVC,1): 'Slave to Master transmit'. [112]
%%     1000072.5 ns  Log    ID_UVVM_SEND_CMD    TB seq.(uvvm)       i2c_master_check(I2C_VVC,0): 'Slave to Master check'. [113]
%%     1000072.5 ns  Log    ID_UVVM_SEND_CMD    TB seq.(uvvm)       i2c_slave_transmit(I2C_VVC,1): 'Slave to Master transmit'. [114]
%%     1000072.5 ns  Log    ID_UVVM_SEND_CMD    TB seq.(uvvm)       i2c_master_check(I2C_VVC,0): 'Slave to Master check'. [115]
%%     1000072.5 ns  Log    ID_UVVM_SEND_CMD    TB seq.(uvvm)       i2c_slave_transmit(I2C_VVC,1): 'Slave to Master transmit'. [116]
%%     1000072.5 ns  Log    ID_UVVM_SEND_CMD    TB seq.(uvvm)       i2c_master_check(I2C_VVC,0): 'Slave to Master check'. [117]
%%     1000072.5 ns  Log    ID_UVVM_SEND_CMD    TB seq.(uvvm)       i2c_slave_transmit(I2C_VVC,1): 'Slave to Master transmit'. [118]
%%     1000072.5 ns  Log    ID_UVVM_SEND_CMD    TB seq.(uvvm)       i2c_master_check(I2C_VVC,0): 'Slave to Master check'. [119]
%%     1000072.5 ns  Log    ID_UVVM_SEND_CMD    TB seq.(uvvm)       i2c_slave_transmit(I2C_VVC,1): 'Slave to Master transmit'. [120]
%%     1000072.5 ns  Log    ID_UVVM_SEND_CMD    TB seq.(uvvm)       i2c_master_check(I2C_VVC,0): 'Slave to Master check'. [121]
%%     1000072.5 ns  Log    ID_UVVM_SEND_CMD    TB seq.(uvvm)       i2c_slave_transmit(I2C_VVC,1): 'Slave to Master transmit'. [122]
%%     1000072.5 ns  Log    ID_UVVM_SEND_CMD    TB seq.(uvvm)       i2c_master_check(I2C_VVC,0): 'Slave to Master check'. [123]
%%     1000072.5 ns  Log    ID_UVVM_SEND_CMD    TB seq.(uvvm)       i2c_slave_transmit(I2C_VVC,1): 'Slave to Master transmit'. [124]
%%     1000072.5 ns  Log    ID_UVVM_SEND_CMD    TB seq.(uvvm)       i2c_master_check(I2C_VVC,0): 'Slave to Master check'. [125]
%%     1000072.5 ns  Log    ID_UVVM_SEND_CMD    TB seq.(uvvm)       i2c_slave_transmit(I2C_VVC,1): 'Slave to Master transmit'. [126]
%%     1000072.5 ns  Log    ID_UVVM_SEND_CMD    TB seq.(uvvm)       i2c_master_check(I2C_VVC,0): 'Slave to Master check'. [127]
%%     1000072.5 ns  Log    ID_UVVM_SEND_CMD    TB seq.(uvvm)       i2c_slave_transmit(I2C_VVC,1): 'Slave to Master transmit'. [128]
%%     1000072.5 ns  Log    ID_UVVM_SEND_CMD    TB seq.(uvvm)       i2c_master_check(I2C_VVC,0): 'Slave to Master check'. [129]
%%     1000072.5 ns  Log    ID_UVVM_SEND_CMD    TB seq.(uvvm)       i2c_slave_transmit(I2C_VVC,1): 'Slave to Master transmit'. [130]
%%     1000072.5 ns  Log    ID_UVVM_SEND_CMD    TB seq.(uvvm)       i2c_master_check(I2C_VVC,0): 'Slave to Master check'. [131]
%%     1000072.5 ns  Log    ID_UVVM_SEND_CMD    TB seq.(uvvm)       i2c_slave_transmit(I2C_VVC,1): 'Slave to Master transmit'. [132]
%%     1000072.5 ns  Log    ID_UVVM_SEND_CMD    TB seq.(uvvm)       i2c_master_check(I2C_VVC,0): 'Slave to Master check'. [133]
%%     1000072.5 ns  Log    ID_UVVM_SEND_CMD    TB seq.(uvvm)       i2c_slave_transmit(I2C_VVC,1): 'Slave to Master transmit'. [134]
%%     1000072.5 ns  Log    ID_UVVM_SEND_CMD    TB seq.(uvvm)       i2c_master_check(I2C_VVC,0): 'Slave to Master check'. [135]
%%     1000072.5 ns  Log    ID_UVVM_SEND_CMD    TB seq.(uvvm)       i2c_slave_transmit(I2C_VVC,1): 'Slave to Master transmit'. [136]
%%     1000072.5 ns  Log    ID_UVVM_SEND_CMD    TB seq.(uvvm)       i2c_master_check(I2C_VVC,0): 'Slave to Master check'. [137]
%%     1000072.5 ns  Log    ID_UVVM_SEND_CMD    TB seq.(uvvm)       i2c_slave_transmit(I2C_VVC,1): 'Slave to Master transmit'. [138]
%%     1000072.5 ns  Log    ID_UVVM_SEND_CMD    TB seq.(uvvm)       i2c_master_check(I2C_VVC,0): 'Slave to Master check'. [139]
%%     1000072.5 ns  Log    ID_UVVM_SEND_CMD    TB seq.(uvvm)       i2c_slave_transmit(I2C_VVC,1): 'Slave to Master transmit'. [140]
%%     1000072.5 ns  Log    ID_UVVM_SEND_CMD    TB seq.(uvvm)       i2c_master_check(I2C_VVC,0): 'Slave to Master check'. [141]
%%     1000072.5 ns  Log    ID_UVVM_SEND_CMD    TB seq.(uvvm)       i2c_slave_transmit(I2C_VVC,1): 'Slave to Master transmit'. [142]
%%     1000072.5 ns  Log    ID_UVVM_SEND_CMD    TB seq.(uvvm)       i2c_master_check(I2C_VVC,0): 'Slave to Master check'. [143]
%%     1000072.5 ns  Log    ID_UVVM_SEND_CMD    TB seq.(uvvm)       i2c_slave_transmit(I2C_VVC,1): 'Slave to Master transmit'. [144]
%%     1000072.5 ns  Log    ID_UVVM_SEND_CMD    TB seq.(uvvm)       i2c_master_check(I2C_VVC,0): 'Slave to Master check'. [145]
%%     1000072.5 ns  Log    ID_UVVM_SEND_CMD    TB seq.(uvvm)       i2c_slave_transmit(I2C_VVC,1): 'Slave to Master transmit'. [146]
%%     1000072.5 ns  Log    ID_UVVM_SEND_CMD    TB seq.(uvvm)       i2c_master_check(I2C_VVC,0): 'Slave to Master check'. [147]
%%     1000072.5 ns  Log    ID_UVVM_SEND_CMD    TB seq.(uvvm)       i2c_slave_transmit(I2C_VVC,1): 'Slave to Master transmit'. [148]
%%     1000072.5 ns  Log    ID_UVVM_SEND_CMD    TB seq.(uvvm)       i2c_master_check(I2C_VVC,0): 'Slave to Master check'. [149]
%%     1000072.5 ns  Log    ID_UVVM_SEND_CMD    TB seq.(uvvm)       i2c_slave_transmit(I2C_VVC,1): 'Slave to Master transmit'. [150]
%%     1000072.5 ns  Log    ID_UVVM_SEND_CMD    TB seq.(uvvm)       i2c_master_check(I2C_VVC,0): 'Slave to Master check'. [151]
%%     1000072.5 ns  Log    ID_UVVM_SEND_CMD    TB seq.(uvvm)       i2c_slave_transmit(I2C_VVC,1): 'Slave to Master transmit'. [152]
%%     1000072.5 ns  Log    ID_UVVM_SEND_CMD    TB seq.(uvvm)       i2c_master_check(I2C_VVC,0): 'Slave to Master check'. [153]
%%     1000072.5 ns  Log    ID_UVVM_SEND_CMD    TB seq.(uvvm)       i2c_slave_transmit(I2C_VVC,1): 'Slave to Master transmit'. [154]
%%     1000072.5 ns  Log    ID_UVVM_SEND_CMD    TB seq.(uvvm)       i2c_master_check(I2C_VVC,0): 'Slave to Master check'. [155]
%%     1000072.5 ns  Log    ID_UVVM_SEND_CMD    TB seq.(uvvm)       i2c_slave_transmit(I2C_VVC,1): 'Slave to Master transmit'. [156]
%%     1000072.5 ns  Log    ID_UVVM_SEND_CMD    TB seq.(uvvm)       i2c_master_check(I2C_VVC,0): 'Slave to Master check'. [157]
%%     1000072.5 ns  Log    ID_UVVM_SEND_CMD    TB seq.(uvvm)       i2c_slave_transmit(I2C_VVC,1): 'Slave to Master transmit'. [158]
%%     1000072.5 ns  Log    ID_UVVM_SEND_CMD    TB seq.(uvvm)       i2c_master_check(I2C_VVC,0): 'Slave to Master check'. [159]
%%     1000072.5 ns  Log    ID_UVVM_SEND_CMD    TB seq.(uvvm)       i2c_slave_transmit(I2C_VVC,1): 'Slave to Master transmit'. [160]
%%     1000072.5 ns  Log    ID_UVVM_SEND_CMD    TB seq.(uvvm)       i2c_master_check(I2C_VVC,0): 'Slave to Master check'. [161]
%%     1000072.5 ns  Log    ID_UVVM_SEND_CMD    TB seq.(uvvm)       i2c_slave_transmit(I2C_VVC,1): 'Slave to Master transmit'. [162]
%%     1000072.5 ns  Log    ID_UVVM_SEND_CMD    TB seq.(uvvm)       i2c_master_check(I2C_VVC,0): 'Slave to Master check'. [163]
%%     1000072.5 ns  Log    ID_UVVM_SEND_CMD    TB seq.(uvvm)       i2c_slave_transmit(I2C_VVC,1): 'Slave to Master transmit'. [164]
%%     1000072.5 ns  Log    ID_UVVM_SEND_CMD    TB seq.(uvvm)       i2c_master_check(I2C_VVC,0): 'Slave to Master check'. [165]
%%     1000072.5 ns  Log    ID_UVVM_SEND_CMD    TB seq.(uvvm)       i2c_slave_transmit(I2C_VVC,1): 'Slave to Master transmit'. [166]
%%     1000072.5 ns  Log    ID_UVVM_SEND_CMD    TB seq.(uvvm)       i2c_master_check(I2C_VVC,0): 'Slave to Master check'. [167]
%%     1000072.5 ns  Log    ID_UVVM_SEND_CMD    TB seq.(uvvm)       i2c_slave_transmit(I2C_VVC,1): 'Slave to Master transmit'. [168]
%%     1000072.5 ns  Log    ID_UVVM_SEND_CMD    TB seq.(uvvm)       i2c_master_check(I2C_VVC,0): 'Slave to Master check'. [169]
%%     1000072.5 ns  Log    ID_UVVM_SEND_CMD    TB seq.(uvvm)       i2c_slave_transmit(I2C_VVC,1): 'Slave to Master transmit'. [170]
%%     1000072.5 ns  Log    ID_UVVM_SEND_CMD    TB seq.(uvvm)       i2c_master_check(I2C_VVC,0): 'Slave to Master check'. [171]
%%     1000072.5 ns  Log    ID_UVVM_SEND_CMD    TB seq.(uvvm)       i2c_slave_transmit(I2C_VVC,1): 'Slave to Master transmit'. [172]
%%     1000072.5 ns  Log    ID_UVVM_SEND_CMD    TB seq.(uvvm)       i2c_master_check(I2C_VVC,0): 'Slave to Master check'. [173]
%%     1000072.5 ns  Log    ID_UVVM_SEND_CMD    TB seq.(uvvm)       i2c_slave_transmit(I2C_VVC,1): 'Slave to Master transmit'. [174]
%%     1000072.5 ns  Log    ID_UVVM_SEND_CMD    TB seq.(uvvm)       i2c_master_check(I2C_VVC,0): 'Slave to Master check'. [175]
%%     1000072.5 ns  Log    ID_UVVM_SEND_CMD    TB seq.(uvvm)       i2c_slave_transmit(I2C_VVC,1): 'Slave to Master transmit'. [176]
%%     1000072.5 ns  Log    ID_UVVM_SEND_CMD    TB seq.(uvvm)       i2c_master_check(I2C_VVC,0): 'Slave to Master check'. [177]
%%     1000072.5 ns  Log    ID_UVVM_SEND_CMD    TB seq.(uvvm)       i2c_slave_transmit(I2C_VVC,1): 'Slave to Master transmit'. [178]
%%     1000072.5 ns  Log    ID_UVVM_SEND_CMD    TB seq.(uvvm)       i2c_master_check(I2C_VVC,0): 'Slave to Master check'. [179]
%%     1000072.5 ns  Log    ID_UVVM_SEND_CMD    TB seq.(uvvm)       i2c_slave_transmit(I2C_VVC,1): 'Slave to Master transmit'. [180]
%%     1000072.5 ns  Log    ID_UVVM_SEND_CMD    TB seq.(uvvm)       i2c_master_check(I2C_VVC,0): 'Slave to Master check'. [181]
%%     1000072.5 ns  Log    ID_UVVM_SEND_CMD    TB seq.(uvvm)       i2c_slave_transmit(I2C_VVC,1): 'Slave to Master transmit'. [182]
%%     1000072.5 ns  Log    ID_UVVM_SEND_CMD    TB seq.(uvvm)       i2c_master_check(I2C_VVC,0): 'Slave to Master check'. [183]
%%     1000072.5 ns  Log    ID_UVVM_SEND_CMD    TB seq.(uvvm)       i2c_slave_transmit(I2C_VVC,1): 'Slave to Master transmit'. [184]
%%     1000072.5 ns  Log    ID_UVVM_SEND_CMD    TB seq.(uvvm)       i2c_master_check(I2C_VVC,0): 'Slave to Master check'. [185]
%%     1000072.5 ns  Log    ID_UVVM_SEND_CMD    TB seq.(uvvm)       i2c_slave_transmit(I2C_VVC,1): 'Slave to Master transmit'. [186]
%%     1000072.5 ns  Log    ID_UVVM_SEND_CMD    TB seq.(uvvm)       i2c_master_check(I2C_VVC,0): 'Slave to Master check'. [187]
%%     1000072.5 ns  Log    ID_UVVM_SEND_CMD    TB seq.(uvvm)       i2c_slave_transmit(I2C_VVC,1): 'Slave to Master transmit'. [188]
%%     1000072.5 ns  Log    ID_UVVM_SEND_CMD    TB seq.(uvvm)       i2c_master_check(I2C_VVC,0): 'Slave to Master check'. [189]
%%     1000072.5 ns  Log    ID_UVVM_SEND_CMD    TB seq.(uvvm)       i2c_slave_transmit(I2C_VVC,1): 'Slave to Master transmit'. [190]
%%     1000072.5 ns  Log    ID_UVVM_SEND_CMD    TB seq.(uvvm)       i2c_master_check(I2C_VVC,0): 'Slave to Master check'. [191]
%%     1000072.5 ns  Log    ID_UVVM_SEND_CMD    TB seq.(uvvm)       i2c_slave_transmit(I2C_VVC,1): 'Slave to Master transmit'. [192]
%%     1000072.5 ns  Log    ID_UVVM_SEND_CMD    TB seq.(uvvm)       i2c_master_check(I2C_VVC,0): 'Slave to Master check'. [193]
%%     1000072.5 ns  Log    ID_UVVM_SEND_CMD    TB seq.(uvvm)       i2c_slave_transmit(I2C_VVC,1): 'Slave to Master transmit'. [194]
%%     1000072.5 ns  Log    ID_UVVM_SEND_CMD    TB seq.(uvvm)       i2c_master_check(I2C_VVC,0): 'Slave to Master check'. [195]
%%     1000072.5 ns  Log    ID_UVVM_SEND_CMD    TB seq.(uvvm)       i2c_slave_transmit(I2C_VVC,1): 'Slave to Master transmit'. [196]
%%     1000072.5 ns  Log    ID_UVVM_SEND_CMD    TB seq.(uvvm)       i2c_master_check(I2C_VVC,0): 'Slave to Master check'. [197]
%%     1000072.5 ns  Log    ID_UVVM_SEND_CMD    TB seq.(uvvm)       i2c_slave_transmit(I2C_VVC,1): 'Slave to Master transmit'. [198]
%%     1000072.5 ns  Log    ID_UVVM_SEND_CMD    TB seq.(uvvm)       i2c_master_check(I2C_VVC,0): 'Slave to Master check'. [199]
%%     1000072.5 ns  Log    ID_UVVM_SEND_CMD    TB seq.(uvvm)       i2c_slave_transmit(I2C_VVC,1): 'Slave to Master transmit'. [200]
%%     1000072.5 ns  Log    ID_UVVM_SEND_CMD    TB seq.(uvvm)       i2c_master_check(I2C_VVC,0): 'Slave to Master check'. [201]
%%     1000072.5 ns  Log    ID_UVVM_SEND_CMD    TB seq.(uvvm)       i2c_slave_transmit(I2C_VVC,1): 'Slave to Master transmit'. [202]
%%     1000072.5 ns  Log    ID_UVVM_SEND_CMD    TB seq.(uvvm)       i2c_master_check(I2C_VVC,0): 'Slave to Master check'. [203]
%%     1000072.5 ns  Log    ID_UVVM_SEND_CMD    TB seq.(uvvm)       i2c_slave_transmit(I2C_VVC,1): 'Slave to Master transmit'. [204]
%%     1000072.5 ns  Log    ID_UVVM_SEND_CMD    TB seq.(uvvm)       i2c_master_check(I2C_VVC,0): 'Slave to Master check'. [205]
%%     1000072.5 ns  Log    ID_UVVM_SEND_CMD    TB seq.(uvvm)       i2c_slave_transmit(I2C_VVC,1): 'Slave to Master transmit'. [206]
%%     1000072.5 ns  Log    ID_UVVM_SEND_CMD    TB seq.(uvvm)       i2c_master_check(I2C_VVC,0): 'Slave to Master check'. [207]
%%     1000072.5 ns  Log    ID_UVVM_SEND_CMD    TB seq.(uvvm)       i2c_slave_transmit(I2C_VVC,1): 'Slave to Master transmit'. [208]
%%     1000072.5 ns  Log    ID_UVVM_SEND_CMD    TB seq.(uvvm)       i2c_master_check(I2C_VVC,0): 'Slave to Master check'. [209]
%%     1000072.5 ns  Log    ID_UVVM_SEND_CMD    TB seq.(uvvm)       i2c_slave_transmit(I2C_VVC,1): 'Slave to Master transmit'. [210]
%%     1000072.5 ns  Log    ID_UVVM_SEND_CMD    TB seq.(uvvm)       i2c_master_check(I2C_VVC,0): 'Slave to Master check'. [211]
%%     1021327.5 ns  Log    ID_BFM              I2C_VVC,1           i2c_slave_transmit((x"22"))=> (x"22"). ' 'Slave to Master transmit'  [10]'
%%     1021327.5 ns  Log    ID_INSERTED_DELAY   I2C_VVC,1           Delaying BFM access until time 1023172500 ps.
%%     1021832.5 ns  Log    ID_BFM              I2C_VVC,0           i2c_master_check(A:x"055", (x"22"))=> OK, read data = (x"22"). ' 'Slave to Master check'  [11]'
%%     1021832.5 ns  Log    ID_INSERTED_DELAY   I2C_VVC,0           Delaying BFM access until time 1023172500 ps.
%%     1023172.5 ns  Log    ID_INSERTED_DELAY   I2C_VVC,1           Finished delaying BFM access
%%     1023172.5 ns  Log    ID_INSERTED_DELAY   I2C_VVC,0           Finished delaying BFM access
%%     1044427.5 ns  Log    ID_BFM              I2C_VVC,1           i2c_slave_transmit((x"E3"))=> (x"E3"). ' 'Slave to Master transmit'  [12]'
%%     1044427.5 ns  Log    ID_INSERTED_DELAY   I2C_VVC,1           Delaying BFM access until time 1046272500 ps.
%%     1044932.5 ns  Log    ID_BFM              I2C_VVC,0           i2c_master_check(A:x"055", (x"E3"))=> OK, read data = (x"E3"). ' 'Slave to Master check'  [13]'
%%     1044932.5 ns  Log    ID_INSERTED_DELAY   I2C_VVC,0           Delaying BFM access until time 1046272500 ps.
%%     1046272.5 ns  Log    ID_INSERTED_DELAY   I2C_VVC,1           Finished delaying BFM access
%%     1046272.5 ns  Log    ID_INSERTED_DELAY   I2C_VVC,0           Finished delaying BFM access
%%     1067527.5 ns  Log    ID_BFM              I2C_VVC,1           i2c_slave_transmit((x"70"))=> (x"70"). ' 'Slave to Master transmit'  [14]'
%%     1067527.5 ns  Log    ID_INSERTED_DELAY   I2C_VVC,1           Delaying BFM access until time 1069372500 ps.
%%     1068032.5 ns  Log    ID_BFM              I2C_VVC,0           i2c_master_check(A:x"055", (x"70"))=> OK, read data = (x"70"). ' 'Slave to Master check'  [15]'
%%     1068032.5 ns  Log    ID_INSERTED_DELAY   I2C_VVC,0           Delaying BFM access until time 1069372500 ps.
%%     1069372.5 ns  Log    ID_INSERTED_DELAY   I2C_VVC,1           Finished delaying BFM access
%%     1069372.5 ns  Log    ID_INSERTED_DELAY   I2C_VVC,0           Finished delaying BFM access
%%     1090627.5 ns  Log    ID_BFM              I2C_VVC,1           i2c_slave_transmit((x"99"))=> (x"99"). ' 'Slave to Master transmit'  [16]'
%%     1090627.5 ns  Log    ID_INSERTED_DELAY   I2C_VVC,1           Delaying BFM access until time 1092472500 ps.
%%     1091132.5 ns  Log    ID_BFM              I2C_VVC,0           i2c_master_check(A:x"055", (x"99"))=> OK, read data = (x"99"). ' 'Slave to Master check'  [17]'
%%     1091132.5 ns  Log    ID_INSERTED_DELAY   I2C_VVC,0           Delaying BFM access until time 1092472500 ps.
%%     1092472.5 ns  Log    ID_INSERTED_DELAY   I2C_VVC,1           Finished delaying BFM access
%%     1092472.5 ns  Log    ID_INSERTED_DELAY   I2C_VVC,0           Finished delaying BFM access
%%     1113727.5 ns  Log    ID_BFM              I2C_VVC,1           i2c_slave_transmit((x"2B"))=> (x"2B"). ' 'Slave to Master transmit'  [18]'
%%     1113727.5 ns  Log    ID_INSERTED_DELAY   I2C_VVC,1           Delaying BFM access until time 1115572500 ps.
%%     1114232.5 ns  Log    ID_BFM              I2C_VVC,0           i2c_master_check(A:x"055", (x"2B"))=> OK, read data = (x"2B"). ' 'Slave to Master check'  [19]'
%%     1114232.5 ns  Log    ID_INSERTED_DELAY   I2C_VVC,0           Delaying BFM access until time 1115572500 ps.
%%     1115572.5 ns  Log    ID_INSERTED_DELAY   I2C_VVC,1           Finished delaying BFM access
%%     1115572.5 ns  Log    ID_INSERTED_DELAY   I2C_VVC,0           Finished delaying BFM access
%%     1136827.5 ns  Log    ID_BFM              I2C_VVC,1           i2c_slave_transmit((x"11"))=> (x"11"). ' 'Slave to Master transmit'  [20]'
%%     1136827.5 ns  Log    ID_INSERTED_DELAY   I2C_VVC,1           Delaying BFM access until time 1138672500 ps.
%%     1137332.5 ns  Log    ID_BFM              I2C_VVC,0           i2c_master_check(A:x"055", (x"11"))=> OK, read data = (x"11"). ' 'Slave to Master check'  [21]'
%%     1137332.5 ns  Log    ID_INSERTED_DELAY   I2C_VVC,0           Delaying BFM access until time 1138672500 ps.
%%     1138672.5 ns  Log    ID_INSERTED_DELAY   I2C_VVC,1           Finished delaying BFM access
%%     1138672.5 ns  Log    ID_INSERTED_DELAY   I2C_VVC,0           Finished delaying BFM access
%%     1159927.5 ns  Log    ID_BFM              I2C_VVC,1           i2c_slave_transmit((x"2C"))=> (x"2C"). ' 'Slave to Master transmit'  [22]'
%%     1159927.5 ns  Log    ID_INSERTED_DELAY   I2C_VVC,1           Delaying BFM access until time 1161772500 ps.
%%     1160432.5 ns  Log    ID_BFM              I2C_VVC,0           i2c_master_check(A:x"055", (x"2C"))=> OK, read data = (x"2C"). ' 'Slave to Master check'  [23]'
%%     1160432.5 ns  Log    ID_INSERTED_DELAY   I2C_VVC,0           Delaying BFM access until time 1161772500 ps.
%%     1161772.5 ns  Log    ID_INSERTED_DELAY   I2C_VVC,1           Finished delaying BFM access
%%     1161772.5 ns  Log    ID_INSERTED_DELAY   I2C_VVC,0           Finished delaying BFM access
%%     1183027.5 ns  Log    ID_BFM              I2C_VVC,1           i2c_slave_transmit((x"9C"))=> (x"9C"). ' 'Slave to Master transmit'  [24]'
%%     1183027.5 ns  Log    ID_INSERTED_DELAY   I2C_VVC,1           Delaying BFM access until time 1184872500 ps.
%%     1183532.5 ns  Log    ID_BFM              I2C_VVC,0           i2c_master_check(A:x"055", (x"9C"))=> OK, read data = (x"9C"). ' 'Slave to Master check'  [25]'
%%     1183532.5 ns  Log    ID_INSERTED_DELAY   I2C_VVC,0           Delaying BFM access until time 1184872500 ps.
%%     1184872.5 ns  Log    ID_INSERTED_DELAY   I2C_VVC,1           Finished delaying BFM access
%%     1184872.5 ns  Log    ID_INSERTED_DELAY   I2C_VVC,0           Finished delaying BFM access
%%     1206127.5 ns  Log    ID_BFM              I2C_VVC,1           i2c_slave_transmit((x"80"))=> (x"80"). ' 'Slave to Master transmit'  [26]'
%%     1206127.5 ns  Log    ID_INSERTED_DELAY   I2C_VVC,1           Delaying BFM access until time 1207972500 ps.
%%     1206632.5 ns  Log    ID_BFM              I2C_VVC,0           i2c_master_check(A:x"055", (x"80"))=> OK, read data = (x"80"). ' 'Slave to Master check'  [27]'
%%     1206632.5 ns  Log    ID_INSERTED_DELAY   I2C_VVC,0           Delaying BFM access until time 1207972500 ps.
%%     1207972.5 ns  Log    ID_INSERTED_DELAY   I2C_VVC,1           Finished delaying BFM access
%%     1207972.5 ns  Log    ID_INSERTED_DELAY   I2C_VVC,0           Finished delaying BFM access
%%     1229227.5 ns  Log    ID_BFM              I2C_VVC,1           i2c_slave_transmit((x"CB"))=> (x"CB"). ' 'Slave to Master transmit'  [28]'
%%     1229227.5 ns  Log    ID_INSERTED_DELAY   I2C_VVC,1           Delaying BFM access until time 1231072500 ps.
%%     1229732.5 ns  Log    ID_BFM              I2C_VVC,0           i2c_master_check(A:x"055", (x"CB"))=> OK, read data = (x"CB"). ' 'Slave to Master check'  [29]'
%%     1229732.5 ns  Log    ID_INSERTED_DELAY   I2C_VVC,0           Delaying BFM access until time 1231072500 ps.
%%     1231072.5 ns  Log    ID_INSERTED_DELAY   I2C_VVC,1           Finished delaying BFM access
%%     1231072.5 ns  Log    ID_INSERTED_DELAY   I2C_VVC,0           Finished delaying BFM access
%%     1252327.5 ns  Log    ID_BFM              I2C_VVC,1           i2c_slave_transmit((x"64"))=> (x"64"). ' 'Slave to Master transmit'  [30]'
%%     1252327.5 ns  Log    ID_INSERTED_DELAY   I2C_VVC,1           Delaying BFM access until time 1254172500 ps.
%%     1252832.5 ns  Log    ID_BFM              I2C_VVC,0           i2c_master_check(A:x"055", (x"64"))=> OK, read data = (x"64"). ' 'Slave to Master check'  [31]'
%%     1252832.5 ns  Log    ID_INSERTED_DELAY   I2C_VVC,0           Delaying BFM access until time 1254172500 ps.
%%     1254172.5 ns  Log    ID_INSERTED_DELAY   I2C_VVC,1           Finished delaying BFM access
%%     1254172.5 ns  Log    ID_INSERTED_DELAY   I2C_VVC,0           Finished delaying BFM access
%%     1275427.5 ns  Log    ID_BFM              I2C_VVC,1           i2c_slave_transmit((x"4F"))=> (x"4F"). ' 'Slave to Master transmit'  [32]'
%%     1275427.5 ns  Log    ID_INSERTED_DELAY   I2C_VVC,1           Delaying BFM access until time 1277272500 ps.
%%     1275932.5 ns  Log    ID_BFM              I2C_VVC,0           i2c_master_check(A:x"055", (x"4F"))=> OK, read data = (x"4F"). ' 'Slave to Master check'  [33]'
%%     1275932.5 ns  Log    ID_INSERTED_DELAY   I2C_VVC,0           Delaying BFM access until time 1277272500 ps.
%%     1277272.5 ns  Log    ID_INSERTED_DELAY   I2C_VVC,1           Finished delaying BFM access
%%     1277272.5 ns  Log    ID_INSERTED_DELAY   I2C_VVC,0           Finished delaying BFM access
%%     1298527.5 ns  Log    ID_BFM              I2C_VVC,1           i2c_slave_transmit((x"21"))=> (x"21"). ' 'Slave to Master transmit'  [34]'
%%     1298527.5 ns  Log    ID_INSERTED_DELAY   I2C_VVC,1           Delaying BFM access until time 1300372500 ps.
%%     1299032.5 ns  Log    ID_BFM              I2C_VVC,0           i2c_master_check(A:x"055", (x"21"))=> OK, read data = (x"21"). ' 'Slave to Master check'  [35]'
%%     1299032.5 ns  Log    ID_INSERTED_DELAY   I2C_VVC,0           Delaying BFM access until time 1300372500 ps.
%%     1300372.5 ns  Log    ID_INSERTED_DELAY   I2C_VVC,1           Finished delaying BFM access
%%     1300372.5 ns  Log    ID_INSERTED_DELAY   I2C_VVC,0           Finished delaying BFM access
%%     1321627.5 ns  Log    ID_BFM              I2C_VVC,1           i2c_slave_transmit((x"92"))=> (x"92"). ' 'Slave to Master transmit'  [36]'
%%     1321627.5 ns  Log    ID_INSERTED_DELAY   I2C_VVC,1           Delaying BFM access until time 1323472500 ps.
%%     1322132.5 ns  Log    ID_BFM              I2C_VVC,0           i2c_master_check(A:x"055", (x"92"))=> OK, read data = (x"92"). ' 'Slave to Master check'  [37]'
%%     1322132.5 ns  Log    ID_INSERTED_DELAY   I2C_VVC,0           Delaying BFM access until time 1323472500 ps.
%%     1323472.5 ns  Log    ID_INSERTED_DELAY   I2C_VVC,1           Finished delaying BFM access
%%     1323472.5 ns  Log    ID_INSERTED_DELAY   I2C_VVC,0           Finished delaying BFM access
%%     1344727.5 ns  Log    ID_BFM              I2C_VVC,1           i2c_slave_transmit((x"60"))=> (x"60"). ' 'Slave to Master transmit'  [38]'
%%     1344727.5 ns  Log    ID_INSERTED_DELAY   I2C_VVC,1           Delaying BFM access until time 1346572500 ps.
%%     1345232.5 ns  Log    ID_BFM              I2C_VVC,0           i2c_master_check(A:x"055", (x"60"))=> OK, read data = (x"60"). ' 'Slave to Master check'  [39]'
%%     1345232.5 ns  Log    ID_INSERTED_DELAY   I2C_VVC,0           Delaying BFM access until time 1346572500 ps.
%%     1346572.5 ns  Log    ID_INSERTED_DELAY   I2C_VVC,1           Finished delaying BFM access
%%     1346572.5 ns  Log    ID_INSERTED_DELAY   I2C_VVC,0           Finished delaying BFM access
%%     1367827.5 ns  Log    ID_BFM              I2C_VVC,1           i2c_slave_transmit((x"7B"))=> (x"7B"). ' 'Slave to Master transmit'  [40]'
%%     1367827.5 ns  Log    ID_INSERTED_DELAY   I2C_VVC,1           Delaying BFM access until time 1369672500 ps.
%%     1368332.5 ns  Log    ID_BFM              I2C_VVC,0           i2c_master_check(A:x"055", (x"7B"))=> OK, read data = (x"7B"). ' 'Slave to Master check'  [41]'
%%     1368332.5 ns  Log    ID_INSERTED_DELAY   I2C_VVC,0           Delaying BFM access until time 1369672500 ps.
%%     1369672.5 ns  Log    ID_INSERTED_DELAY   I2C_VVC,1           Finished delaying BFM access
%%     1369672.5 ns  Log    ID_INSERTED_DELAY   I2C_VVC,0           Finished delaying BFM access
%%     1390927.5 ns  Log    ID_BFM              I2C_VVC,1           i2c_slave_transmit((x"60"))=> (x"60"). ' 'Slave to Master transmit'  [42]'
%%     1390927.5 ns  Log    ID_INSERTED_DELAY   I2C_VVC,1           Delaying BFM access until time 1392772500 ps.
%%     1391432.5 ns  Log    ID_BFM              I2C_VVC,0           i2c_master_check(A:x"055", (x"60"))=> OK, read data = (x"60"). ' 'Slave to Master check'  [43]'
%%     1391432.5 ns  Log    ID_INSERTED_DELAY   I2C_VVC,0           Delaying BFM access until time 1392772500 ps.
%%     1392772.5 ns  Log    ID_INSERTED_DELAY   I2C_VVC,1           Finished delaying BFM access
%%     1392772.5 ns  Log    ID_INSERTED_DELAY   I2C_VVC,0           Finished delaying BFM access
%%     1414027.5 ns  Log    ID_BFM              I2C_VVC,1           i2c_slave_transmit((x"8B"))=> (x"8B"). ' 'Slave to Master transmit'  [44]'
%%     1414027.5 ns  Log    ID_INSERTED_DELAY   I2C_VVC,1           Delaying BFM access until time 1415872500 ps.
%%     1414532.5 ns  Log    ID_BFM              I2C_VVC,0           i2c_master_check(A:x"055", (x"8B"))=> OK, read data = (x"8B"). ' 'Slave to Master check'  [45]'
%%     1414532.5 ns  Log    ID_INSERTED_DELAY   I2C_VVC,0           Delaying BFM access until time 1415872500 ps.
%%     1415872.5 ns  Log    ID_INSERTED_DELAY   I2C_VVC,1           Finished delaying BFM access
%%     1415872.5 ns  Log    ID_INSERTED_DELAY   I2C_VVC,0           Finished delaying BFM access
%%     1437127.5 ns  Log    ID_BFM              I2C_VVC,1           i2c_slave_transmit((x"C5"))=> (x"C5"). ' 'Slave to Master transmit'  [46]'
%%     1437127.5 ns  Log    ID_INSERTED_DELAY   I2C_VVC,1           Delaying BFM access until time 1438972500 ps.
%%     1437632.5 ns  Log    ID_BFM              I2C_VVC,0           i2c_master_check(A:x"055", (x"C5"))=> OK, read data = (x"C5"). ' 'Slave to Master check'  [47]'
%%     1437632.5 ns  Log    ID_INSERTED_DELAY   I2C_VVC,0           Delaying BFM access until time 1438972500 ps.
%%     1438972.5 ns  Log    ID_INSERTED_DELAY   I2C_VVC,1           Finished delaying BFM access
%%     1438972.5 ns  Log    ID_INSERTED_DELAY   I2C_VVC,0           Finished delaying BFM access
%%     1460227.5 ns  Log    ID_BFM              I2C_VVC,1           i2c_slave_transmit((x"88"))=> (x"88"). ' 'Slave to Master transmit'  [48]'
%%     1460227.5 ns  Log    ID_INSERTED_DELAY   I2C_VVC,1           Delaying BFM access until time 1462072500 ps.
%%     1460732.5 ns  Log    ID_BFM              I2C_VVC,0           i2c_master_check(A:x"055", (x"88"))=> OK, read data = (x"88"). ' 'Slave to Master check'  [49]'
%%     1460732.5 ns  Log    ID_INSERTED_DELAY   I2C_VVC,0           Delaying BFM access until time 1462072500 ps.
%%     1462072.5 ns  Log    ID_INSERTED_DELAY   I2C_VVC,1           Finished delaying BFM access
%%     1462072.5 ns  Log    ID_INSERTED_DELAY   I2C_VVC,0           Finished delaying BFM access
%%     1483327.5 ns  Log    ID_BFM              I2C_VVC,1           i2c_slave_transmit((x"06"))=> (x"6"). ' 'Slave to Master transmit'  [50]'
%%     1483327.5 ns  Log    ID_INSERTED_DELAY   I2C_VVC,1           Delaying BFM access until time 1485172500 ps.
%%     1483832.5 ns  Log    ID_BFM              I2C_VVC,0           i2c_master_check(A:x"055", (x"06"))=> OK, read data = (x"6"). ' 'Slave to Master check'  [51]'
%%     1483832.5 ns  Log    ID_INSERTED_DELAY   I2C_VVC,0           Delaying BFM access until time 1485172500 ps.
%%     1485172.5 ns  Log    ID_INSERTED_DELAY   I2C_VVC,1           Finished delaying BFM access
%%     1485172.5 ns  Log    ID_INSERTED_DELAY   I2C_VVC,0           Finished delaying BFM access
%%     1506427.5 ns  Log    ID_BFM              I2C_VVC,1           i2c_slave_transmit((x"5D"))=> (x"5D"). ' 'Slave to Master transmit'  [52]'
%%     1506427.5 ns  Log    ID_INSERTED_DELAY   I2C_VVC,1           Delaying BFM access until time 1508272500 ps.
%%     1506932.5 ns  Log    ID_BFM              I2C_VVC,0           i2c_master_check(A:x"055", (x"5D"))=> OK, read data = (x"5D"). ' 'Slave to Master check'  [53]'
%%     1506932.5 ns  Log    ID_INSERTED_DELAY   I2C_VVC,0           Delaying BFM access until time 1508272500 ps.
%%     1508272.5 ns  Log    ID_INSERTED_DELAY   I2C_VVC,1           Finished delaying BFM access
%%     1508272.5 ns  Log    ID_INSERTED_DELAY   I2C_VVC,0           Finished delaying BFM access
%%     1529527.5 ns  Log    ID_BFM              I2C_VVC,1           i2c_slave_transmit((x"56"))=> (x"56"). ' 'Slave to Master transmit'  [54]'
%%     1529527.5 ns  Log    ID_INSERTED_DELAY   I2C_VVC,1           Delaying BFM access until time 1531372500 ps.
%%     1530032.5 ns  Log    ID_BFM              I2C_VVC,0           i2c_master_check(A:x"055", (x"56"))=> OK, read data = (x"56"). ' 'Slave to Master check'  [55]'
%%     1530032.5 ns  Log    ID_INSERTED_DELAY   I2C_VVC,0           Delaying BFM access until time 1531372500 ps.
%%     1531372.5 ns  Log    ID_INSERTED_DELAY   I2C_VVC,1           Finished delaying BFM access
%%     1531372.5 ns  Log    ID_INSERTED_DELAY   I2C_VVC,0           Finished delaying BFM access
%%     1552627.5 ns  Log    ID_BFM              I2C_VVC,1           i2c_slave_transmit((x"65"))=> (x"65"). ' 'Slave to Master transmit'  [56]'
%%     1552627.5 ns  Log    ID_INSERTED_DELAY   I2C_VVC,1           Delaying BFM access until time 1554472500 ps.
%%     1553132.5 ns  Log    ID_BFM              I2C_VVC,0           i2c_master_check(A:x"055", (x"65"))=> OK, read data = (x"65"). ' 'Slave to Master check'  [57]'
%%     1553132.5 ns  Log    ID_INSERTED_DELAY   I2C_VVC,0           Delaying BFM access until time 1554472500 ps.
%%     1554472.5 ns  Log    ID_INSERTED_DELAY   I2C_VVC,1           Finished delaying BFM access
%%     1554472.5 ns  Log    ID_INSERTED_DELAY   I2C_VVC,0           Finished delaying BFM access
%%     1575727.5 ns  Log    ID_BFM              I2C_VVC,1           i2c_slave_transmit((x"6B"))=> (x"6B"). ' 'Slave to Master transmit'  [58]'
%%     1575727.5 ns  Log    ID_INSERTED_DELAY   I2C_VVC,1           Delaying BFM access until time 1577572500 ps.
%%     1576232.5 ns  Log    ID_BFM              I2C_VVC,0           i2c_master_check(A:x"055", (x"6B"))=> OK, read data = (x"6B"). ' 'Slave to Master check'  [59]'
%%     1576232.5 ns  Log    ID_INSERTED_DELAY   I2C_VVC,0           Delaying BFM access until time 1577572500 ps.
%%     1577572.5 ns  Log    ID_INSERTED_DELAY   I2C_VVC,1           Finished delaying BFM access
%%     1577572.5 ns  Log    ID_INSERTED_DELAY   I2C_VVC,0           Finished delaying BFM access
%%     1598827.5 ns  Log    ID_BFM              I2C_VVC,1           i2c_slave_transmit((x"1C"))=> (x"1C"). ' 'Slave to Master transmit'  [60]'
%%     1598827.5 ns  Log    ID_INSERTED_DELAY   I2C_VVC,1           Delaying BFM access until time 1600672500 ps.
%%     1599332.5 ns  Log    ID_BFM              I2C_VVC,0           i2c_master_check(A:x"055", (x"1C"))=> OK, read data = (x"1C"). ' 'Slave to Master check'  [61]'
%%     1599332.5 ns  Log    ID_INSERTED_DELAY   I2C_VVC,0           Delaying BFM access until time 1600672500 ps.
%%     1600672.5 ns  Log    ID_INSERTED_DELAY   I2C_VVC,1           Finished delaying BFM access
%%     1600672.5 ns  Log    ID_INSERTED_DELAY   I2C_VVC,0           Finished delaying BFM access
%%     1621927.5 ns  Log    ID_BFM              I2C_VVC,1           i2c_slave_transmit((x"1F"))=> (x"1F"). ' 'Slave to Master transmit'  [62]'
%%     1621927.5 ns  Log    ID_INSERTED_DELAY   I2C_VVC,1           Delaying BFM access until time 1623772500 ps.
%%     1622432.5 ns  Log    ID_BFM              I2C_VVC,0           i2c_master_check(A:x"055", (x"1F"))=> OK, read data = (x"1F"). ' 'Slave to Master check'  [63]'
%%     1622432.5 ns  Log    ID_INSERTED_DELAY   I2C_VVC,0           Delaying BFM access until time 1623772500 ps.
%%     1623772.5 ns  Log    ID_INSERTED_DELAY   I2C_VVC,1           Finished delaying BFM access
%%     1623772.5 ns  Log    ID_INSERTED_DELAY   I2C_VVC,0           Finished delaying BFM access
%%     1645027.5 ns  Log    ID_BFM              I2C_VVC,1           i2c_slave_transmit((x"12"))=> (x"12"). ' 'Slave to Master transmit'  [64]'
%%     1645027.5 ns  Log    ID_INSERTED_DELAY   I2C_VVC,1           Delaying BFM access until time 1646872500 ps.
%%     1645532.5 ns  Log    ID_BFM              I2C_VVC,0           i2c_master_check(A:x"055", (x"12"))=> OK, read data = (x"12"). ' 'Slave to Master check'  [65]'
%%     1645532.5 ns  Log    ID_INSERTED_DELAY   I2C_VVC,0           Delaying BFM access until time 1646872500 ps.
%%     1646872.5 ns  Log    ID_INSERTED_DELAY   I2C_VVC,1           Finished delaying BFM access
%%     1646872.5 ns  Log    ID_INSERTED_DELAY   I2C_VVC,0           Finished delaying BFM access
%%     1668127.5 ns  Log    ID_BFM              I2C_VVC,1           i2c_slave_transmit((x"B1"))=> (x"B1"). ' 'Slave to Master transmit'  [66]'
%%     1668127.5 ns  Log    ID_INSERTED_DELAY   I2C_VVC,1           Delaying BFM access until time 1669972500 ps.
%%     1668632.5 ns  Log    ID_BFM              I2C_VVC,0           i2c_master_check(A:x"055", (x"B1"))=> OK, read data = (x"B1"). ' 'Slave to Master check'  [67]'
%%     1668632.5 ns  Log    ID_INSERTED_DELAY   I2C_VVC,0           Delaying BFM access until time 1669972500 ps.
%%     1669972.5 ns  Log    ID_INSERTED_DELAY   I2C_VVC,1           Finished delaying BFM access
%%     1669972.5 ns  Log    ID_INSERTED_DELAY   I2C_VVC,0           Finished delaying BFM access
%%     1691227.5 ns  Log    ID_BFM              I2C_VVC,1           i2c_slave_transmit((x"B6"))=> (x"B6"). ' 'Slave to Master transmit'  [68]'
%%     1691227.5 ns  Log    ID_INSERTED_DELAY   I2C_VVC,1           Delaying BFM access until time 1693072500 ps.
%%     1691732.5 ns  Log    ID_BFM              I2C_VVC,0           i2c_master_check(A:x"055", (x"B6"))=> OK, read data = (x"B6"). ' 'Slave to Master check'  [69]'
%%     1691732.5 ns  Log    ID_INSERTED_DELAY   I2C_VVC,0           Delaying BFM access until time 1693072500 ps.
%%     1693072.5 ns  Log    ID_INSERTED_DELAY   I2C_VVC,1           Finished delaying BFM access
%%     1693072.5 ns  Log    ID_INSERTED_DELAY   I2C_VVC,0           Finished delaying BFM access
%%     1714327.5 ns  Log    ID_BFM              I2C_VVC,1           i2c_slave_transmit((x"8B"))=> (x"8B"). ' 'Slave to Master transmit'  [70]'
%%     1714327.5 ns  Log    ID_INSERTED_DELAY   I2C_VVC,1           Delaying BFM access until time 1716172500 ps.
%%     1714832.5 ns  Log    ID_BFM              I2C_VVC,0           i2c_master_check(A:x"055", (x"8B"))=> OK, read data = (x"8B"). ' 'Slave to Master check'  [71]'
%%     1714832.5 ns  Log    ID_INSERTED_DELAY   I2C_VVC,0           Delaying BFM access until time 1716172500 ps.
%%     1716172.5 ns  Log    ID_INSERTED_DELAY   I2C_VVC,1           Finished delaying BFM access
%%     1716172.5 ns  Log    ID_INSERTED_DELAY   I2C_VVC,0           Finished delaying BFM access
%%     1737427.5 ns  Log    ID_BFM              I2C_VVC,1           i2c_slave_transmit((x"BB"))=> (x"BB"). ' 'Slave to Master transmit'  [72]'
%%     1737427.5 ns  Log    ID_INSERTED_DELAY   I2C_VVC,1           Delaying BFM access until time 1739272500 ps.
%%     1737932.5 ns  Log    ID_BFM              I2C_VVC,0           i2c_master_check(A:x"055", (x"BB"))=> OK, read data = (x"BB"). ' 'Slave to Master check'  [73]'
%%     1737932.5 ns  Log    ID_INSERTED_DELAY   I2C_VVC,0           Delaying BFM access until time 1739272500 ps.
%%     1739272.5 ns  Log    ID_INSERTED_DELAY   I2C_VVC,1           Finished delaying BFM access
%%     1739272.5 ns  Log    ID_INSERTED_DELAY   I2C_VVC,0           Finished delaying BFM access
%%     1760527.5 ns  Log    ID_BFM              I2C_VVC,1           i2c_slave_transmit((x"8E"))=> (x"8E"). ' 'Slave to Master transmit'  [74]'
%%     1760527.5 ns  Log    ID_INSERTED_DELAY   I2C_VVC,1           Delaying BFM access until time 1762372500 ps.
%%     1761032.5 ns  Log    ID_BFM              I2C_VVC,0           i2c_master_check(A:x"055", (x"8E"))=> OK, read data = (x"8E"). ' 'Slave to Master check'  [75]'
%%     1761032.5 ns  Log    ID_INSERTED_DELAY   I2C_VVC,0           Delaying BFM access until time 1762372500 ps.
%%     1762372.5 ns  Log    ID_INSERTED_DELAY   I2C_VVC,1           Finished delaying BFM access
%%     1762372.5 ns  Log    ID_INSERTED_DELAY   I2C_VVC,0           Finished delaying BFM access
%%     1783627.5 ns  Log    ID_BFM              I2C_VVC,1           i2c_slave_transmit((x"71"))=> (x"71"). ' 'Slave to Master transmit'  [76]'
%%     1783627.5 ns  Log    ID_INSERTED_DELAY   I2C_VVC,1           Delaying BFM access until time 1785472500 ps.
%%     1784132.5 ns  Log    ID_BFM              I2C_VVC,0           i2c_master_check(A:x"055", (x"71"))=> OK, read data = (x"71"). ' 'Slave to Master check'  [77]'
%%     1784132.5 ns  Log    ID_INSERTED_DELAY   I2C_VVC,0           Delaying BFM access until time 1785472500 ps.
%%     1785472.5 ns  Log    ID_INSERTED_DELAY   I2C_VVC,1           Finished delaying BFM access
%%     1785472.5 ns  Log    ID_INSERTED_DELAY   I2C_VVC,0           Finished delaying BFM access
%%     1806727.5 ns  Log    ID_BFM              I2C_VVC,1           i2c_slave_transmit((x"A2"))=> (x"A2"). ' 'Slave to Master transmit'  [78]'
%%     1806727.5 ns  Log    ID_INSERTED_DELAY   I2C_VVC,1           Delaying BFM access until time 1808572500 ps.
%%     1807232.5 ns  Log    ID_BFM              I2C_VVC,0           i2c_master_check(A:x"055", (x"A2"))=> OK, read data = (x"A2"). ' 'Slave to Master check'  [79]'
%%     1807232.5 ns  Log    ID_INSERTED_DELAY   I2C_VVC,0           Delaying BFM access until time 1808572500 ps.
%%     1808572.5 ns  Log    ID_INSERTED_DELAY   I2C_VVC,1           Finished delaying BFM access
%%     1808572.5 ns  Log    ID_INSERTED_DELAY   I2C_VVC,0           Finished delaying BFM access
%%     1829827.5 ns  Log    ID_BFM              I2C_VVC,1           i2c_slave_transmit((x"EE"))=> (x"EE"). ' 'Slave to Master transmit'  [80]'
%%     1829827.5 ns  Log    ID_INSERTED_DELAY   I2C_VVC,1           Delaying BFM access until time 1831672500 ps.
%%     1830332.5 ns  Log    ID_BFM              I2C_VVC,0           i2c_master_check(A:x"055", (x"EE"))=> OK, read data = (x"EE"). ' 'Slave to Master check'  [81]'
%%     1830332.5 ns  Log    ID_INSERTED_DELAY   I2C_VVC,0           Delaying BFM access until time 1831672500 ps.
%%     1831672.5 ns  Log    ID_INSERTED_DELAY   I2C_VVC,1           Finished delaying BFM access
%%     1831672.5 ns  Log    ID_INSERTED_DELAY   I2C_VVC,0           Finished delaying BFM access
%%     1852927.5 ns  Log    ID_BFM              I2C_VVC,1           i2c_slave_transmit((x"50"))=> (x"50"). ' 'Slave to Master transmit'  [82]'
%%     1852927.5 ns  Log    ID_INSERTED_DELAY   I2C_VVC,1           Delaying BFM access until time 1854772500 ps.
%%     1853432.5 ns  Log    ID_BFM              I2C_VVC,0           i2c_master_check(A:x"055", (x"50"))=> OK, read data = (x"50"). ' 'Slave to Master check'  [83]'
%%     1853432.5 ns  Log    ID_INSERTED_DELAY   I2C_VVC,0           Delaying BFM access until time 1854772500 ps.
%%     1854772.5 ns  Log    ID_INSERTED_DELAY   I2C_VVC,1           Finished delaying BFM access
%%     1854772.5 ns  Log    ID_INSERTED_DELAY   I2C_VVC,0           Finished delaying BFM access
%%     1876027.5 ns  Log    ID_BFM              I2C_VVC,1           i2c_slave_transmit((x"FF"))=> (x"FF"). ' 'Slave to Master transmit'  [84]'
%%     1876027.5 ns  Log    ID_INSERTED_DELAY   I2C_VVC,1           Delaying BFM access until time 1877872500 ps.
%%     1876532.5 ns  Log    ID_BFM              I2C_VVC,0           i2c_master_check(A:x"055", (x"FF"))=> OK, read data = (x"FF"). ' 'Slave to Master check'  [85]'
%%     1876532.5 ns  Log    ID_INSERTED_DELAY   I2C_VVC,0           Delaying BFM access until time 1877872500 ps.
%%     1877872.5 ns  Log    ID_INSERTED_DELAY   I2C_VVC,1           Finished delaying BFM access
%%     1877872.5 ns  Log    ID_INSERTED_DELAY   I2C_VVC,0           Finished delaying BFM access
%%     1899127.5 ns  Log    ID_BFM              I2C_VVC,1           i2c_slave_transmit((x"B7"))=> (x"B7"). ' 'Slave to Master transmit'  [86]'
%%     1899127.5 ns  Log    ID_INSERTED_DELAY   I2C_VVC,1           Delaying BFM access until time 1900972500 ps.
%%     1899632.5 ns  Log    ID_BFM              I2C_VVC,0           i2c_master_check(A:x"055", (x"B7"))=> OK, read data = (x"B7"). ' 'Slave to Master check'  [87]'
%%     1899632.5 ns  Log    ID_INSERTED_DELAY   I2C_VVC,0           Delaying BFM access until time 1900972500 ps.
%%     1900972.5 ns  Log    ID_INSERTED_DELAY   I2C_VVC,1           Finished delaying BFM access
%%     1900972.5 ns  Log    ID_INSERTED_DELAY   I2C_VVC,0           Finished delaying BFM access
%%     1922227.5 ns  Log    ID_BFM              I2C_VVC,1           i2c_slave_transmit((x"51"))=> (x"51"). ' 'Slave to Master transmit'  [88]'
%%     1922227.5 ns  Log    ID_INSERTED_DELAY   I2C_VVC,1           Delaying BFM access until time 1924072500 ps.
%%     1922732.5 ns  Log    ID_BFM              I2C_VVC,0           i2c_master_check(A:x"055", (x"51"))=> OK, read data = (x"51"). ' 'Slave to Master check'  [89]'
%%     1922732.5 ns  Log    ID_INSERTED_DELAY   I2C_VVC,0           Delaying BFM access until time 1924072500 ps.
%%     1924072.5 ns  Log    ID_INSERTED_DELAY   I2C_VVC,1           Finished delaying BFM access
%%     1924072.5 ns  Log    ID_INSERTED_DELAY   I2C_VVC,0           Finished delaying BFM access
%%     1945327.5 ns  Log    ID_BFM              I2C_VVC,1           i2c_slave_transmit((x"2F"))=> (x"2F"). ' 'Slave to Master transmit'  [90]'
%%     1945327.5 ns  Log    ID_INSERTED_DELAY   I2C_VVC,1           Delaying BFM access until time 1947172500 ps.
%%     1945832.5 ns  Log    ID_BFM              I2C_VVC,0           i2c_master_check(A:x"055", (x"2F"))=> OK, read data = (x"2F"). ' 'Slave to Master check'  [91]'
%%     1945832.5 ns  Log    ID_INSERTED_DELAY   I2C_VVC,0           Delaying BFM access until time 1947172500 ps.
%%     1947172.5 ns  Log    ID_INSERTED_DELAY   I2C_VVC,1           Finished delaying BFM access
%%     1947172.5 ns  Log    ID_INSERTED_DELAY   I2C_VVC,0           Finished delaying BFM access
%%     1968427.5 ns  Log    ID_BFM              I2C_VVC,1           i2c_slave_transmit((x"AC"))=> (x"AC"). ' 'Slave to Master transmit'  [92]'
%%     1968427.5 ns  Log    ID_INSERTED_DELAY   I2C_VVC,1           Delaying BFM access until time 1970272500 ps.
%%     1968932.5 ns  Log    ID_BFM              I2C_VVC,0           i2c_master_check(A:x"055", (x"AC"))=> OK, read data = (x"AC"). ' 'Slave to Master check'  [93]'
%%     1968932.5 ns  Log    ID_INSERTED_DELAY   I2C_VVC,0           Delaying BFM access until time 1970272500 ps.
%%     1970272.5 ns  Log    ID_INSERTED_DELAY   I2C_VVC,1           Finished delaying BFM access
%%     1970272.5 ns  Log    ID_INSERTED_DELAY   I2C_VVC,0           Finished delaying BFM access
%%     1991527.5 ns  Log    ID_BFM              I2C_VVC,1           i2c_slave_transmit((x"10"))=> (x"10"). ' 'Slave to Master transmit'  [94]'
%%     1991527.5 ns  Log    ID_INSERTED_DELAY   I2C_VVC,1           Delaying BFM access until time 1993372500 ps.
%%     1992032.5 ns  Log    ID_BFM              I2C_VVC,0           i2c_master_check(A:x"055", (x"10"))=> OK, read data = (x"10"). ' 'Slave to Master check'  [95]'
%%     1992032.5 ns  Log    ID_INSERTED_DELAY   I2C_VVC,0           Delaying BFM access until time 1993372500 ps.
%%     1993372.5 ns  Log    ID_INSERTED_DELAY   I2C_VVC,1           Finished delaying BFM access
%%     1993372.5 ns  Log    ID_INSERTED_DELAY   I2C_VVC,0           Finished delaying BFM access
%%     2014627.5 ns  Log    ID_BFM              I2C_VVC,1           i2c_slave_transmit((x"09"))=> (x"9"). ' 'Slave to Master transmit'  [96]'
%%     2014627.5 ns  Log    ID_INSERTED_DELAY   I2C_VVC,1           Delaying BFM access until time 2016472500 ps.
%%     2015132.5 ns  Log    ID_BFM              I2C_VVC,0           i2c_master_check(A:x"055", (x"09"))=> OK, read data = (x"9"). ' 'Slave to Master check'  [97]'
%%     2015132.5 ns  Log    ID_INSERTED_DELAY   I2C_VVC,0           Delaying BFM access until time 2016472500 ps.
%%     2016472.5 ns  Log    ID_INSERTED_DELAY   I2C_VVC,1           Finished delaying BFM access
%%     2016472.5 ns  Log    ID_INSERTED_DELAY   I2C_VVC,0           Finished delaying BFM access
%%     2037727.5 ns  Log    ID_BFM              I2C_VVC,1           i2c_slave_transmit((x"99"))=> (x"99"). ' 'Slave to Master transmit'  [98]'
%%     2037727.5 ns  Log    ID_INSERTED_DELAY   I2C_VVC,1           Delaying BFM access until time 2039572500 ps.
%%     2038232.5 ns  Log    ID_BFM              I2C_VVC,0           i2c_master_check(A:x"055", (x"99"))=> OK, read data = (x"99"). ' 'Slave to Master check'  [99]'
%%     2038232.5 ns  Log    ID_INSERTED_DELAY   I2C_VVC,0           Delaying BFM access until time 2039572500 ps.
%%     2039572.5 ns  Log    ID_INSERTED_DELAY   I2C_VVC,1           Finished delaying BFM access
%%     2039572.5 ns  Log    ID_INSERTED_DELAY   I2C_VVC,0           Finished delaying BFM access
%%     2060827.5 ns  Log    ID_BFM              I2C_VVC,1           i2c_slave_transmit((x"F7"))=> (x"F7"). ' 'Slave to Master transmit'  [100]'
%%     2060827.5 ns  Log    ID_INSERTED_DELAY   I2C_VVC,1           Delaying BFM access until time 2062672500 ps.
%%     2061332.5 ns  Log    ID_BFM              I2C_VVC,0           i2c_master_check(A:x"055", (x"F7"))=> OK, read data = (x"F7"). ' 'Slave to Master check'  [101]'
%%     2061332.5 ns  Log    ID_INSERTED_DELAY   I2C_VVC,0           Delaying BFM access until time 2062672500 ps.
%%     2062672.5 ns  Log    ID_INSERTED_DELAY   I2C_VVC,1           Finished delaying BFM access
%%     2062672.5 ns  Log    ID_INSERTED_DELAY   I2C_VVC,0           Finished delaying BFM access
%%     2083927.5 ns  Log    ID_BFM              I2C_VVC,1           i2c_slave_transmit((x"3A"))=> (x"3A"). ' 'Slave to Master transmit'  [102]'
%%     2083927.5 ns  Log    ID_INSERTED_DELAY   I2C_VVC,1           Delaying BFM access until time 2085772500 ps.
%%     2084432.5 ns  Log    ID_BFM              I2C_VVC,0           i2c_master_check(A:x"055", (x"3A"))=> OK, read data = (x"3A"). ' 'Slave to Master check'  [103]'
%%     2084432.5 ns  Log    ID_INSERTED_DELAY   I2C_VVC,0           Delaying BFM access until time 2085772500 ps.
%%     2085772.5 ns  Log    ID_INSERTED_DELAY   I2C_VVC,1           Finished delaying BFM access
%%     2085772.5 ns  Log    ID_INSERTED_DELAY   I2C_VVC,0           Finished delaying BFM access
%%     2107027.5 ns  Log    ID_BFM              I2C_VVC,1           i2c_slave_transmit((x"00"))=> (x"00"). ' 'Slave to Master transmit'  [104]'
%%     2107027.5 ns  Log    ID_INSERTED_DELAY   I2C_VVC,1           Delaying BFM access until time 2108872500 ps.
%%     2107532.5 ns  Log    ID_BFM              I2C_VVC,0           i2c_master_check(A:x"055", (x"00"))=> OK, read data = (x"00"). ' 'Slave to Master check'  [105]'
%%     2107532.5 ns  Log    ID_INSERTED_DELAY   I2C_VVC,0           Delaying BFM access until time 2108872500 ps.
%%     2108872.5 ns  Log    ID_INSERTED_DELAY   I2C_VVC,1           Finished delaying BFM access
%%     2108872.5 ns  Log    ID_INSERTED_DELAY   I2C_VVC,0           Finished delaying BFM access
%%     2130127.5 ns  Log    ID_BFM              I2C_VVC,1           i2c_slave_transmit((x"ED"))=> (x"ED"). ' 'Slave to Master transmit'  [106]'
%%     2130127.5 ns  Log    ID_INSERTED_DELAY   I2C_VVC,1           Delaying BFM access until time 2131972500 ps.
%%     2130632.5 ns  Log    ID_BFM              I2C_VVC,0           i2c_master_check(A:x"055", (x"ED"))=> OK, read data = (x"ED"). ' 'Slave to Master check'  [107]'
%%     2130632.5 ns  Log    ID_INSERTED_DELAY   I2C_VVC,0           Delaying BFM access until time 2131972500 ps.
%%     2131972.5 ns  Log    ID_INSERTED_DELAY   I2C_VVC,1           Finished delaying BFM access
%%     2131972.5 ns  Log    ID_INSERTED_DELAY   I2C_VVC,0           Finished delaying BFM access
%%     2153227.5 ns  Log    ID_BFM              I2C_VVC,1           i2c_slave_transmit((x"C1"))=> (x"C1"). ' 'Slave to Master transmit'  [108]'
%%     2153227.5 ns  Log    ID_INSERTED_DELAY   I2C_VVC,1           Delaying BFM access until time 2155072500 ps.
%%     2153732.5 ns  Log    ID_BFM              I2C_VVC,0           i2c_master_check(A:x"055", (x"C1"))=> OK, read data = (x"C1"). ' 'Slave to Master check'  [109]'
%%     2153732.5 ns  Log    ID_INSERTED_DELAY   I2C_VVC,0           Delaying BFM access until time 2155072500 ps.
%%     2155072.5 ns  Log    ID_INSERTED_DELAY   I2C_VVC,1           Finished delaying BFM access
%%     2155072.5 ns  Log    ID_INSERTED_DELAY   I2C_VVC,0           Finished delaying BFM access
%%     2176327.5 ns  Log    ID_BFM              I2C_VVC,1           i2c_slave_transmit((x"3B"))=> (x"3B"). ' 'Slave to Master transmit'  [110]'
%%     2176327.5 ns  Log    ID_INSERTED_DELAY   I2C_VVC,1           Delaying BFM access until time 2178172500 ps.
%%     2176832.5 ns  Log    ID_BFM              I2C_VVC,0           i2c_master_check(A:x"055", (x"3B"))=> OK, read data = (x"3B"). ' 'Slave to Master check'  [111]'
%%     2176832.5 ns  Log    ID_INSERTED_DELAY   I2C_VVC,0           Delaying BFM access until time 2178172500 ps.
%%     2178172.5 ns  Log    ID_INSERTED_DELAY   I2C_VVC,1           Finished delaying BFM access
%%     2178172.5 ns  Log    ID_INSERTED_DELAY   I2C_VVC,0           Finished delaying BFM access
%%     2199427.5 ns  Log    ID_BFM              I2C_VVC,1           i2c_slave_transmit((x"40"))=> (x"40"). ' 'Slave to Master transmit'  [112]'
%%     2199427.5 ns  Log    ID_INSERTED_DELAY   I2C_VVC,1           Delaying BFM access until time 2201272500 ps.
%%     2199932.5 ns  Log    ID_BFM              I2C_VVC,0           i2c_master_check(A:x"055", (x"40"))=> OK, read data = (x"40"). ' 'Slave to Master check'  [113]'
%%     2199932.5 ns  Log    ID_INSERTED_DELAY   I2C_VVC,0           Delaying BFM access until time 2201272500 ps.
%%     2201272.5 ns  Log    ID_INSERTED_DELAY   I2C_VVC,1           Finished delaying BFM access
%%     2201272.5 ns  Log    ID_INSERTED_DELAY   I2C_VVC,0           Finished delaying BFM access
%%     2222527.5 ns  Log    ID_BFM              I2C_VVC,1           i2c_slave_transmit((x"D5"))=> (x"D5"). ' 'Slave to Master transmit'  [114]'
%%     2222527.5 ns  Log    ID_INSERTED_DELAY   I2C_VVC,1           Delaying BFM access until time 2224372500 ps.
%%     2223032.5 ns  Log    ID_BFM              I2C_VVC,0           i2c_master_check(A:x"055", (x"D5"))=> OK, read data = (x"D5"). ' 'Slave to Master check'  [115]'
%%     2223032.5 ns  Log    ID_INSERTED_DELAY   I2C_VVC,0           Delaying BFM access until time 2224372500 ps.
%%     2224372.5 ns  Log    ID_INSERTED_DELAY   I2C_VVC,1           Finished delaying BFM access
%%     2224372.5 ns  Log    ID_INSERTED_DELAY   I2C_VVC,0           Finished delaying BFM access
%%     2245627.5 ns  Log    ID_BFM              I2C_VVC,1           i2c_slave_transmit((x"DC"))=> (x"DC"). ' 'Slave to Master transmit'  [116]'
%%     2245627.5 ns  Log    ID_INSERTED_DELAY   I2C_VVC,1           Delaying BFM access until time 2247472500 ps.
%%     2246132.5 ns  Log    ID_BFM              I2C_VVC,0           i2c_master_check(A:x"055", (x"DC"))=> OK, read data = (x"DC"). ' 'Slave to Master check'  [117]'
%%     2246132.5 ns  Log    ID_INSERTED_DELAY   I2C_VVC,0           Delaying BFM access until time 2247472500 ps.
%%     2247472.5 ns  Log    ID_INSERTED_DELAY   I2C_VVC,1           Finished delaying BFM access
%%     2247472.5 ns  Log    ID_INSERTED_DELAY   I2C_VVC,0           Finished delaying BFM access
%%     2268727.5 ns  Log    ID_BFM              I2C_VVC,1           i2c_slave_transmit((x"E6"))=> (x"E6"). ' 'Slave to Master transmit'  [118]'
%%     2268727.5 ns  Log    ID_INSERTED_DELAY   I2C_VVC,1           Delaying BFM access until time 2270572500 ps.
%%     2269232.5 ns  Log    ID_BFM              I2C_VVC,0           i2c_master_check(A:x"055", (x"E6"))=> OK, read data = (x"E6"). ' 'Slave to Master check'  [119]'
%%     2269232.5 ns  Log    ID_INSERTED_DELAY   I2C_VVC,0           Delaying BFM access until time 2270572500 ps.
%%     2270572.5 ns  Log    ID_INSERTED_DELAY   I2C_VVC,1           Finished delaying BFM access
%%     2270572.5 ns  Log    ID_INSERTED_DELAY   I2C_VVC,0           Finished delaying BFM access
%%     2291827.5 ns  Log    ID_BFM              I2C_VVC,1           i2c_slave_transmit((x"A6"))=> (x"A6"). ' 'Slave to Master transmit'  [120]'
%%     2291827.5 ns  Log    ID_INSERTED_DELAY   I2C_VVC,1           Delaying BFM access until time 2293672500 ps.
%%     2292332.5 ns  Log    ID_BFM              I2C_VVC,0           i2c_master_check(A:x"055", (x"A6"))=> OK, read data = (x"A6"). ' 'Slave to Master check'  [121]'
%%     2292332.5 ns  Log    ID_INSERTED_DELAY   I2C_VVC,0           Delaying BFM access until time 2293672500 ps.
%%     2293672.5 ns  Log    ID_INSERTED_DELAY   I2C_VVC,1           Finished delaying BFM access
%%     2293672.5 ns  Log    ID_INSERTED_DELAY   I2C_VVC,0           Finished delaying BFM access
%%     2314927.5 ns  Log    ID_BFM              I2C_VVC,1           i2c_slave_transmit((x"1F"))=> (x"1F"). ' 'Slave to Master transmit'  [122]'
%%     2314927.5 ns  Log    ID_INSERTED_DELAY   I2C_VVC,1           Delaying BFM access until time 2316772500 ps.
%%     2315432.5 ns  Log    ID_BFM              I2C_VVC,0           i2c_master_check(A:x"055", (x"1F"))=> OK, read data = (x"1F"). ' 'Slave to Master check'  [123]'
%%     2315432.5 ns  Log    ID_INSERTED_DELAY   I2C_VVC,0           Delaying BFM access until time 2316772500 ps.
%%     2316772.5 ns  Log    ID_INSERTED_DELAY   I2C_VVC,1           Finished delaying BFM access
%%     2316772.5 ns  Log    ID_INSERTED_DELAY   I2C_VVC,0           Finished delaying BFM access
%%     2338027.5 ns  Log    ID_BFM              I2C_VVC,1           i2c_slave_transmit((x"E3"))=> (x"E3"). ' 'Slave to Master transmit'  [124]'
%%     2338027.5 ns  Log    ID_INSERTED_DELAY   I2C_VVC,1           Delaying BFM access until time 2339872500 ps.
%%     2338532.5 ns  Log    ID_BFM              I2C_VVC,0           i2c_master_check(A:x"055", (x"E3"))=> OK, read data = (x"E3"). ' 'Slave to Master check'  [125]'
%%     2338532.5 ns  Log    ID_INSERTED_DELAY   I2C_VVC,0           Delaying BFM access until time 2339872500 ps.
%%     2339872.5 ns  Log    ID_INSERTED_DELAY   I2C_VVC,1           Finished delaying BFM access
%%     2339872.5 ns  Log    ID_INSERTED_DELAY   I2C_VVC,0           Finished delaying BFM access
%%     2361127.5 ns  Log    ID_BFM              I2C_VVC,1           i2c_slave_transmit((x"D8"))=> (x"D8"). ' 'Slave to Master transmit'  [126]'
%%     2361127.5 ns  Log    ID_INSERTED_DELAY   I2C_VVC,1           Delaying BFM access until time 2362972500 ps.
%%     2361632.5 ns  Log    ID_BFM              I2C_VVC,0           i2c_master_check(A:x"055", (x"D8"))=> OK, read data = (x"D8"). ' 'Slave to Master check'  [127]'
%%     2361632.5 ns  Log    ID_INSERTED_DELAY   I2C_VVC,0           Delaying BFM access until time 2362972500 ps.
%%     2362972.5 ns  Log    ID_INSERTED_DELAY   I2C_VVC,1           Finished delaying BFM access
%%     2362972.5 ns  Log    ID_INSERTED_DELAY   I2C_VVC,0           Finished delaying BFM access
%%     2384227.5 ns  Log    ID_BFM              I2C_VVC,1           i2c_slave_transmit((x"04"))=> (x"4"). ' 'Slave to Master transmit'  [128]'
%%     2384227.5 ns  Log    ID_INSERTED_DELAY   I2C_VVC,1           Delaying BFM access until time 2386072500 ps.
%%     2384732.5 ns  Log    ID_BFM              I2C_VVC,0           i2c_master_check(A:x"055", (x"04"))=> OK, read data = (x"4"). ' 'Slave to Master check'  [129]'
%%     2384732.5 ns  Log    ID_INSERTED_DELAY   I2C_VVC,0           Delaying BFM access until time 2386072500 ps.
%%     2386072.5 ns  Log    ID_INSERTED_DELAY   I2C_VVC,1           Finished delaying BFM access
%%     2386072.5 ns  Log    ID_INSERTED_DELAY   I2C_VVC,0           Finished delaying BFM access
%%     2407327.5 ns  Log    ID_BFM              I2C_VVC,1           i2c_slave_transmit((x"C4"))=> (x"C4"). ' 'Slave to Master transmit'  [130]'
%%     2407327.5 ns  Log    ID_INSERTED_DELAY   I2C_VVC,1           Delaying BFM access until time 2409172500 ps.
%%     2407832.5 ns  Log    ID_BFM              I2C_VVC,0           i2c_master_check(A:x"055", (x"C4"))=> OK, read data = (x"C4"). ' 'Slave to Master check'  [131]'
%%     2407832.5 ns  Log    ID_INSERTED_DELAY   I2C_VVC,0           Delaying BFM access until time 2409172500 ps.
%%     2409172.5 ns  Log    ID_INSERTED_DELAY   I2C_VVC,1           Finished delaying BFM access
%%     2409172.5 ns  Log    ID_INSERTED_DELAY   I2C_VVC,0           Finished delaying BFM access
%%     2430427.5 ns  Log    ID_BFM              I2C_VVC,1           i2c_slave_transmit((x"EA"))=> (x"EA"). ' 'Slave to Master transmit'  [132]'
%%     2430427.5 ns  Log    ID_INSERTED_DELAY   I2C_VVC,1           Delaying BFM access until time 2432272500 ps.
%%     2430932.5 ns  Log    ID_BFM              I2C_VVC,0           i2c_master_check(A:x"055", (x"EA"))=> OK, read data = (x"EA"). ' 'Slave to Master check'  [133]'
%%     2430932.5 ns  Log    ID_INSERTED_DELAY   I2C_VVC,0           Delaying BFM access until time 2432272500 ps.
%%     2432272.5 ns  Log    ID_INSERTED_DELAY   I2C_VVC,1           Finished delaying BFM access
%%     2432272.5 ns  Log    ID_INSERTED_DELAY   I2C_VVC,0           Finished delaying BFM access
%%     2453527.5 ns  Log    ID_BFM              I2C_VVC,1           i2c_slave_transmit((x"63"))=> (x"63"). ' 'Slave to Master transmit'  [134]'
%%     2453527.5 ns  Log    ID_INSERTED_DELAY   I2C_VVC,1           Delaying BFM access until time 2455372500 ps.
%%     2454032.5 ns  Log    ID_BFM              I2C_VVC,0           i2c_master_check(A:x"055", (x"63"))=> OK, read data = (x"63"). ' 'Slave to Master check'  [135]'
%%     2454032.5 ns  Log    ID_INSERTED_DELAY   I2C_VVC,0           Delaying BFM access until time 2455372500 ps.
%%     2455372.5 ns  Log    ID_INSERTED_DELAY   I2C_VVC,1           Finished delaying BFM access
%%     2455372.5 ns  Log    ID_INSERTED_DELAY   I2C_VVC,0           Finished delaying BFM access
%%     2476627.5 ns  Log    ID_BFM              I2C_VVC,1           i2c_slave_transmit((x"2C"))=> (x"2C"). ' 'Slave to Master transmit'  [136]'
%%     2476627.5 ns  Log    ID_INSERTED_DELAY   I2C_VVC,1           Delaying BFM access until time 2478472500 ps.
%%     2477132.5 ns  Log    ID_BFM              I2C_VVC,0           i2c_master_check(A:x"055", (x"2C"))=> OK, read data = (x"2C"). ' 'Slave to Master check'  [137]'
%%     2477132.5 ns  Log    ID_INSERTED_DELAY   I2C_VVC,0           Delaying BFM access until time 2478472500 ps.
%%     2478472.5 ns  Log    ID_INSERTED_DELAY   I2C_VVC,1           Finished delaying BFM access
%%     2478472.5 ns  Log    ID_INSERTED_DELAY   I2C_VVC,0           Finished delaying BFM access
%%     2499727.5 ns  Log    ID_BFM              I2C_VVC,1           i2c_slave_transmit((x"D0"))=> (x"D0"). ' 'Slave to Master transmit'  [138]'
%%     2499727.5 ns  Log    ID_INSERTED_DELAY   I2C_VVC,1           Delaying BFM access until time 2501572500 ps.
%%     2500232.5 ns  Log    ID_BFM              I2C_VVC,0           i2c_master_check(A:x"055", (x"D0"))=> OK, read data = (x"D0"). ' 'Slave to Master check'  [139]'
%%     2500232.5 ns  Log    ID_INSERTED_DELAY   I2C_VVC,0           Delaying BFM access until time 2501572500 ps.
%%     2501572.5 ns  Log    ID_INSERTED_DELAY   I2C_VVC,1           Finished delaying BFM access
%%     2501572.5 ns  Log    ID_INSERTED_DELAY   I2C_VVC,0           Finished delaying BFM access
%%     2522827.5 ns  Log    ID_BFM              I2C_VVC,1           i2c_slave_transmit((x"02"))=> (x"2"). ' 'Slave to Master transmit'  [140]'
%%     2522827.5 ns  Log    ID_INSERTED_DELAY   I2C_VVC,1           Delaying BFM access until time 2524672500 ps.
%%     2523332.5 ns  Log    ID_BFM              I2C_VVC,0           i2c_master_check(A:x"055", (x"02"))=> OK, read data = (x"2"). ' 'Slave to Master check'  [141]'
%%     2523332.5 ns  Log    ID_INSERTED_DELAY   I2C_VVC,0           Delaying BFM access until time 2524672500 ps.
%%     2524672.5 ns  Log    ID_INSERTED_DELAY   I2C_VVC,1           Finished delaying BFM access
%%     2524672.5 ns  Log    ID_INSERTED_DELAY   I2C_VVC,0           Finished delaying BFM access
%%     2545927.5 ns  Log    ID_BFM              I2C_VVC,1           i2c_slave_transmit((x"25"))=> (x"25"). ' 'Slave to Master transmit'  [142]'
%%     2545927.5 ns  Log    ID_INSERTED_DELAY   I2C_VVC,1           Delaying BFM access until time 2547772500 ps.
%%     2546432.5 ns  Log    ID_BFM              I2C_VVC,0           i2c_master_check(A:x"055", (x"25"))=> OK, read data = (x"25"). ' 'Slave to Master check'  [143]'
%%     2546432.5 ns  Log    ID_INSERTED_DELAY   I2C_VVC,0           Delaying BFM access until time 2547772500 ps.
%%     2547772.5 ns  Log    ID_INSERTED_DELAY   I2C_VVC,1           Finished delaying BFM access
%%     2547772.5 ns  Log    ID_INSERTED_DELAY   I2C_VVC,0           Finished delaying BFM access
%%     2569027.5 ns  Log    ID_BFM              I2C_VVC,1           i2c_slave_transmit((x"92"))=> (x"92"). ' 'Slave to Master transmit'  [144]'
%%     2569027.5 ns  Log    ID_INSERTED_DELAY   I2C_VVC,1           Delaying BFM access until time 2570872500 ps.
%%     2569532.5 ns  Log    ID_BFM              I2C_VVC,0           i2c_master_check(A:x"055", (x"92"))=> OK, read data = (x"92"). ' 'Slave to Master check'  [145]'
%%     2569532.5 ns  Log    ID_INSERTED_DELAY   I2C_VVC,0           Delaying BFM access until time 2570872500 ps.
%%     2570872.5 ns  Log    ID_INSERTED_DELAY   I2C_VVC,1           Finished delaying BFM access
%%     2570872.5 ns  Log    ID_INSERTED_DELAY   I2C_VVC,0           Finished delaying BFM access
%%     2592127.5 ns  Log    ID_BFM              I2C_VVC,1           i2c_slave_transmit((x"E1"))=> (x"E1"). ' 'Slave to Master transmit'  [146]'
%%     2592127.5 ns  Log    ID_INSERTED_DELAY   I2C_VVC,1           Delaying BFM access until time 2593972500 ps.
%%     2592632.5 ns  Log    ID_BFM              I2C_VVC,0           i2c_master_check(A:x"055", (x"E1"))=> OK, read data = (x"E1"). ' 'Slave to Master check'  [147]'
%%     2592632.5 ns  Log    ID_INSERTED_DELAY   I2C_VVC,0           Delaying BFM access until time 2593972500 ps.
%%     2593972.5 ns  Log    ID_INSERTED_DELAY   I2C_VVC,1           Finished delaying BFM access
%%     2593972.5 ns  Log    ID_INSERTED_DELAY   I2C_VVC,0           Finished delaying BFM access
%%     2615227.5 ns  Log    ID_BFM              I2C_VVC,1           i2c_slave_transmit((x"29"))=> (x"29"). ' 'Slave to Master transmit'  [148]'
%%     2615227.5 ns  Log    ID_INSERTED_DELAY   I2C_VVC,1           Delaying BFM access until time 2617072500 ps.
%%     2615732.5 ns  Log    ID_BFM              I2C_VVC,0           i2c_master_check(A:x"055", (x"29"))=> OK, read data = (x"29"). ' 'Slave to Master check'  [149]'
%%     2615732.5 ns  Log    ID_INSERTED_DELAY   I2C_VVC,0           Delaying BFM access until time 2617072500 ps.
%%     2617072.5 ns  Log    ID_INSERTED_DELAY   I2C_VVC,1           Finished delaying BFM access
%%     2617072.5 ns  Log    ID_INSERTED_DELAY   I2C_VVC,0           Finished delaying BFM access
%%     2638327.5 ns  Log    ID_BFM              I2C_VVC,1           i2c_slave_transmit((x"A3"))=> (x"A3"). ' 'Slave to Master transmit'  [150]'
%%     2638327.5 ns  Log    ID_INSERTED_DELAY   I2C_VVC,1           Delaying BFM access until time 2640172500 ps.
%%     2638832.5 ns  Log    ID_BFM              I2C_VVC,0           i2c_master_check(A:x"055", (x"A3"))=> OK, read data = (x"A3"). ' 'Slave to Master check'  [151]'
%%     2638832.5 ns  Log    ID_INSERTED_DELAY   I2C_VVC,0           Delaying BFM access until time 2640172500 ps.
%%     2640172.5 ns  Log    ID_INSERTED_DELAY   I2C_VVC,1           Finished delaying BFM access
%%     2640172.5 ns  Log    ID_INSERTED_DELAY   I2C_VVC,0           Finished delaying BFM access
%%     2661427.5 ns  Log    ID_BFM              I2C_VVC,1           i2c_slave_transmit((x"E0"))=> (x"E0"). ' 'Slave to Master transmit'  [152]'
%%     2661427.5 ns  Log    ID_INSERTED_DELAY   I2C_VVC,1           Delaying BFM access until time 2663272500 ps.
%%     2661932.5 ns  Log    ID_BFM              I2C_VVC,0           i2c_master_check(A:x"055", (x"E0"))=> OK, read data = (x"E0"). ' 'Slave to Master check'  [153]'
%%     2661932.5 ns  Log    ID_INSERTED_DELAY   I2C_VVC,0           Delaying BFM access until time 2663272500 ps.
%%     2663272.5 ns  Log    ID_INSERTED_DELAY   I2C_VVC,1           Finished delaying BFM access
%%     2663272.5 ns  Log    ID_INSERTED_DELAY   I2C_VVC,0           Finished delaying BFM access
%%     2684527.5 ns  Log    ID_BFM              I2C_VVC,1           i2c_slave_transmit((x"4D"))=> (x"4D"). ' 'Slave to Master transmit'  [154]'
%%     2684527.5 ns  Log    ID_INSERTED_DELAY   I2C_VVC,1           Delaying BFM access until time 2686372500 ps.
%%     2685032.5 ns  Log    ID_BFM              I2C_VVC,0           i2c_master_check(A:x"055", (x"4D"))=> OK, read data = (x"4D"). ' 'Slave to Master check'  [155]'
%%     2685032.5 ns  Log    ID_INSERTED_DELAY   I2C_VVC,0           Delaying BFM access until time 2686372500 ps.
%%     2686372.5 ns  Log    ID_INSERTED_DELAY   I2C_VVC,1           Finished delaying BFM access
%%     2686372.5 ns  Log    ID_INSERTED_DELAY   I2C_VVC,0           Finished delaying BFM access
%%     2707627.5 ns  Log    ID_BFM              I2C_VVC,1           i2c_slave_transmit((x"D4"))=> (x"D4"). ' 'Slave to Master transmit'  [156]'
%%     2707627.5 ns  Log    ID_INSERTED_DELAY   I2C_VVC,1           Delaying BFM access until time 2709472500 ps.
%%     2708132.5 ns  Log    ID_BFM              I2C_VVC,0           i2c_master_check(A:x"055", (x"D4"))=> OK, read data = (x"D4"). ' 'Slave to Master check'  [157]'
%%     2708132.5 ns  Log    ID_INSERTED_DELAY   I2C_VVC,0           Delaying BFM access until time 2709472500 ps.
%%     2709472.5 ns  Log    ID_INSERTED_DELAY   I2C_VVC,1           Finished delaying BFM access
%%     2709472.5 ns  Log    ID_INSERTED_DELAY   I2C_VVC,0           Finished delaying BFM access
%%     2730727.5 ns  Log    ID_BFM              I2C_VVC,1           i2c_slave_transmit((x"01"))=> (x"1"). ' 'Slave to Master transmit'  [158]'
%%     2730727.5 ns  Log    ID_INSERTED_DELAY   I2C_VVC,1           Delaying BFM access until time 2732572500 ps.
%%     2731232.5 ns  Log    ID_BFM              I2C_VVC,0           i2c_master_check(A:x"055", (x"01"))=> OK, read data = (x"1"). ' 'Slave to Master check'  [159]'
%%     2731232.5 ns  Log    ID_INSERTED_DELAY   I2C_VVC,0           Delaying BFM access until time 2732572500 ps.
%%     2732572.5 ns  Log    ID_INSERTED_DELAY   I2C_VVC,1           Finished delaying BFM access
%%     2732572.5 ns  Log    ID_INSERTED_DELAY   I2C_VVC,0           Finished delaying BFM access
%%     2753827.5 ns  Log    ID_BFM              I2C_VVC,1           i2c_slave_transmit((x"41"))=> (x"41"). ' 'Slave to Master transmit'  [160]'
%%     2753827.5 ns  Log    ID_INSERTED_DELAY   I2C_VVC,1           Delaying BFM access until time 2755672500 ps.
%%     2754332.5 ns  Log    ID_BFM              I2C_VVC,0           i2c_master_check(A:x"055", (x"41"))=> OK, read data = (x"41"). ' 'Slave to Master check'  [161]'
%%     2754332.5 ns  Log    ID_INSERTED_DELAY   I2C_VVC,0           Delaying BFM access until time 2755672500 ps.
%%     2755672.5 ns  Log    ID_INSERTED_DELAY   I2C_VVC,1           Finished delaying BFM access
%%     2755672.5 ns  Log    ID_INSERTED_DELAY   I2C_VVC,0           Finished delaying BFM access
%%     2776927.5 ns  Log    ID_BFM              I2C_VVC,1           i2c_slave_transmit((x"D2"))=> (x"D2"). ' 'Slave to Master transmit'  [162]'
%%     2776927.5 ns  Log    ID_INSERTED_DELAY   I2C_VVC,1           Delaying BFM access until time 2778772500 ps.
%%     2777432.5 ns  Log    ID_BFM              I2C_VVC,0           i2c_master_check(A:x"055", (x"D2"))=> OK, read data = (x"D2"). ' 'Slave to Master check'  [163]'
%%     2777432.5 ns  Log    ID_INSERTED_DELAY   I2C_VVC,0           Delaying BFM access until time 2778772500 ps.
%%     2778772.5 ns  Log    ID_INSERTED_DELAY   I2C_VVC,1           Finished delaying BFM access
%%     2778772.5 ns  Log    ID_INSERTED_DELAY   I2C_VVC,0           Finished delaying BFM access
%%     2800027.5 ns  Log    ID_BFM              I2C_VVC,1           i2c_slave_transmit((x"C1"))=> (x"C1"). ' 'Slave to Master transmit'  [164]'
%%     2800027.5 ns  Log    ID_INSERTED_DELAY   I2C_VVC,1           Delaying BFM access until time 2801872500 ps.
%%     2800532.5 ns  Log    ID_BFM              I2C_VVC,0           i2c_master_check(A:x"055", (x"C1"))=> OK, read data = (x"C1"). ' 'Slave to Master check'  [165]'
%%     2800532.5 ns  Log    ID_INSERTED_DELAY   I2C_VVC,0           Delaying BFM access until time 2801872500 ps.
%%     2801872.5 ns  Log    ID_INSERTED_DELAY   I2C_VVC,1           Finished delaying BFM access
%%     2801872.5 ns  Log    ID_INSERTED_DELAY   I2C_VVC,0           Finished delaying BFM access
%%     2823127.5 ns  Log    ID_BFM              I2C_VVC,1           i2c_slave_transmit((x"78"))=> (x"78"). ' 'Slave to Master transmit'  [166]'
%%     2823127.5 ns  Log    ID_INSERTED_DELAY   I2C_VVC,1           Delaying BFM access until time 2824972500 ps.
%%     2823632.5 ns  Log    ID_BFM              I2C_VVC,0           i2c_master_check(A:x"055", (x"78"))=> OK, read data = (x"78"). ' 'Slave to Master check'  [167]'
%%     2823632.5 ns  Log    ID_INSERTED_DELAY   I2C_VVC,0           Delaying BFM access until time 2824972500 ps.
%%     2824972.5 ns  Log    ID_INSERTED_DELAY   I2C_VVC,1           Finished delaying BFM access
%%     2824972.5 ns  Log    ID_INSERTED_DELAY   I2C_VVC,0           Finished delaying BFM access
%%     2846227.5 ns  Log    ID_BFM              I2C_VVC,1           i2c_slave_transmit((x"8A"))=> (x"8A"). ' 'Slave to Master transmit'  [168]'
%%     2846227.5 ns  Log    ID_INSERTED_DELAY   I2C_VVC,1           Delaying BFM access until time 2848072500 ps.
%%     2846732.5 ns  Log    ID_BFM              I2C_VVC,0           i2c_master_check(A:x"055", (x"8A"))=> OK, read data = (x"8A"). ' 'Slave to Master check'  [169]'
%%     2846732.5 ns  Log    ID_INSERTED_DELAY   I2C_VVC,0           Delaying BFM access until time 2848072500 ps.
%%     2848072.5 ns  Log    ID_INSERTED_DELAY   I2C_VVC,1           Finished delaying BFM access
%%     2848072.5 ns  Log    ID_INSERTED_DELAY   I2C_VVC,0           Finished delaying BFM access
%%     2869327.5 ns  Log    ID_BFM              I2C_VVC,1           i2c_slave_transmit((x"72"))=> (x"72"). ' 'Slave to Master transmit'  [170]'
%%     2869327.5 ns  Log    ID_INSERTED_DELAY   I2C_VVC,1           Delaying BFM access until time 2871172500 ps.
%%     2869832.5 ns  Log    ID_BFM              I2C_VVC,0           i2c_master_check(A:x"055", (x"72"))=> OK, read data = (x"72"). ' 'Slave to Master check'  [171]'
%%     2869832.5 ns  Log    ID_INSERTED_DELAY   I2C_VVC,0           Delaying BFM access until time 2871172500 ps.
%%     2871172.5 ns  Log    ID_INSERTED_DELAY   I2C_VVC,1           Finished delaying BFM access
%%     2871172.5 ns  Log    ID_INSERTED_DELAY   I2C_VVC,0           Finished delaying BFM access
%%     2892427.5 ns  Log    ID_BFM              I2C_VVC,1           i2c_slave_transmit((x"3F"))=> (x"3F"). ' 'Slave to Master transmit'  [172]'
%%     2892427.5 ns  Log    ID_INSERTED_DELAY   I2C_VVC,1           Delaying BFM access until time 2894272500 ps.
%%     2892932.5 ns  Log    ID_BFM              I2C_VVC,0           i2c_master_check(A:x"055", (x"3F"))=> OK, read data = (x"3F"). ' 'Slave to Master check'  [173]'
%%     2892932.5 ns  Log    ID_INSERTED_DELAY   I2C_VVC,0           Delaying BFM access until time 2894272500 ps.
%%     2894272.5 ns  Log    ID_INSERTED_DELAY   I2C_VVC,1           Finished delaying BFM access
%%     2894272.5 ns  Log    ID_INSERTED_DELAY   I2C_VVC,0           Finished delaying BFM access
%%     2915527.5 ns  Log    ID_BFM              I2C_VVC,1           i2c_slave_transmit((x"51"))=> (x"51"). ' 'Slave to Master transmit'  [174]'
%%     2915527.5 ns  Log    ID_INSERTED_DELAY   I2C_VVC,1           Delaying BFM access until time 2917372500 ps.
%%     2916032.5 ns  Log    ID_BFM              I2C_VVC,0           i2c_master_check(A:x"055", (x"51"))=> OK, read data = (x"51"). ' 'Slave to Master check'  [175]'
%%     2916032.5 ns  Log    ID_INSERTED_DELAY   I2C_VVC,0           Delaying BFM access until time 2917372500 ps.
%%     2917372.5 ns  Log    ID_INSERTED_DELAY   I2C_VVC,1           Finished delaying BFM access
%%     2917372.5 ns  Log    ID_INSERTED_DELAY   I2C_VVC,0           Finished delaying BFM access
%%     2938627.5 ns  Log    ID_BFM              I2C_VVC,1           i2c_slave_transmit((x"B5"))=> (x"B5"). ' 'Slave to Master transmit'  [176]'
%%     2938627.5 ns  Log    ID_INSERTED_DELAY   I2C_VVC,1           Delaying BFM access until time 2940472500 ps.
%%     2939132.5 ns  Log    ID_BFM              I2C_VVC,0           i2c_master_check(A:x"055", (x"B5"))=> OK, read data = (x"B5"). ' 'Slave to Master check'  [177]'
%%     2939132.5 ns  Log    ID_INSERTED_DELAY   I2C_VVC,0           Delaying BFM access until time 2940472500 ps.
%%     2940472.5 ns  Log    ID_INSERTED_DELAY   I2C_VVC,1           Finished delaying BFM access
%%     2940472.5 ns  Log    ID_INSERTED_DELAY   I2C_VVC,0           Finished delaying BFM access
%%     2961727.5 ns  Log    ID_BFM              I2C_VVC,1           i2c_slave_transmit((x"63"))=> (x"63"). ' 'Slave to Master transmit'  [178]'
%%     2961727.5 ns  Log    ID_INSERTED_DELAY   I2C_VVC,1           Delaying BFM access until time 2963572500 ps.
%%     2962232.5 ns  Log    ID_BFM              I2C_VVC,0           i2c_master_check(A:x"055", (x"63"))=> OK, read data = (x"63"). ' 'Slave to Master check'  [179]'
%%     2962232.5 ns  Log    ID_INSERTED_DELAY   I2C_VVC,0           Delaying BFM access until time 2963572500 ps.
%%     2963572.5 ns  Log    ID_INSERTED_DELAY   I2C_VVC,1           Finished delaying BFM access
%%     2963572.5 ns  Log    ID_INSERTED_DELAY   I2C_VVC,0           Finished delaying BFM access
%%     2984827.5 ns  Log    ID_BFM              I2C_VVC,1           i2c_slave_transmit((x"65"))=> (x"65"). ' 'Slave to Master transmit'  [180]'
%%     2984827.5 ns  Log    ID_INSERTED_DELAY   I2C_VVC,1           Delaying BFM access until time 2986672500 ps.
%%     2985332.5 ns  Log    ID_BFM              I2C_VVC,0           i2c_master_check(A:x"055", (x"65"))=> OK, read data = (x"65"). ' 'Slave to Master check'  [181]'
%%     2985332.5 ns  Log    ID_INSERTED_DELAY   I2C_VVC,0           Delaying BFM access until time 2986672500 ps.
%%     2986672.5 ns  Log    ID_INSERTED_DELAY   I2C_VVC,1           Finished delaying BFM access
%%     2986672.5 ns  Log    ID_INSERTED_DELAY   I2C_VVC,0           Finished delaying BFM access
%%     3007927.5 ns  Log    ID_BFM              I2C_VVC,1           i2c_slave_transmit((x"C5"))=> (x"C5"). ' 'Slave to Master transmit'  [182]'
%%     3007927.5 ns  Log    ID_INSERTED_DELAY   I2C_VVC,1           Delaying BFM access until time 3009772500 ps.
%%     3008432.5 ns  Log    ID_BFM              I2C_VVC,0           i2c_master_check(A:x"055", (x"C5"))=> OK, read data = (x"C5"). ' 'Slave to Master check'  [183]'
%%     3008432.5 ns  Log    ID_INSERTED_DELAY   I2C_VVC,0           Delaying BFM access until time 3009772500 ps.
%%     3009772.5 ns  Log    ID_INSERTED_DELAY   I2C_VVC,1           Finished delaying BFM access
%%     3009772.5 ns  Log    ID_INSERTED_DELAY   I2C_VVC,0           Finished delaying BFM access
%%     3031027.5 ns  Log    ID_BFM              I2C_VVC,1           i2c_slave_transmit((x"4A"))=> (x"4A"). ' 'Slave to Master transmit'  [184]'
%%     3031027.5 ns  Log    ID_INSERTED_DELAY   I2C_VVC,1           Delaying BFM access until time 3032872500 ps.
%%     3031532.5 ns  Log    ID_BFM              I2C_VVC,0           i2c_master_check(A:x"055", (x"4A"))=> OK, read data = (x"4A"). ' 'Slave to Master check'  [185]'
%%     3031532.5 ns  Log    ID_INSERTED_DELAY   I2C_VVC,0           Delaying BFM access until time 3032872500 ps.
%%     3032872.5 ns  Log    ID_INSERTED_DELAY   I2C_VVC,1           Finished delaying BFM access
%%     3032872.5 ns  Log    ID_INSERTED_DELAY   I2C_VVC,0           Finished delaying BFM access
%%     3054127.5 ns  Log    ID_BFM              I2C_VVC,1           i2c_slave_transmit((x"9A"))=> (x"9A"). ' 'Slave to Master transmit'  [186]'
%%     3054127.5 ns  Log    ID_INSERTED_DELAY   I2C_VVC,1           Delaying BFM access until time 3055972500 ps.
%%     3054632.5 ns  Log    ID_BFM              I2C_VVC,0           i2c_master_check(A:x"055", (x"9A"))=> OK, read data = (x"9A"). ' 'Slave to Master check'  [187]'
%%     3054632.5 ns  Log    ID_INSERTED_DELAY   I2C_VVC,0           Delaying BFM access until time 3055972500 ps.
%%     3055972.5 ns  Log    ID_INSERTED_DELAY   I2C_VVC,1           Finished delaying BFM access
%%     3055972.5 ns  Log    ID_INSERTED_DELAY   I2C_VVC,0           Finished delaying BFM access
%%     3077227.5 ns  Log    ID_BFM              I2C_VVC,1           i2c_slave_transmit((x"C5"))=> (x"C5"). ' 'Slave to Master transmit'  [188]'
%%     3077227.5 ns  Log    ID_INSERTED_DELAY   I2C_VVC,1           Delaying BFM access until time 3079072500 ps.
%%     3077732.5 ns  Log    ID_BFM              I2C_VVC,0           i2c_master_check(A:x"055", (x"C5"))=> OK, read data = (x"C5"). ' 'Slave to Master check'  [189]'
%%     3077732.5 ns  Log    ID_INSERTED_DELAY   I2C_VVC,0           Delaying BFM access until time 3079072500 ps.
%%     3079072.5 ns  Log    ID_INSERTED_DELAY   I2C_VVC,1           Finished delaying BFM access
%%     3079072.5 ns  Log    ID_INSERTED_DELAY   I2C_VVC,0           Finished delaying BFM access
%%     3100327.5 ns  Log    ID_BFM              I2C_VVC,1           i2c_slave_transmit((x"35"))=> (x"35"). ' 'Slave to Master transmit'  [190]'
%%     3100327.5 ns  Log    ID_INSERTED_DELAY   I2C_VVC,1           Delaying BFM access until time 3102172500 ps.
%%     3100832.5 ns  Log    ID_BFM              I2C_VVC,0           i2c_master_check(A:x"055", (x"35"))=> OK, read data = (x"35"). ' 'Slave to Master check'  [191]'
%%     3100832.5 ns  Log    ID_INSERTED_DELAY   I2C_VVC,0           Delaying BFM access until time 3102172500 ps.
%%     3102172.5 ns  Log    ID_INSERTED_DELAY   I2C_VVC,1           Finished delaying BFM access
%%     3102172.5 ns  Log    ID_INSERTED_DELAY   I2C_VVC,0           Finished delaying BFM access
%%     3123427.5 ns  Log    ID_BFM              I2C_VVC,1           i2c_slave_transmit((x"BD"))=> (x"BD"). ' 'Slave to Master transmit'  [192]'
%%     3123427.5 ns  Log    ID_INSERTED_DELAY   I2C_VVC,1           Delaying BFM access until time 3125272500 ps.
%%     3123932.5 ns  Log    ID_BFM              I2C_VVC,0           i2c_master_check(A:x"055", (x"BD"))=> OK, read data = (x"BD"). ' 'Slave to Master check'  [193]'
%%     3123932.5 ns  Log    ID_INSERTED_DELAY   I2C_VVC,0           Delaying BFM access until time 3125272500 ps.
%%     3125272.5 ns  Log    ID_INSERTED_DELAY   I2C_VVC,1           Finished delaying BFM access
%%     3125272.5 ns  Log    ID_INSERTED_DELAY   I2C_VVC,0           Finished delaying BFM access
%%     3146527.5 ns  Log    ID_BFM              I2C_VVC,1           i2c_slave_transmit((x"41"))=> (x"41"). ' 'Slave to Master transmit'  [194]'
%%     3146527.5 ns  Log    ID_INSERTED_DELAY   I2C_VVC,1           Delaying BFM access until time 3148372500 ps.
%%     3147032.5 ns  Log    ID_BFM              I2C_VVC,0           i2c_master_check(A:x"055", (x"41"))=> OK, read data = (x"41"). ' 'Slave to Master check'  [195]'
%%     3147032.5 ns  Log    ID_INSERTED_DELAY   I2C_VVC,0           Delaying BFM access until time 3148372500 ps.
%%     3148372.5 ns  Log    ID_INSERTED_DELAY   I2C_VVC,1           Finished delaying BFM access
%%     3148372.5 ns  Log    ID_INSERTED_DELAY   I2C_VVC,0           Finished delaying BFM access
%%     3169627.5 ns  Log    ID_BFM              I2C_VVC,1           i2c_slave_transmit((x"67"))=> (x"67"). ' 'Slave to Master transmit'  [196]'
%%     3169627.5 ns  Log    ID_INSERTED_DELAY   I2C_VVC,1           Delaying BFM access until time 3171472500 ps.
%%     3170132.5 ns  Log    ID_BFM              I2C_VVC,0           i2c_master_check(A:x"055", (x"67"))=> OK, read data = (x"67"). ' 'Slave to Master check'  [197]'
%%     3170132.5 ns  Log    ID_INSERTED_DELAY   I2C_VVC,0           Delaying BFM access until time 3171472500 ps.
%%     3171472.5 ns  Log    ID_INSERTED_DELAY   I2C_VVC,1           Finished delaying BFM access
%%     3171472.5 ns  Log    ID_INSERTED_DELAY   I2C_VVC,0           Finished delaying BFM access
%%     3192727.5 ns  Log    ID_BFM              I2C_VVC,1           i2c_slave_transmit((x"E2"))=> (x"E2"). ' 'Slave to Master transmit'  [198]'
%%     3192727.5 ns  Log    ID_INSERTED_DELAY   I2C_VVC,1           Delaying BFM access until time 3194572500 ps.
%%     3193232.5 ns  Log    ID_BFM              I2C_VVC,0           i2c_master_check(A:x"055", (x"E2"))=> OK, read data = (x"E2"). ' 'Slave to Master check'  [199]'
%%     3193232.5 ns  Log    ID_INSERTED_DELAY   I2C_VVC,0           Delaying BFM access until time 3194572500 ps.
%%     3194572.5 ns  Log    ID_INSERTED_DELAY   I2C_VVC,1           Finished delaying BFM access
%%     3194572.5 ns  Log    ID_INSERTED_DELAY   I2C_VVC,0           Finished delaying BFM access
%%     3215827.5 ns  Log    ID_BFM              I2C_VVC,1           i2c_slave_transmit((x"22"))=> (x"22"). ' 'Slave to Master transmit'  [200]'
%%     3215827.5 ns  Log    ID_INSERTED_DELAY   I2C_VVC,1           Delaying BFM access until time 3217672500 ps.
%%     3216332.5 ns  Log    ID_BFM              I2C_VVC,0           i2c_master_check(A:x"055", (x"22"))=> OK, read data = (x"22"). ' 'Slave to Master check'  [201]'
%%     3216332.5 ns  Log    ID_INSERTED_DELAY   I2C_VVC,0           Delaying BFM access until time 3217672500 ps.
%%     3217672.5 ns  Log    ID_INSERTED_DELAY   I2C_VVC,1           Finished delaying BFM access
%%     3217672.5 ns  Log    ID_INSERTED_DELAY   I2C_VVC,0           Finished delaying BFM access
%%     3238927.5 ns  Log    ID_BFM              I2C_VVC,1           i2c_slave_transmit((x"17"))=> (x"17"). ' 'Slave to Master transmit'  [202]'
%%     3238927.5 ns  Log    ID_INSERTED_DELAY   I2C_VVC,1           Delaying BFM access until time 3240772500 ps.
%%     3239432.5 ns  Log    ID_BFM              I2C_VVC,0           i2c_master_check(A:x"055", (x"17"))=> OK, read data = (x"17"). ' 'Slave to Master check'  [203]'
%%     3239432.5 ns  Log    ID_INSERTED_DELAY   I2C_VVC,0           Delaying BFM access until time 3240772500 ps.
%%     3240772.5 ns  Log    ID_INSERTED_DELAY   I2C_VVC,1           Finished delaying BFM access
%%     3240772.5 ns  Log    ID_INSERTED_DELAY   I2C_VVC,0           Finished delaying BFM access
%%     3262027.5 ns  Log    ID_BFM              I2C_VVC,1           i2c_slave_transmit((x"5C"))=> (x"5C"). ' 'Slave to Master transmit'  [204]'
%%     3262027.5 ns  Log    ID_INSERTED_DELAY   I2C_VVC,1           Delaying BFM access until time 3263872500 ps.
%%     3262532.5 ns  Log    ID_BFM              I2C_VVC,0           i2c_master_check(A:x"055", (x"5C"))=> OK, read data = (x"5C"). ' 'Slave to Master check'  [205]'
%%     3262532.5 ns  Log    ID_INSERTED_DELAY   I2C_VVC,0           Delaying BFM access until time 3263872500 ps.
%%     3263872.5 ns  Log    ID_INSERTED_DELAY   I2C_VVC,1           Finished delaying BFM access
%%     3263872.5 ns  Log    ID_INSERTED_DELAY   I2C_VVC,0           Finished delaying BFM access
%%     3285127.5 ns  Log    ID_BFM              I2C_VVC,1           i2c_slave_transmit((x"CC"))=> (x"CC"). ' 'Slave to Master transmit'  [206]'
%%     3285127.5 ns  Log    ID_INSERTED_DELAY   I2C_VVC,1           Delaying BFM access until time 3286972500 ps.
%%     3285632.5 ns  Log    ID_BFM              I2C_VVC,0           i2c_master_check(A:x"055", (x"CC"))=> OK, read data = (x"CC"). ' 'Slave to Master check'  [207]'
%%     3285632.5 ns  Log    ID_INSERTED_DELAY   I2C_VVC,0           Delaying BFM access until time 3286972500 ps.
%%     3286972.5 ns  Log    ID_INSERTED_DELAY   I2C_VVC,1           Finished delaying BFM access
%%     3286972.5 ns  Log    ID_INSERTED_DELAY   I2C_VVC,0           Finished delaying BFM access
%%     3308227.5 ns  Log    ID_BFM              I2C_VVC,1           i2c_slave_transmit((x"BA"))=> (x"BA"). ' 'Slave to Master transmit'  [208]'
%%     3308227.5 ns  Log    ID_INSERTED_DELAY   I2C_VVC,1           Delaying BFM access until time 3310072500 ps.
%%     3308732.5 ns  Log    ID_BFM              I2C_VVC,0           i2c_master_check(A:x"055", (x"BA"))=> OK, read data = (x"BA"). ' 'Slave to Master check'  [209]'
%%     3308732.5 ns  Log    ID_INSERTED_DELAY   I2C_VVC,0           Delaying BFM access until time 3310072500 ps.
%%     3310072.5 ns  Log    ID_INSERTED_DELAY   I2C_VVC,1           Finished delaying BFM access
%%     3310072.5 ns  Log    ID_INSERTED_DELAY   I2C_VVC,0           Finished delaying BFM access
%%     3331327.5 ns  Log    ID_BFM              I2C_VVC,1           i2c_slave_transmit((x"E0"))=> (x"E0"). ' 'Slave to Master transmit'  [210]'
%%     3331832.5 ns  Log    ID_BFM              I2C_VVC,0           i2c_master_check(A:x"055", (x"E0"))=> OK, read data = (x"E0"). ' 'Slave to Master check'  [211]'
%%     3331833.5 ns  Log    ID_AWAIT_UVVM_COMP  I2C_VVC_TB          await_uvvm_completion() => OK. All VVCs are inactive. Condition occurred after 1 ns
%%     3331833.5 ns  Log    ID_AWAIT_UVVM_COMP  I2C_VVC_TB          await_uvvm_completion()() => OK. All UVVM scoreboards are empty. Condition occurred after 0 ns
%% 
%% ============================================================================================================================================================================
%%  *** INTERMEDIATE SUMMARY OF ALL ALERTS ***
%% ============================================================================================================================================================================
%%     3331833.5 ns  DONE   NOCHECKS  slave_to_master_VVC-to-VVC_7_bit_addressing  Passed: 0
%%    Expected      Failures: 0  Errors: 0  Warnings: 0  Passed: 0
%%    VHDL Asserts  Failures: 0  Errors: 0  Warnings: 0  Passed: 0
%%    Default       Failures: 0  Errors: 0  Warnings: 0  Passed: 0
%%    OSVVM         Failures: 0  Errors: 0  Warnings: 0  Passed: 0
%% ============================================================================================================================================================================
%% 
%% 
%% 
%%     3331833.5 ns  Log    ID_LOG_HDR          I2C_VVC_TB          SIMULATION COMPLETED
%% ----------------------------------------------------------------------------------------------------------------------------------------------------------------------------
