%%           0.0 ns  Log    ID_CONSTRUCTOR      I2C_VVC,0           VVC instantiated.
%%           0.0 ns  Log    ID_CONSTRUCTOR_SUB  I2C_VVC,0           Command queue instantiated and will give a warning when reaching 1000 elements in queue.
%%           0.0 ns  Log    ID_CONSTRUCTOR_SUB  I2C_VVC,0           Result queue instantiated and will give a warning when reaching 1000 elements in queue.
%%           0.0 ns  Log    ID_CONSTRUCTOR      I2C_VVC,1           VVC instantiated.
%%           0.0 ns  Log    ID_CONSTRUCTOR_SUB  I2C_VVC,1           Command queue instantiated and will give a warning when reaching 1000 elements in queue.
%%           0.0 ns  Log    ID_CONSTRUCTOR_SUB  I2C_VVC,1           Result queue instantiated and will give a warning when reaching 1000 elements in queue.
%%           0.0 ns  Log    ID_CONSTRUCTOR      WISHBONE_VVC,0      VVC instantiated.
%%           0.0 ns  Log    ID_CONSTRUCTOR_SUB  WISHBONE_VVC,0      Command queue instantiated and will give a warning when reaching 1000 elements in queue.
%%           0.0 ns  Log    ID_CONSTRUCTOR_SUB  WISHBONE_VVC,0      Result queue instantiated and will give a warning when reaching 1000 elements in queue.
%%           0.0 ns  Log    ID_CONSTRUCTOR      I2C_VVC,2           VVC instantiated.
%%           0.0 ns  Log    ID_CONSTRUCTOR_SUB  I2C_VVC,2           Command queue instantiated and will give a warning when reaching 1000 elements in queue.
%%           0.0 ns  Log    ID_CONSTRUCTOR_SUB  I2C_VVC,2           Result queue instantiated and will give a warning when reaching 1000 elements in queue.
%%           0.0 ns  Log    ID_CONSTRUCTOR      I2C_VVC,5           VVC instantiated.
%%           0.0 ns  Log    ID_CONSTRUCTOR_SUB  I2C_VVC,5           Command queue instantiated and will give a warning when reaching 1000 elements in queue.
%%           0.0 ns  Log    ID_CONSTRUCTOR_SUB  I2C_VVC,5           Result queue instantiated and will give a warning when reaching 1000 elements in queue.
%%           0.0 ns  Log    ID_CONSTRUCTOR      I2C_VVC,4           VVC instantiated.
%%           0.0 ns  Log    ID_CONSTRUCTOR_SUB  I2C_VVC,4           Command queue instantiated and will give a warning when reaching 1000 elements in queue.
%%           0.0 ns  Log    ID_CONSTRUCTOR_SUB  I2C_VVC,4           Result queue instantiated and will give a warning when reaching 1000 elements in queue.
%%           0.0 ns  Log    ID_CONSTRUCTOR      I2C_VVC,6           VVC instantiated.
%%           0.0 ns  Log    ID_CONSTRUCTOR_SUB  I2C_VVC,6           Command queue instantiated and will give a warning when reaching 1000 elements in queue.
%%           0.0 ns  Log    ID_CONSTRUCTOR_SUB  I2C_VVC,6           Result queue instantiated and will give a warning when reaching 1000 elements in queue.
%%           0.0 ns  Log    ID_CONSTRUCTOR      I2C_VVC,3           VVC instantiated.
%%           0.0 ns  Log    ID_CONSTRUCTOR_SUB  I2C_VVC,3           Command queue instantiated and will give a warning when reaching 1000 elements in queue.
%%           0.0 ns  Log    ID_CONSTRUCTOR_SUB  I2C_VVC,3           Result queue instantiated and will give a warning when reaching 1000 elements in queue.
%%           0.0 ns  Log    ID_CONSTRUCTOR      SBI_VVC,0           VVC instantiated.
%%           0.0 ns  Log    ID_CONSTRUCTOR_SUB  SBI_VVC,0           Command queue instantiated and will give a warning when reaching 1000 elements in queue.
%%           0.0 ns  Log    ID_CONSTRUCTOR_SUB  SBI_VVC,0           Result queue instantiated and will give a warning when reaching 1000 elements in queue.
%%           0.0 ns  Log    ID_CMD_INTERPRETER  I2C_VVC,0           Interpreter: Waiting for command
%%           0.0 ns  Log    ID_CMD_INTERPRETER  I2C_VVC,1           Interpreter: Waiting for command
%%           0.0 ns  Log    ID_CMD_INTERPRETER  WISHBONE_VVC,0      Interpreter: Waiting for command
%%           0.0 ns  Log    ID_CMD_INTERPRETER  I2C_VVC,2           Interpreter: Waiting for command
%%           0.0 ns  Log    ID_CMD_INTERPRETER  I2C_VVC,5           Interpreter: Waiting for command
%%           0.0 ns  Log    ID_CMD_INTERPRETER  I2C_VVC,4           Interpreter: Waiting for command
%%           0.0 ns  Log    ID_CMD_INTERPRETER  I2C_VVC,6           Interpreter: Waiting for command
%%           0.0 ns  Log    ID_CMD_INTERPRETER  I2C_VVC,3           Interpreter: Waiting for command
%%           0.0 ns  Log    ID_CMD_INTERPRETER  SBI_VVC,0           Interpreter: Waiting for command
%%           0.0 ns  Log    ID_CTRL             I2C_VVC_SB,0        enable() => SB enabled. 'I2C VVC SB Enabled'
%%           0.0 ns  Log    ID_CTRL             I2C_VVC_SB,0        config() => config applied to SB.
%%           0.0 ns  Log    ID_CTRL             I2C_VVC_SB,0        enable_log_msg() => message id id_data enabled.
%%           0.0 ns  Log    ID_CTRL             I2C_VVC_SB,1        enable() => SB enabled. 'I2C VVC SB Enabled'
%%           0.0 ns  Log    ID_CTRL             I2C_VVC_SB,1        config() => config applied to SB.
%%           0.0 ns  Log    ID_CTRL             I2C_VVC_SB,1        enable_log_msg() => message id id_data enabled.
%%           0.0 ns  Log    ID_CTRL             WISHBONE_VVC_SB,0   enable() => SB enabled. 'WISHBONE VVC SB Enabled'
%%           0.0 ns  Log    ID_CTRL             WISHBONE_VVC_SB,0   config() => config applied to SB.
%%           0.0 ns  Log    ID_CTRL             WISHBONE_VVC_SB,0   enable_log_msg() => message id id_data enabled.
%%           0.0 ns  Log    ID_CTRL             I2C_VVC_SB,2        enable() => SB enabled. 'I2C VVC SB Enabled'
%%           0.0 ns  Log    ID_CTRL             I2C_VVC_SB,2        config() => config applied to SB.
%%           0.0 ns  Log    ID_CTRL             I2C_VVC_SB,2        enable_log_msg() => message id id_data enabled.
%%           0.0 ns  Log    ID_CTRL             I2C_VVC_SB,5        enable() => SB enabled. 'I2C VVC SB Enabled'
%%           0.0 ns  Log    ID_CTRL             I2C_VVC_SB,5        config() => config applied to SB.
%%           0.0 ns  Log    ID_CTRL             I2C_VVC_SB,5        enable_log_msg() => message id id_data enabled.
%%           0.0 ns  Log    ID_CTRL             I2C_VVC_SB,4        enable() => SB enabled. 'I2C VVC SB Enabled'
%%           0.0 ns  Log    ID_CTRL             I2C_VVC_SB,4        config() => config applied to SB.
%%           0.0 ns  Log    ID_CTRL             I2C_VVC_SB,4        enable_log_msg() => message id id_data enabled.
%%           0.0 ns  Log    ID_CTRL             I2C_VVC_SB,6        enable() => SB enabled. 'I2C VVC SB Enabled'
%%           0.0 ns  Log    ID_CTRL             I2C_VVC_SB,6        config() => config applied to SB.
%%           0.0 ns  Log    ID_CTRL             I2C_VVC_SB,6        enable_log_msg() => message id id_data enabled.
%%           0.0 ns  Log    ID_CTRL             I2C_VVC_SB,3        enable() => SB enabled. 'I2C VVC SB Enabled'
%%           0.0 ns  Log    ID_CTRL             I2C_VVC_SB,3        config() => config applied to SB.
%%           0.0 ns  Log    ID_CTRL             I2C_VVC_SB,3        enable_log_msg() => message id id_data enabled.
%%           0.0 ns  Log    ID_CTRL             SBI_VVC_SB,0        enable() => SB enabled. 'SBI VVC SB Enabled'
%%           0.0 ns  Log    ID_CTRL             SBI_VVC_SB,0        config() => config applied to SB.
%%           0.0 ns  Log    ID_CTRL             SBI_VVC_SB,0        enable_log_msg() => message id id_data enabled.
%%           0.0 ns  Log    ID_LOG_MSG_CTRL     TB seq.             disable_log_msg(ID_AWAIT_COMPLETION).
%%           0.0 ns  Log    ID_LOG_MSG_CTRL     TB seq.             disable_log_msg(ID_AWAIT_COMPLETION_LIST).
%%           0.0 ns  Log    ID_LOG_MSG_CTRL     TB seq.             disable_log_msg(ID_AWAIT_COMPLETION_WAIT).
%%           0.0 ns  Log    ID_LOG_MSG_CTRL     TB seq.             disable_log_msg(ID_AWAIT_COMPLETION_END).
%%           0.0 ns  Log    ID_LOG_MSG_CTRL     TB seq.             disable_log_msg(ID_UVVM_CMD_ACK).
%%           0.0 ns  Log    ID_LOG_MSG_CTRL     TB seq.             disable_log_msg(ID_POS_ACK).
%%           0.0 ns  Log    ID_LOG_MSG_CTRL     TB seq.             disable_log_msg(ID_UVVM_CMD_RESULT).
%%           0.0 ns  Log    ID_UVVM_SEND_CMD    TB seq.(uvvm)       disable_log_msg(VVC_BROADCAST, ID_CMD_EXECUTOR): [1]
%%           0.0 ns  Log    ID_CMD_EXECUTOR_WA  I2C_VVC,0           Executor: Waiting for command
%%           0.0 ns  Log    ID_CMD_EXECUTOR_WA  I2C_VVC,1           Executor: Waiting for command
%%           0.0 ns  Log    ID_CMD_EXECUTOR_WA  WISHBONE_VVC,0      Executor: Waiting for command
%%           0.0 ns  Log    ID_CMD_EXECUTOR_WA  I2C_VVC,2           Executor: Waiting for command
%%           0.0 ns  Log    ID_CMD_EXECUTOR_WA  I2C_VVC,5           Executor: Waiting for command
%%           0.0 ns  Log    ID_CMD_EXECUTOR_WA  I2C_VVC,4           Executor: Waiting for command
%%           0.0 ns  Log    ID_CMD_EXECUTOR_WA  I2C_VVC,6           Executor: Waiting for command
%%           0.0 ns  Log    ID_CMD_EXECUTOR_WA  I2C_VVC,3           Executor: Waiting for command
%%           0.0 ns  Log    ID_CMD_EXECUTOR_WA  SBI_VVC,0           Executor: Waiting for command
%%           0.0 ns  Log    ID_UVVM_SEND_CMD    I2C_VVC,0           disable_log_msg(VVC_BROADCAST, ID_CMD_EXECUTOR): [1]
%%           0.0 ns  Log    ID_UVVM_SEND_CMD    I2C_VVC,1           disable_log_msg(VVC_BROADCAST, ID_CMD_EXECUTOR): [1]
%%           0.0 ns  Log    ID_UVVM_SEND_CMD    WISHBONE_VVC,0      disable_log_msg(VVC_BROADCAST, ID_CMD_EXECUTOR): [1]
%%           0.0 ns  Log    ID_UVVM_SEND_CMD    I2C_VVC,2           disable_log_msg(VVC_BROADCAST, ID_CMD_EXECUTOR): [1]
%%           0.0 ns  Log    ID_UVVM_SEND_CMD    I2C_VVC,5           disable_log_msg(VVC_BROADCAST, ID_CMD_EXECUTOR): [1]
%%           0.0 ns  Log    ID_UVVM_SEND_CMD    I2C_VVC,4           disable_log_msg(VVC_BROADCAST, ID_CMD_EXECUTOR): [1]
%%           0.0 ns  Log    ID_UVVM_SEND_CMD    I2C_VVC,6           disable_log_msg(VVC_BROADCAST, ID_CMD_EXECUTOR): [1]
%%           0.0 ns  Log    ID_UVVM_SEND_CMD    I2C_VVC,3           disable_log_msg(VVC_BROADCAST, ID_CMD_EXECUTOR): [1]
%%           0.0 ns  Log    ID_UVVM_SEND_CMD    SBI_VVC,0           disable_log_msg(VVC_BROADCAST, ID_CMD_EXECUTOR): [1]
%%           0.0 ns  Log    ID_CMD_INTERPRETER  I2C_VVC,0           disable_log_msg(VVC_BROADCAST, ID_CMD_EXECUTOR). Command received  [1]
%%           0.0 ns  Log    ID_LOG_MSG_CTRL     I2C_VVC,0           disable_log_msg(ID_CMD_EXECUTOR). ' [1]'
%%           0.0 ns  Log    ID_CMD_INTERPRETER  I2C_VVC,1           disable_log_msg(VVC_BROADCAST, ID_CMD_EXECUTOR). Command received  [1]
%%           0.0 ns  Log    ID_LOG_MSG_CTRL     I2C_VVC,1           disable_log_msg(ID_CMD_EXECUTOR). ' [1]'
%%           0.0 ns  Log    ID_CMD_INTERPRETER  WISHBONE_VVC,0      disable_log_msg(VVC_BROADCAST, ID_CMD_EXECUTOR). Command received  [1]
%%           0.0 ns  Log    ID_LOG_MSG_CTRL     WISHBONE_VVC,0      disable_log_msg(ID_CMD_EXECUTOR). ' [1]'
%%           0.0 ns  Log    ID_CMD_INTERPRETER  I2C_VVC,2           disable_log_msg(VVC_BROADCAST, ID_CMD_EXECUTOR). Command received  [1]
%%           0.0 ns  Log    ID_LOG_MSG_CTRL     I2C_VVC,2           disable_log_msg(ID_CMD_EXECUTOR). ' [1]'
%%           0.0 ns  Log    ID_CMD_INTERPRETER  I2C_VVC,5           disable_log_msg(VVC_BROADCAST, ID_CMD_EXECUTOR). Command received  [1]
%%           0.0 ns  Log    ID_LOG_MSG_CTRL     I2C_VVC,5           disable_log_msg(ID_CMD_EXECUTOR). ' [1]'
%%           0.0 ns  Log    ID_CMD_INTERPRETER  I2C_VVC,4           disable_log_msg(VVC_BROADCAST, ID_CMD_EXECUTOR). Command received  [1]
%%           0.0 ns  Log    ID_LOG_MSG_CTRL     I2C_VVC,4           disable_log_msg(ID_CMD_EXECUTOR). ' [1]'
%%           0.0 ns  Log    ID_CMD_INTERPRETER  I2C_VVC,6           disable_log_msg(VVC_BROADCAST, ID_CMD_EXECUTOR). Command received  [1]
%%           0.0 ns  Log    ID_LOG_MSG_CTRL     I2C_VVC,6           disable_log_msg(ID_CMD_EXECUTOR). ' [1]'
%%           0.0 ns  Log    ID_CMD_INTERPRETER  I2C_VVC,3           disable_log_msg(VVC_BROADCAST, ID_CMD_EXECUTOR). Command received  [1]
%%           0.0 ns  Log    ID_LOG_MSG_CTRL     I2C_VVC,3           disable_log_msg(ID_CMD_EXECUTOR). ' [1]'
%%           0.0 ns  Log    ID_CMD_INTERPRETER  SBI_VVC,0           disable_log_msg(VVC_BROADCAST, ID_CMD_EXECUTOR). Command received  [1]
%%           0.0 ns  Log    ID_LOG_MSG_CTRL     SBI_VVC,0           disable_log_msg(ID_CMD_EXECUTOR). ' [1]'
%%           0.0 ns  Log    ID_CMD_INTERPRETER  SBI_VVC,0           Interpreter: Waiting for command
%%           0.0 ns  Log    ID_CMD_INTERPRETER  WISHBONE_VVC,0      Interpreter: Waiting for command
%%           0.0 ns  Log    ID_CMD_INTERPRETER  I2C_VVC,0           Interpreter: Waiting for command
%%           0.0 ns  Log    ID_CMD_INTERPRETER  I2C_VVC,1           Interpreter: Waiting for command
%%           0.0 ns  Log    ID_CMD_INTERPRETER  I2C_VVC,2           Interpreter: Waiting for command
%%           0.0 ns  Log    ID_CMD_INTERPRETER  I2C_VVC,5           Interpreter: Waiting for command
%%           0.0 ns  Log    ID_CMD_INTERPRETER  I2C_VVC,4           Interpreter: Waiting for command
%%           0.0 ns  Log    ID_CMD_INTERPRETER  I2C_VVC,6           Interpreter: Waiting for command
%%           0.0 ns  Log    ID_CMD_INTERPRETER  I2C_VVC,3           Interpreter: Waiting for command
%%           0.0 ns  Log    ID_UVVM_SEND_CMD    TB seq.(uvvm)       disable_log_msg(VVC_BROADCAST, ID_CMD_EXECUTOR_WAIT): [2]
%%           0.0 ns  Log    ID_UVVM_SEND_CMD    SBI_VVC,0           disable_log_msg(VVC_BROADCAST, ID_CMD_EXECUTOR_WAIT): [2]
%%           0.0 ns  Log    ID_UVVM_SEND_CMD    WISHBONE_VVC,0      disable_log_msg(VVC_BROADCAST, ID_CMD_EXECUTOR_WAIT): [2]
%%           0.0 ns  Log    ID_UVVM_SEND_CMD    I2C_VVC,0           disable_log_msg(VVC_BROADCAST, ID_CMD_EXECUTOR_WAIT): [2]
%%           0.0 ns  Log    ID_UVVM_SEND_CMD    I2C_VVC,1           disable_log_msg(VVC_BROADCAST, ID_CMD_EXECUTOR_WAIT): [2]
%%           0.0 ns  Log    ID_UVVM_SEND_CMD    I2C_VVC,2           disable_log_msg(VVC_BROADCAST, ID_CMD_EXECUTOR_WAIT): [2]
%%           0.0 ns  Log    ID_UVVM_SEND_CMD    I2C_VVC,5           disable_log_msg(VVC_BROADCAST, ID_CMD_EXECUTOR_WAIT): [2]
%%           0.0 ns  Log    ID_UVVM_SEND_CMD    I2C_VVC,4           disable_log_msg(VVC_BROADCAST, ID_CMD_EXECUTOR_WAIT): [2]
%%           0.0 ns  Log    ID_UVVM_SEND_CMD    I2C_VVC,6           disable_log_msg(VVC_BROADCAST, ID_CMD_EXECUTOR_WAIT): [2]
%%           0.0 ns  Log    ID_UVVM_SEND_CMD    I2C_VVC,3           disable_log_msg(VVC_BROADCAST, ID_CMD_EXECUTOR_WAIT): [2]
%%           0.0 ns  Log    ID_CMD_INTERPRETER  SBI_VVC,0           disable_log_msg(VVC_BROADCAST, ID_CMD_EXECUTOR_WAIT). Command received  [2]
%%           0.0 ns  Log    ID_LOG_MSG_CTRL     SBI_VVC,0           disable_log_msg(ID_CMD_EXECUTOR_WAIT). ' [2]'
%%           0.0 ns  Log    ID_CMD_INTERPRETER  WISHBONE_VVC,0      disable_log_msg(VVC_BROADCAST, ID_CMD_EXECUTOR_WAIT). Command received  [2]
%%           0.0 ns  Log    ID_LOG_MSG_CTRL     WISHBONE_VVC,0      disable_log_msg(ID_CMD_EXECUTOR_WAIT). ' [2]'
%%           0.0 ns  Log    ID_CMD_INTERPRETER  I2C_VVC,0           disable_log_msg(VVC_BROADCAST, ID_CMD_EXECUTOR_WAIT). Command received  [2]
%%           0.0 ns  Log    ID_LOG_MSG_CTRL     I2C_VVC,0           disable_log_msg(ID_CMD_EXECUTOR_WAIT). ' [2]'
%%           0.0 ns  Log    ID_CMD_INTERPRETER  I2C_VVC,1           disable_log_msg(VVC_BROADCAST, ID_CMD_EXECUTOR_WAIT). Command received  [2]
%%           0.0 ns  Log    ID_LOG_MSG_CTRL     I2C_VVC,1           disable_log_msg(ID_CMD_EXECUTOR_WAIT). ' [2]'
%%           0.0 ns  Log    ID_CMD_INTERPRETER  I2C_VVC,2           disable_log_msg(VVC_BROADCAST, ID_CMD_EXECUTOR_WAIT). Command received  [2]
%%           0.0 ns  Log    ID_LOG_MSG_CTRL     I2C_VVC,2           disable_log_msg(ID_CMD_EXECUTOR_WAIT). ' [2]'
%%           0.0 ns  Log    ID_CMD_INTERPRETER  I2C_VVC,5           disable_log_msg(VVC_BROADCAST, ID_CMD_EXECUTOR_WAIT). Command received  [2]
%%           0.0 ns  Log    ID_LOG_MSG_CTRL     I2C_VVC,5           disable_log_msg(ID_CMD_EXECUTOR_WAIT). ' [2]'
%%           0.0 ns  Log    ID_CMD_INTERPRETER  I2C_VVC,4           disable_log_msg(VVC_BROADCAST, ID_CMD_EXECUTOR_WAIT). Command received  [2]
%%           0.0 ns  Log    ID_LOG_MSG_CTRL     I2C_VVC,4           disable_log_msg(ID_CMD_EXECUTOR_WAIT). ' [2]'
%%           0.0 ns  Log    ID_CMD_INTERPRETER  I2C_VVC,6           disable_log_msg(VVC_BROADCAST, ID_CMD_EXECUTOR_WAIT). Command received  [2]
%%           0.0 ns  Log    ID_LOG_MSG_CTRL     I2C_VVC,6           disable_log_msg(ID_CMD_EXECUTOR_WAIT). ' [2]'
%%           0.0 ns  Log    ID_CMD_INTERPRETER  I2C_VVC,3           disable_log_msg(VVC_BROADCAST, ID_CMD_EXECUTOR_WAIT). Command received  [2]
%%           0.0 ns  Log    ID_LOG_MSG_CTRL     I2C_VVC,3           disable_log_msg(ID_CMD_EXECUTOR_WAIT). ' [2]'
%%           0.0 ns  Log    ID_CMD_INTERPRETER  WISHBONE_VVC,0      Interpreter: Waiting for command
%%           0.0 ns  Log    ID_CMD_INTERPRETER  SBI_VVC,0           Interpreter: Waiting for command
%%           0.0 ns  Log    ID_CMD_INTERPRETER  I2C_VVC,0           Interpreter: Waiting for command
%%           0.0 ns  Log    ID_CMD_INTERPRETER  I2C_VVC,1           Interpreter: Waiting for command
%%           0.0 ns  Log    ID_CMD_INTERPRETER  I2C_VVC,2           Interpreter: Waiting for command
%%           0.0 ns  Log    ID_CMD_INTERPRETER  I2C_VVC,5           Interpreter: Waiting for command
%%           0.0 ns  Log    ID_CMD_INTERPRETER  I2C_VVC,4           Interpreter: Waiting for command
%%           0.0 ns  Log    ID_CMD_INTERPRETER  I2C_VVC,6           Interpreter: Waiting for command
%%           0.0 ns  Log    ID_CMD_INTERPRETER  I2C_VVC,3           Interpreter: Waiting for command
%%           0.0 ns  Log    ID_UVVM_SEND_CMD    TB seq.(uvvm)       disable_log_msg(VVC_BROADCAST, ID_CMD_INTERPRETER): [3]
%%           0.0 ns  Log    ID_UVVM_SEND_CMD    WISHBONE_VVC,0      disable_log_msg(VVC_BROADCAST, ID_CMD_INTERPRETER): [3]
%%           0.0 ns  Log    ID_UVVM_SEND_CMD    SBI_VVC,0           disable_log_msg(VVC_BROADCAST, ID_CMD_INTERPRETER): [3]
%%           0.0 ns  Log    ID_UVVM_SEND_CMD    I2C_VVC,0           disable_log_msg(VVC_BROADCAST, ID_CMD_INTERPRETER): [3]
%%           0.0 ns  Log    ID_UVVM_SEND_CMD    I2C_VVC,1           disable_log_msg(VVC_BROADCAST, ID_CMD_INTERPRETER): [3]
%%           0.0 ns  Log    ID_UVVM_SEND_CMD    I2C_VVC,2           disable_log_msg(VVC_BROADCAST, ID_CMD_INTERPRETER): [3]
%%           0.0 ns  Log    ID_UVVM_SEND_CMD    I2C_VVC,5           disable_log_msg(VVC_BROADCAST, ID_CMD_INTERPRETER): [3]
%%           0.0 ns  Log    ID_UVVM_SEND_CMD    I2C_VVC,4           disable_log_msg(VVC_BROADCAST, ID_CMD_INTERPRETER): [3]
%%           0.0 ns  Log    ID_UVVM_SEND_CMD    I2C_VVC,6           disable_log_msg(VVC_BROADCAST, ID_CMD_INTERPRETER): [3]
%%           0.0 ns  Log    ID_UVVM_SEND_CMD    I2C_VVC,3           disable_log_msg(VVC_BROADCAST, ID_CMD_INTERPRETER): [3]
%%           0.0 ns  Log    ID_CMD_INTERPRETER  WISHBONE_VVC,0      disable_log_msg(VVC_BROADCAST, ID_CMD_INTERPRETER). Command received  [3]
%%           0.0 ns  Log    ID_LOG_MSG_CTRL     WISHBONE_VVC,0      disable_log_msg(ID_CMD_INTERPRETER). ' [3]'
%%           0.0 ns  Log    ID_CMD_INTERPRETER  SBI_VVC,0           disable_log_msg(VVC_BROADCAST, ID_CMD_INTERPRETER). Command received  [3]
%%           0.0 ns  Log    ID_LOG_MSG_CTRL     SBI_VVC,0           disable_log_msg(ID_CMD_INTERPRETER). ' [3]'
%%           0.0 ns  Log    ID_CMD_INTERPRETER  I2C_VVC,0           disable_log_msg(VVC_BROADCAST, ID_CMD_INTERPRETER). Command received  [3]
%%           0.0 ns  Log    ID_LOG_MSG_CTRL     I2C_VVC,0           disable_log_msg(ID_CMD_INTERPRETER). ' [3]'
%%           0.0 ns  Log    ID_CMD_INTERPRETER  I2C_VVC,1           disable_log_msg(VVC_BROADCAST, ID_CMD_INTERPRETER). Command received  [3]
%%           0.0 ns  Log    ID_LOG_MSG_CTRL     I2C_VVC,1           disable_log_msg(ID_CMD_INTERPRETER). ' [3]'
%%           0.0 ns  Log    ID_CMD_INTERPRETER  I2C_VVC,2           disable_log_msg(VVC_BROADCAST, ID_CMD_INTERPRETER). Command received  [3]
%%           0.0 ns  Log    ID_LOG_MSG_CTRL     I2C_VVC,2           disable_log_msg(ID_CMD_INTERPRETER). ' [3]'
%%           0.0 ns  Log    ID_CMD_INTERPRETER  I2C_VVC,5           disable_log_msg(VVC_BROADCAST, ID_CMD_INTERPRETER). Command received  [3]
%%           0.0 ns  Log    ID_LOG_MSG_CTRL     I2C_VVC,5           disable_log_msg(ID_CMD_INTERPRETER). ' [3]'
%%           0.0 ns  Log    ID_CMD_INTERPRETER  I2C_VVC,4           disable_log_msg(VVC_BROADCAST, ID_CMD_INTERPRETER). Command received  [3]
%%           0.0 ns  Log    ID_LOG_MSG_CTRL     I2C_VVC,4           disable_log_msg(ID_CMD_INTERPRETER). ' [3]'
%%           0.0 ns  Log    ID_CMD_INTERPRETER  I2C_VVC,6           disable_log_msg(VVC_BROADCAST, ID_CMD_INTERPRETER). Command received  [3]
%%           0.0 ns  Log    ID_LOG_MSG_CTRL     I2C_VVC,6           disable_log_msg(ID_CMD_INTERPRETER). ' [3]'
%%           0.0 ns  Log    ID_CMD_INTERPRETER  I2C_VVC,3           disable_log_msg(VVC_BROADCAST, ID_CMD_INTERPRETER). Command received  [3]
%%           0.0 ns  Log    ID_LOG_MSG_CTRL     I2C_VVC,3           disable_log_msg(ID_CMD_INTERPRETER). ' [3]'
%%           0.0 ns  Log    ID_CMD_INTERPRETER  SBI_VVC,0           Interpreter: Waiting for command
%%           0.0 ns  Log    ID_CMD_INTERPRETER  WISHBONE_VVC,0      Interpreter: Waiting for command
%%           0.0 ns  Log    ID_CMD_INTERPRETER  I2C_VVC,0           Interpreter: Waiting for command
%%           0.0 ns  Log    ID_CMD_INTERPRETER  I2C_VVC,1           Interpreter: Waiting for command
%%           0.0 ns  Log    ID_CMD_INTERPRETER  I2C_VVC,2           Interpreter: Waiting for command
%%           0.0 ns  Log    ID_CMD_INTERPRETER  I2C_VVC,5           Interpreter: Waiting for command
%%           0.0 ns  Log    ID_CMD_INTERPRETER  I2C_VVC,4           Interpreter: Waiting for command
%%           0.0 ns  Log    ID_CMD_INTERPRETER  I2C_VVC,6           Interpreter: Waiting for command
%%           0.0 ns  Log    ID_CMD_INTERPRETER  I2C_VVC,3           Interpreter: Waiting for command
%%           0.0 ns  Log    ID_UVVM_SEND_CMD    TB seq.(uvvm)       disable_log_msg(VVC_BROADCAST, ID_CMD_INTERPRETER_WAIT): [4]
%%           0.0 ns  Log    ID_UVVM_SEND_CMD    SBI_VVC,0           disable_log_msg(VVC_BROADCAST, ID_CMD_INTERPRETER_WAIT): [4]
%%           0.0 ns  Log    ID_UVVM_SEND_CMD    WISHBONE_VVC,0      disable_log_msg(VVC_BROADCAST, ID_CMD_INTERPRETER_WAIT): [4]
%%           0.0 ns  Log    ID_UVVM_SEND_CMD    I2C_VVC,0           disable_log_msg(VVC_BROADCAST, ID_CMD_INTERPRETER_WAIT): [4]
%%           0.0 ns  Log    ID_UVVM_SEND_CMD    I2C_VVC,1           disable_log_msg(VVC_BROADCAST, ID_CMD_INTERPRETER_WAIT): [4]
%%           0.0 ns  Log    ID_UVVM_SEND_CMD    I2C_VVC,2           disable_log_msg(VVC_BROADCAST, ID_CMD_INTERPRETER_WAIT): [4]
%%           0.0 ns  Log    ID_UVVM_SEND_CMD    I2C_VVC,5           disable_log_msg(VVC_BROADCAST, ID_CMD_INTERPRETER_WAIT): [4]
%%           0.0 ns  Log    ID_UVVM_SEND_CMD    I2C_VVC,4           disable_log_msg(VVC_BROADCAST, ID_CMD_INTERPRETER_WAIT): [4]
%%           0.0 ns  Log    ID_UVVM_SEND_CMD    I2C_VVC,6           disable_log_msg(VVC_BROADCAST, ID_CMD_INTERPRETER_WAIT): [4]
%%           0.0 ns  Log    ID_UVVM_SEND_CMD    I2C_VVC,3           disable_log_msg(VVC_BROADCAST, ID_CMD_INTERPRETER_WAIT): [4]
%%           0.0 ns  Log    ID_LOG_MSG_CTRL     SBI_VVC,0           disable_log_msg(ID_CMD_INTERPRETER_WAIT). ' [4]'
%%           0.0 ns  Log    ID_LOG_MSG_CTRL     WISHBONE_VVC,0      disable_log_msg(ID_CMD_INTERPRETER_WAIT). ' [4]'
%%           0.0 ns  Log    ID_LOG_MSG_CTRL     I2C_VVC,0           disable_log_msg(ID_CMD_INTERPRETER_WAIT). ' [4]'
%%           0.0 ns  Log    ID_LOG_MSG_CTRL     I2C_VVC,1           disable_log_msg(ID_CMD_INTERPRETER_WAIT). ' [4]'
%%           0.0 ns  Log    ID_LOG_MSG_CTRL     I2C_VVC,2           disable_log_msg(ID_CMD_INTERPRETER_WAIT). ' [4]'
%%           0.0 ns  Log    ID_LOG_MSG_CTRL     I2C_VVC,5           disable_log_msg(ID_CMD_INTERPRETER_WAIT). ' [4]'
%%           0.0 ns  Log    ID_LOG_MSG_CTRL     I2C_VVC,4           disable_log_msg(ID_CMD_INTERPRETER_WAIT). ' [4]'
%%           0.0 ns  Log    ID_LOG_MSG_CTRL     I2C_VVC,6           disable_log_msg(ID_CMD_INTERPRETER_WAIT). ' [4]'
%%           0.0 ns  Log    ID_LOG_MSG_CTRL     I2C_VVC,3           disable_log_msg(ID_CMD_INTERPRETER_WAIT). ' [4]'
%%           0.0 ns  Log    ID_UVVM_SEND_CMD    TB seq.(uvvm)       disable_log_msg(VVC_BROADCAST, ID_IMMEDIATE_CMD): [5]
%%           0.0 ns  Log    ID_UVVM_SEND_CMD    WISHBONE_VVC,0      disable_log_msg(VVC_BROADCAST, ID_IMMEDIATE_CMD): [5]
%%           0.0 ns  Log    ID_UVVM_SEND_CMD    SBI_VVC,0           disable_log_msg(VVC_BROADCAST, ID_IMMEDIATE_CMD): [5]
%%           0.0 ns  Log    ID_UVVM_SEND_CMD    I2C_VVC,0           disable_log_msg(VVC_BROADCAST, ID_IMMEDIATE_CMD): [5]
%%           0.0 ns  Log    ID_UVVM_SEND_CMD    I2C_VVC,1           disable_log_msg(VVC_BROADCAST, ID_IMMEDIATE_CMD): [5]
%%           0.0 ns  Log    ID_UVVM_SEND_CMD    I2C_VVC,2           disable_log_msg(VVC_BROADCAST, ID_IMMEDIATE_CMD): [5]
%%           0.0 ns  Log    ID_UVVM_SEND_CMD    I2C_VVC,5           disable_log_msg(VVC_BROADCAST, ID_IMMEDIATE_CMD): [5]
%%           0.0 ns  Log    ID_UVVM_SEND_CMD    I2C_VVC,4           disable_log_msg(VVC_BROADCAST, ID_IMMEDIATE_CMD): [5]
%%           0.0 ns  Log    ID_UVVM_SEND_CMD    I2C_VVC,6           disable_log_msg(VVC_BROADCAST, ID_IMMEDIATE_CMD): [5]
%%           0.0 ns  Log    ID_UVVM_SEND_CMD    I2C_VVC,3           disable_log_msg(VVC_BROADCAST, ID_IMMEDIATE_CMD): [5]
%%           0.0 ns  Log    ID_LOG_MSG_CTRL     WISHBONE_VVC,0      disable_log_msg(ID_IMMEDIATE_CMD). ' [5]'
%%           0.0 ns  Log    ID_LOG_MSG_CTRL     SBI_VVC,0           disable_log_msg(ID_IMMEDIATE_CMD). ' [5]'
%%           0.0 ns  Log    ID_LOG_MSG_CTRL     I2C_VVC,0           disable_log_msg(ID_IMMEDIATE_CMD). ' [5]'
%%           0.0 ns  Log    ID_LOG_MSG_CTRL     I2C_VVC,1           disable_log_msg(ID_IMMEDIATE_CMD). ' [5]'
%%           0.0 ns  Log    ID_LOG_MSG_CTRL     I2C_VVC,2           disable_log_msg(ID_IMMEDIATE_CMD). ' [5]'
%%           0.0 ns  Log    ID_LOG_MSG_CTRL     I2C_VVC,5           disable_log_msg(ID_IMMEDIATE_CMD). ' [5]'
%%           0.0 ns  Log    ID_LOG_MSG_CTRL     I2C_VVC,4           disable_log_msg(ID_IMMEDIATE_CMD). ' [5]'
%%           0.0 ns  Log    ID_LOG_MSG_CTRL     I2C_VVC,6           disable_log_msg(ID_IMMEDIATE_CMD). ' [5]'
%%           0.0 ns  Log    ID_LOG_MSG_CTRL     I2C_VVC,3           disable_log_msg(ID_IMMEDIATE_CMD). ' [5]'
%%      
%%      -----------------------------------------------------------------------------------------------------------------------------------------------------------------------
%%      ***  REPORT OF GLOBAL CTRL ***
%%      -----------------------------------------------------------------------------------------------------------------------------------------------------------------------
%%                                IGNORE    STOP_LIMIT
%%                NOTE         :  REGARD         0
%%                TB_NOTE      :  REGARD         0
%%                WARNING      :  REGARD         0
%%                TB_WARNING   :  REGARD         0
%%                MANUAL_CHECK :  REGARD         0
%%                ERROR        :  REGARD         0
%%                TB_ERROR     :  REGARD         0
%%                FAILURE      :  REGARD         1
%%                TB_FAILURE   :  REGARD         1
%%      -----------------------------------------------------------------------------------------------------------------------------------------------------------------------
%%      
%%      
%%      -----------------------------------------------------------------------------------------------------------------------------------------------------------------------
%%      ***  REPORT OF MSG ID PANEL ***
%%      -----------------------------------------------------------------------------------------------------------------------------------------------------------------------
%%                ID                             Status
%%                ------------------------       ------
%%                ID_UTIL_BURIED               : DISABLED
%%                ID_BITVIS_DEBUG              : DISABLED
%%                ID_UTIL_SETUP                : ENABLED
%%                ID_LOG_MSG_CTRL              : ENABLED
%%                ID_ALERT_CTRL                : ENABLED
%%                ID_FINISH_OR_STOP            : ENABLED
%%                ID_CLOCK_GEN                 : ENABLED
%%                ID_GEN_PULSE                 : ENABLED
%%                ID_BLOCKING                  : ENABLED
%%                ID_WATCHDOG                  : ENABLED
%%                ID_RAND_GEN                  : DISABLED
%%                ID_RAND_CONF                 : DISABLED
%%                ID_FUNC_COV_BINS             : DISABLED
%%                ID_FUNC_COV_BINS_INFO        : DISABLED
%%                ID_FUNC_COV_RAND             : DISABLED
%%                ID_FUNC_COV_SAMPLE           : DISABLED
%%                ID_FUNC_COV_CONFIG           : DISABLED
%%                ID_POS_ACK                   : DISABLED
%%                ID_UVVM_ASSERTION            : ENABLED
%%                ID_LOG_HDR                   : ENABLED
%%                ID_LOG_HDR_LARGE             : ENABLED
%%                ID_LOG_HDR_XL                : ENABLED
%%                ID_SEQUENCER                 : ENABLED
%%                ID_SEQUENCER_SUB             : ENABLED
%%                ID_BFM                       : ENABLED
%%                ID_BFM_WAIT                  : ENABLED
%%                ID_BFM_POLL                  : ENABLED
%%                ID_BFM_POLL_SUMMARY          : ENABLED
%%                ID_CHANNEL_BFM               : ENABLED
%%                ID_TERMINATE_CMD             : ENABLED
%%                ID_SEGMENT_INITIATE          : ENABLED
%%                ID_SEGMENT_COMPLETE          : ENABLED
%%                ID_SEGMENT_HDR               : ENABLED
%%                ID_SEGMENT_DATA              : ENABLED
%%                ID_PACKET_INITIATE           : ENABLED
%%                ID_PACKET_PREAMBLE           : ENABLED
%%                ID_PACKET_COMPLETE           : ENABLED
%%                ID_PACKET_HDR                : ENABLED
%%                ID_PACKET_DATA               : ENABLED
%%                ID_PACKET_CHECKSUM           : ENABLED
%%                ID_PACKET_GAP                : ENABLED
%%                ID_PACKET_PAYLOAD            : ENABLED
%%                ID_FRAME_INITIATE            : ENABLED
%%                ID_FRAME_COMPLETE            : ENABLED
%%                ID_FRAME_HDR                 : ENABLED
%%                ID_FRAME_DATA                : ENABLED
%%                ID_COVERAGE_MAKEBIN          : DISABLED
%%                ID_COVERAGE_ADDBIN           : DISABLED
%%                ID_COVERAGE_ICOVER           : DISABLED
%%                ID_COVERAGE_CONFIG           : ENABLED
%%                ID_COVERAGE_SUMMARY          : ENABLED
%%                ID_COVERAGE_HOLES            : ENABLED
%%                ID_UVVM_SEND_CMD             : ENABLED
%%                ID_UVVM_CMD_ACK              : DISABLED
%%                ID_UVVM_CMD_RESULT           : DISABLED
%%                ID_CMD_INTERPRETER           : ENABLED
%%                ID_CMD_INTERPRETER_WAIT      : ENABLED
%%                ID_IMMEDIATE_CMD             : ENABLED
%%                ID_IMMEDIATE_CMD_WAIT        : ENABLED
%%                ID_CMD_EXECUTOR              : ENABLED
%%                ID_CMD_EXECUTOR_WAIT         : ENABLED
%%                ID_CHANNEL_EXECUTOR          : ENABLED
%%                ID_CHANNEL_EXECUTOR_WAIT     : ENABLED
%%                ID_NEW_HVVC_CMD_SEQ          : ENABLED
%%                ID_INSERTED_DELAY            : ENABLED
%%                ID_OLD_AWAIT_COMPLETION      : ENABLED
%%                ID_AWAIT_COMPLETION          : DISABLED
%%                ID_AWAIT_COMPLETION_LIST     : DISABLED
%%                ID_AWAIT_COMPLETION_WAIT     : DISABLED
%%                ID_AWAIT_COMPLETION_END      : DISABLED
%%                ID_AWAIT_UVVM_COMPLETION     : ENABLED
%%                ID_UVVM_DATA_QUEUE           : ENABLED
%%                ID_CONSTRUCTOR               : ENABLED
%%                ID_CONSTRUCTOR_SUB           : ENABLED
%%                ID_VVC_ACTIVITY              : ENABLED
%%                ID_MONITOR                   : ENABLED
%%                ID_MONITOR_ERROR             : ENABLED
%%                ID_DATA                      : ENABLED
%%                ID_CTRL                      : ENABLED
%%                ID_SPEC_COV_INIT             : ENABLED
%%                ID_SPEC_COV_REQS             : ENABLED
%%                ID_SPEC_COV                  : ENABLED
%%                ID_FILE_OPEN_CLOSE           : ENABLED
%%                ID_FILE_PARSER               : ENABLED
%%      -----------------------------------------------------------------------------------------------------------------------------------------------------------------------
%%      
%% 
%%           0.0 ns  Log    ID_SEQUENCER        TB seq.             Setting inter-bfm delay
%%          12.5 ns  Log    ID_GEN_PULSE        TB seq.             Pulsed to 1 for 12500 ps. 'Trigger DUT reset'
%%     1000012.5 ns  Log    ID_UVVM_SEND_CMD    TB seq.(uvvm)       wishbone_write(WISHBONE_VVC,0, x"0", x"13"): 'Set SCL prescaler LSB'. [6]
%%     1000012.5 ns  Log    ID_UVVM_SEND_CMD    TB seq.(uvvm)       wishbone_write(WISHBONE_VVC,0, x"1", x"00"): 'Set SCL prescaler MSB'. [7]
%%     1000012.5 ns  Log    ID_UVVM_SEND_CMD    TB seq.(uvvm)       wishbone_write(WISHBONE_VVC,0, x"2", x"80"): 'Enable DUT'. [8]
%%     1000032.5 ns  Log    ID_BFM              WISHBONE_VVC,0      wishbone_write(A:x"0", x"13") completed. ' 'Set SCL prescaler LSB'  [6]'
%%     1000052.5 ns  Log    ID_BFM              WISHBONE_VVC,0      wishbone_write(A:x"1", x"00") completed. ' 'Set SCL prescaler MSB'  [7]'
%%     1000072.5 ns  Log    ID_BFM              WISHBONE_VVC,0      wishbone_write(A:x"2", x"80") completed. ' 'Enable DUT'  [8]'
%%     1000072.5 ns  Log    ID_UVVM_SEND_CMD    TB seq.(uvvm)       wishbone_write(WISHBONE_VVC,0, x"3", x"AA"): 'Setting address to be x55 and setting RW bit to 0'. [10]
%%     1000072.5 ns  Log    ID_UVVM_SEND_CMD    TB seq.(uvvm)       wishbone_write(WISHBONE_VVC,0, x"4", x"90"): 'Setting STA and WR bit in command reg'. [11]
%%     1000072.5 ns  Log    ID_UVVM_SEND_CMD    TB seq.(uvvm)       i2c_slave_check(I2C_VVC,2): 'Check data'. [12]
%%     1000092.5 ns  Log    ID_BFM              WISHBONE_VVC,0      wishbone_write(A:x"3", x"AA") completed. ' 'Setting address to be x55 and setting RW bit to 0'  [10]'
%%     1000112.5 ns  Log    ID_BFM              WISHBONE_VVC,0      wishbone_write(A:x"4", x"90") completed. ' 'Setting STA and WR bit in command reg'  [11]'
%%     1000112.5 ns  Log    ID_UVVM_SEND_CMD    TB seq.(uvvm)       wishbone_read(WISHBONE_VVC,0, x"4"): 'Read status reg'. [14]
%%     1000132.5 ns  Log    ID_BFM              WISHBONE_VVC,0      wishbone_read(A:x"4")=> x"3". ' 'Read status reg'  [14]'
%%     1000132.5 ns  Log    ID_UVVM_SEND_CMD    TB seq.(uvvm)       fetch_result(WISHBONE_VVC,0, 14): 'Fetching result from I2C master DUT status register.'. [16]
%%     1001232.5 ns  Log    ID_UVVM_SEND_CMD    TB seq.(uvvm)       wishbone_read(WISHBONE_VVC,0, x"4"): 'Read status reg'. [17]
%%     1001252.5 ns  Log    ID_BFM              WISHBONE_VVC,0      wishbone_read(A:x"4")=> x"43". ' 'Read status reg'  [17]'
%%     1001252.5 ns  Log    ID_UVVM_SEND_CMD    TB seq.(uvvm)       fetch_result(WISHBONE_VVC,0, 17): 'Fetching result from I2C master DUT status register.'. [19]
%%     1002352.5 ns  Log    ID_UVVM_SEND_CMD    TB seq.(uvvm)       wishbone_read(WISHBONE_VVC,0, x"4"): 'Read status reg'. [20]
%%     1002372.5 ns  Log    ID_BFM              WISHBONE_VVC,0      wishbone_read(A:x"4")=> x"43". ' 'Read status reg'  [20]'
%%     1002372.5 ns  Log    ID_UVVM_SEND_CMD    TB seq.(uvvm)       fetch_result(WISHBONE_VVC,0, 20): 'Fetching result from I2C master DUT status register.'. [22]
%%     1003472.5 ns  Log    ID_UVVM_SEND_CMD    TB seq.(uvvm)       wishbone_read(WISHBONE_VVC,0, x"4"): 'Read status reg'. [23]
%%     1003492.5 ns  Log    ID_BFM              WISHBONE_VVC,0      wishbone_read(A:x"4")=> x"43". ' 'Read status reg'  [23]'
%%     1003492.5 ns  Log    ID_UVVM_SEND_CMD    TB seq.(uvvm)       fetch_result(WISHBONE_VVC,0, 23): 'Fetching result from I2C master DUT status register.'. [25]
%%     1004592.5 ns  Log    ID_UVVM_SEND_CMD    TB seq.(uvvm)       wishbone_read(WISHBONE_VVC,0, x"4"): 'Read status reg'. [26]
%%     1004612.5 ns  Log    ID_BFM              WISHBONE_VVC,0      wishbone_read(A:x"4")=> x"43". ' 'Read status reg'  [26]'
%%     1004612.5 ns  Log    ID_UVVM_SEND_CMD    TB seq.(uvvm)       fetch_result(WISHBONE_VVC,0, 26): 'Fetching result from I2C master DUT status register.'. [28]
%%     1005712.5 ns  Log    ID_UVVM_SEND_CMD    TB seq.(uvvm)       wishbone_read(WISHBONE_VVC,0, x"4"): 'Read status reg'. [29]
%%     1005732.5 ns  Log    ID_BFM              WISHBONE_VVC,0      wishbone_read(A:x"4")=> x"43". ' 'Read status reg'  [29]'
%%     1005732.5 ns  Log    ID_UVVM_SEND_CMD    TB seq.(uvvm)       fetch_result(WISHBONE_VVC,0, 29): 'Fetching result from I2C master DUT status register.'. [31]
%%     1006832.5 ns  Log    ID_UVVM_SEND_CMD    TB seq.(uvvm)       wishbone_read(WISHBONE_VVC,0, x"4"): 'Read status reg'. [32]
%%     1006852.5 ns  Log    ID_BFM              WISHBONE_VVC,0      wishbone_read(A:x"4")=> x"43". ' 'Read status reg'  [32]'
%%     1006852.5 ns  Log    ID_UVVM_SEND_CMD    TB seq.(uvvm)       fetch_result(WISHBONE_VVC,0, 32): 'Fetching result from I2C master DUT status register.'. [34]
%%     1007952.5 ns  Log    ID_UVVM_SEND_CMD    TB seq.(uvvm)       wishbone_read(WISHBONE_VVC,0, x"4"): 'Read status reg'. [35]
%%     1007972.5 ns  Log    ID_BFM              WISHBONE_VVC,0      wishbone_read(A:x"4")=> x"43". ' 'Read status reg'  [35]'
%%     1007972.5 ns  Log    ID_UVVM_SEND_CMD    TB seq.(uvvm)       fetch_result(WISHBONE_VVC,0, 35): 'Fetching result from I2C master DUT status register.'. [37]
%%     1009072.5 ns  Log    ID_UVVM_SEND_CMD    TB seq.(uvvm)       wishbone_read(WISHBONE_VVC,0, x"4"): 'Read status reg'. [38]
%%     1009092.5 ns  Log    ID_BFM              WISHBONE_VVC,0      wishbone_read(A:x"4")=> x"43". ' 'Read status reg'  [38]'
%%     1009092.5 ns  Log    ID_UVVM_SEND_CMD    TB seq.(uvvm)       fetch_result(WISHBONE_VVC,0, 38): 'Fetching result from I2C master DUT status register.'. [40]
%%     1010192.5 ns  Log    ID_UVVM_SEND_CMD    TB seq.(uvvm)       wishbone_read(WISHBONE_VVC,0, x"4"): 'Read status reg'. [41]
%%     1010212.5 ns  Log    ID_BFM              WISHBONE_VVC,0      wishbone_read(A:x"4")=> x"43". ' 'Read status reg'  [41]'
%%     1010212.5 ns  Log    ID_UVVM_SEND_CMD    TB seq.(uvvm)       fetch_result(WISHBONE_VVC,0, 41): 'Fetching result from I2C master DUT status register.'. [43]
%%     1011312.5 ns  Log    ID_UVVM_SEND_CMD    TB seq.(uvvm)       wishbone_read(WISHBONE_VVC,0, x"4"): 'Read status reg'. [44]
%%     1011332.5 ns  Log    ID_BFM              WISHBONE_VVC,0      wishbone_read(A:x"4")=> x"41". ' 'Read status reg'  [44]'
%%     1011332.5 ns  Log    ID_UVVM_SEND_CMD    TB seq.(uvvm)       fetch_result(WISHBONE_VVC,0, 44): 'Fetching result from I2C master DUT status register.'. [46]
%%     1011332.5 ns  Log    ID_UVVM_SEND_CMD    TB seq.(uvvm)       wishbone_write(WISHBONE_VVC,0, x"3", x"55"): 'Writing data 01010101 to transmit register.'. [47]
%%     1011332.5 ns  Log    ID_UVVM_SEND_CMD    TB seq.(uvvm)       wishbone_write(WISHBONE_VVC,0, x"4", x"50"): 'Setting STO and WR bit in command reg'. [48]
%%     1011352.5 ns  Log    ID_BFM              WISHBONE_VVC,0      wishbone_write(A:x"3", x"55") completed. ' 'Writing data 01010101 to transmit register.'  [47]'
%%     1011372.5 ns  Log    ID_BFM              WISHBONE_VVC,0      wishbone_write(A:x"4", x"50") completed. ' 'Setting STO and WR bit in command reg'  [48]'
%%     1011372.5 ns  Log    ID_UVVM_SEND_CMD    TB seq.(uvvm)       wishbone_read(WISHBONE_VVC,0, x"4"): 'Read status reg'. [50]
%%     1011392.5 ns  Log    ID_BFM              WISHBONE_VVC,0      wishbone_read(A:x"4")=> x"43". ' 'Read status reg'  [50]'
%%     1011392.5 ns  Log    ID_UVVM_SEND_CMD    TB seq.(uvvm)       fetch_result(WISHBONE_VVC,0, 50): 'Fetching result from I2C master DUT status register.'. [52]
%%     1012492.5 ns  Log    ID_UVVM_SEND_CMD    TB seq.(uvvm)       wishbone_read(WISHBONE_VVC,0, x"4"): 'Read status reg'. [53]
%%     1012512.5 ns  Log    ID_BFM              WISHBONE_VVC,0      wishbone_read(A:x"4")=> x"43". ' 'Read status reg'  [53]'
%%     1012512.5 ns  Log    ID_UVVM_SEND_CMD    TB seq.(uvvm)       fetch_result(WISHBONE_VVC,0, 53): 'Fetching result from I2C master DUT status register.'. [55]
%%     1013612.5 ns  Log    ID_UVVM_SEND_CMD    TB seq.(uvvm)       wishbone_read(WISHBONE_VVC,0, x"4"): 'Read status reg'. [56]
%%     1013632.5 ns  Log    ID_BFM              WISHBONE_VVC,0      wishbone_read(A:x"4")=> x"43". ' 'Read status reg'  [56]'
%%     1013632.5 ns  Log    ID_UVVM_SEND_CMD    TB seq.(uvvm)       fetch_result(WISHBONE_VVC,0, 56): 'Fetching result from I2C master DUT status register.'. [58]
%%     1014732.5 ns  Log    ID_UVVM_SEND_CMD    TB seq.(uvvm)       wishbone_read(WISHBONE_VVC,0, x"4"): 'Read status reg'. [59]
%%     1014752.5 ns  Log    ID_BFM              WISHBONE_VVC,0      wishbone_read(A:x"4")=> x"43". ' 'Read status reg'  [59]'
%%     1014752.5 ns  Log    ID_UVVM_SEND_CMD    TB seq.(uvvm)       fetch_result(WISHBONE_VVC,0, 59): 'Fetching result from I2C master DUT status register.'. [61]
%%     1015852.5 ns  Log    ID_UVVM_SEND_CMD    TB seq.(uvvm)       wishbone_read(WISHBONE_VVC,0, x"4"): 'Read status reg'. [62]
%%     1015872.5 ns  Log    ID_BFM              WISHBONE_VVC,0      wishbone_read(A:x"4")=> x"43". ' 'Read status reg'  [62]'
%%     1015872.5 ns  Log    ID_UVVM_SEND_CMD    TB seq.(uvvm)       fetch_result(WISHBONE_VVC,0, 62): 'Fetching result from I2C master DUT status register.'. [64]
%%     1016972.5 ns  Log    ID_UVVM_SEND_CMD    TB seq.(uvvm)       wishbone_read(WISHBONE_VVC,0, x"4"): 'Read status reg'. [65]
%%     1016992.5 ns  Log    ID_BFM              WISHBONE_VVC,0      wishbone_read(A:x"4")=> x"43". ' 'Read status reg'  [65]'
%%     1016992.5 ns  Log    ID_UVVM_SEND_CMD    TB seq.(uvvm)       fetch_result(WISHBONE_VVC,0, 65): 'Fetching result from I2C master DUT status register.'. [67]
%%     1018092.5 ns  Log    ID_UVVM_SEND_CMD    TB seq.(uvvm)       wishbone_read(WISHBONE_VVC,0, x"4"): 'Read status reg'. [68]
%%     1018112.5 ns  Log    ID_BFM              WISHBONE_VVC,0      wishbone_read(A:x"4")=> x"43". ' 'Read status reg'  [68]'
%%     1018112.5 ns  Log    ID_UVVM_SEND_CMD    TB seq.(uvvm)       fetch_result(WISHBONE_VVC,0, 68): 'Fetching result from I2C master DUT status register.'. [70]
%%     1019212.5 ns  Log    ID_UVVM_SEND_CMD    TB seq.(uvvm)       wishbone_read(WISHBONE_VVC,0, x"4"): 'Read status reg'. [71]
%%     1019232.5 ns  Log    ID_BFM              WISHBONE_VVC,0      wishbone_read(A:x"4")=> x"43". ' 'Read status reg'  [71]'
%%     1019232.5 ns  Log    ID_UVVM_SEND_CMD    TB seq.(uvvm)       fetch_result(WISHBONE_VVC,0, 71): 'Fetching result from I2C master DUT status register.'. [73]
%%     1020332.5 ns  Log    ID_UVVM_SEND_CMD    TB seq.(uvvm)       wishbone_read(WISHBONE_VVC,0, x"4"): 'Read status reg'. [74]
%%     1020352.5 ns  Log    ID_BFM              WISHBONE_VVC,0      wishbone_read(A:x"4")=> x"43". ' 'Read status reg'  [74]'
%%     1020352.5 ns  Log    ID_UVVM_SEND_CMD    TB seq.(uvvm)       fetch_result(WISHBONE_VVC,0, 74): 'Fetching result from I2C master DUT status register.'. [76]
%%     1021452.5 ns  Log    ID_UVVM_SEND_CMD    TB seq.(uvvm)       wishbone_read(WISHBONE_VVC,0, x"4"): 'Read status reg'. [77]
%%     1021472.5 ns  Log    ID_BFM              WISHBONE_VVC,0      wishbone_read(A:x"4")=> x"43". ' 'Read status reg'  [77]'
%%     1021472.5 ns  Log    ID_UVVM_SEND_CMD    TB seq.(uvvm)       fetch_result(WISHBONE_VVC,0, 77): 'Fetching result from I2C master DUT status register.'. [79]
%%     1022190.0 ns  Log    ID_BFM              I2C_VVC,2           i2c_slave_check((x"55"))=> OK, read data = (x"55"). ' 'Check data'  [12]'
%%     1022572.5 ns  Log    ID_UVVM_SEND_CMD    TB seq.(uvvm)       wishbone_read(WISHBONE_VVC,0, x"4"): 'Read status reg'. [80]
%%     1022592.5 ns  Log    ID_BFM              WISHBONE_VVC,0      wishbone_read(A:x"4")=> x"1". ' 'Read status reg'  [80]'
%%     1022592.5 ns  Log    ID_UVVM_SEND_CMD    TB seq.(uvvm)       fetch_result(WISHBONE_VVC,0, 80): 'Fetching result from I2C master DUT status register.'. [82]
%%     1022592.5 ns  Log    ID_UVVM_SEND_CMD    TB seq.(uvvm)       wishbone_read(WISHBONE_VVC,0, x"0"): 'Dummy read which is not fetched, so remaining tests have old elements
%%:                                                                 in the result queue.'. [85]
%%     1022592.5 ns  Log    ID_UVVM_SEND_CMD    TB seq.(uvvm)       wishbone_write(WISHBONE_VVC,0, x"3", x"AA"): 'Setting address to be x55 and setting RW bit to 0'. [86]
%%     1022592.5 ns  Log    ID_UVVM_SEND_CMD    TB seq.(uvvm)       wishbone_write(WISHBONE_VVC,0, x"4", x"90"): 'Setting STA and WR bit in command reg'. [87]
%%     1022592.5 ns  Log    ID_UVVM_SEND_CMD    TB seq.(uvvm)       i2c_slave_check(I2C_VVC,2): 'Check data'. [88]
%%     1022612.5 ns  Log    ID_BFM              WISHBONE_VVC,0      wishbone_read(A:x"0")=> x"13". ' 'Dummy read which is not fetched, so remaining tests have old elements in
%%:                                                                 the result queue.'  [85]'
%%     1022632.5 ns  Log    ID_BFM              WISHBONE_VVC,0      wishbone_write(A:x"3", x"AA") completed. ' 'Setting address to be x55 and setting RW bit to 0'  [86]'
%%     1022652.5 ns  Log    ID_BFM              WISHBONE_VVC,0      wishbone_write(A:x"4", x"90") completed. ' 'Setting STA and WR bit in command reg'  [87]'
%%     1022652.5 ns  Log    ID_UVVM_SEND_CMD    TB seq.(uvvm)       wishbone_read(WISHBONE_VVC,0, x"4"): 'Read status reg'. [90]
%%     1022672.5 ns  Log    ID_BFM              WISHBONE_VVC,0      wishbone_read(A:x"4")=> x"3". ' 'Read status reg'  [90]'
%%     1022672.5 ns  Log    ID_UVVM_SEND_CMD    TB seq.(uvvm)       fetch_result(WISHBONE_VVC,0, 90): 'Fetching result from I2C master DUT status register.'. [92]
%%     1023772.5 ns  Log    ID_UVVM_SEND_CMD    TB seq.(uvvm)       wishbone_read(WISHBONE_VVC,0, x"4"): 'Read status reg'. [93]
%%     1023792.5 ns  Log    ID_BFM              WISHBONE_VVC,0      wishbone_read(A:x"4")=> x"43". ' 'Read status reg'  [93]'
%%     1023792.5 ns  Log    ID_UVVM_SEND_CMD    TB seq.(uvvm)       fetch_result(WISHBONE_VVC,0, 93): 'Fetching result from I2C master DUT status register.'. [95]
%%     1024892.5 ns  Log    ID_UVVM_SEND_CMD    TB seq.(uvvm)       wishbone_read(WISHBONE_VVC,0, x"4"): 'Read status reg'. [96]
%%     1024912.5 ns  Log    ID_BFM              WISHBONE_VVC,0      wishbone_read(A:x"4")=> x"43". ' 'Read status reg'  [96]'
%%     1024912.5 ns  Log    ID_UVVM_SEND_CMD    TB seq.(uvvm)       fetch_result(WISHBONE_VVC,0, 96): 'Fetching result from I2C master DUT status register.'. [98]
%%     1026012.5 ns  Log    ID_UVVM_SEND_CMD    TB seq.(uvvm)       wishbone_read(WISHBONE_VVC,0, x"4"): 'Read status reg'. [99]
%%     1026032.5 ns  Log    ID_BFM              WISHBONE_VVC,0      wishbone_read(A:x"4")=> x"43". ' 'Read status reg'  [99]'
%%     1026032.5 ns  Log    ID_UVVM_SEND_CMD    TB seq.(uvvm)       fetch_result(WISHBONE_VVC,0, 99): 'Fetching result from I2C master DUT status register.'. [101]
%%     1027132.5 ns  Log    ID_UVVM_SEND_CMD    TB seq.(uvvm)       wishbone_read(WISHBONE_VVC,0, x"4"): 'Read status reg'. [102]
%%     1027152.5 ns  Log    ID_BFM              WISHBONE_VVC,0      wishbone_read(A:x"4")=> x"43". ' 'Read status reg'  [102]'
%%     1027152.5 ns  Log    ID_UVVM_SEND_CMD    TB seq.(uvvm)       fetch_result(WISHBONE_VVC,0, 102): 'Fetching result from I2C master DUT status register.'. [104]
%%     1028252.5 ns  Log    ID_UVVM_SEND_CMD    TB seq.(uvvm)       wishbone_read(WISHBONE_VVC,0, x"4"): 'Read status reg'. [105]
%%     1028272.5 ns  Log    ID_BFM              WISHBONE_VVC,0      wishbone_read(A:x"4")=> x"43". ' 'Read status reg'  [105]'
%%     1028272.5 ns  Log    ID_UVVM_SEND_CMD    TB seq.(uvvm)       fetch_result(WISHBONE_VVC,0, 105): 'Fetching result from I2C master DUT status register.'. [107]
%%     1029372.5 ns  Log    ID_UVVM_SEND_CMD    TB seq.(uvvm)       wishbone_read(WISHBONE_VVC,0, x"4"): 'Read status reg'. [108]
%%     1029392.5 ns  Log    ID_BFM              WISHBONE_VVC,0      wishbone_read(A:x"4")=> x"43". ' 'Read status reg'  [108]'
%%     1029392.5 ns  Log    ID_UVVM_SEND_CMD    TB seq.(uvvm)       fetch_result(WISHBONE_VVC,0, 108): 'Fetching result from I2C master DUT status register.'. [110]
%%     1030492.5 ns  Log    ID_UVVM_SEND_CMD    TB seq.(uvvm)       wishbone_read(WISHBONE_VVC,0, x"4"): 'Read status reg'. [111]
%%     1030512.5 ns  Log    ID_BFM              WISHBONE_VVC,0      wishbone_read(A:x"4")=> x"43". ' 'Read status reg'  [111]'
%%     1030512.5 ns  Log    ID_UVVM_SEND_CMD    TB seq.(uvvm)       fetch_result(WISHBONE_VVC,0, 111): 'Fetching result from I2C master DUT status register.'. [113]
%%     1031612.5 ns  Log    ID_UVVM_SEND_CMD    TB seq.(uvvm)       wishbone_read(WISHBONE_VVC,0, x"4"): 'Read status reg'. [114]
%%     1031632.5 ns  Log    ID_BFM              WISHBONE_VVC,0      wishbone_read(A:x"4")=> x"43". ' 'Read status reg'  [114]'
%%     1031632.5 ns  Log    ID_UVVM_SEND_CMD    TB seq.(uvvm)       fetch_result(WISHBONE_VVC,0, 114): 'Fetching result from I2C master DUT status register.'. [116]
%%     1032732.5 ns  Log    ID_UVVM_SEND_CMD    TB seq.(uvvm)       wishbone_read(WISHBONE_VVC,0, x"4"): 'Read status reg'. [117]
%%     1032752.5 ns  Log    ID_BFM              WISHBONE_VVC,0      wishbone_read(A:x"4")=> x"43". ' 'Read status reg'  [117]'
%%     1032752.5 ns  Log    ID_UVVM_SEND_CMD    TB seq.(uvvm)       fetch_result(WISHBONE_VVC,0, 117): 'Fetching result from I2C master DUT status register.'. [119]
%%     1033852.5 ns  Log    ID_UVVM_SEND_CMD    TB seq.(uvvm)       wishbone_read(WISHBONE_VVC,0, x"4"): 'Read status reg'. [120]
%%     1033872.5 ns  Log    ID_BFM              WISHBONE_VVC,0      wishbone_read(A:x"4")=> x"41". ' 'Read status reg'  [120]'
%%     1033872.5 ns  Log    ID_UVVM_SEND_CMD    TB seq.(uvvm)       fetch_result(WISHBONE_VVC,0, 120): 'Fetching result from I2C master DUT status register.'. [122]
%%     1033872.5 ns  Log    ID_UVVM_SEND_CMD    TB seq.(uvvm)       wishbone_write(WISHBONE_VVC,0, x"3", x"AA"): 'Writing data 10101010 to transmit register.'. [123]
%%     1033872.5 ns  Log    ID_UVVM_SEND_CMD    TB seq.(uvvm)       wishbone_write(WISHBONE_VVC,0, x"4", x"50"): 'Setting STO and WR bit in command reg'. [124]
%%     1033892.5 ns  Log    ID_BFM              WISHBONE_VVC,0      wishbone_write(A:x"3", x"AA") completed. ' 'Writing data 10101010 to transmit register.'  [123]'
%%     1033912.5 ns  Log    ID_BFM              WISHBONE_VVC,0      wishbone_write(A:x"4", x"50") completed. ' 'Setting STO and WR bit in command reg'  [124]'
%%     1033912.5 ns  Log    ID_UVVM_SEND_CMD    TB seq.(uvvm)       wishbone_read(WISHBONE_VVC,0, x"4"): 'Read status reg'. [126]
%%     1033932.5 ns  Log    ID_BFM              WISHBONE_VVC,0      wishbone_read(A:x"4")=> x"43". ' 'Read status reg'  [126]'
%%     1033932.5 ns  Log    ID_UVVM_SEND_CMD    TB seq.(uvvm)       fetch_result(WISHBONE_VVC,0, 126): 'Fetching result from I2C master DUT status register.'. [128]
%%     1035032.5 ns  Log    ID_UVVM_SEND_CMD    TB seq.(uvvm)       wishbone_read(WISHBONE_VVC,0, x"4"): 'Read status reg'. [129]
%%     1035052.5 ns  Log    ID_BFM              WISHBONE_VVC,0      wishbone_read(A:x"4")=> x"43". ' 'Read status reg'  [129]'
%%     1035052.5 ns  Log    ID_UVVM_SEND_CMD    TB seq.(uvvm)       fetch_result(WISHBONE_VVC,0, 129): 'Fetching result from I2C master DUT status register.'. [131]
%%     1036152.5 ns  Log    ID_UVVM_SEND_CMD    TB seq.(uvvm)       wishbone_read(WISHBONE_VVC,0, x"4"): 'Read status reg'. [132]
%%     1036172.5 ns  Log    ID_BFM              WISHBONE_VVC,0      wishbone_read(A:x"4")=> x"43". ' 'Read status reg'  [132]'
%%     1036172.5 ns  Log    ID_UVVM_SEND_CMD    TB seq.(uvvm)       fetch_result(WISHBONE_VVC,0, 132): 'Fetching result from I2C master DUT status register.'. [134]
%%     1037272.5 ns  Log    ID_UVVM_SEND_CMD    TB seq.(uvvm)       wishbone_read(WISHBONE_VVC,0, x"4"): 'Read status reg'. [135]
%%     1037292.5 ns  Log    ID_BFM              WISHBONE_VVC,0      wishbone_read(A:x"4")=> x"43". ' 'Read status reg'  [135]'
%%     1037292.5 ns  Log    ID_UVVM_SEND_CMD    TB seq.(uvvm)       fetch_result(WISHBONE_VVC,0, 135): 'Fetching result from I2C master DUT status register.'. [137]
%%     1038392.5 ns  Log    ID_UVVM_SEND_CMD    TB seq.(uvvm)       wishbone_read(WISHBONE_VVC,0, x"4"): 'Read status reg'. [138]
%%     1038412.5 ns  Log    ID_BFM              WISHBONE_VVC,0      wishbone_read(A:x"4")=> x"43". ' 'Read status reg'  [138]'
%%     1038412.5 ns  Log    ID_UVVM_SEND_CMD    TB seq.(uvvm)       fetch_result(WISHBONE_VVC,0, 138): 'Fetching result from I2C master DUT status register.'. [140]
%%     1039512.5 ns  Log    ID_UVVM_SEND_CMD    TB seq.(uvvm)       wishbone_read(WISHBONE_VVC,0, x"4"): 'Read status reg'. [141]
%%     1039532.5 ns  Log    ID_BFM              WISHBONE_VVC,0      wishbone_read(A:x"4")=> x"43". ' 'Read status reg'  [141]'
%%     1039532.5 ns  Log    ID_UVVM_SEND_CMD    TB seq.(uvvm)       fetch_result(WISHBONE_VVC,0, 141): 'Fetching result from I2C master DUT status register.'. [143]
%%     1040632.5 ns  Log    ID_UVVM_SEND_CMD    TB seq.(uvvm)       wishbone_read(WISHBONE_VVC,0, x"4"): 'Read status reg'. [144]
%%     1040652.5 ns  Log    ID_BFM              WISHBONE_VVC,0      wishbone_read(A:x"4")=> x"43". ' 'Read status reg'  [144]'
%%     1040652.5 ns  Log    ID_UVVM_SEND_CMD    TB seq.(uvvm)       fetch_result(WISHBONE_VVC,0, 144): 'Fetching result from I2C master DUT status register.'. [146]
%%     1041752.5 ns  Log    ID_UVVM_SEND_CMD    TB seq.(uvvm)       wishbone_read(WISHBONE_VVC,0, x"4"): 'Read status reg'. [147]
%%     1041772.5 ns  Log    ID_BFM              WISHBONE_VVC,0      wishbone_read(A:x"4")=> x"43". ' 'Read status reg'  [147]'
%%     1041772.5 ns  Log    ID_UVVM_SEND_CMD    TB seq.(uvvm)       fetch_result(WISHBONE_VVC,0, 147): 'Fetching result from I2C master DUT status register.'. [149]
%%     1042872.5 ns  Log    ID_UVVM_SEND_CMD    TB seq.(uvvm)       wishbone_read(WISHBONE_VVC,0, x"4"): 'Read status reg'. [150]
%%     1042892.5 ns  Log    ID_BFM              WISHBONE_VVC,0      wishbone_read(A:x"4")=> x"43". ' 'Read status reg'  [150]'
%%     1042892.5 ns  Log    ID_UVVM_SEND_CMD    TB seq.(uvvm)       fetch_result(WISHBONE_VVC,0, 150): 'Fetching result from I2C master DUT status register.'. [152]
%%     1043992.5 ns  Log    ID_UVVM_SEND_CMD    TB seq.(uvvm)       wishbone_read(WISHBONE_VVC,0, x"4"): 'Read status reg'. [153]
%%     1044012.5 ns  Log    ID_BFM              WISHBONE_VVC,0      wishbone_read(A:x"4")=> x"43". ' 'Read status reg'  [153]'
%%     1044012.5 ns  Log    ID_UVVM_SEND_CMD    TB seq.(uvvm)       fetch_result(WISHBONE_VVC,0, 153): 'Fetching result from I2C master DUT status register.'. [155]
%%     1044890.0 ns  Log    ID_BFM              I2C_VVC,2           i2c_slave_check((x"AA"))=> OK, read data = (x"AA"). ' 'Check data'  [88]'
%%     1045112.5 ns  Log    ID_UVVM_SEND_CMD    TB seq.(uvvm)       wishbone_read(WISHBONE_VVC,0, x"4"): 'Read status reg'. [156]
%%     1045132.5 ns  Log    ID_BFM              WISHBONE_VVC,0      wishbone_read(A:x"4")=> x"1". ' 'Read status reg'  [156]'
%%     1045132.5 ns  Log    ID_UVVM_SEND_CMD    TB seq.(uvvm)       fetch_result(WISHBONE_VVC,0, 156): 'Fetching result from I2C master DUT status register.'. [158]
%%     1045132.5 ns  Log    ID_UVVM_SEND_CMD    TB seq.(uvvm)       wishbone_write(WISHBONE_VVC,0, x"3", x"AB"): 'Setting address to be x55 and setting RW bit to Read ('1')'. [161]
%%     1045132.5 ns  Log    ID_UVVM_SEND_CMD    TB seq.(uvvm)       wishbone_write(WISHBONE_VVC,0, x"4", x"90"): 'Setting STA and WR bit in command reg'. [162]
%%     1045132.5 ns  Log    ID_UVVM_SEND_CMD    TB seq.(uvvm)       i2c_slave_transmit(I2C_VVC,2): 'Transmit data from I2C slave VVC'. [163]
%%     1045152.5 ns  Log    ID_BFM              WISHBONE_VVC,0      wishbone_write(A:x"3", x"AB") completed. ' 'Setting address to be x55 and setting RW bit to Read ('1')'  [161]'
%%     1045172.5 ns  Log    ID_BFM              WISHBONE_VVC,0      wishbone_write(A:x"4", x"90") completed. ' 'Setting STA and WR bit in command reg'  [162]'
%%     1045172.5 ns  Log    ID_UVVM_SEND_CMD    TB seq.(uvvm)       wishbone_read(WISHBONE_VVC,0, x"4"): 'Read status reg'. [165]
%%     1045192.5 ns  Log    ID_BFM              WISHBONE_VVC,0      wishbone_read(A:x"4")=> x"3". ' 'Read status reg'  [165]'
%%     1045192.5 ns  Log    ID_UVVM_SEND_CMD    TB seq.(uvvm)       fetch_result(WISHBONE_VVC,0, 165): 'Fetching result from I2C master DUT status register.'. [167]
%%     1046292.5 ns  Log    ID_UVVM_SEND_CMD    TB seq.(uvvm)       wishbone_read(WISHBONE_VVC,0, x"4"): 'Read status reg'. [168]
%%     1046312.5 ns  Log    ID_BFM              WISHBONE_VVC,0      wishbone_read(A:x"4")=> x"43". ' 'Read status reg'  [168]'
%%     1046312.5 ns  Log    ID_UVVM_SEND_CMD    TB seq.(uvvm)       fetch_result(WISHBONE_VVC,0, 168): 'Fetching result from I2C master DUT status register.'. [170]
%%     1047412.5 ns  Log    ID_UVVM_SEND_CMD    TB seq.(uvvm)       wishbone_read(WISHBONE_VVC,0, x"4"): 'Read status reg'. [171]
%%     1047432.5 ns  Log    ID_BFM              WISHBONE_VVC,0      wishbone_read(A:x"4")=> x"43". ' 'Read status reg'  [171]'
%%     1047432.5 ns  Log    ID_UVVM_SEND_CMD    TB seq.(uvvm)       fetch_result(WISHBONE_VVC,0, 171): 'Fetching result from I2C master DUT status register.'. [173]
%%     1048532.5 ns  Log    ID_UVVM_SEND_CMD    TB seq.(uvvm)       wishbone_read(WISHBONE_VVC,0, x"4"): 'Read status reg'. [174]
%%     1048552.5 ns  Log    ID_BFM              WISHBONE_VVC,0      wishbone_read(A:x"4")=> x"43". ' 'Read status reg'  [174]'
%%     1048552.5 ns  Log    ID_UVVM_SEND_CMD    TB seq.(uvvm)       fetch_result(WISHBONE_VVC,0, 174): 'Fetching result from I2C master DUT status register.'. [176]
%%     1049652.5 ns  Log    ID_UVVM_SEND_CMD    TB seq.(uvvm)       wishbone_read(WISHBONE_VVC,0, x"4"): 'Read status reg'. [177]
%%     1049672.5 ns  Log    ID_BFM              WISHBONE_VVC,0      wishbone_read(A:x"4")=> x"43". ' 'Read status reg'  [177]'
%%     1049672.5 ns  Log    ID_UVVM_SEND_CMD    TB seq.(uvvm)       fetch_result(WISHBONE_VVC,0, 177): 'Fetching result from I2C master DUT status register.'. [179]
%%     1050772.5 ns  Log    ID_UVVM_SEND_CMD    TB seq.(uvvm)       wishbone_read(WISHBONE_VVC,0, x"4"): 'Read status reg'. [180]
%%     1050792.5 ns  Log    ID_BFM              WISHBONE_VVC,0      wishbone_read(A:x"4")=> x"43". ' 'Read status reg'  [180]'
%%     1050792.5 ns  Log    ID_UVVM_SEND_CMD    TB seq.(uvvm)       fetch_result(WISHBONE_VVC,0, 180): 'Fetching result from I2C master DUT status register.'. [182]
%%     1051892.5 ns  Log    ID_UVVM_SEND_CMD    TB seq.(uvvm)       wishbone_read(WISHBONE_VVC,0, x"4"): 'Read status reg'. [183]
%%     1051912.5 ns  Log    ID_BFM              WISHBONE_VVC,0      wishbone_read(A:x"4")=> x"43". ' 'Read status reg'  [183]'
%%     1051912.5 ns  Log    ID_UVVM_SEND_CMD    TB seq.(uvvm)       fetch_result(WISHBONE_VVC,0, 183): 'Fetching result from I2C master DUT status register.'. [185]
%%     1053012.5 ns  Log    ID_UVVM_SEND_CMD    TB seq.(uvvm)       wishbone_read(WISHBONE_VVC,0, x"4"): 'Read status reg'. [186]
%%     1053032.5 ns  Log    ID_BFM              WISHBONE_VVC,0      wishbone_read(A:x"4")=> x"43". ' 'Read status reg'  [186]'
%%     1053032.5 ns  Log    ID_UVVM_SEND_CMD    TB seq.(uvvm)       fetch_result(WISHBONE_VVC,0, 186): 'Fetching result from I2C master DUT status register.'. [188]
%%     1054132.5 ns  Log    ID_UVVM_SEND_CMD    TB seq.(uvvm)       wishbone_read(WISHBONE_VVC,0, x"4"): 'Read status reg'. [189]
%%     1054152.5 ns  Log    ID_BFM              WISHBONE_VVC,0      wishbone_read(A:x"4")=> x"43". ' 'Read status reg'  [189]'
%%     1054152.5 ns  Log    ID_UVVM_SEND_CMD    TB seq.(uvvm)       fetch_result(WISHBONE_VVC,0, 189): 'Fetching result from I2C master DUT status register.'. [191]
%%     1055252.5 ns  Log    ID_UVVM_SEND_CMD    TB seq.(uvvm)       wishbone_read(WISHBONE_VVC,0, x"4"): 'Read status reg'. [192]
%%     1055272.5 ns  Log    ID_BFM              WISHBONE_VVC,0      wishbone_read(A:x"4")=> x"43". ' 'Read status reg'  [192]'
%%     1055272.5 ns  Log    ID_UVVM_SEND_CMD    TB seq.(uvvm)       fetch_result(WISHBONE_VVC,0, 192): 'Fetching result from I2C master DUT status register.'. [194]
%%     1056372.5 ns  Log    ID_UVVM_SEND_CMD    TB seq.(uvvm)       wishbone_read(WISHBONE_VVC,0, x"4"): 'Read status reg'. [195]
%%     1056392.5 ns  Log    ID_BFM              WISHBONE_VVC,0      wishbone_read(A:x"4")=> x"41". ' 'Read status reg'  [195]'
%%     1056392.5 ns  Log    ID_UVVM_SEND_CMD    TB seq.(uvvm)       fetch_result(WISHBONE_VVC,0, 195): 'Fetching result from I2C master DUT status register.'. [197]
%%     1056392.5 ns  Log    ID_UVVM_SEND_CMD    TB seq.(uvvm)       wishbone_write(WISHBONE_VVC,0, x"4", x"68"): 'Setting STO, RD and NACK bit in command reg'. [198]
%%     1056412.5 ns  Log    ID_BFM              WISHBONE_VVC,0      wishbone_write(A:x"4", x"68") completed. ' 'Setting STO, RD and NACK bit in command reg'  [198]'
%%     1056412.5 ns  Log    ID_UVVM_SEND_CMD    TB seq.(uvvm)       wishbone_read(WISHBONE_VVC,0, x"4"): 'Read status reg'. [200]
%%     1056432.5 ns  Log    ID_BFM              WISHBONE_VVC,0      wishbone_read(A:x"4")=> x"43". ' 'Read status reg'  [200]'
%%     1056432.5 ns  Log    ID_UVVM_SEND_CMD    TB seq.(uvvm)       fetch_result(WISHBONE_VVC,0, 200): 'Fetching result from I2C master DUT status register.'. [202]
%%     1057532.5 ns  Log    ID_UVVM_SEND_CMD    TB seq.(uvvm)       wishbone_read(WISHBONE_VVC,0, x"4"): 'Read status reg'. [203]
%%     1057552.5 ns  Log    ID_BFM              WISHBONE_VVC,0      wishbone_read(A:x"4")=> x"43". ' 'Read status reg'  [203]'
%%     1057552.5 ns  Log    ID_UVVM_SEND_CMD    TB seq.(uvvm)       fetch_result(WISHBONE_VVC,0, 203): 'Fetching result from I2C master DUT status register.'. [205]
%%     1058652.5 ns  Log    ID_UVVM_SEND_CMD    TB seq.(uvvm)       wishbone_read(WISHBONE_VVC,0, x"4"): 'Read status reg'. [206]
%%     1058672.5 ns  Log    ID_BFM              WISHBONE_VVC,0      wishbone_read(A:x"4")=> x"43". ' 'Read status reg'  [206]'
%%     1058672.5 ns  Log    ID_UVVM_SEND_CMD    TB seq.(uvvm)       fetch_result(WISHBONE_VVC,0, 206): 'Fetching result from I2C master DUT status register.'. [208]
%%     1059772.5 ns  Log    ID_UVVM_SEND_CMD    TB seq.(uvvm)       wishbone_read(WISHBONE_VVC,0, x"4"): 'Read status reg'. [209]
%%     1059792.5 ns  Log    ID_BFM              WISHBONE_VVC,0      wishbone_read(A:x"4")=> x"43". ' 'Read status reg'  [209]'
%%     1059792.5 ns  Log    ID_UVVM_SEND_CMD    TB seq.(uvvm)       fetch_result(WISHBONE_VVC,0, 209): 'Fetching result from I2C master DUT status register.'. [211]
%%     1060892.5 ns  Log    ID_UVVM_SEND_CMD    TB seq.(uvvm)       wishbone_read(WISHBONE_VVC,0, x"4"): 'Read status reg'. [212]
%%     1060912.5 ns  Log    ID_BFM              WISHBONE_VVC,0      wishbone_read(A:x"4")=> x"43". ' 'Read status reg'  [212]'
%%     1060912.5 ns  Log    ID_UVVM_SEND_CMD    TB seq.(uvvm)       fetch_result(WISHBONE_VVC,0, 212): 'Fetching result from I2C master DUT status register.'. [214]
%%     1062012.5 ns  Log    ID_UVVM_SEND_CMD    TB seq.(uvvm)       wishbone_read(WISHBONE_VVC,0, x"4"): 'Read status reg'. [215]
%%     1062032.5 ns  Log    ID_BFM              WISHBONE_VVC,0      wishbone_read(A:x"4")=> x"43". ' 'Read status reg'  [215]'
%%     1062032.5 ns  Log    ID_UVVM_SEND_CMD    TB seq.(uvvm)       fetch_result(WISHBONE_VVC,0, 215): 'Fetching result from I2C master DUT status register.'. [217]
%%     1063132.5 ns  Log    ID_UVVM_SEND_CMD    TB seq.(uvvm)       wishbone_read(WISHBONE_VVC,0, x"4"): 'Read status reg'. [218]
%%     1063152.5 ns  Log    ID_BFM              WISHBONE_VVC,0      wishbone_read(A:x"4")=> x"43". ' 'Read status reg'  [218]'
%%     1063152.5 ns  Log    ID_UVVM_SEND_CMD    TB seq.(uvvm)       fetch_result(WISHBONE_VVC,0, 218): 'Fetching result from I2C master DUT status register.'. [220]
%%     1064252.5 ns  Log    ID_UVVM_SEND_CMD    TB seq.(uvvm)       wishbone_read(WISHBONE_VVC,0, x"4"): 'Read status reg'. [221]
%%     1064272.5 ns  Log    ID_BFM              WISHBONE_VVC,0      wishbone_read(A:x"4")=> x"43". ' 'Read status reg'  [221]'
%%     1064272.5 ns  Log    ID_UVVM_SEND_CMD    TB seq.(uvvm)       fetch_result(WISHBONE_VVC,0, 221): 'Fetching result from I2C master DUT status register.'. [223]
%%     1065372.5 ns  Log    ID_UVVM_SEND_CMD    TB seq.(uvvm)       wishbone_read(WISHBONE_VVC,0, x"4"): 'Read status reg'. [224]
%%     1065392.5 ns  Log    ID_BFM              WISHBONE_VVC,0      wishbone_read(A:x"4")=> x"43". ' 'Read status reg'  [224]'
%%     1065392.5 ns  Log    ID_UVVM_SEND_CMD    TB seq.(uvvm)       fetch_result(WISHBONE_VVC,0, 224): 'Fetching result from I2C master DUT status register.'. [226]
%%     1066492.5 ns  Log    ID_UVVM_SEND_CMD    TB seq.(uvvm)       wishbone_read(WISHBONE_VVC,0, x"4"): 'Read status reg'. [227]
%%     1066512.5 ns  Log    ID_BFM              WISHBONE_VVC,0      wishbone_read(A:x"4")=> x"C3". ' 'Read status reg'  [227]'
%%     1066512.5 ns  Log    ID_UVVM_SEND_CMD    TB seq.(uvvm)       fetch_result(WISHBONE_VVC,0, 227): 'Fetching result from I2C master DUT status register.'. [229]
%%     1067390.0 ns  Log    ID_BFM              I2C_VVC,2           i2c_slave_transmit((x"55"))=> (x"55"). ' 'Transmit data from I2C slave VVC'  [163]'
%%     1067612.5 ns  Log    ID_UVVM_SEND_CMD    TB seq.(uvvm)       wishbone_read(WISHBONE_VVC,0, x"4"): 'Read status reg'. [230]
%%     1067632.5 ns  Log    ID_BFM              WISHBONE_VVC,0      wishbone_read(A:x"4")=> x"81". ' 'Read status reg'  [230]'
%%     1067632.5 ns  Log    ID_UVVM_SEND_CMD    TB seq.(uvvm)       fetch_result(WISHBONE_VVC,0, 230): 'Fetching result from I2C master DUT status register.'. [232]
%%     1067632.5 ns  Log    ID_UVVM_SEND_CMD    TB seq.(uvvm)       wishbone_check(WISHBONE_VVC,0, x"3", x"55"): 'Checking data received from I2C VVC Slave'. [233]
%%     1067652.5 ns  Log    ID_BFM              WISHBONE_VVC,0      wishbone_check(A:x"3", x"55")=> OK, received data = x"55". ' 'Checking data received from I2C VVC Slave'  [233]'
%%     1067652.5 ns  Log    ID_UVVM_SEND_CMD    TB seq.(uvvm)       wishbone_write(WISHBONE_VVC,0, x"3", x"AB"): 'Setting address to be x55 and setting RW bit to Read ('1')'. [236]
%%     1067652.5 ns  Log    ID_UVVM_SEND_CMD    TB seq.(uvvm)       wishbone_write(WISHBONE_VVC,0, x"4", x"90"): 'Setting STA and WR bit in command reg'. [237]
%%     1067652.5 ns  Log    ID_UVVM_SEND_CMD    TB seq.(uvvm)       i2c_slave_transmit(I2C_VVC,2): 'Transmit data from I2C slave VVC'. [238]
%%     1067672.5 ns  Log    ID_BFM              WISHBONE_VVC,0      wishbone_write(A:x"3", x"AB") completed. ' 'Setting address to be x55 and setting RW bit to Read ('1')'  [236]'
%%     1067692.5 ns  Log    ID_BFM              WISHBONE_VVC,0      wishbone_write(A:x"4", x"90") completed. ' 'Setting STA and WR bit in command reg'  [237]'
%%     1067692.5 ns  Log    ID_UVVM_SEND_CMD    TB seq.(uvvm)       wishbone_read(WISHBONE_VVC,0, x"4"): 'Read status reg'. [240]
%%     1067712.5 ns  Log    ID_BFM              WISHBONE_VVC,0      wishbone_read(A:x"4")=> x"83". ' 'Read status reg'  [240]'
%%     1067712.5 ns  Log    ID_UVVM_SEND_CMD    TB seq.(uvvm)       fetch_result(WISHBONE_VVC,0, 240): 'Fetching result from I2C master DUT status register.'. [242]
%%     1068812.5 ns  Log    ID_UVVM_SEND_CMD    TB seq.(uvvm)       wishbone_read(WISHBONE_VVC,0, x"4"): 'Read status reg'. [243]
%%     1068832.5 ns  Log    ID_BFM              WISHBONE_VVC,0      wishbone_read(A:x"4")=> x"C3". ' 'Read status reg'  [243]'
%%     1068832.5 ns  Log    ID_UVVM_SEND_CMD    TB seq.(uvvm)       fetch_result(WISHBONE_VVC,0, 243): 'Fetching result from I2C master DUT status register.'. [245]
%%     1069932.5 ns  Log    ID_UVVM_SEND_CMD    TB seq.(uvvm)       wishbone_read(WISHBONE_VVC,0, x"4"): 'Read status reg'. [246]
%%     1069952.5 ns  Log    ID_BFM              WISHBONE_VVC,0      wishbone_read(A:x"4")=> x"C3". ' 'Read status reg'  [246]'
%%     1069952.5 ns  Log    ID_UVVM_SEND_CMD    TB seq.(uvvm)       fetch_result(WISHBONE_VVC,0, 246): 'Fetching result from I2C master DUT status register.'. [248]
%%     1071052.5 ns  Log    ID_UVVM_SEND_CMD    TB seq.(uvvm)       wishbone_read(WISHBONE_VVC,0, x"4"): 'Read status reg'. [249]
%%     1071072.5 ns  Log    ID_BFM              WISHBONE_VVC,0      wishbone_read(A:x"4")=> x"C3". ' 'Read status reg'  [249]'
%%     1071072.5 ns  Log    ID_UVVM_SEND_CMD    TB seq.(uvvm)       fetch_result(WISHBONE_VVC,0, 249): 'Fetching result from I2C master DUT status register.'. [251]
%%     1072172.5 ns  Log    ID_UVVM_SEND_CMD    TB seq.(uvvm)       wishbone_read(WISHBONE_VVC,0, x"4"): 'Read status reg'. [252]
%%     1072192.5 ns  Log    ID_BFM              WISHBONE_VVC,0      wishbone_read(A:x"4")=> x"C3". ' 'Read status reg'  [252]'
%%     1072192.5 ns  Log    ID_UVVM_SEND_CMD    TB seq.(uvvm)       fetch_result(WISHBONE_VVC,0, 252): 'Fetching result from I2C master DUT status register.'. [254]
%%     1073292.5 ns  Log    ID_UVVM_SEND_CMD    TB seq.(uvvm)       wishbone_read(WISHBONE_VVC,0, x"4"): 'Read status reg'. [255]
%%     1073312.5 ns  Log    ID_BFM              WISHBONE_VVC,0      wishbone_read(A:x"4")=> x"C3". ' 'Read status reg'  [255]'
%%     1073312.5 ns  Log    ID_UVVM_SEND_CMD    TB seq.(uvvm)       fetch_result(WISHBONE_VVC,0, 255): 'Fetching result from I2C master DUT status register.'. [257]
%%     1074412.5 ns  Log    ID_UVVM_SEND_CMD    TB seq.(uvvm)       wishbone_read(WISHBONE_VVC,0, x"4"): 'Read status reg'. [258]
%%     1074432.5 ns  Log    ID_BFM              WISHBONE_VVC,0      wishbone_read(A:x"4")=> x"C3". ' 'Read status reg'  [258]'
%%     1074432.5 ns  Log    ID_UVVM_SEND_CMD    TB seq.(uvvm)       fetch_result(WISHBONE_VVC,0, 258): 'Fetching result from I2C master DUT status register.'. [260]
%%     1075532.5 ns  Log    ID_UVVM_SEND_CMD    TB seq.(uvvm)       wishbone_read(WISHBONE_VVC,0, x"4"): 'Read status reg'. [261]
%%     1075552.5 ns  Log    ID_BFM              WISHBONE_VVC,0      wishbone_read(A:x"4")=> x"C3". ' 'Read status reg'  [261]'
%%     1075552.5 ns  Log    ID_UVVM_SEND_CMD    TB seq.(uvvm)       fetch_result(WISHBONE_VVC,0, 261): 'Fetching result from I2C master DUT status register.'. [263]
%%     1076652.5 ns  Log    ID_UVVM_SEND_CMD    TB seq.(uvvm)       wishbone_read(WISHBONE_VVC,0, x"4"): 'Read status reg'. [264]
%%     1076672.5 ns  Log    ID_BFM              WISHBONE_VVC,0      wishbone_read(A:x"4")=> x"C3". ' 'Read status reg'  [264]'
%%     1076672.5 ns  Log    ID_UVVM_SEND_CMD    TB seq.(uvvm)       fetch_result(WISHBONE_VVC,0, 264): 'Fetching result from I2C master DUT status register.'. [266]
%%     1077772.5 ns  Log    ID_UVVM_SEND_CMD    TB seq.(uvvm)       wishbone_read(WISHBONE_VVC,0, x"4"): 'Read status reg'. [267]
%%     1077792.5 ns  Log    ID_BFM              WISHBONE_VVC,0      wishbone_read(A:x"4")=> x"C3". ' 'Read status reg'  [267]'
%%     1077792.5 ns  Log    ID_UVVM_SEND_CMD    TB seq.(uvvm)       fetch_result(WISHBONE_VVC,0, 267): 'Fetching result from I2C master DUT status register.'. [269]
%%     1078892.5 ns  Log    ID_UVVM_SEND_CMD    TB seq.(uvvm)       wishbone_read(WISHBONE_VVC,0, x"4"): 'Read status reg'. [270]
%%     1078912.5 ns  Log    ID_BFM              WISHBONE_VVC,0      wishbone_read(A:x"4")=> x"41". ' 'Read status reg'  [270]'
%%     1078912.5 ns  Log    ID_UVVM_SEND_CMD    TB seq.(uvvm)       fetch_result(WISHBONE_VVC,0, 270): 'Fetching result from I2C master DUT status register.'. [272]
%%     1078912.5 ns  Log    ID_UVVM_SEND_CMD    TB seq.(uvvm)       wishbone_write(WISHBONE_VVC,0, x"4", x"68"): 'Setting STO, RD and NACK bit in command reg'. [273]
%%     1078932.5 ns  Log    ID_BFM              WISHBONE_VVC,0      wishbone_write(A:x"4", x"68") completed. ' 'Setting STO, RD and NACK bit in command reg'  [273]'
%%     1078932.5 ns  Log    ID_UVVM_SEND_CMD    TB seq.(uvvm)       wishbone_read(WISHBONE_VVC,0, x"4"): 'Read status reg'. [275]
%%     1078952.5 ns  Log    ID_BFM              WISHBONE_VVC,0      wishbone_read(A:x"4")=> x"43". ' 'Read status reg'  [275]'
%%     1078952.5 ns  Log    ID_UVVM_SEND_CMD    TB seq.(uvvm)       fetch_result(WISHBONE_VVC,0, 275): 'Fetching result from I2C master DUT status register.'. [277]
%%     1080052.5 ns  Log    ID_UVVM_SEND_CMD    TB seq.(uvvm)       wishbone_read(WISHBONE_VVC,0, x"4"): 'Read status reg'. [278]
%%     1080072.5 ns  Log    ID_BFM              WISHBONE_VVC,0      wishbone_read(A:x"4")=> x"43". ' 'Read status reg'  [278]'
%%     1080072.5 ns  Log    ID_UVVM_SEND_CMD    TB seq.(uvvm)       fetch_result(WISHBONE_VVC,0, 278): 'Fetching result from I2C master DUT status register.'. [280]
%%     1081172.5 ns  Log    ID_UVVM_SEND_CMD    TB seq.(uvvm)       wishbone_read(WISHBONE_VVC,0, x"4"): 'Read status reg'. [281]
%%     1081192.5 ns  Log    ID_BFM              WISHBONE_VVC,0      wishbone_read(A:x"4")=> x"43". ' 'Read status reg'  [281]'
%%     1081192.5 ns  Log    ID_UVVM_SEND_CMD    TB seq.(uvvm)       fetch_result(WISHBONE_VVC,0, 281): 'Fetching result from I2C master DUT status register.'. [283]
%%     1082292.5 ns  Log    ID_UVVM_SEND_CMD    TB seq.(uvvm)       wishbone_read(WISHBONE_VVC,0, x"4"): 'Read status reg'. [284]
%%     1082312.5 ns  Log    ID_BFM              WISHBONE_VVC,0      wishbone_read(A:x"4")=> x"43". ' 'Read status reg'  [284]'
%%     1082312.5 ns  Log    ID_UVVM_SEND_CMD    TB seq.(uvvm)       fetch_result(WISHBONE_VVC,0, 284): 'Fetching result from I2C master DUT status register.'. [286]
%%     1083412.5 ns  Log    ID_UVVM_SEND_CMD    TB seq.(uvvm)       wishbone_read(WISHBONE_VVC,0, x"4"): 'Read status reg'. [287]
%%     1083432.5 ns  Log    ID_BFM              WISHBONE_VVC,0      wishbone_read(A:x"4")=> x"43". ' 'Read status reg'  [287]'
%%     1083432.5 ns  Log    ID_UVVM_SEND_CMD    TB seq.(uvvm)       fetch_result(WISHBONE_VVC,0, 287): 'Fetching result from I2C master DUT status register.'. [289]
%%     1084532.5 ns  Log    ID_UVVM_SEND_CMD    TB seq.(uvvm)       wishbone_read(WISHBONE_VVC,0, x"4"): 'Read status reg'. [290]
%%     1084552.5 ns  Log    ID_BFM              WISHBONE_VVC,0      wishbone_read(A:x"4")=> x"43". ' 'Read status reg'  [290]'
%%     1084552.5 ns  Log    ID_UVVM_SEND_CMD    TB seq.(uvvm)       fetch_result(WISHBONE_VVC,0, 290): 'Fetching result from I2C master DUT status register.'. [292]
%%     1085652.5 ns  Log    ID_UVVM_SEND_CMD    TB seq.(uvvm)       wishbone_read(WISHBONE_VVC,0, x"4"): 'Read status reg'. [293]
%%     1085672.5 ns  Log    ID_BFM              WISHBONE_VVC,0      wishbone_read(A:x"4")=> x"43". ' 'Read status reg'  [293]'
%%     1085672.5 ns  Log    ID_UVVM_SEND_CMD    TB seq.(uvvm)       fetch_result(WISHBONE_VVC,0, 293): 'Fetching result from I2C master DUT status register.'. [295]
%%     1086772.5 ns  Log    ID_UVVM_SEND_CMD    TB seq.(uvvm)       wishbone_read(WISHBONE_VVC,0, x"4"): 'Read status reg'. [296]
%%     1086792.5 ns  Log    ID_BFM              WISHBONE_VVC,0      wishbone_read(A:x"4")=> x"43". ' 'Read status reg'  [296]'
%%     1086792.5 ns  Log    ID_UVVM_SEND_CMD    TB seq.(uvvm)       fetch_result(WISHBONE_VVC,0, 296): 'Fetching result from I2C master DUT status register.'. [298]
%%     1087892.5 ns  Log    ID_UVVM_SEND_CMD    TB seq.(uvvm)       wishbone_read(WISHBONE_VVC,0, x"4"): 'Read status reg'. [299]
%%     1087912.5 ns  Log    ID_BFM              WISHBONE_VVC,0      wishbone_read(A:x"4")=> x"43". ' 'Read status reg'  [299]'
%%     1087912.5 ns  Log    ID_UVVM_SEND_CMD    TB seq.(uvvm)       fetch_result(WISHBONE_VVC,0, 299): 'Fetching result from I2C master DUT status register.'. [301]
%%     1089012.5 ns  Log    ID_UVVM_SEND_CMD    TB seq.(uvvm)       wishbone_read(WISHBONE_VVC,0, x"4"): 'Read status reg'. [302]
%%     1089032.5 ns  Log    ID_BFM              WISHBONE_VVC,0      wishbone_read(A:x"4")=> x"C3". ' 'Read status reg'  [302]'
%%     1089032.5 ns  Log    ID_UVVM_SEND_CMD    TB seq.(uvvm)       fetch_result(WISHBONE_VVC,0, 302): 'Fetching result from I2C master DUT status register.'. [304]
%%     1089890.0 ns  Log    ID_BFM              I2C_VVC,2           i2c_slave_transmit((x"AA"))=> (x"AA"). ' 'Transmit data from I2C slave VVC'  [238]'
%%     1090132.5 ns  Log    ID_UVVM_SEND_CMD    TB seq.(uvvm)       wishbone_read(WISHBONE_VVC,0, x"4"): 'Read status reg'. [305]
%%     1090152.5 ns  Log    ID_BFM              WISHBONE_VVC,0      wishbone_read(A:x"4")=> x"81". ' 'Read status reg'  [305]'
%%     1090152.5 ns  Log    ID_UVVM_SEND_CMD    TB seq.(uvvm)       fetch_result(WISHBONE_VVC,0, 305): 'Fetching result from I2C master DUT status register.'. [307]
%%     1090152.5 ns  Log    ID_UVVM_SEND_CMD    TB seq.(uvvm)       wishbone_check(WISHBONE_VVC,0, x"3", x"AA"): 'Checking data received from I2C VVC Slave'. [308]
%%     1090172.5 ns  Log    ID_BFM              WISHBONE_VVC,0      wishbone_check(A:x"3", x"AA")=> OK, received data = x"AA". ' 'Checking data received from I2C VVC Slave'  [308]'
%%     1090172.5 ns  Log    ID_UVVM_SEND_CMD    TB seq.(uvvm)       wishbone_write(WISHBONE_VVC,0, x"3", x"AA"): 'Setting address to be x55 and setting RW bit to 0'. [311]
%%     1090172.5 ns  Log    ID_UVVM_SEND_CMD    TB seq.(uvvm)       wishbone_write(WISHBONE_VVC,0, x"4", x"90"): 'Setting STA and WR bit in command reg'. [312]
%%     1090172.5 ns  Log    ID_UVVM_SEND_CMD    TB seq.(uvvm)       i2c_slave_check(I2C_VVC,2): 'Check data'. [313]
%%     1090192.5 ns  Log    ID_BFM              WISHBONE_VVC,0      wishbone_write(A:x"3", x"AA") completed. ' 'Setting address to be x55 and setting RW bit to 0'  [311]'
%%     1090212.5 ns  Log    ID_BFM              WISHBONE_VVC,0      wishbone_write(A:x"4", x"90") completed. ' 'Setting STA and WR bit in command reg'  [312]'
%%     1090212.5 ns  Log    ID_UVVM_SEND_CMD    TB seq.(uvvm)       wishbone_read(WISHBONE_VVC,0, x"4"): 'Read status reg'. [315]
%%     1090232.5 ns  Log    ID_BFM              WISHBONE_VVC,0      wishbone_read(A:x"4")=> x"83". ' 'Read status reg'  [315]'
%%     1090232.5 ns  Log    ID_UVVM_SEND_CMD    TB seq.(uvvm)       fetch_result(WISHBONE_VVC,0, 315): 'Fetching result from I2C master DUT status register.'. [317]
%%     1091332.5 ns  Log    ID_UVVM_SEND_CMD    TB seq.(uvvm)       wishbone_read(WISHBONE_VVC,0, x"4"): 'Read status reg'. [318]
%%     1091352.5 ns  Log    ID_BFM              WISHBONE_VVC,0      wishbone_read(A:x"4")=> x"C3". ' 'Read status reg'  [318]'
%%     1091352.5 ns  Log    ID_UVVM_SEND_CMD    TB seq.(uvvm)       fetch_result(WISHBONE_VVC,0, 318): 'Fetching result from I2C master DUT status register.'. [320]
%%     1092452.5 ns  Log    ID_UVVM_SEND_CMD    TB seq.(uvvm)       wishbone_read(WISHBONE_VVC,0, x"4"): 'Read status reg'. [321]
%%     1092472.5 ns  Log    ID_BFM              WISHBONE_VVC,0      wishbone_read(A:x"4")=> x"C3". ' 'Read status reg'  [321]'
%%     1092472.5 ns  Log    ID_UVVM_SEND_CMD    TB seq.(uvvm)       fetch_result(WISHBONE_VVC,0, 321): 'Fetching result from I2C master DUT status register.'. [323]
%%     1093572.5 ns  Log    ID_UVVM_SEND_CMD    TB seq.(uvvm)       wishbone_read(WISHBONE_VVC,0, x"4"): 'Read status reg'. [324]
%%     1093592.5 ns  Log    ID_BFM              WISHBONE_VVC,0      wishbone_read(A:x"4")=> x"C3". ' 'Read status reg'  [324]'
%%     1093592.5 ns  Log    ID_UVVM_SEND_CMD    TB seq.(uvvm)       fetch_result(WISHBONE_VVC,0, 324): 'Fetching result from I2C master DUT status register.'. [326]
%%     1094692.5 ns  Log    ID_UVVM_SEND_CMD    TB seq.(uvvm)       wishbone_read(WISHBONE_VVC,0, x"4"): 'Read status reg'. [327]
%%     1094712.5 ns  Log    ID_BFM              WISHBONE_VVC,0      wishbone_read(A:x"4")=> x"C3". ' 'Read status reg'  [327]'
%%     1094712.5 ns  Log    ID_UVVM_SEND_CMD    TB seq.(uvvm)       fetch_result(WISHBONE_VVC,0, 327): 'Fetching result from I2C master DUT status register.'. [329]
%%     1095812.5 ns  Log    ID_UVVM_SEND_CMD    TB seq.(uvvm)       wishbone_read(WISHBONE_VVC,0, x"4"): 'Read status reg'. [330]
%%     1095832.5 ns  Log    ID_BFM              WISHBONE_VVC,0      wishbone_read(A:x"4")=> x"C3". ' 'Read status reg'  [330]'
%%     1095832.5 ns  Log    ID_UVVM_SEND_CMD    TB seq.(uvvm)       fetch_result(WISHBONE_VVC,0, 330): 'Fetching result from I2C master DUT status register.'. [332]
%%     1096932.5 ns  Log    ID_UVVM_SEND_CMD    TB seq.(uvvm)       wishbone_read(WISHBONE_VVC,0, x"4"): 'Read status reg'. [333]
%%     1096952.5 ns  Log    ID_BFM              WISHBONE_VVC,0      wishbone_read(A:x"4")=> x"C3". ' 'Read status reg'  [333]'
%%     1096952.5 ns  Log    ID_UVVM_SEND_CMD    TB seq.(uvvm)       fetch_result(WISHBONE_VVC,0, 333): 'Fetching result from I2C master DUT status register.'. [335]
%%     1098052.5 ns  Log    ID_UVVM_SEND_CMD    TB seq.(uvvm)       wishbone_read(WISHBONE_VVC,0, x"4"): 'Read status reg'. [336]
%%     1098072.5 ns  Log    ID_BFM              WISHBONE_VVC,0      wishbone_read(A:x"4")=> x"C3". ' 'Read status reg'  [336]'
%%     1098072.5 ns  Log    ID_UVVM_SEND_CMD    TB seq.(uvvm)       fetch_result(WISHBONE_VVC,0, 336): 'Fetching result from I2C master DUT status register.'. [338]
%%     1099172.5 ns  Log    ID_UVVM_SEND_CMD    TB seq.(uvvm)       wishbone_read(WISHBONE_VVC,0, x"4"): 'Read status reg'. [339]
%%     1099192.5 ns  Log    ID_BFM              WISHBONE_VVC,0      wishbone_read(A:x"4")=> x"C3". ' 'Read status reg'  [339]'
%%     1099192.5 ns  Log    ID_UVVM_SEND_CMD    TB seq.(uvvm)       fetch_result(WISHBONE_VVC,0, 339): 'Fetching result from I2C master DUT status register.'. [341]
%%     1100292.5 ns  Log    ID_UVVM_SEND_CMD    TB seq.(uvvm)       wishbone_read(WISHBONE_VVC,0, x"4"): 'Read status reg'. [342]
%%     1100312.5 ns  Log    ID_BFM              WISHBONE_VVC,0      wishbone_read(A:x"4")=> x"C3". ' 'Read status reg'  [342]'
%%     1100312.5 ns  Log    ID_UVVM_SEND_CMD    TB seq.(uvvm)       fetch_result(WISHBONE_VVC,0, 342): 'Fetching result from I2C master DUT status register.'. [344]
%%     1101412.5 ns  Log    ID_UVVM_SEND_CMD    TB seq.(uvvm)       wishbone_read(WISHBONE_VVC,0, x"4"): 'Read status reg'. [345]
%%     1101432.5 ns  Log    ID_BFM              WISHBONE_VVC,0      wishbone_read(A:x"4")=> x"41". ' 'Read status reg'  [345]'
%%     1101432.5 ns  Log    ID_UVVM_SEND_CMD    TB seq.(uvvm)       fetch_result(WISHBONE_VVC,0, 345): 'Fetching result from I2C master DUT status register.'. [347]
%%     1101432.5 ns  Log    ID_UVVM_SEND_CMD    TB seq.(uvvm)       wishbone_write(WISHBONE_VVC,0, x"3", x"22"): 'Writing data 00100010 to transmit register.'. [348]
%%     1101432.5 ns  Log    ID_UVVM_SEND_CMD    TB seq.(uvvm)       wishbone_write(WISHBONE_VVC,0, x"4", x"50"): 'Setting STO and WR bit in command reg'. [349]
%%     1101452.5 ns  Log    ID_BFM              WISHBONE_VVC,0      wishbone_write(A:x"3", x"22") completed. ' 'Writing data 00100010 to transmit register.'  [348]'
%%     1101472.5 ns  Log    ID_BFM              WISHBONE_VVC,0      wishbone_write(A:x"4", x"50") completed. ' 'Setting STO and WR bit in command reg'  [349]'
%%     1101472.5 ns  Log    ID_UVVM_SEND_CMD    TB seq.(uvvm)       wishbone_read(WISHBONE_VVC,0, x"4"): 'Read status reg'. [351]
%%     1101492.5 ns  Log    ID_BFM              WISHBONE_VVC,0      wishbone_read(A:x"4")=> x"43". ' 'Read status reg'  [351]'
%%     1101492.5 ns  Log    ID_UVVM_SEND_CMD    TB seq.(uvvm)       fetch_result(WISHBONE_VVC,0, 351): 'Fetching result from I2C master DUT status register.'. [353]
%%     1102592.5 ns  Log    ID_UVVM_SEND_CMD    TB seq.(uvvm)       wishbone_read(WISHBONE_VVC,0, x"4"): 'Read status reg'. [354]
%%     1102612.5 ns  Log    ID_BFM              WISHBONE_VVC,0      wishbone_read(A:x"4")=> x"43". ' 'Read status reg'  [354]'
%%     1102612.5 ns  Log    ID_UVVM_SEND_CMD    TB seq.(uvvm)       fetch_result(WISHBONE_VVC,0, 354): 'Fetching result from I2C master DUT status register.'. [356]
%%     1103712.5 ns  Log    ID_UVVM_SEND_CMD    TB seq.(uvvm)       wishbone_read(WISHBONE_VVC,0, x"4"): 'Read status reg'. [357]
%%     1103732.5 ns  Log    ID_BFM              WISHBONE_VVC,0      wishbone_read(A:x"4")=> x"43". ' 'Read status reg'  [357]'
%%     1103732.5 ns  Log    ID_UVVM_SEND_CMD    TB seq.(uvvm)       fetch_result(WISHBONE_VVC,0, 357): 'Fetching result from I2C master DUT status register.'. [359]
%%     1104832.5 ns  Log    ID_UVVM_SEND_CMD    TB seq.(uvvm)       wishbone_read(WISHBONE_VVC,0, x"4"): 'Read status reg'. [360]
%%     1104852.5 ns  Log    ID_BFM              WISHBONE_VVC,0      wishbone_read(A:x"4")=> x"43". ' 'Read status reg'  [360]'
%%     1104852.5 ns  Log    ID_UVVM_SEND_CMD    TB seq.(uvvm)       fetch_result(WISHBONE_VVC,0, 360): 'Fetching result from I2C master DUT status register.'. [362]
%%     1105952.5 ns  Log    ID_UVVM_SEND_CMD    TB seq.(uvvm)       wishbone_read(WISHBONE_VVC,0, x"4"): 'Read status reg'. [363]
%%     1105972.5 ns  Log    ID_BFM              WISHBONE_VVC,0      wishbone_read(A:x"4")=> x"43". ' 'Read status reg'  [363]'
%%     1105972.5 ns  Log    ID_UVVM_SEND_CMD    TB seq.(uvvm)       fetch_result(WISHBONE_VVC,0, 363): 'Fetching result from I2C master DUT status register.'. [365]
%%     1107072.5 ns  Log    ID_UVVM_SEND_CMD    TB seq.(uvvm)       wishbone_read(WISHBONE_VVC,0, x"4"): 'Read status reg'. [366]
%%     1107092.5 ns  Log    ID_BFM              WISHBONE_VVC,0      wishbone_read(A:x"4")=> x"43". ' 'Read status reg'  [366]'
%%     1107092.5 ns  Log    ID_UVVM_SEND_CMD    TB seq.(uvvm)       fetch_result(WISHBONE_VVC,0, 366): 'Fetching result from I2C master DUT status register.'. [368]
%%     1108192.5 ns  Log    ID_UVVM_SEND_CMD    TB seq.(uvvm)       wishbone_read(WISHBONE_VVC,0, x"4"): 'Read status reg'. [369]
%%     1108212.5 ns  Log    ID_BFM              WISHBONE_VVC,0      wishbone_read(A:x"4")=> x"43". ' 'Read status reg'  [369]'
%%     1108212.5 ns  Log    ID_UVVM_SEND_CMD    TB seq.(uvvm)       fetch_result(WISHBONE_VVC,0, 369): 'Fetching result from I2C master DUT status register.'. [371]
%%     1109312.5 ns  Log    ID_UVVM_SEND_CMD    TB seq.(uvvm)       wishbone_read(WISHBONE_VVC,0, x"4"): 'Read status reg'. [372]
%%     1109332.5 ns  Log    ID_BFM              WISHBONE_VVC,0      wishbone_read(A:x"4")=> x"43". ' 'Read status reg'  [372]'
%%     1109332.5 ns  Log    ID_UVVM_SEND_CMD    TB seq.(uvvm)       fetch_result(WISHBONE_VVC,0, 372): 'Fetching result from I2C master DUT status register.'. [374]
%%     1110432.5 ns  Log    ID_UVVM_SEND_CMD    TB seq.(uvvm)       wishbone_read(WISHBONE_VVC,0, x"4"): 'Read status reg'. [375]
%%     1110452.5 ns  Log    ID_BFM              WISHBONE_VVC,0      wishbone_read(A:x"4")=> x"43". ' 'Read status reg'  [375]'
%%     1110452.5 ns  Log    ID_UVVM_SEND_CMD    TB seq.(uvvm)       fetch_result(WISHBONE_VVC,0, 375): 'Fetching result from I2C master DUT status register.'. [377]
%%     1111552.5 ns  Log    ID_UVVM_SEND_CMD    TB seq.(uvvm)       wishbone_read(WISHBONE_VVC,0, x"4"): 'Read status reg'. [378]
%%     1111572.5 ns  Log    ID_BFM              WISHBONE_VVC,0      wishbone_read(A:x"4")=> x"43". ' 'Read status reg'  [378]'
%%     1111572.5 ns  Log    ID_UVVM_SEND_CMD    TB seq.(uvvm)       fetch_result(WISHBONE_VVC,0, 378): 'Fetching result from I2C master DUT status register.'. [380]
%%     1112390.0 ns  Log    ID_BFM              I2C_VVC,2           i2c_slave_check((x"22"))=> OK, read data = (x"22"). ' 'Check data'  [313]'
%%     1112672.5 ns  Log    ID_UVVM_SEND_CMD    TB seq.(uvvm)       wishbone_read(WISHBONE_VVC,0, x"4"): 'Read status reg'. [381]
%%     1112692.5 ns  Log    ID_BFM              WISHBONE_VVC,0      wishbone_read(A:x"4")=> x"1". ' 'Read status reg'  [381]'
%%     1112692.5 ns  Log    ID_UVVM_SEND_CMD    TB seq.(uvvm)       fetch_result(WISHBONE_VVC,0, 381): 'Fetching result from I2C master DUT status register.'. [383]
%%     1112692.5 ns  Log    ID_UVVM_SEND_CMD    TB seq.(uvvm)       wishbone_write(WISHBONE_VVC,0, x"3", x"AA"): 'Setting address to be x55 and setting RW bit to 0'. [386]
%%     1112692.5 ns  Log    ID_UVVM_SEND_CMD    TB seq.(uvvm)       wishbone_write(WISHBONE_VVC,0, x"4", x"90"): 'Setting STA and WR bit in command reg'. [387]
%%     1112692.5 ns  Log    ID_UVVM_SEND_CMD    TB seq.(uvvm)       i2c_slave_check(I2C_VVC,2): 'Check data'. [388]
%%     1112712.5 ns  Log    ID_BFM              WISHBONE_VVC,0      wishbone_write(A:x"3", x"AA") completed. ' 'Setting address to be x55 and setting RW bit to 0'  [386]'
%%     1112732.5 ns  Log    ID_BFM              WISHBONE_VVC,0      wishbone_write(A:x"4", x"90") completed. ' 'Setting STA and WR bit in command reg'  [387]'
%%     1112732.5 ns  Log    ID_UVVM_SEND_CMD    TB seq.(uvvm)       wishbone_read(WISHBONE_VVC,0, x"4"): 'Read status reg'. [390]
%%     1112752.5 ns  Log    ID_BFM              WISHBONE_VVC,0      wishbone_read(A:x"4")=> x"3". ' 'Read status reg'  [390]'
%%     1112752.5 ns  Log    ID_UVVM_SEND_CMD    TB seq.(uvvm)       fetch_result(WISHBONE_VVC,0, 390): 'Fetching result from I2C master DUT status register.'. [392]
%%     1113852.5 ns  Log    ID_UVVM_SEND_CMD    TB seq.(uvvm)       wishbone_read(WISHBONE_VVC,0, x"4"): 'Read status reg'. [393]
%%     1113872.5 ns  Log    ID_BFM              WISHBONE_VVC,0      wishbone_read(A:x"4")=> x"43". ' 'Read status reg'  [393]'
%%     1113872.5 ns  Log    ID_UVVM_SEND_CMD    TB seq.(uvvm)       fetch_result(WISHBONE_VVC,0, 393): 'Fetching result from I2C master DUT status register.'. [395]
%%     1114972.5 ns  Log    ID_UVVM_SEND_CMD    TB seq.(uvvm)       wishbone_read(WISHBONE_VVC,0, x"4"): 'Read status reg'. [396]
%%     1114992.5 ns  Log    ID_BFM              WISHBONE_VVC,0      wishbone_read(A:x"4")=> x"43". ' 'Read status reg'  [396]'
%%     1114992.5 ns  Log    ID_UVVM_SEND_CMD    TB seq.(uvvm)       fetch_result(WISHBONE_VVC,0, 396): 'Fetching result from I2C master DUT status register.'. [398]
%%     1116092.5 ns  Log    ID_UVVM_SEND_CMD    TB seq.(uvvm)       wishbone_read(WISHBONE_VVC,0, x"4"): 'Read status reg'. [399]
%%     1116112.5 ns  Log    ID_BFM              WISHBONE_VVC,0      wishbone_read(A:x"4")=> x"43". ' 'Read status reg'  [399]'
%%     1116112.5 ns  Log    ID_UVVM_SEND_CMD    TB seq.(uvvm)       fetch_result(WISHBONE_VVC,0, 399): 'Fetching result from I2C master DUT status register.'. [401]
%%     1117212.5 ns  Log    ID_UVVM_SEND_CMD    TB seq.(uvvm)       wishbone_read(WISHBONE_VVC,0, x"4"): 'Read status reg'. [402]
%%     1117232.5 ns  Log    ID_BFM              WISHBONE_VVC,0      wishbone_read(A:x"4")=> x"43". ' 'Read status reg'  [402]'
%%     1117232.5 ns  Log    ID_UVVM_SEND_CMD    TB seq.(uvvm)       fetch_result(WISHBONE_VVC,0, 402): 'Fetching result from I2C master DUT status register.'. [404]
%%     1118332.5 ns  Log    ID_UVVM_SEND_CMD    TB seq.(uvvm)       wishbone_read(WISHBONE_VVC,0, x"4"): 'Read status reg'. [405]
%%     1118352.5 ns  Log    ID_BFM              WISHBONE_VVC,0      wishbone_read(A:x"4")=> x"43". ' 'Read status reg'  [405]'
%%     1118352.5 ns  Log    ID_UVVM_SEND_CMD    TB seq.(uvvm)       fetch_result(WISHBONE_VVC,0, 405): 'Fetching result from I2C master DUT status register.'. [407]
%%     1119452.5 ns  Log    ID_UVVM_SEND_CMD    TB seq.(uvvm)       wishbone_read(WISHBONE_VVC,0, x"4"): 'Read status reg'. [408]
%%     1119472.5 ns  Log    ID_BFM              WISHBONE_VVC,0      wishbone_read(A:x"4")=> x"43". ' 'Read status reg'  [408]'
%%     1119472.5 ns  Log    ID_UVVM_SEND_CMD    TB seq.(uvvm)       fetch_result(WISHBONE_VVC,0, 408): 'Fetching result from I2C master DUT status register.'. [410]
%%     1120572.5 ns  Log    ID_UVVM_SEND_CMD    TB seq.(uvvm)       wishbone_read(WISHBONE_VVC,0, x"4"): 'Read status reg'. [411]
%%     1120592.5 ns  Log    ID_BFM              WISHBONE_VVC,0      wishbone_read(A:x"4")=> x"43". ' 'Read status reg'  [411]'
%%     1120592.5 ns  Log    ID_UVVM_SEND_CMD    TB seq.(uvvm)       fetch_result(WISHBONE_VVC,0, 411): 'Fetching result from I2C master DUT status register.'. [413]
%%     1121692.5 ns  Log    ID_UVVM_SEND_CMD    TB seq.(uvvm)       wishbone_read(WISHBONE_VVC,0, x"4"): 'Read status reg'. [414]
%%     1121712.5 ns  Log    ID_BFM              WISHBONE_VVC,0      wishbone_read(A:x"4")=> x"43". ' 'Read status reg'  [414]'
%%     1121712.5 ns  Log    ID_UVVM_SEND_CMD    TB seq.(uvvm)       fetch_result(WISHBONE_VVC,0, 414): 'Fetching result from I2C master DUT status register.'. [416]
%%     1122812.5 ns  Log    ID_UVVM_SEND_CMD    TB seq.(uvvm)       wishbone_read(WISHBONE_VVC,0, x"4"): 'Read status reg'. [417]
%%     1122832.5 ns  Log    ID_BFM              WISHBONE_VVC,0      wishbone_read(A:x"4")=> x"43". ' 'Read status reg'  [417]'
%%     1122832.5 ns  Log    ID_UVVM_SEND_CMD    TB seq.(uvvm)       fetch_result(WISHBONE_VVC,0, 417): 'Fetching result from I2C master DUT status register.'. [419]
%%     1123932.5 ns  Log    ID_UVVM_SEND_CMD    TB seq.(uvvm)       wishbone_read(WISHBONE_VVC,0, x"4"): 'Read status reg'. [420]
%%     1123952.5 ns  Log    ID_BFM              WISHBONE_VVC,0      wishbone_read(A:x"4")=> x"41". ' 'Read status reg'  [420]'
%%     1123952.5 ns  Log    ID_UVVM_SEND_CMD    TB seq.(uvvm)       fetch_result(WISHBONE_VVC,0, 420): 'Fetching result from I2C master DUT status register.'. [422]
%%     1123952.5 ns  Log    ID_UVVM_SEND_CMD    TB seq.(uvvm)       wishbone_write(WISHBONE_VVC,0, x"3", x"E3"): 'Writing data 11100011 to transmit register.'. [423]
%%     1123952.5 ns  Log    ID_UVVM_SEND_CMD    TB seq.(uvvm)       wishbone_write(WISHBONE_VVC,0, x"4", x"50"): 'Setting STO and WR bit in command reg'. [424]
%%     1123972.5 ns  Log    ID_BFM              WISHBONE_VVC,0      wishbone_write(A:x"3", x"E3") completed. ' 'Writing data 11100011 to transmit register.'  [423]'
%%     1123992.5 ns  Log    ID_BFM              WISHBONE_VVC,0      wishbone_write(A:x"4", x"50") completed. ' 'Setting STO and WR bit in command reg'  [424]'
%%     1123992.5 ns  Log    ID_UVVM_SEND_CMD    TB seq.(uvvm)       wishbone_read(WISHBONE_VVC,0, x"4"): 'Read status reg'. [426]
%%     1124012.5 ns  Log    ID_BFM              WISHBONE_VVC,0      wishbone_read(A:x"4")=> x"43". ' 'Read status reg'  [426]'
%%     1124012.5 ns  Log    ID_UVVM_SEND_CMD    TB seq.(uvvm)       fetch_result(WISHBONE_VVC,0, 426): 'Fetching result from I2C master DUT status register.'. [428]
%%     1125112.5 ns  Log    ID_UVVM_SEND_CMD    TB seq.(uvvm)       wishbone_read(WISHBONE_VVC,0, x"4"): 'Read status reg'. [429]
%%     1125132.5 ns  Log    ID_BFM              WISHBONE_VVC,0      wishbone_read(A:x"4")=> x"43". ' 'Read status reg'  [429]'
%%     1125132.5 ns  Log    ID_UVVM_SEND_CMD    TB seq.(uvvm)       fetch_result(WISHBONE_VVC,0, 429): 'Fetching result from I2C master DUT status register.'. [431]
%%     1126232.5 ns  Log    ID_UVVM_SEND_CMD    TB seq.(uvvm)       wishbone_read(WISHBONE_VVC,0, x"4"): 'Read status reg'. [432]
%%     1126252.5 ns  Log    ID_BFM              WISHBONE_VVC,0      wishbone_read(A:x"4")=> x"43". ' 'Read status reg'  [432]'
%%     1126252.5 ns  Log    ID_UVVM_SEND_CMD    TB seq.(uvvm)       fetch_result(WISHBONE_VVC,0, 432): 'Fetching result from I2C master DUT status register.'. [434]
%%     1127352.5 ns  Log    ID_UVVM_SEND_CMD    TB seq.(uvvm)       wishbone_read(WISHBONE_VVC,0, x"4"): 'Read status reg'. [435]
%%     1127372.5 ns  Log    ID_BFM              WISHBONE_VVC,0      wishbone_read(A:x"4")=> x"43". ' 'Read status reg'  [435]'
%%     1127372.5 ns  Log    ID_UVVM_SEND_CMD    TB seq.(uvvm)       fetch_result(WISHBONE_VVC,0, 435): 'Fetching result from I2C master DUT status register.'. [437]
%%     1128472.5 ns  Log    ID_UVVM_SEND_CMD    TB seq.(uvvm)       wishbone_read(WISHBONE_VVC,0, x"4"): 'Read status reg'. [438]
%%     1128492.5 ns  Log    ID_BFM              WISHBONE_VVC,0      wishbone_read(A:x"4")=> x"43". ' 'Read status reg'  [438]'
%%     1128492.5 ns  Log    ID_UVVM_SEND_CMD    TB seq.(uvvm)       fetch_result(WISHBONE_VVC,0, 438): 'Fetching result from I2C master DUT status register.'. [440]
%%     1129592.5 ns  Log    ID_UVVM_SEND_CMD    TB seq.(uvvm)       wishbone_read(WISHBONE_VVC,0, x"4"): 'Read status reg'. [441]
%%     1129612.5 ns  Log    ID_BFM              WISHBONE_VVC,0      wishbone_read(A:x"4")=> x"43". ' 'Read status reg'  [441]'
%%     1129612.5 ns  Log    ID_UVVM_SEND_CMD    TB seq.(uvvm)       fetch_result(WISHBONE_VVC,0, 441): 'Fetching result from I2C master DUT status register.'. [443]
%%     1130712.5 ns  Log    ID_UVVM_SEND_CMD    TB seq.(uvvm)       wishbone_read(WISHBONE_VVC,0, x"4"): 'Read status reg'. [444]
%%     1130732.5 ns  Log    ID_BFM              WISHBONE_VVC,0      wishbone_read(A:x"4")=> x"43". ' 'Read status reg'  [444]'
%%     1130732.5 ns  Log    ID_UVVM_SEND_CMD    TB seq.(uvvm)       fetch_result(WISHBONE_VVC,0, 444): 'Fetching result from I2C master DUT status register.'. [446]
%%     1131832.5 ns  Log    ID_UVVM_SEND_CMD    TB seq.(uvvm)       wishbone_read(WISHBONE_VVC,0, x"4"): 'Read status reg'. [447]
%%     1131852.5 ns  Log    ID_BFM              WISHBONE_VVC,0      wishbone_read(A:x"4")=> x"43". ' 'Read status reg'  [447]'
%%     1131852.5 ns  Log    ID_UVVM_SEND_CMD    TB seq.(uvvm)       fetch_result(WISHBONE_VVC,0, 447): 'Fetching result from I2C master DUT status register.'. [449]
%%     1132952.5 ns  Log    ID_UVVM_SEND_CMD    TB seq.(uvvm)       wishbone_read(WISHBONE_VVC,0, x"4"): 'Read status reg'. [450]
%%     1132972.5 ns  Log    ID_BFM              WISHBONE_VVC,0      wishbone_read(A:x"4")=> x"43". ' 'Read status reg'  [450]'
%%     1132972.5 ns  Log    ID_UVVM_SEND_CMD    TB seq.(uvvm)       fetch_result(WISHBONE_VVC,0, 450): 'Fetching result from I2C master DUT status register.'. [452]
%%     1134072.5 ns  Log    ID_UVVM_SEND_CMD    TB seq.(uvvm)       wishbone_read(WISHBONE_VVC,0, x"4"): 'Read status reg'. [453]
%%     1134092.5 ns  Log    ID_BFM              WISHBONE_VVC,0      wishbone_read(A:x"4")=> x"43". ' 'Read status reg'  [453]'
%%     1134092.5 ns  Log    ID_UVVM_SEND_CMD    TB seq.(uvvm)       fetch_result(WISHBONE_VVC,0, 453): 'Fetching result from I2C master DUT status register.'. [455]
%%     1134890.0 ns  Log    ID_BFM              I2C_VVC,2           i2c_slave_check((x"E3"))=> OK, read data = (x"E3"). ' 'Check data'  [388]'
%%     1135192.5 ns  Log    ID_UVVM_SEND_CMD    TB seq.(uvvm)       wishbone_read(WISHBONE_VVC,0, x"4"): 'Read status reg'. [456]
%%     1135212.5 ns  Log    ID_BFM              WISHBONE_VVC,0      wishbone_read(A:x"4")=> x"1". ' 'Read status reg'  [456]'
%%     1135212.5 ns  Log    ID_UVVM_SEND_CMD    TB seq.(uvvm)       fetch_result(WISHBONE_VVC,0, 456): 'Fetching result from I2C master DUT status register.'. [458]
%%     1135212.5 ns  Log    ID_UVVM_SEND_CMD    TB seq.(uvvm)       wishbone_write(WISHBONE_VVC,0, x"3", x"AA"): 'Setting address to be x55 and setting RW bit to 0'. [461]
%%     1135212.5 ns  Log    ID_UVVM_SEND_CMD    TB seq.(uvvm)       wishbone_write(WISHBONE_VVC,0, x"4", x"90"): 'Setting STA and WR bit in command reg'. [462]
%%     1135212.5 ns  Log    ID_UVVM_SEND_CMD    TB seq.(uvvm)       i2c_slave_check(I2C_VVC,2): 'Check data'. [463]
%%     1135232.5 ns  Log    ID_BFM              WISHBONE_VVC,0      wishbone_write(A:x"3", x"AA") completed. ' 'Setting address to be x55 and setting RW bit to 0'  [461]'
%%     1135252.5 ns  Log    ID_BFM              WISHBONE_VVC,0      wishbone_write(A:x"4", x"90") completed. ' 'Setting STA and WR bit in command reg'  [462]'
%%     1135252.5 ns  Log    ID_UVVM_SEND_CMD    TB seq.(uvvm)       wishbone_read(WISHBONE_VVC,0, x"4"): 'Read status reg'. [465]
%%     1135272.5 ns  Log    ID_BFM              WISHBONE_VVC,0      wishbone_read(A:x"4")=> x"3". ' 'Read status reg'  [465]'
%%     1135272.5 ns  Log    ID_UVVM_SEND_CMD    TB seq.(uvvm)       fetch_result(WISHBONE_VVC,0, 465): 'Fetching result from I2C master DUT status register.'. [467]
%%     1136372.5 ns  Log    ID_UVVM_SEND_CMD    TB seq.(uvvm)       wishbone_read(WISHBONE_VVC,0, x"4"): 'Read status reg'. [468]
%%     1136392.5 ns  Log    ID_BFM              WISHBONE_VVC,0      wishbone_read(A:x"4")=> x"43". ' 'Read status reg'  [468]'
%%     1136392.5 ns  Log    ID_UVVM_SEND_CMD    TB seq.(uvvm)       fetch_result(WISHBONE_VVC,0, 468): 'Fetching result from I2C master DUT status register.'. [470]
%%     1137492.5 ns  Log    ID_UVVM_SEND_CMD    TB seq.(uvvm)       wishbone_read(WISHBONE_VVC,0, x"4"): 'Read status reg'. [471]
%%     1137512.5 ns  Log    ID_BFM              WISHBONE_VVC,0      wishbone_read(A:x"4")=> x"43". ' 'Read status reg'  [471]'
%%     1137512.5 ns  Log    ID_UVVM_SEND_CMD    TB seq.(uvvm)       fetch_result(WISHBONE_VVC,0, 471): 'Fetching result from I2C master DUT status register.'. [473]
%%     1138612.5 ns  Log    ID_UVVM_SEND_CMD    TB seq.(uvvm)       wishbone_read(WISHBONE_VVC,0, x"4"): 'Read status reg'. [474]
%%     1138632.5 ns  Log    ID_BFM              WISHBONE_VVC,0      wishbone_read(A:x"4")=> x"43". ' 'Read status reg'  [474]'
%%     1138632.5 ns  Log    ID_UVVM_SEND_CMD    TB seq.(uvvm)       fetch_result(WISHBONE_VVC,0, 474): 'Fetching result from I2C master DUT status register.'. [476]
%%     1139732.5 ns  Log    ID_UVVM_SEND_CMD    TB seq.(uvvm)       wishbone_read(WISHBONE_VVC,0, x"4"): 'Read status reg'. [477]
%%     1139752.5 ns  Log    ID_BFM              WISHBONE_VVC,0      wishbone_read(A:x"4")=> x"43". ' 'Read status reg'  [477]'
%%     1139752.5 ns  Log    ID_UVVM_SEND_CMD    TB seq.(uvvm)       fetch_result(WISHBONE_VVC,0, 477): 'Fetching result from I2C master DUT status register.'. [479]
%%     1140852.5 ns  Log    ID_UVVM_SEND_CMD    TB seq.(uvvm)       wishbone_read(WISHBONE_VVC,0, x"4"): 'Read status reg'. [480]
%%     1140872.5 ns  Log    ID_BFM              WISHBONE_VVC,0      wishbone_read(A:x"4")=> x"43". ' 'Read status reg'  [480]'
%%     1140872.5 ns  Log    ID_UVVM_SEND_CMD    TB seq.(uvvm)       fetch_result(WISHBONE_VVC,0, 480): 'Fetching result from I2C master DUT status register.'. [482]
%%     1141972.5 ns  Log    ID_UVVM_SEND_CMD    TB seq.(uvvm)       wishbone_read(WISHBONE_VVC,0, x"4"): 'Read status reg'. [483]
%%     1141992.5 ns  Log    ID_BFM              WISHBONE_VVC,0      wishbone_read(A:x"4")=> x"43". ' 'Read status reg'  [483]'
%%     1141992.5 ns  Log    ID_UVVM_SEND_CMD    TB seq.(uvvm)       fetch_result(WISHBONE_VVC,0, 483): 'Fetching result from I2C master DUT status register.'. [485]
%%     1143092.5 ns  Log    ID_UVVM_SEND_CMD    TB seq.(uvvm)       wishbone_read(WISHBONE_VVC,0, x"4"): 'Read status reg'. [486]
%%     1143112.5 ns  Log    ID_BFM              WISHBONE_VVC,0      wishbone_read(A:x"4")=> x"43". ' 'Read status reg'  [486]'
%%     1143112.5 ns  Log    ID_UVVM_SEND_CMD    TB seq.(uvvm)       fetch_result(WISHBONE_VVC,0, 486): 'Fetching result from I2C master DUT status register.'. [488]
%%     1144212.5 ns  Log    ID_UVVM_SEND_CMD    TB seq.(uvvm)       wishbone_read(WISHBONE_VVC,0, x"4"): 'Read status reg'. [489]
%%     1144232.5 ns  Log    ID_BFM              WISHBONE_VVC,0      wishbone_read(A:x"4")=> x"43". ' 'Read status reg'  [489]'
%%     1144232.5 ns  Log    ID_UVVM_SEND_CMD    TB seq.(uvvm)       fetch_result(WISHBONE_VVC,0, 489): 'Fetching result from I2C master DUT status register.'. [491]
%%     1145332.5 ns  Log    ID_UVVM_SEND_CMD    TB seq.(uvvm)       wishbone_read(WISHBONE_VVC,0, x"4"): 'Read status reg'. [492]
%%     1145352.5 ns  Log    ID_BFM              WISHBONE_VVC,0      wishbone_read(A:x"4")=> x"43". ' 'Read status reg'  [492]'
%%     1145352.5 ns  Log    ID_UVVM_SEND_CMD    TB seq.(uvvm)       fetch_result(WISHBONE_VVC,0, 492): 'Fetching result from I2C master DUT status register.'. [494]
%%     1146452.5 ns  Log    ID_UVVM_SEND_CMD    TB seq.(uvvm)       wishbone_read(WISHBONE_VVC,0, x"4"): 'Read status reg'. [495]
%%     1146472.5 ns  Log    ID_BFM              WISHBONE_VVC,0      wishbone_read(A:x"4")=> x"41". ' 'Read status reg'  [495]'
%%     1146472.5 ns  Log    ID_UVVM_SEND_CMD    TB seq.(uvvm)       fetch_result(WISHBONE_VVC,0, 495): 'Fetching result from I2C master DUT status register.'. [497]
%%     1146472.5 ns  Log    ID_UVVM_SEND_CMD    TB seq.(uvvm)       wishbone_write(WISHBONE_VVC,0, x"3", x"70"): 'Writing data 01110000 to transmit register.'. [498]
%%     1146472.5 ns  Log    ID_UVVM_SEND_CMD    TB seq.(uvvm)       wishbone_write(WISHBONE_VVC,0, x"4", x"50"): 'Setting STO and WR bit in command reg'. [499]
%%     1146492.5 ns  Log    ID_BFM              WISHBONE_VVC,0      wishbone_write(A:x"3", x"70") completed. ' 'Writing data 01110000 to transmit register.'  [498]'
%%     1146512.5 ns  Log    ID_BFM              WISHBONE_VVC,0      wishbone_write(A:x"4", x"50") completed. ' 'Setting STO and WR bit in command reg'  [499]'
%%     1146512.5 ns  Log    ID_UVVM_SEND_CMD    TB seq.(uvvm)       wishbone_read(WISHBONE_VVC,0, x"4"): 'Read status reg'. [501]
%%     1146532.5 ns  Log    ID_BFM              WISHBONE_VVC,0      wishbone_read(A:x"4")=> x"43". ' 'Read status reg'  [501]'
%%     1146532.5 ns  Log    ID_UVVM_SEND_CMD    TB seq.(uvvm)       fetch_result(WISHBONE_VVC,0, 501): 'Fetching result from I2C master DUT status register.'. [503]
%%     1147632.5 ns  Log    ID_UVVM_SEND_CMD    TB seq.(uvvm)       wishbone_read(WISHBONE_VVC,0, x"4"): 'Read status reg'. [504]
%%     1147652.5 ns  Log    ID_BFM              WISHBONE_VVC,0      wishbone_read(A:x"4")=> x"43". ' 'Read status reg'  [504]'
%%     1147652.5 ns  Log    ID_UVVM_SEND_CMD    TB seq.(uvvm)       fetch_result(WISHBONE_VVC,0, 504): 'Fetching result from I2C master DUT status register.'. [506]
%%     1148752.5 ns  Log    ID_UVVM_SEND_CMD    TB seq.(uvvm)       wishbone_read(WISHBONE_VVC,0, x"4"): 'Read status reg'. [507]
%%     1148772.5 ns  Log    ID_BFM              WISHBONE_VVC,0      wishbone_read(A:x"4")=> x"43". ' 'Read status reg'  [507]'
%%     1148772.5 ns  Log    ID_UVVM_SEND_CMD    TB seq.(uvvm)       fetch_result(WISHBONE_VVC,0, 507): 'Fetching result from I2C master DUT status register.'. [509]
%%     1149872.5 ns  Log    ID_UVVM_SEND_CMD    TB seq.(uvvm)       wishbone_read(WISHBONE_VVC,0, x"4"): 'Read status reg'. [510]
%%     1149892.5 ns  Log    ID_BFM              WISHBONE_VVC,0      wishbone_read(A:x"4")=> x"43". ' 'Read status reg'  [510]'
%%     1149892.5 ns  Log    ID_UVVM_SEND_CMD    TB seq.(uvvm)       fetch_result(WISHBONE_VVC,0, 510): 'Fetching result from I2C master DUT status register.'. [512]
%%     1150992.5 ns  Log    ID_UVVM_SEND_CMD    TB seq.(uvvm)       wishbone_read(WISHBONE_VVC,0, x"4"): 'Read status reg'. [513]
%%     1151012.5 ns  Log    ID_BFM              WISHBONE_VVC,0      wishbone_read(A:x"4")=> x"43". ' 'Read status reg'  [513]'
%%     1151012.5 ns  Log    ID_UVVM_SEND_CMD    TB seq.(uvvm)       fetch_result(WISHBONE_VVC,0, 513): 'Fetching result from I2C master DUT status register.'. [515]
%%     1152112.5 ns  Log    ID_UVVM_SEND_CMD    TB seq.(uvvm)       wishbone_read(WISHBONE_VVC,0, x"4"): 'Read status reg'. [516]
%%     1152132.5 ns  Log    ID_BFM              WISHBONE_VVC,0      wishbone_read(A:x"4")=> x"43". ' 'Read status reg'  [516]'
%%     1152132.5 ns  Log    ID_UVVM_SEND_CMD    TB seq.(uvvm)       fetch_result(WISHBONE_VVC,0, 516): 'Fetching result from I2C master DUT status register.'. [518]
%%     1153232.5 ns  Log    ID_UVVM_SEND_CMD    TB seq.(uvvm)       wishbone_read(WISHBONE_VVC,0, x"4"): 'Read status reg'. [519]
%%     1153252.5 ns  Log    ID_BFM              WISHBONE_VVC,0      wishbone_read(A:x"4")=> x"43". ' 'Read status reg'  [519]'
%%     1153252.5 ns  Log    ID_UVVM_SEND_CMD    TB seq.(uvvm)       fetch_result(WISHBONE_VVC,0, 519): 'Fetching result from I2C master DUT status register.'. [521]
%%     1154352.5 ns  Log    ID_UVVM_SEND_CMD    TB seq.(uvvm)       wishbone_read(WISHBONE_VVC,0, x"4"): 'Read status reg'. [522]
%%     1154372.5 ns  Log    ID_BFM              WISHBONE_VVC,0      wishbone_read(A:x"4")=> x"43". ' 'Read status reg'  [522]'
%%     1154372.5 ns  Log    ID_UVVM_SEND_CMD    TB seq.(uvvm)       fetch_result(WISHBONE_VVC,0, 522): 'Fetching result from I2C master DUT status register.'. [524]
%%     1155472.5 ns  Log    ID_UVVM_SEND_CMD    TB seq.(uvvm)       wishbone_read(WISHBONE_VVC,0, x"4"): 'Read status reg'. [525]
%%     1155492.5 ns  Log    ID_BFM              WISHBONE_VVC,0      wishbone_read(A:x"4")=> x"43". ' 'Read status reg'  [525]'
%%     1155492.5 ns  Log    ID_UVVM_SEND_CMD    TB seq.(uvvm)       fetch_result(WISHBONE_VVC,0, 525): 'Fetching result from I2C master DUT status register.'. [527]
%%     1156592.5 ns  Log    ID_UVVM_SEND_CMD    TB seq.(uvvm)       wishbone_read(WISHBONE_VVC,0, x"4"): 'Read status reg'. [528]
%%     1156612.5 ns  Log    ID_BFM              WISHBONE_VVC,0      wishbone_read(A:x"4")=> x"43". ' 'Read status reg'  [528]'
%%     1156612.5 ns  Log    ID_UVVM_SEND_CMD    TB seq.(uvvm)       fetch_result(WISHBONE_VVC,0, 528): 'Fetching result from I2C master DUT status register.'. [530]
%%     1157390.0 ns  Log    ID_BFM              I2C_VVC,2           i2c_slave_check((x"70"))=> OK, read data = (x"70"). ' 'Check data'  [463]'
%%     1157712.5 ns  Log    ID_UVVM_SEND_CMD    TB seq.(uvvm)       wishbone_read(WISHBONE_VVC,0, x"4"): 'Read status reg'. [531]
%%     1157732.5 ns  Log    ID_BFM              WISHBONE_VVC,0      wishbone_read(A:x"4")=> x"1". ' 'Read status reg'  [531]'
%%     1157732.5 ns  Log    ID_UVVM_SEND_CMD    TB seq.(uvvm)       fetch_result(WISHBONE_VVC,0, 531): 'Fetching result from I2C master DUT status register.'. [533]
%%     1157732.5 ns  Log    ID_UVVM_SEND_CMD    TB seq.(uvvm)       wishbone_write(WISHBONE_VVC,0, x"3", x"AA"): 'Setting address to be x55 and setting RW bit to 0'. [536]
%%     1157732.5 ns  Log    ID_UVVM_SEND_CMD    TB seq.(uvvm)       wishbone_write(WISHBONE_VVC,0, x"4", x"90"): 'Setting STA and WR bit in command reg'. [537]
%%     1157732.5 ns  Log    ID_UVVM_SEND_CMD    TB seq.(uvvm)       i2c_slave_check(I2C_VVC,2): 'Check data'. [538]
%%     1157752.5 ns  Log    ID_BFM              WISHBONE_VVC,0      wishbone_write(A:x"3", x"AA") completed. ' 'Setting address to be x55 and setting RW bit to 0'  [536]'
%%     1157772.5 ns  Log    ID_BFM              WISHBONE_VVC,0      wishbone_write(A:x"4", x"90") completed. ' 'Setting STA and WR bit in command reg'  [537]'
%%     1157772.5 ns  Log    ID_UVVM_SEND_CMD    TB seq.(uvvm)       wishbone_read(WISHBONE_VVC,0, x"4"): 'Read status reg'. [540]
%%     1157792.5 ns  Log    ID_BFM              WISHBONE_VVC,0      wishbone_read(A:x"4")=> x"3". ' 'Read status reg'  [540]'
%%     1157792.5 ns  Log    ID_UVVM_SEND_CMD    TB seq.(uvvm)       fetch_result(WISHBONE_VVC,0, 540): 'Fetching result from I2C master DUT status register.'. [542]
%%     1158892.5 ns  Log    ID_UVVM_SEND_CMD    TB seq.(uvvm)       wishbone_read(WISHBONE_VVC,0, x"4"): 'Read status reg'. [543]
%%     1158912.5 ns  Log    ID_BFM              WISHBONE_VVC,0      wishbone_read(A:x"4")=> x"43". ' 'Read status reg'  [543]'
%%     1158912.5 ns  Log    ID_UVVM_SEND_CMD    TB seq.(uvvm)       fetch_result(WISHBONE_VVC,0, 543): 'Fetching result from I2C master DUT status register.'. [545]
%%     1160012.5 ns  Log    ID_UVVM_SEND_CMD    TB seq.(uvvm)       wishbone_read(WISHBONE_VVC,0, x"4"): 'Read status reg'. [546]
%%     1160032.5 ns  Log    ID_BFM              WISHBONE_VVC,0      wishbone_read(A:x"4")=> x"43". ' 'Read status reg'  [546]'
%%     1160032.5 ns  Log    ID_UVVM_SEND_CMD    TB seq.(uvvm)       fetch_result(WISHBONE_VVC,0, 546): 'Fetching result from I2C master DUT status register.'. [548]
%%     1161132.5 ns  Log    ID_UVVM_SEND_CMD    TB seq.(uvvm)       wishbone_read(WISHBONE_VVC,0, x"4"): 'Read status reg'. [549]
%%     1161152.5 ns  Log    ID_BFM              WISHBONE_VVC,0      wishbone_read(A:x"4")=> x"43". ' 'Read status reg'  [549]'
%%     1161152.5 ns  Log    ID_UVVM_SEND_CMD    TB seq.(uvvm)       fetch_result(WISHBONE_VVC,0, 549): 'Fetching result from I2C master DUT status register.'. [551]
%%     1162252.5 ns  Log    ID_UVVM_SEND_CMD    TB seq.(uvvm)       wishbone_read(WISHBONE_VVC,0, x"4"): 'Read status reg'. [552]
%%     1162272.5 ns  Log    ID_BFM              WISHBONE_VVC,0      wishbone_read(A:x"4")=> x"43". ' 'Read status reg'  [552]'
%%     1162272.5 ns  Log    ID_UVVM_SEND_CMD    TB seq.(uvvm)       fetch_result(WISHBONE_VVC,0, 552): 'Fetching result from I2C master DUT status register.'. [554]
%%     1163372.5 ns  Log    ID_UVVM_SEND_CMD    TB seq.(uvvm)       wishbone_read(WISHBONE_VVC,0, x"4"): 'Read status reg'. [555]
%%     1163392.5 ns  Log    ID_BFM              WISHBONE_VVC,0      wishbone_read(A:x"4")=> x"43". ' 'Read status reg'  [555]'
%%     1163392.5 ns  Log    ID_UVVM_SEND_CMD    TB seq.(uvvm)       fetch_result(WISHBONE_VVC,0, 555): 'Fetching result from I2C master DUT status register.'. [557]
%%     1164492.5 ns  Log    ID_UVVM_SEND_CMD    TB seq.(uvvm)       wishbone_read(WISHBONE_VVC,0, x"4"): 'Read status reg'. [558]
%%     1164512.5 ns  Log    ID_BFM              WISHBONE_VVC,0      wishbone_read(A:x"4")=> x"43". ' 'Read status reg'  [558]'
%%     1164512.5 ns  Log    ID_UVVM_SEND_CMD    TB seq.(uvvm)       fetch_result(WISHBONE_VVC,0, 558): 'Fetching result from I2C master DUT status register.'. [560]
%%     1165612.5 ns  Log    ID_UVVM_SEND_CMD    TB seq.(uvvm)       wishbone_read(WISHBONE_VVC,0, x"4"): 'Read status reg'. [561]
%%     1165632.5 ns  Log    ID_BFM              WISHBONE_VVC,0      wishbone_read(A:x"4")=> x"43". ' 'Read status reg'  [561]'
%%     1165632.5 ns  Log    ID_UVVM_SEND_CMD    TB seq.(uvvm)       fetch_result(WISHBONE_VVC,0, 561): 'Fetching result from I2C master DUT status register.'. [563]
%%     1166732.5 ns  Log    ID_UVVM_SEND_CMD    TB seq.(uvvm)       wishbone_read(WISHBONE_VVC,0, x"4"): 'Read status reg'. [564]
%%     1166752.5 ns  Log    ID_BFM              WISHBONE_VVC,0      wishbone_read(A:x"4")=> x"43". ' 'Read status reg'  [564]'
%%     1166752.5 ns  Log    ID_UVVM_SEND_CMD    TB seq.(uvvm)       fetch_result(WISHBONE_VVC,0, 564): 'Fetching result from I2C master DUT status register.'. [566]
%%     1167852.5 ns  Log    ID_UVVM_SEND_CMD    TB seq.(uvvm)       wishbone_read(WISHBONE_VVC,0, x"4"): 'Read status reg'. [567]
%%     1167872.5 ns  Log    ID_BFM              WISHBONE_VVC,0      wishbone_read(A:x"4")=> x"43". ' 'Read status reg'  [567]'
%%     1167872.5 ns  Log    ID_UVVM_SEND_CMD    TB seq.(uvvm)       fetch_result(WISHBONE_VVC,0, 567): 'Fetching result from I2C master DUT status register.'. [569]
%%     1168972.5 ns  Log    ID_UVVM_SEND_CMD    TB seq.(uvvm)       wishbone_read(WISHBONE_VVC,0, x"4"): 'Read status reg'. [570]
%%     1168992.5 ns  Log    ID_BFM              WISHBONE_VVC,0      wishbone_read(A:x"4")=> x"41". ' 'Read status reg'  [570]'
%%     1168992.5 ns  Log    ID_UVVM_SEND_CMD    TB seq.(uvvm)       fetch_result(WISHBONE_VVC,0, 570): 'Fetching result from I2C master DUT status register.'. [572]
%%     1168992.5 ns  Log    ID_UVVM_SEND_CMD    TB seq.(uvvm)       wishbone_write(WISHBONE_VVC,0, x"3", x"99"): 'Writing data 10011001 to transmit register.'. [573]
%%     1168992.5 ns  Log    ID_UVVM_SEND_CMD    TB seq.(uvvm)       wishbone_write(WISHBONE_VVC,0, x"4", x"50"): 'Setting STO and WR bit in command reg'. [574]
%%     1169012.5 ns  Log    ID_BFM              WISHBONE_VVC,0      wishbone_write(A:x"3", x"99") completed. ' 'Writing data 10011001 to transmit register.'  [573]'
%%     1169032.5 ns  Log    ID_BFM              WISHBONE_VVC,0      wishbone_write(A:x"4", x"50") completed. ' 'Setting STO and WR bit in command reg'  [574]'
%%     1169032.5 ns  Log    ID_UVVM_SEND_CMD    TB seq.(uvvm)       wishbone_read(WISHBONE_VVC,0, x"4"): 'Read status reg'. [576]
%%     1169052.5 ns  Log    ID_BFM              WISHBONE_VVC,0      wishbone_read(A:x"4")=> x"43". ' 'Read status reg'  [576]'
%%     1169052.5 ns  Log    ID_UVVM_SEND_CMD    TB seq.(uvvm)       fetch_result(WISHBONE_VVC,0, 576): 'Fetching result from I2C master DUT status register.'. [578]
%%     1170152.5 ns  Log    ID_UVVM_SEND_CMD    TB seq.(uvvm)       wishbone_read(WISHBONE_VVC,0, x"4"): 'Read status reg'. [579]
%%     1170172.5 ns  Log    ID_BFM              WISHBONE_VVC,0      wishbone_read(A:x"4")=> x"43". ' 'Read status reg'  [579]'
%%     1170172.5 ns  Log    ID_UVVM_SEND_CMD    TB seq.(uvvm)       fetch_result(WISHBONE_VVC,0, 579): 'Fetching result from I2C master DUT status register.'. [581]
%%     1171272.5 ns  Log    ID_UVVM_SEND_CMD    TB seq.(uvvm)       wishbone_read(WISHBONE_VVC,0, x"4"): 'Read status reg'. [582]
%%     1171292.5 ns  Log    ID_BFM              WISHBONE_VVC,0      wishbone_read(A:x"4")=> x"43". ' 'Read status reg'  [582]'
%%     1171292.5 ns  Log    ID_UVVM_SEND_CMD    TB seq.(uvvm)       fetch_result(WISHBONE_VVC,0, 582): 'Fetching result from I2C master DUT status register.'. [584]
%%     1172392.5 ns  Log    ID_UVVM_SEND_CMD    TB seq.(uvvm)       wishbone_read(WISHBONE_VVC,0, x"4"): 'Read status reg'. [585]
%%     1172412.5 ns  Log    ID_BFM              WISHBONE_VVC,0      wishbone_read(A:x"4")=> x"43". ' 'Read status reg'  [585]'
%%     1172412.5 ns  Log    ID_UVVM_SEND_CMD    TB seq.(uvvm)       fetch_result(WISHBONE_VVC,0, 585): 'Fetching result from I2C master DUT status register.'. [587]
%%     1173512.5 ns  Log    ID_UVVM_SEND_CMD    TB seq.(uvvm)       wishbone_read(WISHBONE_VVC,0, x"4"): 'Read status reg'. [588]
%%     1173532.5 ns  Log    ID_BFM              WISHBONE_VVC,0      wishbone_read(A:x"4")=> x"43". ' 'Read status reg'  [588]'
%%     1173532.5 ns  Log    ID_UVVM_SEND_CMD    TB seq.(uvvm)       fetch_result(WISHBONE_VVC,0, 588): 'Fetching result from I2C master DUT status register.'. [590]
%%     1174632.5 ns  Log    ID_UVVM_SEND_CMD    TB seq.(uvvm)       wishbone_read(WISHBONE_VVC,0, x"4"): 'Read status reg'. [591]
%%     1174652.5 ns  Log    ID_BFM              WISHBONE_VVC,0      wishbone_read(A:x"4")=> x"43". ' 'Read status reg'  [591]'
%%     1174652.5 ns  Log    ID_UVVM_SEND_CMD    TB seq.(uvvm)       fetch_result(WISHBONE_VVC,0, 591): 'Fetching result from I2C master DUT status register.'. [593]
%%     1175752.5 ns  Log    ID_UVVM_SEND_CMD    TB seq.(uvvm)       wishbone_read(WISHBONE_VVC,0, x"4"): 'Read status reg'. [594]
%%     1175772.5 ns  Log    ID_BFM              WISHBONE_VVC,0      wishbone_read(A:x"4")=> x"43". ' 'Read status reg'  [594]'
%%     1175772.5 ns  Log    ID_UVVM_SEND_CMD    TB seq.(uvvm)       fetch_result(WISHBONE_VVC,0, 594): 'Fetching result from I2C master DUT status register.'. [596]
%%     1176872.5 ns  Log    ID_UVVM_SEND_CMD    TB seq.(uvvm)       wishbone_read(WISHBONE_VVC,0, x"4"): 'Read status reg'. [597]
%%     1176892.5 ns  Log    ID_BFM              WISHBONE_VVC,0      wishbone_read(A:x"4")=> x"43". ' 'Read status reg'  [597]'
%%     1176892.5 ns  Log    ID_UVVM_SEND_CMD    TB seq.(uvvm)       fetch_result(WISHBONE_VVC,0, 597): 'Fetching result from I2C master DUT status register.'. [599]
%%     1177992.5 ns  Log    ID_UVVM_SEND_CMD    TB seq.(uvvm)       wishbone_read(WISHBONE_VVC,0, x"4"): 'Read status reg'. [600]
%%     1178012.5 ns  Log    ID_BFM              WISHBONE_VVC,0      wishbone_read(A:x"4")=> x"43". ' 'Read status reg'  [600]'
%%     1178012.5 ns  Log    ID_UVVM_SEND_CMD    TB seq.(uvvm)       fetch_result(WISHBONE_VVC,0, 600): 'Fetching result from I2C master DUT status register.'. [602]
%%     1179112.5 ns  Log    ID_UVVM_SEND_CMD    TB seq.(uvvm)       wishbone_read(WISHBONE_VVC,0, x"4"): 'Read status reg'. [603]
%%     1179132.5 ns  Log    ID_BFM              WISHBONE_VVC,0      wishbone_read(A:x"4")=> x"43". ' 'Read status reg'  [603]'
%%     1179132.5 ns  Log    ID_UVVM_SEND_CMD    TB seq.(uvvm)       fetch_result(WISHBONE_VVC,0, 603): 'Fetching result from I2C master DUT status register.'. [605]
%%     1179890.0 ns  Log    ID_BFM              I2C_VVC,2           i2c_slave_check((x"99"))=> OK, read data = (x"99"). ' 'Check data'  [538]'
%%     1180232.5 ns  Log    ID_UVVM_SEND_CMD    TB seq.(uvvm)       wishbone_read(WISHBONE_VVC,0, x"4"): 'Read status reg'. [606]
%%     1180252.5 ns  Log    ID_BFM              WISHBONE_VVC,0      wishbone_read(A:x"4")=> x"1". ' 'Read status reg'  [606]'
%%     1180252.5 ns  Log    ID_UVVM_SEND_CMD    TB seq.(uvvm)       fetch_result(WISHBONE_VVC,0, 606): 'Fetching result from I2C master DUT status register.'. [608]
%%     1180252.5 ns  Log    ID_UVVM_SEND_CMD    TB seq.(uvvm)       wishbone_write(WISHBONE_VVC,0, x"3", x"AA"): 'Setting address to be x55 and setting RW bit to 0'. [611]
%%     1180252.5 ns  Log    ID_UVVM_SEND_CMD    TB seq.(uvvm)       wishbone_write(WISHBONE_VVC,0, x"4", x"90"): 'Setting STA and WR bit in command reg'. [612]
%%     1180252.5 ns  Log    ID_UVVM_SEND_CMD    TB seq.(uvvm)       i2c_slave_check(I2C_VVC,2): 'Check data'. [613]
%%     1180272.5 ns  Log    ID_BFM              WISHBONE_VVC,0      wishbone_write(A:x"3", x"AA") completed. ' 'Setting address to be x55 and setting RW bit to 0'  [611]'
%%     1180292.5 ns  Log    ID_BFM              WISHBONE_VVC,0      wishbone_write(A:x"4", x"90") completed. ' 'Setting STA and WR bit in command reg'  [612]'
%%     1180292.5 ns  Log    ID_UVVM_SEND_CMD    TB seq.(uvvm)       wishbone_read(WISHBONE_VVC,0, x"4"): 'Read status reg'. [615]
%%     1180312.5 ns  Log    ID_BFM              WISHBONE_VVC,0      wishbone_read(A:x"4")=> x"3". ' 'Read status reg'  [615]'
%%     1180312.5 ns  Log    ID_UVVM_SEND_CMD    TB seq.(uvvm)       fetch_result(WISHBONE_VVC,0, 615): 'Fetching result from I2C master DUT status register.'. [617]
%%     1181412.5 ns  Log    ID_UVVM_SEND_CMD    TB seq.(uvvm)       wishbone_read(WISHBONE_VVC,0, x"4"): 'Read status reg'. [618]
%%     1181432.5 ns  Log    ID_BFM              WISHBONE_VVC,0      wishbone_read(A:x"4")=> x"43". ' 'Read status reg'  [618]'
%%     1181432.5 ns  Log    ID_UVVM_SEND_CMD    TB seq.(uvvm)       fetch_result(WISHBONE_VVC,0, 618): 'Fetching result from I2C master DUT status register.'. [620]
%%     1182532.5 ns  Log    ID_UVVM_SEND_CMD    TB seq.(uvvm)       wishbone_read(WISHBONE_VVC,0, x"4"): 'Read status reg'. [621]
%%     1182552.5 ns  Log    ID_BFM              WISHBONE_VVC,0      wishbone_read(A:x"4")=> x"43". ' 'Read status reg'  [621]'
%%     1182552.5 ns  Log    ID_UVVM_SEND_CMD    TB seq.(uvvm)       fetch_result(WISHBONE_VVC,0, 621): 'Fetching result from I2C master DUT status register.'. [623]
%%     1183652.5 ns  Log    ID_UVVM_SEND_CMD    TB seq.(uvvm)       wishbone_read(WISHBONE_VVC,0, x"4"): 'Read status reg'. [624]
%%     1183672.5 ns  Log    ID_BFM              WISHBONE_VVC,0      wishbone_read(A:x"4")=> x"43". ' 'Read status reg'  [624]'
%%     1183672.5 ns  Log    ID_UVVM_SEND_CMD    TB seq.(uvvm)       fetch_result(WISHBONE_VVC,0, 624): 'Fetching result from I2C master DUT status register.'. [626]
%%     1184772.5 ns  Log    ID_UVVM_SEND_CMD    TB seq.(uvvm)       wishbone_read(WISHBONE_VVC,0, x"4"): 'Read status reg'. [627]
%%     1184792.5 ns  Log    ID_BFM              WISHBONE_VVC,0      wishbone_read(A:x"4")=> x"43". ' 'Read status reg'  [627]'
%%     1184792.5 ns  Log    ID_UVVM_SEND_CMD    TB seq.(uvvm)       fetch_result(WISHBONE_VVC,0, 627): 'Fetching result from I2C master DUT status register.'. [629]
%%     1185892.5 ns  Log    ID_UVVM_SEND_CMD    TB seq.(uvvm)       wishbone_read(WISHBONE_VVC,0, x"4"): 'Read status reg'. [630]
%%     1185912.5 ns  Log    ID_BFM              WISHBONE_VVC,0      wishbone_read(A:x"4")=> x"43". ' 'Read status reg'  [630]'
%%     1185912.5 ns  Log    ID_UVVM_SEND_CMD    TB seq.(uvvm)       fetch_result(WISHBONE_VVC,0, 630): 'Fetching result from I2C master DUT status register.'. [632]
%%     1187012.5 ns  Log    ID_UVVM_SEND_CMD    TB seq.(uvvm)       wishbone_read(WISHBONE_VVC,0, x"4"): 'Read status reg'. [633]
%%     1187032.5 ns  Log    ID_BFM              WISHBONE_VVC,0      wishbone_read(A:x"4")=> x"43". ' 'Read status reg'  [633]'
%%     1187032.5 ns  Log    ID_UVVM_SEND_CMD    TB seq.(uvvm)       fetch_result(WISHBONE_VVC,0, 633): 'Fetching result from I2C master DUT status register.'. [635]
%%     1188132.5 ns  Log    ID_UVVM_SEND_CMD    TB seq.(uvvm)       wishbone_read(WISHBONE_VVC,0, x"4"): 'Read status reg'. [636]
%%     1188152.5 ns  Log    ID_BFM              WISHBONE_VVC,0      wishbone_read(A:x"4")=> x"43". ' 'Read status reg'  [636]'
%%     1188152.5 ns  Log    ID_UVVM_SEND_CMD    TB seq.(uvvm)       fetch_result(WISHBONE_VVC,0, 636): 'Fetching result from I2C master DUT status register.'. [638]
%%     1189252.5 ns  Log    ID_UVVM_SEND_CMD    TB seq.(uvvm)       wishbone_read(WISHBONE_VVC,0, x"4"): 'Read status reg'. [639]
%%     1189272.5 ns  Log    ID_BFM              WISHBONE_VVC,0      wishbone_read(A:x"4")=> x"43". ' 'Read status reg'  [639]'
%%     1189272.5 ns  Log    ID_UVVM_SEND_CMD    TB seq.(uvvm)       fetch_result(WISHBONE_VVC,0, 639): 'Fetching result from I2C master DUT status register.'. [641]
%%     1190372.5 ns  Log    ID_UVVM_SEND_CMD    TB seq.(uvvm)       wishbone_read(WISHBONE_VVC,0, x"4"): 'Read status reg'. [642]
%%     1190392.5 ns  Log    ID_BFM              WISHBONE_VVC,0      wishbone_read(A:x"4")=> x"43". ' 'Read status reg'  [642]'
%%     1190392.5 ns  Log    ID_UVVM_SEND_CMD    TB seq.(uvvm)       fetch_result(WISHBONE_VVC,0, 642): 'Fetching result from I2C master DUT status register.'. [644]
%%     1191492.5 ns  Log    ID_UVVM_SEND_CMD    TB seq.(uvvm)       wishbone_read(WISHBONE_VVC,0, x"4"): 'Read status reg'. [645]
%%     1191512.5 ns  Log    ID_BFM              WISHBONE_VVC,0      wishbone_read(A:x"4")=> x"41". ' 'Read status reg'  [645]'
%%     1191512.5 ns  Log    ID_UVVM_SEND_CMD    TB seq.(uvvm)       fetch_result(WISHBONE_VVC,0, 645): 'Fetching result from I2C master DUT status register.'. [647]
%%     1191512.5 ns  Log    ID_UVVM_SEND_CMD    TB seq.(uvvm)       wishbone_write(WISHBONE_VVC,0, x"3", x"2B"): 'Writing data 00101011 to transmit register.'. [648]
%%     1191512.5 ns  Log    ID_UVVM_SEND_CMD    TB seq.(uvvm)       wishbone_write(WISHBONE_VVC,0, x"4", x"50"): 'Setting STO and WR bit in command reg'. [649]
%%     1191532.5 ns  Log    ID_BFM              WISHBONE_VVC,0      wishbone_write(A:x"3", x"2B") completed. ' 'Writing data 00101011 to transmit register.'  [648]'
%%     1191552.5 ns  Log    ID_BFM              WISHBONE_VVC,0      wishbone_write(A:x"4", x"50") completed. ' 'Setting STO and WR bit in command reg'  [649]'
%%     1191552.5 ns  Log    ID_UVVM_SEND_CMD    TB seq.(uvvm)       wishbone_read(WISHBONE_VVC,0, x"4"): 'Read status reg'. [651]
%%     1191572.5 ns  Log    ID_BFM              WISHBONE_VVC,0      wishbone_read(A:x"4")=> x"43". ' 'Read status reg'  [651]'
%%     1191572.5 ns  Log    ID_UVVM_SEND_CMD    TB seq.(uvvm)       fetch_result(WISHBONE_VVC,0, 651): 'Fetching result from I2C master DUT status register.'. [653]
%%     1192672.5 ns  Log    ID_UVVM_SEND_CMD    TB seq.(uvvm)       wishbone_read(WISHBONE_VVC,0, x"4"): 'Read status reg'. [654]
%%     1192692.5 ns  Log    ID_BFM              WISHBONE_VVC,0      wishbone_read(A:x"4")=> x"43". ' 'Read status reg'  [654]'
%%     1192692.5 ns  Log    ID_UVVM_SEND_CMD    TB seq.(uvvm)       fetch_result(WISHBONE_VVC,0, 654): 'Fetching result from I2C master DUT status register.'. [656]
%%     1193792.5 ns  Log    ID_UVVM_SEND_CMD    TB seq.(uvvm)       wishbone_read(WISHBONE_VVC,0, x"4"): 'Read status reg'. [657]
%%     1193812.5 ns  Log    ID_BFM              WISHBONE_VVC,0      wishbone_read(A:x"4")=> x"43". ' 'Read status reg'  [657]'
%%     1193812.5 ns  Log    ID_UVVM_SEND_CMD    TB seq.(uvvm)       fetch_result(WISHBONE_VVC,0, 657): 'Fetching result from I2C master DUT status register.'. [659]
%%     1194912.5 ns  Log    ID_UVVM_SEND_CMD    TB seq.(uvvm)       wishbone_read(WISHBONE_VVC,0, x"4"): 'Read status reg'. [660]
%%     1194932.5 ns  Log    ID_BFM              WISHBONE_VVC,0      wishbone_read(A:x"4")=> x"43". ' 'Read status reg'  [660]'
%%     1194932.5 ns  Log    ID_UVVM_SEND_CMD    TB seq.(uvvm)       fetch_result(WISHBONE_VVC,0, 660): 'Fetching result from I2C master DUT status register.'. [662]
%%     1196032.5 ns  Log    ID_UVVM_SEND_CMD    TB seq.(uvvm)       wishbone_read(WISHBONE_VVC,0, x"4"): 'Read status reg'. [663]
%%     1196052.5 ns  Log    ID_BFM              WISHBONE_VVC,0      wishbone_read(A:x"4")=> x"43". ' 'Read status reg'  [663]'
%%     1196052.5 ns  Log    ID_UVVM_SEND_CMD    TB seq.(uvvm)       fetch_result(WISHBONE_VVC,0, 663): 'Fetching result from I2C master DUT status register.'. [665]
%%     1197152.5 ns  Log    ID_UVVM_SEND_CMD    TB seq.(uvvm)       wishbone_read(WISHBONE_VVC,0, x"4"): 'Read status reg'. [666]
%%     1197172.5 ns  Log    ID_BFM              WISHBONE_VVC,0      wishbone_read(A:x"4")=> x"43". ' 'Read status reg'  [666]'
%%     1197172.5 ns  Log    ID_UVVM_SEND_CMD    TB seq.(uvvm)       fetch_result(WISHBONE_VVC,0, 666): 'Fetching result from I2C master DUT status register.'. [668]
%%     1198272.5 ns  Log    ID_UVVM_SEND_CMD    TB seq.(uvvm)       wishbone_read(WISHBONE_VVC,0, x"4"): 'Read status reg'. [669]
%%     1198292.5 ns  Log    ID_BFM              WISHBONE_VVC,0      wishbone_read(A:x"4")=> x"43". ' 'Read status reg'  [669]'
%%     1198292.5 ns  Log    ID_UVVM_SEND_CMD    TB seq.(uvvm)       fetch_result(WISHBONE_VVC,0, 669): 'Fetching result from I2C master DUT status register.'. [671]
%%     1199392.5 ns  Log    ID_UVVM_SEND_CMD    TB seq.(uvvm)       wishbone_read(WISHBONE_VVC,0, x"4"): 'Read status reg'. [672]
%%     1199412.5 ns  Log    ID_BFM              WISHBONE_VVC,0      wishbone_read(A:x"4")=> x"43". ' 'Read status reg'  [672]'
%%     1199412.5 ns  Log    ID_UVVM_SEND_CMD    TB seq.(uvvm)       fetch_result(WISHBONE_VVC,0, 672): 'Fetching result from I2C master DUT status register.'. [674]
%%     1200512.5 ns  Log    ID_UVVM_SEND_CMD    TB seq.(uvvm)       wishbone_read(WISHBONE_VVC,0, x"4"): 'Read status reg'. [675]
%%     1200532.5 ns  Log    ID_BFM              WISHBONE_VVC,0      wishbone_read(A:x"4")=> x"43". ' 'Read status reg'  [675]'
%%     1200532.5 ns  Log    ID_UVVM_SEND_CMD    TB seq.(uvvm)       fetch_result(WISHBONE_VVC,0, 675): 'Fetching result from I2C master DUT status register.'. [677]
%%     1201632.5 ns  Log    ID_UVVM_SEND_CMD    TB seq.(uvvm)       wishbone_read(WISHBONE_VVC,0, x"4"): 'Read status reg'. [678]
%%     1201652.5 ns  Log    ID_BFM              WISHBONE_VVC,0      wishbone_read(A:x"4")=> x"43". ' 'Read status reg'  [678]'
%%     1201652.5 ns  Log    ID_UVVM_SEND_CMD    TB seq.(uvvm)       fetch_result(WISHBONE_VVC,0, 678): 'Fetching result from I2C master DUT status register.'. [680]
%%     1202390.0 ns  Log    ID_BFM              I2C_VVC,2           i2c_slave_check((x"2B"))=> OK, read data = (x"2B"). ' 'Check data'  [613]'
%%     1202752.5 ns  Log    ID_UVVM_SEND_CMD    TB seq.(uvvm)       wishbone_read(WISHBONE_VVC,0, x"4"): 'Read status reg'. [681]
%%     1202772.5 ns  Log    ID_BFM              WISHBONE_VVC,0      wishbone_read(A:x"4")=> x"1". ' 'Read status reg'  [681]'
%%     1202772.5 ns  Log    ID_UVVM_SEND_CMD    TB seq.(uvvm)       fetch_result(WISHBONE_VVC,0, 681): 'Fetching result from I2C master DUT status register.'. [683]
%%     1202772.5 ns  Log    ID_UVVM_SEND_CMD    TB seq.(uvvm)       wishbone_write(WISHBONE_VVC,0, x"3", x"AA"): 'Setting address to be x55 and setting RW bit to 0'. [686]
%%     1202772.5 ns  Log    ID_UVVM_SEND_CMD    TB seq.(uvvm)       wishbone_write(WISHBONE_VVC,0, x"4", x"90"): 'Setting STA and WR bit in command reg'. [687]
%%     1202772.5 ns  Log    ID_UVVM_SEND_CMD    TB seq.(uvvm)       i2c_slave_check(I2C_VVC,2): 'Check data'. [688]
%%     1202792.5 ns  Log    ID_BFM              WISHBONE_VVC,0      wishbone_write(A:x"3", x"AA") completed. ' 'Setting address to be x55 and setting RW bit to 0'  [686]'
%%     1202812.5 ns  Log    ID_BFM              WISHBONE_VVC,0      wishbone_write(A:x"4", x"90") completed. ' 'Setting STA and WR bit in command reg'  [687]'
%%     1202812.5 ns  Log    ID_UVVM_SEND_CMD    TB seq.(uvvm)       wishbone_read(WISHBONE_VVC,0, x"4"): 'Read status reg'. [690]
%%     1202832.5 ns  Log    ID_BFM              WISHBONE_VVC,0      wishbone_read(A:x"4")=> x"3". ' 'Read status reg'  [690]'
%%     1202832.5 ns  Log    ID_UVVM_SEND_CMD    TB seq.(uvvm)       fetch_result(WISHBONE_VVC,0, 690): 'Fetching result from I2C master DUT status register.'. [692]
%%     1203932.5 ns  Log    ID_UVVM_SEND_CMD    TB seq.(uvvm)       wishbone_read(WISHBONE_VVC,0, x"4"): 'Read status reg'. [693]
%%     1203952.5 ns  Log    ID_BFM              WISHBONE_VVC,0      wishbone_read(A:x"4")=> x"43". ' 'Read status reg'  [693]'
%%     1203952.5 ns  Log    ID_UVVM_SEND_CMD    TB seq.(uvvm)       fetch_result(WISHBONE_VVC,0, 693): 'Fetching result from I2C master DUT status register.'. [695]
%%     1205052.5 ns  Log    ID_UVVM_SEND_CMD    TB seq.(uvvm)       wishbone_read(WISHBONE_VVC,0, x"4"): 'Read status reg'. [696]
%%     1205072.5 ns  Log    ID_BFM              WISHBONE_VVC,0      wishbone_read(A:x"4")=> x"43". ' 'Read status reg'  [696]'
%%     1205072.5 ns  Log    ID_UVVM_SEND_CMD    TB seq.(uvvm)       fetch_result(WISHBONE_VVC,0, 696): 'Fetching result from I2C master DUT status register.'. [698]
%%     1206172.5 ns  Log    ID_UVVM_SEND_CMD    TB seq.(uvvm)       wishbone_read(WISHBONE_VVC,0, x"4"): 'Read status reg'. [699]
%%     1206192.5 ns  Log    ID_BFM              WISHBONE_VVC,0      wishbone_read(A:x"4")=> x"43". ' 'Read status reg'  [699]'
%%     1206192.5 ns  Log    ID_UVVM_SEND_CMD    TB seq.(uvvm)       fetch_result(WISHBONE_VVC,0, 699): 'Fetching result from I2C master DUT status register.'. [701]
%%     1207292.5 ns  Log    ID_UVVM_SEND_CMD    TB seq.(uvvm)       wishbone_read(WISHBONE_VVC,0, x"4"): 'Read status reg'. [702]
%%     1207312.5 ns  Log    ID_BFM              WISHBONE_VVC,0      wishbone_read(A:x"4")=> x"43". ' 'Read status reg'  [702]'
%%     1207312.5 ns  Log    ID_UVVM_SEND_CMD    TB seq.(uvvm)       fetch_result(WISHBONE_VVC,0, 702): 'Fetching result from I2C master DUT status register.'. [704]
%%     1208412.5 ns  Log    ID_UVVM_SEND_CMD    TB seq.(uvvm)       wishbone_read(WISHBONE_VVC,0, x"4"): 'Read status reg'. [705]
%%     1208432.5 ns  Log    ID_BFM              WISHBONE_VVC,0      wishbone_read(A:x"4")=> x"43". ' 'Read status reg'  [705]'
%%     1208432.5 ns  Log    ID_UVVM_SEND_CMD    TB seq.(uvvm)       fetch_result(WISHBONE_VVC,0, 705): 'Fetching result from I2C master DUT status register.'. [707]
%%     1209532.5 ns  Log    ID_UVVM_SEND_CMD    TB seq.(uvvm)       wishbone_read(WISHBONE_VVC,0, x"4"): 'Read status reg'. [708]
%%     1209552.5 ns  Log    ID_BFM              WISHBONE_VVC,0      wishbone_read(A:x"4")=> x"43". ' 'Read status reg'  [708]'
%%     1209552.5 ns  Log    ID_UVVM_SEND_CMD    TB seq.(uvvm)       fetch_result(WISHBONE_VVC,0, 708): 'Fetching result from I2C master DUT status register.'. [710]
%%     1210652.5 ns  Log    ID_UVVM_SEND_CMD    TB seq.(uvvm)       wishbone_read(WISHBONE_VVC,0, x"4"): 'Read status reg'. [711]
%%     1210672.5 ns  Log    ID_BFM              WISHBONE_VVC,0      wishbone_read(A:x"4")=> x"43". ' 'Read status reg'  [711]'
%%     1210672.5 ns  Log    ID_UVVM_SEND_CMD    TB seq.(uvvm)       fetch_result(WISHBONE_VVC,0, 711): 'Fetching result from I2C master DUT status register.'. [713]
%%     1211772.5 ns  Log    ID_UVVM_SEND_CMD    TB seq.(uvvm)       wishbone_read(WISHBONE_VVC,0, x"4"): 'Read status reg'. [714]
%%     1211792.5 ns  Log    ID_BFM              WISHBONE_VVC,0      wishbone_read(A:x"4")=> x"43". ' 'Read status reg'  [714]'
%%     1211792.5 ns  Log    ID_UVVM_SEND_CMD    TB seq.(uvvm)       fetch_result(WISHBONE_VVC,0, 714): 'Fetching result from I2C master DUT status register.'. [716]
%%     1212892.5 ns  Log    ID_UVVM_SEND_CMD    TB seq.(uvvm)       wishbone_read(WISHBONE_VVC,0, x"4"): 'Read status reg'. [717]
%%     1212912.5 ns  Log    ID_BFM              WISHBONE_VVC,0      wishbone_read(A:x"4")=> x"43". ' 'Read status reg'  [717]'
%%     1212912.5 ns  Log    ID_UVVM_SEND_CMD    TB seq.(uvvm)       fetch_result(WISHBONE_VVC,0, 717): 'Fetching result from I2C master DUT status register.'. [719]
%%     1214012.5 ns  Log    ID_UVVM_SEND_CMD    TB seq.(uvvm)       wishbone_read(WISHBONE_VVC,0, x"4"): 'Read status reg'. [720]
%%     1214032.5 ns  Log    ID_BFM              WISHBONE_VVC,0      wishbone_read(A:x"4")=> x"41". ' 'Read status reg'  [720]'
%%     1214032.5 ns  Log    ID_UVVM_SEND_CMD    TB seq.(uvvm)       fetch_result(WISHBONE_VVC,0, 720): 'Fetching result from I2C master DUT status register.'. [722]
%%     1214032.5 ns  Log    ID_UVVM_SEND_CMD    TB seq.(uvvm)       wishbone_write(WISHBONE_VVC,0, x"3", x"11"): 'Writing data 00010001 to transmit register.'. [723]
%%     1214032.5 ns  Log    ID_UVVM_SEND_CMD    TB seq.(uvvm)       wishbone_write(WISHBONE_VVC,0, x"4", x"50"): 'Setting STO and WR bit in command reg'. [724]
%%     1214052.5 ns  Log    ID_BFM              WISHBONE_VVC,0      wishbone_write(A:x"3", x"11") completed. ' 'Writing data 00010001 to transmit register.'  [723]'
%%     1214072.5 ns  Log    ID_BFM              WISHBONE_VVC,0      wishbone_write(A:x"4", x"50") completed. ' 'Setting STO and WR bit in command reg'  [724]'
%%     1214072.5 ns  Log    ID_UVVM_SEND_CMD    TB seq.(uvvm)       wishbone_read(WISHBONE_VVC,0, x"4"): 'Read status reg'. [726]
%%     1214092.5 ns  Log    ID_BFM              WISHBONE_VVC,0      wishbone_read(A:x"4")=> x"43". ' 'Read status reg'  [726]'
%%     1214092.5 ns  Log    ID_UVVM_SEND_CMD    TB seq.(uvvm)       fetch_result(WISHBONE_VVC,0, 726): 'Fetching result from I2C master DUT status register.'. [728]
%%     1215192.5 ns  Log    ID_UVVM_SEND_CMD    TB seq.(uvvm)       wishbone_read(WISHBONE_VVC,0, x"4"): 'Read status reg'. [729]
%%     1215212.5 ns  Log    ID_BFM              WISHBONE_VVC,0      wishbone_read(A:x"4")=> x"43". ' 'Read status reg'  [729]'
%%     1215212.5 ns  Log    ID_UVVM_SEND_CMD    TB seq.(uvvm)       fetch_result(WISHBONE_VVC,0, 729): 'Fetching result from I2C master DUT status register.'. [731]
%%     1216312.5 ns  Log    ID_UVVM_SEND_CMD    TB seq.(uvvm)       wishbone_read(WISHBONE_VVC,0, x"4"): 'Read status reg'. [732]
%%     1216332.5 ns  Log    ID_BFM              WISHBONE_VVC,0      wishbone_read(A:x"4")=> x"43". ' 'Read status reg'  [732]'
%%     1216332.5 ns  Log    ID_UVVM_SEND_CMD    TB seq.(uvvm)       fetch_result(WISHBONE_VVC,0, 732): 'Fetching result from I2C master DUT status register.'. [734]
%%     1217432.5 ns  Log    ID_UVVM_SEND_CMD    TB seq.(uvvm)       wishbone_read(WISHBONE_VVC,0, x"4"): 'Read status reg'. [735]
%%     1217452.5 ns  Log    ID_BFM              WISHBONE_VVC,0      wishbone_read(A:x"4")=> x"43". ' 'Read status reg'  [735]'
%%     1217452.5 ns  Log    ID_UVVM_SEND_CMD    TB seq.(uvvm)       fetch_result(WISHBONE_VVC,0, 735): 'Fetching result from I2C master DUT status register.'. [737]
%%     1218552.5 ns  Log    ID_UVVM_SEND_CMD    TB seq.(uvvm)       wishbone_read(WISHBONE_VVC,0, x"4"): 'Read status reg'. [738]
%%     1218572.5 ns  Log    ID_BFM              WISHBONE_VVC,0      wishbone_read(A:x"4")=> x"43". ' 'Read status reg'  [738]'
%%     1218572.5 ns  Log    ID_UVVM_SEND_CMD    TB seq.(uvvm)       fetch_result(WISHBONE_VVC,0, 738): 'Fetching result from I2C master DUT status register.'. [740]
%%     1219672.5 ns  Log    ID_UVVM_SEND_CMD    TB seq.(uvvm)       wishbone_read(WISHBONE_VVC,0, x"4"): 'Read status reg'. [741]
%%     1219692.5 ns  Log    ID_BFM              WISHBONE_VVC,0      wishbone_read(A:x"4")=> x"43". ' 'Read status reg'  [741]'
%%     1219692.5 ns  Log    ID_UVVM_SEND_CMD    TB seq.(uvvm)       fetch_result(WISHBONE_VVC,0, 741): 'Fetching result from I2C master DUT status register.'. [743]
%%     1220792.5 ns  Log    ID_UVVM_SEND_CMD    TB seq.(uvvm)       wishbone_read(WISHBONE_VVC,0, x"4"): 'Read status reg'. [744]
%%     1220812.5 ns  Log    ID_BFM              WISHBONE_VVC,0      wishbone_read(A:x"4")=> x"43". ' 'Read status reg'  [744]'
%%     1220812.5 ns  Log    ID_UVVM_SEND_CMD    TB seq.(uvvm)       fetch_result(WISHBONE_VVC,0, 744): 'Fetching result from I2C master DUT status register.'. [746]
%%     1221912.5 ns  Log    ID_UVVM_SEND_CMD    TB seq.(uvvm)       wishbone_read(WISHBONE_VVC,0, x"4"): 'Read status reg'. [747]
%%     1221932.5 ns  Log    ID_BFM              WISHBONE_VVC,0      wishbone_read(A:x"4")=> x"43". ' 'Read status reg'  [747]'
%%     1221932.5 ns  Log    ID_UVVM_SEND_CMD    TB seq.(uvvm)       fetch_result(WISHBONE_VVC,0, 747): 'Fetching result from I2C master DUT status register.'. [749]
%%     1223032.5 ns  Log    ID_UVVM_SEND_CMD    TB seq.(uvvm)       wishbone_read(WISHBONE_VVC,0, x"4"): 'Read status reg'. [750]
%%     1223052.5 ns  Log    ID_BFM              WISHBONE_VVC,0      wishbone_read(A:x"4")=> x"43". ' 'Read status reg'  [750]'
%%     1223052.5 ns  Log    ID_UVVM_SEND_CMD    TB seq.(uvvm)       fetch_result(WISHBONE_VVC,0, 750): 'Fetching result from I2C master DUT status register.'. [752]
%%     1224152.5 ns  Log    ID_UVVM_SEND_CMD    TB seq.(uvvm)       wishbone_read(WISHBONE_VVC,0, x"4"): 'Read status reg'. [753]
%%     1224172.5 ns  Log    ID_BFM              WISHBONE_VVC,0      wishbone_read(A:x"4")=> x"43". ' 'Read status reg'  [753]'
%%     1224172.5 ns  Log    ID_UVVM_SEND_CMD    TB seq.(uvvm)       fetch_result(WISHBONE_VVC,0, 753): 'Fetching result from I2C master DUT status register.'. [755]
%%     1224890.0 ns  Log    ID_BFM              I2C_VVC,2           i2c_slave_check((x"11"))=> OK, read data = (x"11"). ' 'Check data'  [688]'
%%     1225272.5 ns  Log    ID_UVVM_SEND_CMD    TB seq.(uvvm)       wishbone_read(WISHBONE_VVC,0, x"4"): 'Read status reg'. [756]
%%     1225292.5 ns  Log    ID_BFM              WISHBONE_VVC,0      wishbone_read(A:x"4")=> x"1". ' 'Read status reg'  [756]'
%%     1225292.5 ns  Log    ID_UVVM_SEND_CMD    TB seq.(uvvm)       fetch_result(WISHBONE_VVC,0, 756): 'Fetching result from I2C master DUT status register.'. [758]
%%     1225292.5 ns  Log    ID_UVVM_SEND_CMD    TB seq.(uvvm)       wishbone_write(WISHBONE_VVC,0, x"3", x"AA"): 'Setting address to be x55 and setting RW bit to 0'. [761]
%%     1225292.5 ns  Log    ID_UVVM_SEND_CMD    TB seq.(uvvm)       wishbone_write(WISHBONE_VVC,0, x"4", x"90"): 'Setting STA and WR bit in command reg'. [762]
%%     1225292.5 ns  Log    ID_UVVM_SEND_CMD    TB seq.(uvvm)       i2c_slave_check(I2C_VVC,2): 'Check data'. [763]
%%     1225312.5 ns  Log    ID_BFM              WISHBONE_VVC,0      wishbone_write(A:x"3", x"AA") completed. ' 'Setting address to be x55 and setting RW bit to 0'  [761]'
%%     1225332.5 ns  Log    ID_BFM              WISHBONE_VVC,0      wishbone_write(A:x"4", x"90") completed. ' 'Setting STA and WR bit in command reg'  [762]'
%%     1225332.5 ns  Log    ID_UVVM_SEND_CMD    TB seq.(uvvm)       wishbone_read(WISHBONE_VVC,0, x"4"): 'Read status reg'. [765]
%%     1225352.5 ns  Log    ID_BFM              WISHBONE_VVC,0      wishbone_read(A:x"4")=> x"3". ' 'Read status reg'  [765]'
%%     1225352.5 ns  Log    ID_UVVM_SEND_CMD    TB seq.(uvvm)       fetch_result(WISHBONE_VVC,0, 765): 'Fetching result from I2C master DUT status register.'. [767]
%%     1226452.5 ns  Log    ID_UVVM_SEND_CMD    TB seq.(uvvm)       wishbone_read(WISHBONE_VVC,0, x"4"): 'Read status reg'. [768]
%%     1226472.5 ns  Log    ID_BFM              WISHBONE_VVC,0      wishbone_read(A:x"4")=> x"43". ' 'Read status reg'  [768]'
%%     1226472.5 ns  Log    ID_UVVM_SEND_CMD    TB seq.(uvvm)       fetch_result(WISHBONE_VVC,0, 768): 'Fetching result from I2C master DUT status register.'. [770]
%%     1227572.5 ns  Log    ID_UVVM_SEND_CMD    TB seq.(uvvm)       wishbone_read(WISHBONE_VVC,0, x"4"): 'Read status reg'. [771]
%%     1227592.5 ns  Log    ID_BFM              WISHBONE_VVC,0      wishbone_read(A:x"4")=> x"43". ' 'Read status reg'  [771]'
%%     1227592.5 ns  Log    ID_UVVM_SEND_CMD    TB seq.(uvvm)       fetch_result(WISHBONE_VVC,0, 771): 'Fetching result from I2C master DUT status register.'. [773]
%%     1228692.5 ns  Log    ID_UVVM_SEND_CMD    TB seq.(uvvm)       wishbone_read(WISHBONE_VVC,0, x"4"): 'Read status reg'. [774]
%%     1228712.5 ns  Log    ID_BFM              WISHBONE_VVC,0      wishbone_read(A:x"4")=> x"43". ' 'Read status reg'  [774]'
%%     1228712.5 ns  Log    ID_UVVM_SEND_CMD    TB seq.(uvvm)       fetch_result(WISHBONE_VVC,0, 774): 'Fetching result from I2C master DUT status register.'. [776]
%%     1229812.5 ns  Log    ID_UVVM_SEND_CMD    TB seq.(uvvm)       wishbone_read(WISHBONE_VVC,0, x"4"): 'Read status reg'. [777]
%%     1229832.5 ns  Log    ID_BFM              WISHBONE_VVC,0      wishbone_read(A:x"4")=> x"43". ' 'Read status reg'  [777]'
%%     1229832.5 ns  Log    ID_UVVM_SEND_CMD    TB seq.(uvvm)       fetch_result(WISHBONE_VVC,0, 777): 'Fetching result from I2C master DUT status register.'. [779]
%%     1230932.5 ns  Log    ID_UVVM_SEND_CMD    TB seq.(uvvm)       wishbone_read(WISHBONE_VVC,0, x"4"): 'Read status reg'. [780]
%%     1230952.5 ns  Log    ID_BFM              WISHBONE_VVC,0      wishbone_read(A:x"4")=> x"43". ' 'Read status reg'  [780]'
%%     1230952.5 ns  Log    ID_UVVM_SEND_CMD    TB seq.(uvvm)       fetch_result(WISHBONE_VVC,0, 780): 'Fetching result from I2C master DUT status register.'. [782]
%%     1232052.5 ns  Log    ID_UVVM_SEND_CMD    TB seq.(uvvm)       wishbone_read(WISHBONE_VVC,0, x"4"): 'Read status reg'. [783]
%%     1232072.5 ns  Log    ID_BFM              WISHBONE_VVC,0      wishbone_read(A:x"4")=> x"43". ' 'Read status reg'  [783]'
%%     1232072.5 ns  Log    ID_UVVM_SEND_CMD    TB seq.(uvvm)       fetch_result(WISHBONE_VVC,0, 783): 'Fetching result from I2C master DUT status register.'. [785]
%%     1233172.5 ns  Log    ID_UVVM_SEND_CMD    TB seq.(uvvm)       wishbone_read(WISHBONE_VVC,0, x"4"): 'Read status reg'. [786]
%%     1233192.5 ns  Log    ID_BFM              WISHBONE_VVC,0      wishbone_read(A:x"4")=> x"43". ' 'Read status reg'  [786]'
%%     1233192.5 ns  Log    ID_UVVM_SEND_CMD    TB seq.(uvvm)       fetch_result(WISHBONE_VVC,0, 786): 'Fetching result from I2C master DUT status register.'. [788]
%%     1234292.5 ns  Log    ID_UVVM_SEND_CMD    TB seq.(uvvm)       wishbone_read(WISHBONE_VVC,0, x"4"): 'Read status reg'. [789]
%%     1234312.5 ns  Log    ID_BFM              WISHBONE_VVC,0      wishbone_read(A:x"4")=> x"43". ' 'Read status reg'  [789]'
%%     1234312.5 ns  Log    ID_UVVM_SEND_CMD    TB seq.(uvvm)       fetch_result(WISHBONE_VVC,0, 789): 'Fetching result from I2C master DUT status register.'. [791]
%%     1235412.5 ns  Log    ID_UVVM_SEND_CMD    TB seq.(uvvm)       wishbone_read(WISHBONE_VVC,0, x"4"): 'Read status reg'. [792]
%%     1235432.5 ns  Log    ID_BFM              WISHBONE_VVC,0      wishbone_read(A:x"4")=> x"43". ' 'Read status reg'  [792]'
%%     1235432.5 ns  Log    ID_UVVM_SEND_CMD    TB seq.(uvvm)       fetch_result(WISHBONE_VVC,0, 792): 'Fetching result from I2C master DUT status register.'. [794]
%%     1236532.5 ns  Log    ID_UVVM_SEND_CMD    TB seq.(uvvm)       wishbone_read(WISHBONE_VVC,0, x"4"): 'Read status reg'. [795]
%%     1236552.5 ns  Log    ID_BFM              WISHBONE_VVC,0      wishbone_read(A:x"4")=> x"41". ' 'Read status reg'  [795]'
%%     1236552.5 ns  Log    ID_UVVM_SEND_CMD    TB seq.(uvvm)       fetch_result(WISHBONE_VVC,0, 795): 'Fetching result from I2C master DUT status register.'. [797]
%%     1236552.5 ns  Log    ID_UVVM_SEND_CMD    TB seq.(uvvm)       wishbone_write(WISHBONE_VVC,0, x"3", x"2C"): 'Writing data 00101100 to transmit register.'. [798]
%%     1236552.5 ns  Log    ID_UVVM_SEND_CMD    TB seq.(uvvm)       wishbone_write(WISHBONE_VVC,0, x"4", x"50"): 'Setting STO and WR bit in command reg'. [799]
%%     1236572.5 ns  Log    ID_BFM              WISHBONE_VVC,0      wishbone_write(A:x"3", x"2C") completed. ' 'Writing data 00101100 to transmit register.'  [798]'
%%     1236592.5 ns  Log    ID_BFM              WISHBONE_VVC,0      wishbone_write(A:x"4", x"50") completed. ' 'Setting STO and WR bit in command reg'  [799]'
%%     1236592.5 ns  Log    ID_UVVM_SEND_CMD    TB seq.(uvvm)       wishbone_read(WISHBONE_VVC,0, x"4"): 'Read status reg'. [801]
%%     1236612.5 ns  Log    ID_BFM              WISHBONE_VVC,0      wishbone_read(A:x"4")=> x"43". ' 'Read status reg'  [801]'
%%     1236612.5 ns  Log    ID_UVVM_SEND_CMD    TB seq.(uvvm)       fetch_result(WISHBONE_VVC,0, 801): 'Fetching result from I2C master DUT status register.'. [803]
%%     1237712.5 ns  Log    ID_UVVM_SEND_CMD    TB seq.(uvvm)       wishbone_read(WISHBONE_VVC,0, x"4"): 'Read status reg'. [804]
%%     1237732.5 ns  Log    ID_BFM              WISHBONE_VVC,0      wishbone_read(A:x"4")=> x"43". ' 'Read status reg'  [804]'
%%     1237732.5 ns  Log    ID_UVVM_SEND_CMD    TB seq.(uvvm)       fetch_result(WISHBONE_VVC,0, 804): 'Fetching result from I2C master DUT status register.'. [806]
%%     1238832.5 ns  Log    ID_UVVM_SEND_CMD    TB seq.(uvvm)       wishbone_read(WISHBONE_VVC,0, x"4"): 'Read status reg'. [807]
%%     1238852.5 ns  Log    ID_BFM              WISHBONE_VVC,0      wishbone_read(A:x"4")=> x"43". ' 'Read status reg'  [807]'
%%     1238852.5 ns  Log    ID_UVVM_SEND_CMD    TB seq.(uvvm)       fetch_result(WISHBONE_VVC,0, 807): 'Fetching result from I2C master DUT status register.'. [809]
%%     1239952.5 ns  Log    ID_UVVM_SEND_CMD    TB seq.(uvvm)       wishbone_read(WISHBONE_VVC,0, x"4"): 'Read status reg'. [810]
%%     1239972.5 ns  Log    ID_BFM              WISHBONE_VVC,0      wishbone_read(A:x"4")=> x"43". ' 'Read status reg'  [810]'
%%     1239972.5 ns  Log    ID_UVVM_SEND_CMD    TB seq.(uvvm)       fetch_result(WISHBONE_VVC,0, 810): 'Fetching result from I2C master DUT status register.'. [812]
%%     1241072.5 ns  Log    ID_UVVM_SEND_CMD    TB seq.(uvvm)       wishbone_read(WISHBONE_VVC,0, x"4"): 'Read status reg'. [813]
%%     1241092.5 ns  Log    ID_BFM              WISHBONE_VVC,0      wishbone_read(A:x"4")=> x"43". ' 'Read status reg'  [813]'
%%     1241092.5 ns  Log    ID_UVVM_SEND_CMD    TB seq.(uvvm)       fetch_result(WISHBONE_VVC,0, 813): 'Fetching result from I2C master DUT status register.'. [815]
%%     1242192.5 ns  Log    ID_UVVM_SEND_CMD    TB seq.(uvvm)       wishbone_read(WISHBONE_VVC,0, x"4"): 'Read status reg'. [816]
%%     1242212.5 ns  Log    ID_BFM              WISHBONE_VVC,0      wishbone_read(A:x"4")=> x"43". ' 'Read status reg'  [816]'
%%     1242212.5 ns  Log    ID_UVVM_SEND_CMD    TB seq.(uvvm)       fetch_result(WISHBONE_VVC,0, 816): 'Fetching result from I2C master DUT status register.'. [818]
%%     1243312.5 ns  Log    ID_UVVM_SEND_CMD    TB seq.(uvvm)       wishbone_read(WISHBONE_VVC,0, x"4"): 'Read status reg'. [819]
%%     1243332.5 ns  Log    ID_BFM              WISHBONE_VVC,0      wishbone_read(A:x"4")=> x"43". ' 'Read status reg'  [819]'
%%     1243332.5 ns  Log    ID_UVVM_SEND_CMD    TB seq.(uvvm)       fetch_result(WISHBONE_VVC,0, 819): 'Fetching result from I2C master DUT status register.'. [821]
%%     1244432.5 ns  Log    ID_UVVM_SEND_CMD    TB seq.(uvvm)       wishbone_read(WISHBONE_VVC,0, x"4"): 'Read status reg'. [822]
%%     1244452.5 ns  Log    ID_BFM              WISHBONE_VVC,0      wishbone_read(A:x"4")=> x"43". ' 'Read status reg'  [822]'
%%     1244452.5 ns  Log    ID_UVVM_SEND_CMD    TB seq.(uvvm)       fetch_result(WISHBONE_VVC,0, 822): 'Fetching result from I2C master DUT status register.'. [824]
%%     1245552.5 ns  Log    ID_UVVM_SEND_CMD    TB seq.(uvvm)       wishbone_read(WISHBONE_VVC,0, x"4"): 'Read status reg'. [825]
%%     1245572.5 ns  Log    ID_BFM              WISHBONE_VVC,0      wishbone_read(A:x"4")=> x"43". ' 'Read status reg'  [825]'
%%     1245572.5 ns  Log    ID_UVVM_SEND_CMD    TB seq.(uvvm)       fetch_result(WISHBONE_VVC,0, 825): 'Fetching result from I2C master DUT status register.'. [827]
%%     1246672.5 ns  Log    ID_UVVM_SEND_CMD    TB seq.(uvvm)       wishbone_read(WISHBONE_VVC,0, x"4"): 'Read status reg'. [828]
%%     1246692.5 ns  Log    ID_BFM              WISHBONE_VVC,0      wishbone_read(A:x"4")=> x"43". ' 'Read status reg'  [828]'
%%     1246692.5 ns  Log    ID_UVVM_SEND_CMD    TB seq.(uvvm)       fetch_result(WISHBONE_VVC,0, 828): 'Fetching result from I2C master DUT status register.'. [830]
%%     1247590.0 ns  Log    ID_BFM              I2C_VVC,2           i2c_slave_check((x"2C"))=> OK, read data = (x"2C"). ' 'Check data'  [763]'
%%     1247792.5 ns  Log    ID_UVVM_SEND_CMD    TB seq.(uvvm)       wishbone_read(WISHBONE_VVC,0, x"4"): 'Read status reg'. [831]
%%     1247812.5 ns  Log    ID_BFM              WISHBONE_VVC,0      wishbone_read(A:x"4")=> x"1". ' 'Read status reg'  [831]'
%%     1247812.5 ns  Log    ID_UVVM_SEND_CMD    TB seq.(uvvm)       fetch_result(WISHBONE_VVC,0, 831): 'Fetching result from I2C master DUT status register.'. [833]
%%     1247812.5 ns  Log    ID_UVVM_SEND_CMD    TB seq.(uvvm)       wishbone_write(WISHBONE_VVC,0, x"3", x"AA"): 'Setting address to be x55 and setting RW bit to 0'. [836]
%%     1247812.5 ns  Log    ID_UVVM_SEND_CMD    TB seq.(uvvm)       wishbone_write(WISHBONE_VVC,0, x"4", x"90"): 'Setting STA and WR bit in command reg'. [837]
%%     1247812.5 ns  Log    ID_UVVM_SEND_CMD    TB seq.(uvvm)       i2c_slave_check(I2C_VVC,2): 'Check data'. [838]
%%     1247832.5 ns  Log    ID_BFM              WISHBONE_VVC,0      wishbone_write(A:x"3", x"AA") completed. ' 'Setting address to be x55 and setting RW bit to 0'  [836]'
%%     1247852.5 ns  Log    ID_BFM              WISHBONE_VVC,0      wishbone_write(A:x"4", x"90") completed. ' 'Setting STA and WR bit in command reg'  [837]'
%%     1247852.5 ns  Log    ID_UVVM_SEND_CMD    TB seq.(uvvm)       wishbone_read(WISHBONE_VVC,0, x"4"): 'Read status reg'. [840]
%%     1247872.5 ns  Log    ID_BFM              WISHBONE_VVC,0      wishbone_read(A:x"4")=> x"3". ' 'Read status reg'  [840]'
%%     1247872.5 ns  Log    ID_UVVM_SEND_CMD    TB seq.(uvvm)       fetch_result(WISHBONE_VVC,0, 840): 'Fetching result from I2C master DUT status register.'. [842]
%%     1248972.5 ns  Log    ID_UVVM_SEND_CMD    TB seq.(uvvm)       wishbone_read(WISHBONE_VVC,0, x"4"): 'Read status reg'. [843]
%%     1248992.5 ns  Log    ID_BFM              WISHBONE_VVC,0      wishbone_read(A:x"4")=> x"43". ' 'Read status reg'  [843]'
%%     1248992.5 ns  Log    ID_UVVM_SEND_CMD    TB seq.(uvvm)       fetch_result(WISHBONE_VVC,0, 843): 'Fetching result from I2C master DUT status register.'. [845]
%%     1250092.5 ns  Log    ID_UVVM_SEND_CMD    TB seq.(uvvm)       wishbone_read(WISHBONE_VVC,0, x"4"): 'Read status reg'. [846]
%%     1250112.5 ns  Log    ID_BFM              WISHBONE_VVC,0      wishbone_read(A:x"4")=> x"43". ' 'Read status reg'  [846]'
%%     1250112.5 ns  Log    ID_UVVM_SEND_CMD    TB seq.(uvvm)       fetch_result(WISHBONE_VVC,0, 846): 'Fetching result from I2C master DUT status register.'. [848]
%%     1251212.5 ns  Log    ID_UVVM_SEND_CMD    TB seq.(uvvm)       wishbone_read(WISHBONE_VVC,0, x"4"): 'Read status reg'. [849]
%%     1251232.5 ns  Log    ID_BFM              WISHBONE_VVC,0      wishbone_read(A:x"4")=> x"43". ' 'Read status reg'  [849]'
%%     1251232.5 ns  Log    ID_UVVM_SEND_CMD    TB seq.(uvvm)       fetch_result(WISHBONE_VVC,0, 849): 'Fetching result from I2C master DUT status register.'. [851]
%%     1252332.5 ns  Log    ID_UVVM_SEND_CMD    TB seq.(uvvm)       wishbone_read(WISHBONE_VVC,0, x"4"): 'Read status reg'. [852]
%%     1252352.5 ns  Log    ID_BFM              WISHBONE_VVC,0      wishbone_read(A:x"4")=> x"43". ' 'Read status reg'  [852]'
%%     1252352.5 ns  Log    ID_UVVM_SEND_CMD    TB seq.(uvvm)       fetch_result(WISHBONE_VVC,0, 852): 'Fetching result from I2C master DUT status register.'. [854]
%%     1253452.5 ns  Log    ID_UVVM_SEND_CMD    TB seq.(uvvm)       wishbone_read(WISHBONE_VVC,0, x"4"): 'Read status reg'. [855]
%%     1253472.5 ns  Log    ID_BFM              WISHBONE_VVC,0      wishbone_read(A:x"4")=> x"43". ' 'Read status reg'  [855]'
%%     1253472.5 ns  Log    ID_UVVM_SEND_CMD    TB seq.(uvvm)       fetch_result(WISHBONE_VVC,0, 855): 'Fetching result from I2C master DUT status register.'. [857]
%%     1254572.5 ns  Log    ID_UVVM_SEND_CMD    TB seq.(uvvm)       wishbone_read(WISHBONE_VVC,0, x"4"): 'Read status reg'. [858]
%%     1254592.5 ns  Log    ID_BFM              WISHBONE_VVC,0      wishbone_read(A:x"4")=> x"43". ' 'Read status reg'  [858]'
%%     1254592.5 ns  Log    ID_UVVM_SEND_CMD    TB seq.(uvvm)       fetch_result(WISHBONE_VVC,0, 858): 'Fetching result from I2C master DUT status register.'. [860]
%%     1255692.5 ns  Log    ID_UVVM_SEND_CMD    TB seq.(uvvm)       wishbone_read(WISHBONE_VVC,0, x"4"): 'Read status reg'. [861]
%%     1255712.5 ns  Log    ID_BFM              WISHBONE_VVC,0      wishbone_read(A:x"4")=> x"43". ' 'Read status reg'  [861]'
%%     1255712.5 ns  Log    ID_UVVM_SEND_CMD    TB seq.(uvvm)       fetch_result(WISHBONE_VVC,0, 861): 'Fetching result from I2C master DUT status register.'. [863]
%%     1256812.5 ns  Log    ID_UVVM_SEND_CMD    TB seq.(uvvm)       wishbone_read(WISHBONE_VVC,0, x"4"): 'Read status reg'. [864]
%%     1256832.5 ns  Log    ID_BFM              WISHBONE_VVC,0      wishbone_read(A:x"4")=> x"43". ' 'Read status reg'  [864]'
%%     1256832.5 ns  Log    ID_UVVM_SEND_CMD    TB seq.(uvvm)       fetch_result(WISHBONE_VVC,0, 864): 'Fetching result from I2C master DUT status register.'. [866]
%%     1257932.5 ns  Log    ID_UVVM_SEND_CMD    TB seq.(uvvm)       wishbone_read(WISHBONE_VVC,0, x"4"): 'Read status reg'. [867]
%%     1257952.5 ns  Log    ID_BFM              WISHBONE_VVC,0      wishbone_read(A:x"4")=> x"43". ' 'Read status reg'  [867]'
%%     1257952.5 ns  Log    ID_UVVM_SEND_CMD    TB seq.(uvvm)       fetch_result(WISHBONE_VVC,0, 867): 'Fetching result from I2C master DUT status register.'. [869]
%%     1259052.5 ns  Log    ID_UVVM_SEND_CMD    TB seq.(uvvm)       wishbone_read(WISHBONE_VVC,0, x"4"): 'Read status reg'. [870]
%%     1259072.5 ns  Log    ID_BFM              WISHBONE_VVC,0      wishbone_read(A:x"4")=> x"41". ' 'Read status reg'  [870]'
%%     1259072.5 ns  Log    ID_UVVM_SEND_CMD    TB seq.(uvvm)       fetch_result(WISHBONE_VVC,0, 870): 'Fetching result from I2C master DUT status register.'. [872]
%%     1259072.5 ns  Log    ID_UVVM_SEND_CMD    TB seq.(uvvm)       wishbone_write(WISHBONE_VVC,0, x"3", x"9C"): 'Writing data 10011100 to transmit register.'. [873]
%%     1259072.5 ns  Log    ID_UVVM_SEND_CMD    TB seq.(uvvm)       wishbone_write(WISHBONE_VVC,0, x"4", x"50"): 'Setting STO and WR bit in command reg'. [874]
%%     1259092.5 ns  Log    ID_BFM              WISHBONE_VVC,0      wishbone_write(A:x"3", x"9C") completed. ' 'Writing data 10011100 to transmit register.'  [873]'
%%     1259112.5 ns  Log    ID_BFM              WISHBONE_VVC,0      wishbone_write(A:x"4", x"50") completed. ' 'Setting STO and WR bit in command reg'  [874]'
%%     1259112.5 ns  Log    ID_UVVM_SEND_CMD    TB seq.(uvvm)       wishbone_read(WISHBONE_VVC,0, x"4"): 'Read status reg'. [876]
%%     1259132.5 ns  Log    ID_BFM              WISHBONE_VVC,0      wishbone_read(A:x"4")=> x"43". ' 'Read status reg'  [876]'
%%     1259132.5 ns  Log    ID_UVVM_SEND_CMD    TB seq.(uvvm)       fetch_result(WISHBONE_VVC,0, 876): 'Fetching result from I2C master DUT status register.'. [878]
%%     1260232.5 ns  Log    ID_UVVM_SEND_CMD    TB seq.(uvvm)       wishbone_read(WISHBONE_VVC,0, x"4"): 'Read status reg'. [879]
%%     1260252.5 ns  Log    ID_BFM              WISHBONE_VVC,0      wishbone_read(A:x"4")=> x"43". ' 'Read status reg'  [879]'
%%     1260252.5 ns  Log    ID_UVVM_SEND_CMD    TB seq.(uvvm)       fetch_result(WISHBONE_VVC,0, 879): 'Fetching result from I2C master DUT status register.'. [881]
%%     1261352.5 ns  Log    ID_UVVM_SEND_CMD    TB seq.(uvvm)       wishbone_read(WISHBONE_VVC,0, x"4"): 'Read status reg'. [882]
%%     1261372.5 ns  Log    ID_BFM              WISHBONE_VVC,0      wishbone_read(A:x"4")=> x"43". ' 'Read status reg'  [882]'
%%     1261372.5 ns  Log    ID_UVVM_SEND_CMD    TB seq.(uvvm)       fetch_result(WISHBONE_VVC,0, 882): 'Fetching result from I2C master DUT status register.'. [884]
%%     1262472.5 ns  Log    ID_UVVM_SEND_CMD    TB seq.(uvvm)       wishbone_read(WISHBONE_VVC,0, x"4"): 'Read status reg'. [885]
%%     1262492.5 ns  Log    ID_BFM              WISHBONE_VVC,0      wishbone_read(A:x"4")=> x"43". ' 'Read status reg'  [885]'
%%     1262492.5 ns  Log    ID_UVVM_SEND_CMD    TB seq.(uvvm)       fetch_result(WISHBONE_VVC,0, 885): 'Fetching result from I2C master DUT status register.'. [887]
%%     1263592.5 ns  Log    ID_UVVM_SEND_CMD    TB seq.(uvvm)       wishbone_read(WISHBONE_VVC,0, x"4"): 'Read status reg'. [888]
%%     1263612.5 ns  Log    ID_BFM              WISHBONE_VVC,0      wishbone_read(A:x"4")=> x"43". ' 'Read status reg'  [888]'
%%     1263612.5 ns  Log    ID_UVVM_SEND_CMD    TB seq.(uvvm)       fetch_result(WISHBONE_VVC,0, 888): 'Fetching result from I2C master DUT status register.'. [890]
%%     1264712.5 ns  Log    ID_UVVM_SEND_CMD    TB seq.(uvvm)       wishbone_read(WISHBONE_VVC,0, x"4"): 'Read status reg'. [891]
%%     1264732.5 ns  Log    ID_BFM              WISHBONE_VVC,0      wishbone_read(A:x"4")=> x"43". ' 'Read status reg'  [891]'
%%     1264732.5 ns  Log    ID_UVVM_SEND_CMD    TB seq.(uvvm)       fetch_result(WISHBONE_VVC,0, 891): 'Fetching result from I2C master DUT status register.'. [893]
%%     1265832.5 ns  Log    ID_UVVM_SEND_CMD    TB seq.(uvvm)       wishbone_read(WISHBONE_VVC,0, x"4"): 'Read status reg'. [894]
%%     1265852.5 ns  Log    ID_BFM              WISHBONE_VVC,0      wishbone_read(A:x"4")=> x"43". ' 'Read status reg'  [894]'
%%     1265852.5 ns  Log    ID_UVVM_SEND_CMD    TB seq.(uvvm)       fetch_result(WISHBONE_VVC,0, 894): 'Fetching result from I2C master DUT status register.'. [896]
%%     1266952.5 ns  Log    ID_UVVM_SEND_CMD    TB seq.(uvvm)       wishbone_read(WISHBONE_VVC,0, x"4"): 'Read status reg'. [897]
%%     1266972.5 ns  Log    ID_BFM              WISHBONE_VVC,0      wishbone_read(A:x"4")=> x"43". ' 'Read status reg'  [897]'
%%     1266972.5 ns  Log    ID_UVVM_SEND_CMD    TB seq.(uvvm)       fetch_result(WISHBONE_VVC,0, 897): 'Fetching result from I2C master DUT status register.'. [899]
%%     1268072.5 ns  Log    ID_UVVM_SEND_CMD    TB seq.(uvvm)       wishbone_read(WISHBONE_VVC,0, x"4"): 'Read status reg'. [900]
%%     1268092.5 ns  Log    ID_BFM              WISHBONE_VVC,0      wishbone_read(A:x"4")=> x"43". ' 'Read status reg'  [900]'
%%     1268092.5 ns  Log    ID_UVVM_SEND_CMD    TB seq.(uvvm)       fetch_result(WISHBONE_VVC,0, 900): 'Fetching result from I2C master DUT status register.'. [902]
%%     1269192.5 ns  Log    ID_UVVM_SEND_CMD    TB seq.(uvvm)       wishbone_read(WISHBONE_VVC,0, x"4"): 'Read status reg'. [903]
%%     1269212.5 ns  Log    ID_BFM              WISHBONE_VVC,0      wishbone_read(A:x"4")=> x"43". ' 'Read status reg'  [903]'
%%     1269212.5 ns  Log    ID_UVVM_SEND_CMD    TB seq.(uvvm)       fetch_result(WISHBONE_VVC,0, 903): 'Fetching result from I2C master DUT status register.'. [905]
%%     1270090.0 ns  Log    ID_BFM              I2C_VVC,2           i2c_slave_check((x"9C"))=> OK, read data = (x"9C"). ' 'Check data'  [838]'
%%     1270312.5 ns  Log    ID_UVVM_SEND_CMD    TB seq.(uvvm)       wishbone_read(WISHBONE_VVC,0, x"4"): 'Read status reg'. [906]
%%     1270332.5 ns  Log    ID_BFM              WISHBONE_VVC,0      wishbone_read(A:x"4")=> x"1". ' 'Read status reg'  [906]'
%%     1270332.5 ns  Log    ID_UVVM_SEND_CMD    TB seq.(uvvm)       fetch_result(WISHBONE_VVC,0, 906): 'Fetching result from I2C master DUT status register.'. [908]
%%     1270332.5 ns  Log    ID_UVVM_SEND_CMD    TB seq.(uvvm)       wishbone_write(WISHBONE_VVC,0, x"3", x"AA"): 'Setting address to be x55 and setting RW bit to 0'. [911]
%%     1270332.5 ns  Log    ID_UVVM_SEND_CMD    TB seq.(uvvm)       wishbone_write(WISHBONE_VVC,0, x"4", x"90"): 'Setting STA and WR bit in command reg'. [912]
%%     1270332.5 ns  Log    ID_UVVM_SEND_CMD    TB seq.(uvvm)       i2c_slave_check(I2C_VVC,2): 'Check data'. [913]
%%     1270352.5 ns  Log    ID_BFM              WISHBONE_VVC,0      wishbone_write(A:x"3", x"AA") completed. ' 'Setting address to be x55 and setting RW bit to 0'  [911]'
%%     1270372.5 ns  Log    ID_BFM              WISHBONE_VVC,0      wishbone_write(A:x"4", x"90") completed. ' 'Setting STA and WR bit in command reg'  [912]'
%%     1270372.5 ns  Log    ID_UVVM_SEND_CMD    TB seq.(uvvm)       wishbone_read(WISHBONE_VVC,0, x"4"): 'Read status reg'. [915]
%%     1270392.5 ns  Log    ID_BFM              WISHBONE_VVC,0      wishbone_read(A:x"4")=> x"3". ' 'Read status reg'  [915]'
%%     1270392.5 ns  Log    ID_UVVM_SEND_CMD    TB seq.(uvvm)       fetch_result(WISHBONE_VVC,0, 915): 'Fetching result from I2C master DUT status register.'. [917]
%%     1271492.5 ns  Log    ID_UVVM_SEND_CMD    TB seq.(uvvm)       wishbone_read(WISHBONE_VVC,0, x"4"): 'Read status reg'. [918]
%%     1271512.5 ns  Log    ID_BFM              WISHBONE_VVC,0      wishbone_read(A:x"4")=> x"43". ' 'Read status reg'  [918]'
%%     1271512.5 ns  Log    ID_UVVM_SEND_CMD    TB seq.(uvvm)       fetch_result(WISHBONE_VVC,0, 918): 'Fetching result from I2C master DUT status register.'. [920]
%%     1272612.5 ns  Log    ID_UVVM_SEND_CMD    TB seq.(uvvm)       wishbone_read(WISHBONE_VVC,0, x"4"): 'Read status reg'. [921]
%%     1272632.5 ns  Log    ID_BFM              WISHBONE_VVC,0      wishbone_read(A:x"4")=> x"43". ' 'Read status reg'  [921]'
%%     1272632.5 ns  Log    ID_UVVM_SEND_CMD    TB seq.(uvvm)       fetch_result(WISHBONE_VVC,0, 921): 'Fetching result from I2C master DUT status register.'. [923]
%%     1273732.5 ns  Log    ID_UVVM_SEND_CMD    TB seq.(uvvm)       wishbone_read(WISHBONE_VVC,0, x"4"): 'Read status reg'. [924]
%%     1273752.5 ns  Log    ID_BFM              WISHBONE_VVC,0      wishbone_read(A:x"4")=> x"43". ' 'Read status reg'  [924]'
%%     1273752.5 ns  Log    ID_UVVM_SEND_CMD    TB seq.(uvvm)       fetch_result(WISHBONE_VVC,0, 924): 'Fetching result from I2C master DUT status register.'. [926]
%%     1274852.5 ns  Log    ID_UVVM_SEND_CMD    TB seq.(uvvm)       wishbone_read(WISHBONE_VVC,0, x"4"): 'Read status reg'. [927]
%%     1274872.5 ns  Log    ID_BFM              WISHBONE_VVC,0      wishbone_read(A:x"4")=> x"43". ' 'Read status reg'  [927]'
%%     1274872.5 ns  Log    ID_UVVM_SEND_CMD    TB seq.(uvvm)       fetch_result(WISHBONE_VVC,0, 927): 'Fetching result from I2C master DUT status register.'. [929]
%%     1275972.5 ns  Log    ID_UVVM_SEND_CMD    TB seq.(uvvm)       wishbone_read(WISHBONE_VVC,0, x"4"): 'Read status reg'. [930]
%%     1275992.5 ns  Log    ID_BFM              WISHBONE_VVC,0      wishbone_read(A:x"4")=> x"43". ' 'Read status reg'  [930]'
%%     1275992.5 ns  Log    ID_UVVM_SEND_CMD    TB seq.(uvvm)       fetch_result(WISHBONE_VVC,0, 930): 'Fetching result from I2C master DUT status register.'. [932]
%%     1277092.5 ns  Log    ID_UVVM_SEND_CMD    TB seq.(uvvm)       wishbone_read(WISHBONE_VVC,0, x"4"): 'Read status reg'. [933]
%%     1277112.5 ns  Log    ID_BFM              WISHBONE_VVC,0      wishbone_read(A:x"4")=> x"43". ' 'Read status reg'  [933]'
%%     1277112.5 ns  Log    ID_UVVM_SEND_CMD    TB seq.(uvvm)       fetch_result(WISHBONE_VVC,0, 933): 'Fetching result from I2C master DUT status register.'. [935]
%%     1278212.5 ns  Log    ID_UVVM_SEND_CMD    TB seq.(uvvm)       wishbone_read(WISHBONE_VVC,0, x"4"): 'Read status reg'. [936]
%%     1278232.5 ns  Log    ID_BFM              WISHBONE_VVC,0      wishbone_read(A:x"4")=> x"43". ' 'Read status reg'  [936]'
%%     1278232.5 ns  Log    ID_UVVM_SEND_CMD    TB seq.(uvvm)       fetch_result(WISHBONE_VVC,0, 936): 'Fetching result from I2C master DUT status register.'. [938]
%%     1279332.5 ns  Log    ID_UVVM_SEND_CMD    TB seq.(uvvm)       wishbone_read(WISHBONE_VVC,0, x"4"): 'Read status reg'. [939]
%%     1279352.5 ns  Log    ID_BFM              WISHBONE_VVC,0      wishbone_read(A:x"4")=> x"43". ' 'Read status reg'  [939]'
%%     1279352.5 ns  Log    ID_UVVM_SEND_CMD    TB seq.(uvvm)       fetch_result(WISHBONE_VVC,0, 939): 'Fetching result from I2C master DUT status register.'. [941]
%%     1280452.5 ns  Log    ID_UVVM_SEND_CMD    TB seq.(uvvm)       wishbone_read(WISHBONE_VVC,0, x"4"): 'Read status reg'. [942]
%%     1280472.5 ns  Log    ID_BFM              WISHBONE_VVC,0      wishbone_read(A:x"4")=> x"43". ' 'Read status reg'  [942]'
%%     1280472.5 ns  Log    ID_UVVM_SEND_CMD    TB seq.(uvvm)       fetch_result(WISHBONE_VVC,0, 942): 'Fetching result from I2C master DUT status register.'. [944]
%%     1281572.5 ns  Log    ID_UVVM_SEND_CMD    TB seq.(uvvm)       wishbone_read(WISHBONE_VVC,0, x"4"): 'Read status reg'. [945]
%%     1281592.5 ns  Log    ID_BFM              WISHBONE_VVC,0      wishbone_read(A:x"4")=> x"41". ' 'Read status reg'  [945]'
%%     1281592.5 ns  Log    ID_UVVM_SEND_CMD    TB seq.(uvvm)       fetch_result(WISHBONE_VVC,0, 945): 'Fetching result from I2C master DUT status register.'. [947]
%%     1281592.5 ns  Log    ID_UVVM_SEND_CMD    TB seq.(uvvm)       wishbone_write(WISHBONE_VVC,0, x"3", x"80"): 'Writing data 10000000 to transmit register.'. [948]
%%     1281592.5 ns  Log    ID_UVVM_SEND_CMD    TB seq.(uvvm)       wishbone_write(WISHBONE_VVC,0, x"4", x"50"): 'Setting STO and WR bit in command reg'. [949]
%%     1281612.5 ns  Log    ID_BFM              WISHBONE_VVC,0      wishbone_write(A:x"3", x"80") completed. ' 'Writing data 10000000 to transmit register.'  [948]'
%%     1281632.5 ns  Log    ID_BFM              WISHBONE_VVC,0      wishbone_write(A:x"4", x"50") completed. ' 'Setting STO and WR bit in command reg'  [949]'
%%     1281632.5 ns  Log    ID_UVVM_SEND_CMD    TB seq.(uvvm)       wishbone_read(WISHBONE_VVC,0, x"4"): 'Read status reg'. [951]
%%     1281652.5 ns  Log    ID_BFM              WISHBONE_VVC,0      wishbone_read(A:x"4")=> x"43". ' 'Read status reg'  [951]'
%%     1281652.5 ns  Log    ID_UVVM_SEND_CMD    TB seq.(uvvm)       fetch_result(WISHBONE_VVC,0, 951): 'Fetching result from I2C master DUT status register.'. [953]
%%     1282752.5 ns  Log    ID_UVVM_SEND_CMD    TB seq.(uvvm)       wishbone_read(WISHBONE_VVC,0, x"4"): 'Read status reg'. [954]
%%     1282772.5 ns  Log    ID_BFM              WISHBONE_VVC,0      wishbone_read(A:x"4")=> x"43". ' 'Read status reg'  [954]'
%%     1282772.5 ns  Log    ID_UVVM_SEND_CMD    TB seq.(uvvm)       fetch_result(WISHBONE_VVC,0, 954): 'Fetching result from I2C master DUT status register.'. [956]
%%     1283872.5 ns  Log    ID_UVVM_SEND_CMD    TB seq.(uvvm)       wishbone_read(WISHBONE_VVC,0, x"4"): 'Read status reg'. [957]
%%     1283892.5 ns  Log    ID_BFM              WISHBONE_VVC,0      wishbone_read(A:x"4")=> x"43". ' 'Read status reg'  [957]'
%%     1283892.5 ns  Log    ID_UVVM_SEND_CMD    TB seq.(uvvm)       fetch_result(WISHBONE_VVC,0, 957): 'Fetching result from I2C master DUT status register.'. [959]
%%     1284992.5 ns  Log    ID_UVVM_SEND_CMD    TB seq.(uvvm)       wishbone_read(WISHBONE_VVC,0, x"4"): 'Read status reg'. [960]
%%     1285012.5 ns  Log    ID_BFM              WISHBONE_VVC,0      wishbone_read(A:x"4")=> x"43". ' 'Read status reg'  [960]'
%%     1285012.5 ns  Log    ID_UVVM_SEND_CMD    TB seq.(uvvm)       fetch_result(WISHBONE_VVC,0, 960): 'Fetching result from I2C master DUT status register.'. [962]
%%     1286112.5 ns  Log    ID_UVVM_SEND_CMD    TB seq.(uvvm)       wishbone_read(WISHBONE_VVC,0, x"4"): 'Read status reg'. [963]
%%     1286132.5 ns  Log    ID_BFM              WISHBONE_VVC,0      wishbone_read(A:x"4")=> x"43". ' 'Read status reg'  [963]'
%%     1286132.5 ns  Log    ID_UVVM_SEND_CMD    TB seq.(uvvm)       fetch_result(WISHBONE_VVC,0, 963): 'Fetching result from I2C master DUT status register.'. [965]
%%     1287232.5 ns  Log    ID_UVVM_SEND_CMD    TB seq.(uvvm)       wishbone_read(WISHBONE_VVC,0, x"4"): 'Read status reg'. [966]
%%     1287252.5 ns  Log    ID_BFM              WISHBONE_VVC,0      wishbone_read(A:x"4")=> x"43". ' 'Read status reg'  [966]'
%%     1287252.5 ns  Log    ID_UVVM_SEND_CMD    TB seq.(uvvm)       fetch_result(WISHBONE_VVC,0, 966): 'Fetching result from I2C master DUT status register.'. [968]
%%     1288352.5 ns  Log    ID_UVVM_SEND_CMD    TB seq.(uvvm)       wishbone_read(WISHBONE_VVC,0, x"4"): 'Read status reg'. [969]
%%     1288372.5 ns  Log    ID_BFM              WISHBONE_VVC,0      wishbone_read(A:x"4")=> x"43". ' 'Read status reg'  [969]'
%%     1288372.5 ns  Log    ID_UVVM_SEND_CMD    TB seq.(uvvm)       fetch_result(WISHBONE_VVC,0, 969): 'Fetching result from I2C master DUT status register.'. [971]
%%     1289472.5 ns  Log    ID_UVVM_SEND_CMD    TB seq.(uvvm)       wishbone_read(WISHBONE_VVC,0, x"4"): 'Read status reg'. [972]
%%     1289492.5 ns  Log    ID_BFM              WISHBONE_VVC,0      wishbone_read(A:x"4")=> x"43". ' 'Read status reg'  [972]'
%%     1289492.5 ns  Log    ID_UVVM_SEND_CMD    TB seq.(uvvm)       fetch_result(WISHBONE_VVC,0, 972): 'Fetching result from I2C master DUT status register.'. [974]
%%     1290592.5 ns  Log    ID_UVVM_SEND_CMD    TB seq.(uvvm)       wishbone_read(WISHBONE_VVC,0, x"4"): 'Read status reg'. [975]
%%     1290612.5 ns  Log    ID_BFM              WISHBONE_VVC,0      wishbone_read(A:x"4")=> x"43". ' 'Read status reg'  [975]'
%%     1290612.5 ns  Log    ID_UVVM_SEND_CMD    TB seq.(uvvm)       fetch_result(WISHBONE_VVC,0, 975): 'Fetching result from I2C master DUT status register.'. [977]
%%     1291712.5 ns  Log    ID_UVVM_SEND_CMD    TB seq.(uvvm)       wishbone_read(WISHBONE_VVC,0, x"4"): 'Read status reg'. [978]
%%     1291732.5 ns  Log    ID_BFM              WISHBONE_VVC,0      wishbone_read(A:x"4")=> x"43". ' 'Read status reg'  [978]'
%%     1291732.5 ns  Log    ID_UVVM_SEND_CMD    TB seq.(uvvm)       fetch_result(WISHBONE_VVC,0, 978): 'Fetching result from I2C master DUT status register.'. [980]
%%     1292590.0 ns  Log    ID_BFM              I2C_VVC,2           i2c_slave_check((x"80"))=> OK, read data = (x"80"). ' 'Check data'  [913]'
%%     1292832.5 ns  Log    ID_UVVM_SEND_CMD    TB seq.(uvvm)       wishbone_read(WISHBONE_VVC,0, x"4"): 'Read status reg'. [981]
%%     1292852.5 ns  Log    ID_BFM              WISHBONE_VVC,0      wishbone_read(A:x"4")=> x"1". ' 'Read status reg'  [981]'
%%     1292852.5 ns  Log    ID_UVVM_SEND_CMD    TB seq.(uvvm)       fetch_result(WISHBONE_VVC,0, 981): 'Fetching result from I2C master DUT status register.'. [983]
%%     1292852.5 ns  Log    ID_UVVM_SEND_CMD    TB seq.(uvvm)       wishbone_write(WISHBONE_VVC,0, x"3", x"AA"): 'Setting address to be x55 and setting RW bit to 0'. [986]
%%     1292852.5 ns  Log    ID_UVVM_SEND_CMD    TB seq.(uvvm)       wishbone_write(WISHBONE_VVC,0, x"4", x"90"): 'Setting STA and WR bit in command reg'. [987]
%%     1292852.5 ns  Log    ID_UVVM_SEND_CMD    TB seq.(uvvm)       i2c_slave_check(I2C_VVC,2): 'Check data'. [988]
%%     1292872.5 ns  Log    ID_BFM              WISHBONE_VVC,0      wishbone_write(A:x"3", x"AA") completed. ' 'Setting address to be x55 and setting RW bit to 0'  [986]'
%%     1292892.5 ns  Log    ID_BFM              WISHBONE_VVC,0      wishbone_write(A:x"4", x"90") completed. ' 'Setting STA and WR bit in command reg'  [987]'
%%     1292892.5 ns  Log    ID_UVVM_SEND_CMD    TB seq.(uvvm)       wishbone_read(WISHBONE_VVC,0, x"4"): 'Read status reg'. [990]
%%     1292912.5 ns  Log    ID_BFM              WISHBONE_VVC,0      wishbone_read(A:x"4")=> x"3". ' 'Read status reg'  [990]'
%%     1292912.5 ns  Log    ID_UVVM_SEND_CMD    TB seq.(uvvm)       fetch_result(WISHBONE_VVC,0, 990): 'Fetching result from I2C master DUT status register.'. [992]
%%     1294012.5 ns  Log    ID_UVVM_SEND_CMD    TB seq.(uvvm)       wishbone_read(WISHBONE_VVC,0, x"4"): 'Read status reg'. [993]
%%     1294032.5 ns  Log    ID_BFM              WISHBONE_VVC,0      wishbone_read(A:x"4")=> x"43". ' 'Read status reg'  [993]'
%%     1294032.5 ns  Log    ID_UVVM_SEND_CMD    TB seq.(uvvm)       fetch_result(WISHBONE_VVC,0, 993): 'Fetching result from I2C master DUT status register.'. [995]
%%     1295132.5 ns  Log    ID_UVVM_SEND_CMD    TB seq.(uvvm)       wishbone_read(WISHBONE_VVC,0, x"4"): 'Read status reg'. [996]
%%     1295152.5 ns  Log    ID_BFM              WISHBONE_VVC,0      wishbone_read(A:x"4")=> x"43". ' 'Read status reg'  [996]'
%%     1295152.5 ns  Log    ID_UVVM_SEND_CMD    TB seq.(uvvm)       fetch_result(WISHBONE_VVC,0, 996): 'Fetching result from I2C master DUT status register.'. [998]
%%     1296252.5 ns  Log    ID_UVVM_SEND_CMD    TB seq.(uvvm)       wishbone_read(WISHBONE_VVC,0, x"4"): 'Read status reg'. [999]
%%     1296272.5 ns  Log    ID_BFM              WISHBONE_VVC,0      wishbone_read(A:x"4")=> x"43". ' 'Read status reg'  [999]'
%%     1296272.5 ns  Log    ID_UVVM_SEND_CMD    TB seq.(uvvm)       fetch_result(WISHBONE_VVC,0, 999): 'Fetching result from I2C master DUT status register.'. [1001]
%%     1297372.5 ns  Log    ID_UVVM_SEND_CMD    TB seq.(uvvm)       wishbone_read(WISHBONE_VVC,0, x"4"): 'Read status reg'. [1002]
%%     1297392.5 ns  Log    ID_BFM              WISHBONE_VVC,0      wishbone_read(A:x"4")=> x"43". ' 'Read status reg'  [1002]'
%%     1297392.5 ns  Log    ID_UVVM_SEND_CMD    TB seq.(uvvm)       fetch_result(WISHBONE_VVC,0, 1002): 'Fetching result from I2C master DUT status register.'. [1004]
%%     1298492.5 ns  Log    ID_UVVM_SEND_CMD    TB seq.(uvvm)       wishbone_read(WISHBONE_VVC,0, x"4"): 'Read status reg'. [1005]
%%     1298512.5 ns  Log    ID_BFM              WISHBONE_VVC,0      wishbone_read(A:x"4")=> x"43". ' 'Read status reg'  [1005]'
%%     1298512.5 ns  Log    ID_UVVM_SEND_CMD    TB seq.(uvvm)       fetch_result(WISHBONE_VVC,0, 1005): 'Fetching result from I2C master DUT status register.'. [1007]
%%     1299612.5 ns  Log    ID_UVVM_SEND_CMD    TB seq.(uvvm)       wishbone_read(WISHBONE_VVC,0, x"4"): 'Read status reg'. [1008]
%%     1299632.5 ns  Log    ID_BFM              WISHBONE_VVC,0      wishbone_read(A:x"4")=> x"43". ' 'Read status reg'  [1008]'
%%     1299632.5 ns  Log    ID_UVVM_SEND_CMD    TB seq.(uvvm)       fetch_result(WISHBONE_VVC,0, 1008): 'Fetching result from I2C master DUT status register.'. [1010]
%%     1300732.5 ns  Log    ID_UVVM_SEND_CMD    TB seq.(uvvm)       wishbone_read(WISHBONE_VVC,0, x"4"): 'Read status reg'. [1011]
%%     1300752.5 ns  Log    ID_BFM              WISHBONE_VVC,0      wishbone_read(A:x"4")=> x"43". ' 'Read status reg'  [1011]'
%%     1300752.5 ns  Log    ID_UVVM_SEND_CMD    TB seq.(uvvm)       fetch_result(WISHBONE_VVC,0, 1011): 'Fetching result from I2C master DUT status register.'. [1013]
%%     1301852.5 ns  Log    ID_UVVM_SEND_CMD    TB seq.(uvvm)       wishbone_read(WISHBONE_VVC,0, x"4"): 'Read status reg'. [1014]
%%     1301872.5 ns  Log    ID_BFM              WISHBONE_VVC,0      wishbone_read(A:x"4")=> x"43". ' 'Read status reg'  [1014]'
%%     1301872.5 ns  Log    ID_UVVM_SEND_CMD    TB seq.(uvvm)       fetch_result(WISHBONE_VVC,0, 1014): 'Fetching result from I2C master DUT status register.'. [1016]
%%     1302972.5 ns  Log    ID_UVVM_SEND_CMD    TB seq.(uvvm)       wishbone_read(WISHBONE_VVC,0, x"4"): 'Read status reg'. [1017]
%%     1302992.5 ns  Log    ID_BFM              WISHBONE_VVC,0      wishbone_read(A:x"4")=> x"43". ' 'Read status reg'  [1017]'
%%     1302992.5 ns  Log    ID_UVVM_SEND_CMD    TB seq.(uvvm)       fetch_result(WISHBONE_VVC,0, 1017): 'Fetching result from I2C master DUT status register.'. [1019]
%%     1304092.5 ns  Log    ID_UVVM_SEND_CMD    TB seq.(uvvm)       wishbone_read(WISHBONE_VVC,0, x"4"): 'Read status reg'. [1020]
%%     1304112.5 ns  Log    ID_BFM              WISHBONE_VVC,0      wishbone_read(A:x"4")=> x"41". ' 'Read status reg'  [1020]'
%%     1304112.5 ns  Log    ID_UVVM_SEND_CMD    TB seq.(uvvm)       fetch_result(WISHBONE_VVC,0, 1020): 'Fetching result from I2C master DUT status register.'. [1022]
%%     1304112.5 ns  Log    ID_UVVM_SEND_CMD    TB seq.(uvvm)       wishbone_write(WISHBONE_VVC,0, x"3", x"CB"): 'Writing data 11001011 to transmit register.'. [1023]
%%     1304112.5 ns  Log    ID_UVVM_SEND_CMD    TB seq.(uvvm)       wishbone_write(WISHBONE_VVC,0, x"4", x"50"): 'Setting STO and WR bit in command reg'. [1024]
%%     1304132.5 ns  Log    ID_BFM              WISHBONE_VVC,0      wishbone_write(A:x"3", x"CB") completed. ' 'Writing data 11001011 to transmit register.'  [1023]'
%%     1304152.5 ns  Log    ID_BFM              WISHBONE_VVC,0      wishbone_write(A:x"4", x"50") completed. ' 'Setting STO and WR bit in command reg'  [1024]'
%%     1304152.5 ns  Log    ID_UVVM_SEND_CMD    TB seq.(uvvm)       wishbone_read(WISHBONE_VVC,0, x"4"): 'Read status reg'. [1026]
%%     1304172.5 ns  Log    ID_BFM              WISHBONE_VVC,0      wishbone_read(A:x"4")=> x"43". ' 'Read status reg'  [1026]'
%%     1304172.5 ns  Log    ID_UVVM_SEND_CMD    TB seq.(uvvm)       fetch_result(WISHBONE_VVC,0, 1026): 'Fetching result from I2C master DUT status register.'. [1028]
%%     1305272.5 ns  Log    ID_UVVM_SEND_CMD    TB seq.(uvvm)       wishbone_read(WISHBONE_VVC,0, x"4"): 'Read status reg'. [1029]
%%     1305292.5 ns  Log    ID_BFM              WISHBONE_VVC,0      wishbone_read(A:x"4")=> x"43". ' 'Read status reg'  [1029]'
%%     1305292.5 ns  Log    ID_UVVM_SEND_CMD    TB seq.(uvvm)       fetch_result(WISHBONE_VVC,0, 1029): 'Fetching result from I2C master DUT status register.'. [1031]
%%     1306392.5 ns  Log    ID_UVVM_SEND_CMD    TB seq.(uvvm)       wishbone_read(WISHBONE_VVC,0, x"4"): 'Read status reg'. [1032]
%%     1306412.5 ns  Log    ID_BFM              WISHBONE_VVC,0      wishbone_read(A:x"4")=> x"43". ' 'Read status reg'  [1032]'
%%     1306412.5 ns  Log    ID_UVVM_SEND_CMD    TB seq.(uvvm)       fetch_result(WISHBONE_VVC,0, 1032): 'Fetching result from I2C master DUT status register.'. [1034]
%%     1307512.5 ns  Log    ID_UVVM_SEND_CMD    TB seq.(uvvm)       wishbone_read(WISHBONE_VVC,0, x"4"): 'Read status reg'. [1035]
%%     1307532.5 ns  Log    ID_BFM              WISHBONE_VVC,0      wishbone_read(A:x"4")=> x"43". ' 'Read status reg'  [1035]'
%%     1307532.5 ns  Log    ID_UVVM_SEND_CMD    TB seq.(uvvm)       fetch_result(WISHBONE_VVC,0, 1035): 'Fetching result from I2C master DUT status register.'. [1037]
%%     1308632.5 ns  Log    ID_UVVM_SEND_CMD    TB seq.(uvvm)       wishbone_read(WISHBONE_VVC,0, x"4"): 'Read status reg'. [1038]
%%     1308652.5 ns  Log    ID_BFM              WISHBONE_VVC,0      wishbone_read(A:x"4")=> x"43". ' 'Read status reg'  [1038]'
%%     1308652.5 ns  Log    ID_UVVM_SEND_CMD    TB seq.(uvvm)       fetch_result(WISHBONE_VVC,0, 1038): 'Fetching result from I2C master DUT status register.'. [1040]
%%     1309752.5 ns  Log    ID_UVVM_SEND_CMD    TB seq.(uvvm)       wishbone_read(WISHBONE_VVC,0, x"4"): 'Read status reg'. [1041]
%%     1309772.5 ns  Log    ID_BFM              WISHBONE_VVC,0      wishbone_read(A:x"4")=> x"43". ' 'Read status reg'  [1041]'
%%     1309772.5 ns  Log    ID_UVVM_SEND_CMD    TB seq.(uvvm)       fetch_result(WISHBONE_VVC,0, 1041): 'Fetching result from I2C master DUT status register.'. [1043]
%%     1310872.5 ns  Log    ID_UVVM_SEND_CMD    TB seq.(uvvm)       wishbone_read(WISHBONE_VVC,0, x"4"): 'Read status reg'. [1044]
%%     1310892.5 ns  Log    ID_BFM              WISHBONE_VVC,0      wishbone_read(A:x"4")=> x"43". ' 'Read status reg'  [1044]'
%%     1310892.5 ns  Log    ID_UVVM_SEND_CMD    TB seq.(uvvm)       fetch_result(WISHBONE_VVC,0, 1044): 'Fetching result from I2C master DUT status register.'. [1046]
%%     1311992.5 ns  Log    ID_UVVM_SEND_CMD    TB seq.(uvvm)       wishbone_read(WISHBONE_VVC,0, x"4"): 'Read status reg'. [1047]
%%     1312012.5 ns  Log    ID_BFM              WISHBONE_VVC,0      wishbone_read(A:x"4")=> x"43". ' 'Read status reg'  [1047]'
%%     1312012.5 ns  Log    ID_UVVM_SEND_CMD    TB seq.(uvvm)       fetch_result(WISHBONE_VVC,0, 1047): 'Fetching result from I2C master DUT status register.'. [1049]
%%     1313112.5 ns  Log    ID_UVVM_SEND_CMD    TB seq.(uvvm)       wishbone_read(WISHBONE_VVC,0, x"4"): 'Read status reg'. [1050]
%%     1313132.5 ns  Log    ID_BFM              WISHBONE_VVC,0      wishbone_read(A:x"4")=> x"43". ' 'Read status reg'  [1050]'
%%     1313132.5 ns  Log    ID_UVVM_SEND_CMD    TB seq.(uvvm)       fetch_result(WISHBONE_VVC,0, 1050): 'Fetching result from I2C master DUT status register.'. [1052]
%%     1314232.5 ns  Log    ID_UVVM_SEND_CMD    TB seq.(uvvm)       wishbone_read(WISHBONE_VVC,0, x"4"): 'Read status reg'. [1053]
%%     1314252.5 ns  Log    ID_BFM              WISHBONE_VVC,0      wishbone_read(A:x"4")=> x"43". ' 'Read status reg'  [1053]'
%%     1314252.5 ns  Log    ID_UVVM_SEND_CMD    TB seq.(uvvm)       fetch_result(WISHBONE_VVC,0, 1053): 'Fetching result from I2C master DUT status register.'. [1055]
%%     1315090.0 ns  Log    ID_BFM              I2C_VVC,2           i2c_slave_check((x"CB"))=> OK, read data = (x"CB"). ' 'Check data'  [988]'
%%     1315352.5 ns  Log    ID_UVVM_SEND_CMD    TB seq.(uvvm)       wishbone_read(WISHBONE_VVC,0, x"4"): 'Read status reg'. [1056]
%%     1315372.5 ns  Log    ID_BFM              WISHBONE_VVC,0      wishbone_read(A:x"4")=> x"1". ' 'Read status reg'  [1056]'
%%     1315372.5 ns  Log    ID_UVVM_SEND_CMD    TB seq.(uvvm)       fetch_result(WISHBONE_VVC,0, 1056): 'Fetching result from I2C master DUT status register.'. [1058]
%%     1315372.5 ns  Log    ID_UVVM_SEND_CMD    TB seq.(uvvm)       wishbone_write(WISHBONE_VVC,0, x"3", x"AA"): 'Setting address to be x55 and setting RW bit to 0'. [1061]
%%     1315372.5 ns  Log    ID_UVVM_SEND_CMD    TB seq.(uvvm)       wishbone_write(WISHBONE_VVC,0, x"4", x"90"): 'Setting STA and WR bit in command reg'. [1062]
%%     1315372.5 ns  Log    ID_UVVM_SEND_CMD    TB seq.(uvvm)       i2c_slave_check(I2C_VVC,2): 'Check data'. [1063]
%%     1315392.5 ns  Log    ID_BFM              WISHBONE_VVC,0      wishbone_write(A:x"3", x"AA") completed. ' 'Setting address to be x55 and setting RW bit to 0'  [1061]'
%%     1315412.5 ns  Log    ID_BFM              WISHBONE_VVC,0      wishbone_write(A:x"4", x"90") completed. ' 'Setting STA and WR bit in command reg'  [1062]'
%%     1315412.5 ns  Log    ID_UVVM_SEND_CMD    TB seq.(uvvm)       wishbone_read(WISHBONE_VVC,0, x"4"): 'Read status reg'. [1065]
%%     1315432.5 ns  Log    ID_BFM              WISHBONE_VVC,0      wishbone_read(A:x"4")=> x"3". ' 'Read status reg'  [1065]'
%%     1315432.5 ns  Log    ID_UVVM_SEND_CMD    TB seq.(uvvm)       fetch_result(WISHBONE_VVC,0, 1065): 'Fetching result from I2C master DUT status register.'. [1067]
%%     1316532.5 ns  Log    ID_UVVM_SEND_CMD    TB seq.(uvvm)       wishbone_read(WISHBONE_VVC,0, x"4"): 'Read status reg'. [1068]
%%     1316552.5 ns  Log    ID_BFM              WISHBONE_VVC,0      wishbone_read(A:x"4")=> x"43". ' 'Read status reg'  [1068]'
%%     1316552.5 ns  Log    ID_UVVM_SEND_CMD    TB seq.(uvvm)       fetch_result(WISHBONE_VVC,0, 1068): 'Fetching result from I2C master DUT status register.'. [1070]
%%     1317652.5 ns  Log    ID_UVVM_SEND_CMD    TB seq.(uvvm)       wishbone_read(WISHBONE_VVC,0, x"4"): 'Read status reg'. [1071]
%%     1317672.5 ns  Log    ID_BFM              WISHBONE_VVC,0      wishbone_read(A:x"4")=> x"43". ' 'Read status reg'  [1071]'
%%     1317672.5 ns  Log    ID_UVVM_SEND_CMD    TB seq.(uvvm)       fetch_result(WISHBONE_VVC,0, 1071): 'Fetching result from I2C master DUT status register.'. [1073]
%%     1318772.5 ns  Log    ID_UVVM_SEND_CMD    TB seq.(uvvm)       wishbone_read(WISHBONE_VVC,0, x"4"): 'Read status reg'. [1074]
%%     1318792.5 ns  Log    ID_BFM              WISHBONE_VVC,0      wishbone_read(A:x"4")=> x"43". ' 'Read status reg'  [1074]'
%%     1318792.5 ns  Log    ID_UVVM_SEND_CMD    TB seq.(uvvm)       fetch_result(WISHBONE_VVC,0, 1074): 'Fetching result from I2C master DUT status register.'. [1076]
%%     1319892.5 ns  Log    ID_UVVM_SEND_CMD    TB seq.(uvvm)       wishbone_read(WISHBONE_VVC,0, x"4"): 'Read status reg'. [1077]
%%     1319912.5 ns  Log    ID_BFM              WISHBONE_VVC,0      wishbone_read(A:x"4")=> x"43". ' 'Read status reg'  [1077]'
%%     1319912.5 ns  Log    ID_UVVM_SEND_CMD    TB seq.(uvvm)       fetch_result(WISHBONE_VVC,0, 1077): 'Fetching result from I2C master DUT status register.'. [1079]
%%     1321012.5 ns  Log    ID_UVVM_SEND_CMD    TB seq.(uvvm)       wishbone_read(WISHBONE_VVC,0, x"4"): 'Read status reg'. [1080]
%%     1321032.5 ns  Log    ID_BFM              WISHBONE_VVC,0      wishbone_read(A:x"4")=> x"43". ' 'Read status reg'  [1080]'
%%     1321032.5 ns  Log    ID_UVVM_SEND_CMD    TB seq.(uvvm)       fetch_result(WISHBONE_VVC,0, 1080): 'Fetching result from I2C master DUT status register.'. [1082]
%%     1322132.5 ns  Log    ID_UVVM_SEND_CMD    TB seq.(uvvm)       wishbone_read(WISHBONE_VVC,0, x"4"): 'Read status reg'. [1083]
%%     1322152.5 ns  Log    ID_BFM              WISHBONE_VVC,0      wishbone_read(A:x"4")=> x"43". ' 'Read status reg'  [1083]'
%%     1322152.5 ns  Log    ID_UVVM_SEND_CMD    TB seq.(uvvm)       fetch_result(WISHBONE_VVC,0, 1083): 'Fetching result from I2C master DUT status register.'. [1085]
%%     1323252.5 ns  Log    ID_UVVM_SEND_CMD    TB seq.(uvvm)       wishbone_read(WISHBONE_VVC,0, x"4"): 'Read status reg'. [1086]
%%     1323272.5 ns  Log    ID_BFM              WISHBONE_VVC,0      wishbone_read(A:x"4")=> x"43". ' 'Read status reg'  [1086]'
%%     1323272.5 ns  Log    ID_UVVM_SEND_CMD    TB seq.(uvvm)       fetch_result(WISHBONE_VVC,0, 1086): 'Fetching result from I2C master DUT status register.'. [1088]
%%     1324372.5 ns  Log    ID_UVVM_SEND_CMD    TB seq.(uvvm)       wishbone_read(WISHBONE_VVC,0, x"4"): 'Read status reg'. [1089]
%%     1324392.5 ns  Log    ID_BFM              WISHBONE_VVC,0      wishbone_read(A:x"4")=> x"43". ' 'Read status reg'  [1089]'
%%     1324392.5 ns  Log    ID_UVVM_SEND_CMD    TB seq.(uvvm)       fetch_result(WISHBONE_VVC,0, 1089): 'Fetching result from I2C master DUT status register.'. [1091]
%%     1325492.5 ns  Log    ID_UVVM_SEND_CMD    TB seq.(uvvm)       wishbone_read(WISHBONE_VVC,0, x"4"): 'Read status reg'. [1092]
%%     1325512.5 ns  Log    ID_BFM              WISHBONE_VVC,0      wishbone_read(A:x"4")=> x"43". ' 'Read status reg'  [1092]'
%%     1325512.5 ns  Log    ID_UVVM_SEND_CMD    TB seq.(uvvm)       fetch_result(WISHBONE_VVC,0, 1092): 'Fetching result from I2C master DUT status register.'. [1094]
%%     1326612.5 ns  Log    ID_UVVM_SEND_CMD    TB seq.(uvvm)       wishbone_read(WISHBONE_VVC,0, x"4"): 'Read status reg'. [1095]
%%     1326632.5 ns  Log    ID_BFM              WISHBONE_VVC,0      wishbone_read(A:x"4")=> x"41". ' 'Read status reg'  [1095]'
%%     1326632.5 ns  Log    ID_UVVM_SEND_CMD    TB seq.(uvvm)       fetch_result(WISHBONE_VVC,0, 1095): 'Fetching result from I2C master DUT status register.'. [1097]
%%     1326632.5 ns  Log    ID_UVVM_SEND_CMD    TB seq.(uvvm)       wishbone_write(WISHBONE_VVC,0, x"3", x"64"): 'Writing data 01100100 to transmit register.'. [1098]
%%     1326632.5 ns  Log    ID_UVVM_SEND_CMD    TB seq.(uvvm)       wishbone_write(WISHBONE_VVC,0, x"4", x"50"): 'Setting STO and WR bit in command reg'. [1099]
%%     1326652.5 ns  Log    ID_BFM              WISHBONE_VVC,0      wishbone_write(A:x"3", x"64") completed. ' 'Writing data 01100100 to transmit register.'  [1098]'
%%     1326672.5 ns  Log    ID_BFM              WISHBONE_VVC,0      wishbone_write(A:x"4", x"50") completed. ' 'Setting STO and WR bit in command reg'  [1099]'
%%     1326672.5 ns  Log    ID_UVVM_SEND_CMD    TB seq.(uvvm)       wishbone_read(WISHBONE_VVC,0, x"4"): 'Read status reg'. [1101]
%%     1326692.5 ns  Log    ID_BFM              WISHBONE_VVC,0      wishbone_read(A:x"4")=> x"43". ' 'Read status reg'  [1101]'
%%     1326692.5 ns  Log    ID_UVVM_SEND_CMD    TB seq.(uvvm)       fetch_result(WISHBONE_VVC,0, 1101): 'Fetching result from I2C master DUT status register.'. [1103]
%%     1327792.5 ns  Log    ID_UVVM_SEND_CMD    TB seq.(uvvm)       wishbone_read(WISHBONE_VVC,0, x"4"): 'Read status reg'. [1104]
%%     1327812.5 ns  Log    ID_BFM              WISHBONE_VVC,0      wishbone_read(A:x"4")=> x"43". ' 'Read status reg'  [1104]'
%%     1327812.5 ns  Log    ID_UVVM_SEND_CMD    TB seq.(uvvm)       fetch_result(WISHBONE_VVC,0, 1104): 'Fetching result from I2C master DUT status register.'. [1106]
%%     1328912.5 ns  Log    ID_UVVM_SEND_CMD    TB seq.(uvvm)       wishbone_read(WISHBONE_VVC,0, x"4"): 'Read status reg'. [1107]
%%     1328932.5 ns  Log    ID_BFM              WISHBONE_VVC,0      wishbone_read(A:x"4")=> x"43". ' 'Read status reg'  [1107]'
%%     1328932.5 ns  Log    ID_UVVM_SEND_CMD    TB seq.(uvvm)       fetch_result(WISHBONE_VVC,0, 1107): 'Fetching result from I2C master DUT status register.'. [1109]
%%     1330032.5 ns  Log    ID_UVVM_SEND_CMD    TB seq.(uvvm)       wishbone_read(WISHBONE_VVC,0, x"4"): 'Read status reg'. [1110]
%%     1330052.5 ns  Log    ID_BFM              WISHBONE_VVC,0      wishbone_read(A:x"4")=> x"43". ' 'Read status reg'  [1110]'
%%     1330052.5 ns  Log    ID_UVVM_SEND_CMD    TB seq.(uvvm)       fetch_result(WISHBONE_VVC,0, 1110): 'Fetching result from I2C master DUT status register.'. [1112]
%%     1331152.5 ns  Log    ID_UVVM_SEND_CMD    TB seq.(uvvm)       wishbone_read(WISHBONE_VVC,0, x"4"): 'Read status reg'. [1113]
%%     1331172.5 ns  Log    ID_BFM              WISHBONE_VVC,0      wishbone_read(A:x"4")=> x"43". ' 'Read status reg'  [1113]'
%%     1331172.5 ns  Log    ID_UVVM_SEND_CMD    TB seq.(uvvm)       fetch_result(WISHBONE_VVC,0, 1113): 'Fetching result from I2C master DUT status register.'. [1115]
%%     1332272.5 ns  Log    ID_UVVM_SEND_CMD    TB seq.(uvvm)       wishbone_read(WISHBONE_VVC,0, x"4"): 'Read status reg'. [1116]
%%     1332292.5 ns  Log    ID_BFM              WISHBONE_VVC,0      wishbone_read(A:x"4")=> x"43". ' 'Read status reg'  [1116]'
%%     1332292.5 ns  Log    ID_UVVM_SEND_CMD    TB seq.(uvvm)       fetch_result(WISHBONE_VVC,0, 1116): 'Fetching result from I2C master DUT status register.'. [1118]
%%     1333392.5 ns  Log    ID_UVVM_SEND_CMD    TB seq.(uvvm)       wishbone_read(WISHBONE_VVC,0, x"4"): 'Read status reg'. [1119]
%%     1333412.5 ns  Log    ID_BFM              WISHBONE_VVC,0      wishbone_read(A:x"4")=> x"43". ' 'Read status reg'  [1119]'
%%     1333412.5 ns  Log    ID_UVVM_SEND_CMD    TB seq.(uvvm)       fetch_result(WISHBONE_VVC,0, 1119): 'Fetching result from I2C master DUT status register.'. [1121]
%%     1334512.5 ns  Log    ID_UVVM_SEND_CMD    TB seq.(uvvm)       wishbone_read(WISHBONE_VVC,0, x"4"): 'Read status reg'. [1122]
%%     1334532.5 ns  Log    ID_BFM              WISHBONE_VVC,0      wishbone_read(A:x"4")=> x"43". ' 'Read status reg'  [1122]'
%%     1334532.5 ns  Log    ID_UVVM_SEND_CMD    TB seq.(uvvm)       fetch_result(WISHBONE_VVC,0, 1122): 'Fetching result from I2C master DUT status register.'. [1124]
%%     1335632.5 ns  Log    ID_UVVM_SEND_CMD    TB seq.(uvvm)       wishbone_read(WISHBONE_VVC,0, x"4"): 'Read status reg'. [1125]
%%     1335652.5 ns  Log    ID_BFM              WISHBONE_VVC,0      wishbone_read(A:x"4")=> x"43". ' 'Read status reg'  [1125]'
%%     1335652.5 ns  Log    ID_UVVM_SEND_CMD    TB seq.(uvvm)       fetch_result(WISHBONE_VVC,0, 1125): 'Fetching result from I2C master DUT status register.'. [1127]
%%     1336752.5 ns  Log    ID_UVVM_SEND_CMD    TB seq.(uvvm)       wishbone_read(WISHBONE_VVC,0, x"4"): 'Read status reg'. [1128]
%%     1336772.5 ns  Log    ID_BFM              WISHBONE_VVC,0      wishbone_read(A:x"4")=> x"43". ' 'Read status reg'  [1128]'
%%     1336772.5 ns  Log    ID_UVVM_SEND_CMD    TB seq.(uvvm)       fetch_result(WISHBONE_VVC,0, 1128): 'Fetching result from I2C master DUT status register.'. [1130]
%%     1337590.0 ns  Log    ID_BFM              I2C_VVC,2           i2c_slave_check((x"64"))=> OK, read data = (x"64"). ' 'Check data'  [1063]'
%%     1337872.5 ns  Log    ID_UVVM_SEND_CMD    TB seq.(uvvm)       wishbone_read(WISHBONE_VVC,0, x"4"): 'Read status reg'. [1131]
%%     1337892.5 ns  Log    ID_BFM              WISHBONE_VVC,0      wishbone_read(A:x"4")=> x"1". ' 'Read status reg'  [1131]'
%%     1337892.5 ns  Log    ID_UVVM_SEND_CMD    TB seq.(uvvm)       fetch_result(WISHBONE_VVC,0, 1131): 'Fetching result from I2C master DUT status register.'. [1133]
%%     1337892.5 ns  Log    ID_UVVM_SEND_CMD    TB seq.(uvvm)       wishbone_write(WISHBONE_VVC,0, x"3", x"AB"): 'Setting address to be x55 and setting RW bit to Read ('1')'. [1136]
%%     1337892.5 ns  Log    ID_UVVM_SEND_CMD    TB seq.(uvvm)       wishbone_write(WISHBONE_VVC,0, x"4", x"90"): 'Setting STA and WR bit in command reg'. [1137]
%%     1337892.5 ns  Log    ID_UVVM_SEND_CMD    TB seq.(uvvm)       i2c_slave_transmit(I2C_VVC,2): 'Transmit data from I2C slave VVC'. [1138]
%%     1337912.5 ns  Log    ID_BFM              WISHBONE_VVC,0      wishbone_write(A:x"3", x"AB") completed. ' 'Setting address to be x55 and setting RW bit to Read ('1')'  [1136]'
%%     1337932.5 ns  Log    ID_BFM              WISHBONE_VVC,0      wishbone_write(A:x"4", x"90") completed. ' 'Setting STA and WR bit in command reg'  [1137]'
%%     1337932.5 ns  Log    ID_UVVM_SEND_CMD    TB seq.(uvvm)       wishbone_read(WISHBONE_VVC,0, x"4"): 'Read status reg'. [1140]
%%     1337952.5 ns  Log    ID_BFM              WISHBONE_VVC,0      wishbone_read(A:x"4")=> x"3". ' 'Read status reg'  [1140]'
%%     1337952.5 ns  Log    ID_UVVM_SEND_CMD    TB seq.(uvvm)       fetch_result(WISHBONE_VVC,0, 1140): 'Fetching result from I2C master DUT status register.'. [1142]
%%     1339052.5 ns  Log    ID_UVVM_SEND_CMD    TB seq.(uvvm)       wishbone_read(WISHBONE_VVC,0, x"4"): 'Read status reg'. [1143]
%%     1339072.5 ns  Log    ID_BFM              WISHBONE_VVC,0      wishbone_read(A:x"4")=> x"43". ' 'Read status reg'  [1143]'
%%     1339072.5 ns  Log    ID_UVVM_SEND_CMD    TB seq.(uvvm)       fetch_result(WISHBONE_VVC,0, 1143): 'Fetching result from I2C master DUT status register.'. [1145]
%%     1340172.5 ns  Log    ID_UVVM_SEND_CMD    TB seq.(uvvm)       wishbone_read(WISHBONE_VVC,0, x"4"): 'Read status reg'. [1146]
%%     1340192.5 ns  Log    ID_BFM              WISHBONE_VVC,0      wishbone_read(A:x"4")=> x"43". ' 'Read status reg'  [1146]'
%%     1340192.5 ns  Log    ID_UVVM_SEND_CMD    TB seq.(uvvm)       fetch_result(WISHBONE_VVC,0, 1146): 'Fetching result from I2C master DUT status register.'. [1148]
%%     1341292.5 ns  Log    ID_UVVM_SEND_CMD    TB seq.(uvvm)       wishbone_read(WISHBONE_VVC,0, x"4"): 'Read status reg'. [1149]
%%     1341312.5 ns  Log    ID_BFM              WISHBONE_VVC,0      wishbone_read(A:x"4")=> x"43". ' 'Read status reg'  [1149]'
%%     1341312.5 ns  Log    ID_UVVM_SEND_CMD    TB seq.(uvvm)       fetch_result(WISHBONE_VVC,0, 1149): 'Fetching result from I2C master DUT status register.'. [1151]
%%     1342412.5 ns  Log    ID_UVVM_SEND_CMD    TB seq.(uvvm)       wishbone_read(WISHBONE_VVC,0, x"4"): 'Read status reg'. [1152]
%%     1342432.5 ns  Log    ID_BFM              WISHBONE_VVC,0      wishbone_read(A:x"4")=> x"43". ' 'Read status reg'  [1152]'
%%     1342432.5 ns  Log    ID_UVVM_SEND_CMD    TB seq.(uvvm)       fetch_result(WISHBONE_VVC,0, 1152): 'Fetching result from I2C master DUT status register.'. [1154]
%%     1343532.5 ns  Log    ID_UVVM_SEND_CMD    TB seq.(uvvm)       wishbone_read(WISHBONE_VVC,0, x"4"): 'Read status reg'. [1155]
%%     1343552.5 ns  Log    ID_BFM              WISHBONE_VVC,0      wishbone_read(A:x"4")=> x"43". ' 'Read status reg'  [1155]'
%%     1343552.5 ns  Log    ID_UVVM_SEND_CMD    TB seq.(uvvm)       fetch_result(WISHBONE_VVC,0, 1155): 'Fetching result from I2C master DUT status register.'. [1157]
%%     1344652.5 ns  Log    ID_UVVM_SEND_CMD    TB seq.(uvvm)       wishbone_read(WISHBONE_VVC,0, x"4"): 'Read status reg'. [1158]
%%     1344672.5 ns  Log    ID_BFM              WISHBONE_VVC,0      wishbone_read(A:x"4")=> x"43". ' 'Read status reg'  [1158]'
%%     1344672.5 ns  Log    ID_UVVM_SEND_CMD    TB seq.(uvvm)       fetch_result(WISHBONE_VVC,0, 1158): 'Fetching result from I2C master DUT status register.'. [1160]
%%     1345772.5 ns  Log    ID_UVVM_SEND_CMD    TB seq.(uvvm)       wishbone_read(WISHBONE_VVC,0, x"4"): 'Read status reg'. [1161]
%%     1345792.5 ns  Log    ID_BFM              WISHBONE_VVC,0      wishbone_read(A:x"4")=> x"43". ' 'Read status reg'  [1161]'
%%     1345792.5 ns  Log    ID_UVVM_SEND_CMD    TB seq.(uvvm)       fetch_result(WISHBONE_VVC,0, 1161): 'Fetching result from I2C master DUT status register.'. [1163]
%%     1346892.5 ns  Log    ID_UVVM_SEND_CMD    TB seq.(uvvm)       wishbone_read(WISHBONE_VVC,0, x"4"): 'Read status reg'. [1164]
%%     1346912.5 ns  Log    ID_BFM              WISHBONE_VVC,0      wishbone_read(A:x"4")=> x"43". ' 'Read status reg'  [1164]'
%%     1346912.5 ns  Log    ID_UVVM_SEND_CMD    TB seq.(uvvm)       fetch_result(WISHBONE_VVC,0, 1164): 'Fetching result from I2C master DUT status register.'. [1166]
%%     1348012.5 ns  Log    ID_UVVM_SEND_CMD    TB seq.(uvvm)       wishbone_read(WISHBONE_VVC,0, x"4"): 'Read status reg'. [1167]
%%     1348032.5 ns  Log    ID_BFM              WISHBONE_VVC,0      wishbone_read(A:x"4")=> x"43". ' 'Read status reg'  [1167]'
%%     1348032.5 ns  Log    ID_UVVM_SEND_CMD    TB seq.(uvvm)       fetch_result(WISHBONE_VVC,0, 1167): 'Fetching result from I2C master DUT status register.'. [1169]
%%     1349132.5 ns  Log    ID_UVVM_SEND_CMD    TB seq.(uvvm)       wishbone_read(WISHBONE_VVC,0, x"4"): 'Read status reg'. [1170]
%%     1349152.5 ns  Log    ID_BFM              WISHBONE_VVC,0      wishbone_read(A:x"4")=> x"41". ' 'Read status reg'  [1170]'
%%     1349152.5 ns  Log    ID_UVVM_SEND_CMD    TB seq.(uvvm)       fetch_result(WISHBONE_VVC,0, 1170): 'Fetching result from I2C master DUT status register.'. [1172]
%%     1349152.5 ns  Log    ID_UVVM_SEND_CMD    TB seq.(uvvm)       wishbone_write(WISHBONE_VVC,0, x"4", x"68"): 'Setting STO, RD and NACK bit in command reg'. [1173]
%%     1349172.5 ns  Log    ID_BFM              WISHBONE_VVC,0      wishbone_write(A:x"4", x"68") completed. ' 'Setting STO, RD and NACK bit in command reg'  [1173]'
%%     1349172.5 ns  Log    ID_UVVM_SEND_CMD    TB seq.(uvvm)       wishbone_read(WISHBONE_VVC,0, x"4"): 'Read status reg'. [1175]
%%     1349192.5 ns  Log    ID_BFM              WISHBONE_VVC,0      wishbone_read(A:x"4")=> x"43". ' 'Read status reg'  [1175]'
%%     1349192.5 ns  Log    ID_UVVM_SEND_CMD    TB seq.(uvvm)       fetch_result(WISHBONE_VVC,0, 1175): 'Fetching result from I2C master DUT status register.'. [1177]
%%     1350292.5 ns  Log    ID_UVVM_SEND_CMD    TB seq.(uvvm)       wishbone_read(WISHBONE_VVC,0, x"4"): 'Read status reg'. [1178]
%%     1350312.5 ns  Log    ID_BFM              WISHBONE_VVC,0      wishbone_read(A:x"4")=> x"43". ' 'Read status reg'  [1178]'
%%     1350312.5 ns  Log    ID_UVVM_SEND_CMD    TB seq.(uvvm)       fetch_result(WISHBONE_VVC,0, 1178): 'Fetching result from I2C master DUT status register.'. [1180]
%%     1351412.5 ns  Log    ID_UVVM_SEND_CMD    TB seq.(uvvm)       wishbone_read(WISHBONE_VVC,0, x"4"): 'Read status reg'. [1181]
%%     1351432.5 ns  Log    ID_BFM              WISHBONE_VVC,0      wishbone_read(A:x"4")=> x"43". ' 'Read status reg'  [1181]'
%%     1351432.5 ns  Log    ID_UVVM_SEND_CMD    TB seq.(uvvm)       fetch_result(WISHBONE_VVC,0, 1181): 'Fetching result from I2C master DUT status register.'. [1183]
%%     1352532.5 ns  Log    ID_UVVM_SEND_CMD    TB seq.(uvvm)       wishbone_read(WISHBONE_VVC,0, x"4"): 'Read status reg'. [1184]
%%     1352552.5 ns  Log    ID_BFM              WISHBONE_VVC,0      wishbone_read(A:x"4")=> x"43". ' 'Read status reg'  [1184]'
%%     1352552.5 ns  Log    ID_UVVM_SEND_CMD    TB seq.(uvvm)       fetch_result(WISHBONE_VVC,0, 1184): 'Fetching result from I2C master DUT status register.'. [1186]
%%     1353652.5 ns  Log    ID_UVVM_SEND_CMD    TB seq.(uvvm)       wishbone_read(WISHBONE_VVC,0, x"4"): 'Read status reg'. [1187]
%%     1353672.5 ns  Log    ID_BFM              WISHBONE_VVC,0      wishbone_read(A:x"4")=> x"43". ' 'Read status reg'  [1187]'
%%     1353672.5 ns  Log    ID_UVVM_SEND_CMD    TB seq.(uvvm)       fetch_result(WISHBONE_VVC,0, 1187): 'Fetching result from I2C master DUT status register.'. [1189]
%%     1354772.5 ns  Log    ID_UVVM_SEND_CMD    TB seq.(uvvm)       wishbone_read(WISHBONE_VVC,0, x"4"): 'Read status reg'. [1190]
%%     1354792.5 ns  Log    ID_BFM              WISHBONE_VVC,0      wishbone_read(A:x"4")=> x"43". ' 'Read status reg'  [1190]'
%%     1354792.5 ns  Log    ID_UVVM_SEND_CMD    TB seq.(uvvm)       fetch_result(WISHBONE_VVC,0, 1190): 'Fetching result from I2C master DUT status register.'. [1192]
%%     1355892.5 ns  Log    ID_UVVM_SEND_CMD    TB seq.(uvvm)       wishbone_read(WISHBONE_VVC,0, x"4"): 'Read status reg'. [1193]
%%     1355912.5 ns  Log    ID_BFM              WISHBONE_VVC,0      wishbone_read(A:x"4")=> x"43". ' 'Read status reg'  [1193]'
%%     1355912.5 ns  Log    ID_UVVM_SEND_CMD    TB seq.(uvvm)       fetch_result(WISHBONE_VVC,0, 1193): 'Fetching result from I2C master DUT status register.'. [1195]
%%     1357012.5 ns  Log    ID_UVVM_SEND_CMD    TB seq.(uvvm)       wishbone_read(WISHBONE_VVC,0, x"4"): 'Read status reg'. [1196]
%%     1357032.5 ns  Log    ID_BFM              WISHBONE_VVC,0      wishbone_read(A:x"4")=> x"43". ' 'Read status reg'  [1196]'
%%     1357032.5 ns  Log    ID_UVVM_SEND_CMD    TB seq.(uvvm)       fetch_result(WISHBONE_VVC,0, 1196): 'Fetching result from I2C master DUT status register.'. [1198]
%%     1358132.5 ns  Log    ID_UVVM_SEND_CMD    TB seq.(uvvm)       wishbone_read(WISHBONE_VVC,0, x"4"): 'Read status reg'. [1199]
%%     1358152.5 ns  Log    ID_BFM              WISHBONE_VVC,0      wishbone_read(A:x"4")=> x"43". ' 'Read status reg'  [1199]'
%%     1358152.5 ns  Log    ID_UVVM_SEND_CMD    TB seq.(uvvm)       fetch_result(WISHBONE_VVC,0, 1199): 'Fetching result from I2C master DUT status register.'. [1201]
%%     1359252.5 ns  Log    ID_UVVM_SEND_CMD    TB seq.(uvvm)       wishbone_read(WISHBONE_VVC,0, x"4"): 'Read status reg'. [1202]
%%     1359272.5 ns  Log    ID_BFM              WISHBONE_VVC,0      wishbone_read(A:x"4")=> x"C3". ' 'Read status reg'  [1202]'
%%     1359272.5 ns  Log    ID_UVVM_SEND_CMD    TB seq.(uvvm)       fetch_result(WISHBONE_VVC,0, 1202): 'Fetching result from I2C master DUT status register.'. [1204]
%%     1360090.0 ns  Log    ID_BFM              I2C_VVC,2           i2c_slave_transmit((x"4F"))=> (x"4F"). ' 'Transmit data from I2C slave VVC'  [1138]'
%%     1360372.5 ns  Log    ID_UVVM_SEND_CMD    TB seq.(uvvm)       wishbone_read(WISHBONE_VVC,0, x"4"): 'Read status reg'. [1205]
%%     1360392.5 ns  Log    ID_BFM              WISHBONE_VVC,0      wishbone_read(A:x"4")=> x"81". ' 'Read status reg'  [1205]'
%%     1360392.5 ns  Log    ID_UVVM_SEND_CMD    TB seq.(uvvm)       fetch_result(WISHBONE_VVC,0, 1205): 'Fetching result from I2C master DUT status register.'. [1207]
%%     1360392.5 ns  Log    ID_UVVM_SEND_CMD    TB seq.(uvvm)       wishbone_check(WISHBONE_VVC,0, x"3", x"4F"): 'Checking data received from I2C VVC Slave'. [1208]
%%     1360412.5 ns  Log    ID_BFM              WISHBONE_VVC,0      wishbone_check(A:x"3", x"4F")=> OK, received data = x"4F". ' 'Checking data received from I2C VVC Slave'  [1208]'
%%     1360412.5 ns  Log    ID_UVVM_SEND_CMD    TB seq.(uvvm)       wishbone_write(WISHBONE_VVC,0, x"3", x"AB"): 'Setting address to be x55 and setting RW bit to Read ('1')'. [1211]
%%     1360412.5 ns  Log    ID_UVVM_SEND_CMD    TB seq.(uvvm)       wishbone_write(WISHBONE_VVC,0, x"4", x"90"): 'Setting STA and WR bit in command reg'. [1212]
%%     1360412.5 ns  Log    ID_UVVM_SEND_CMD    TB seq.(uvvm)       i2c_slave_transmit(I2C_VVC,2): 'Transmit data from I2C slave VVC'. [1213]
%%     1360432.5 ns  Log    ID_BFM              WISHBONE_VVC,0      wishbone_write(A:x"3", x"AB") completed. ' 'Setting address to be x55 and setting RW bit to Read ('1')'  [1211]'
%%     1360452.5 ns  Log    ID_BFM              WISHBONE_VVC,0      wishbone_write(A:x"4", x"90") completed. ' 'Setting STA and WR bit in command reg'  [1212]'
%%     1360452.5 ns  Log    ID_UVVM_SEND_CMD    TB seq.(uvvm)       wishbone_read(WISHBONE_VVC,0, x"4"): 'Read status reg'. [1215]
%%     1360472.5 ns  Log    ID_BFM              WISHBONE_VVC,0      wishbone_read(A:x"4")=> x"83". ' 'Read status reg'  [1215]'
%%     1360472.5 ns  Log    ID_UVVM_SEND_CMD    TB seq.(uvvm)       fetch_result(WISHBONE_VVC,0, 1215): 'Fetching result from I2C master DUT status register.'. [1217]
%%     1361572.5 ns  Log    ID_UVVM_SEND_CMD    TB seq.(uvvm)       wishbone_read(WISHBONE_VVC,0, x"4"): 'Read status reg'. [1218]
%%     1361592.5 ns  Log    ID_BFM              WISHBONE_VVC,0      wishbone_read(A:x"4")=> x"C3". ' 'Read status reg'  [1218]'
%%     1361592.5 ns  Log    ID_UVVM_SEND_CMD    TB seq.(uvvm)       fetch_result(WISHBONE_VVC,0, 1218): 'Fetching result from I2C master DUT status register.'. [1220]
%%     1362692.5 ns  Log    ID_UVVM_SEND_CMD    TB seq.(uvvm)       wishbone_read(WISHBONE_VVC,0, x"4"): 'Read status reg'. [1221]
%%     1362712.5 ns  Log    ID_BFM              WISHBONE_VVC,0      wishbone_read(A:x"4")=> x"C3". ' 'Read status reg'  [1221]'
%%     1362712.5 ns  Log    ID_UVVM_SEND_CMD    TB seq.(uvvm)       fetch_result(WISHBONE_VVC,0, 1221): 'Fetching result from I2C master DUT status register.'. [1223]
%%     1363812.5 ns  Log    ID_UVVM_SEND_CMD    TB seq.(uvvm)       wishbone_read(WISHBONE_VVC,0, x"4"): 'Read status reg'. [1224]
%%     1363832.5 ns  Log    ID_BFM              WISHBONE_VVC,0      wishbone_read(A:x"4")=> x"C3". ' 'Read status reg'  [1224]'
%%     1363832.5 ns  Log    ID_UVVM_SEND_CMD    TB seq.(uvvm)       fetch_result(WISHBONE_VVC,0, 1224): 'Fetching result from I2C master DUT status register.'. [1226]
%%     1364932.5 ns  Log    ID_UVVM_SEND_CMD    TB seq.(uvvm)       wishbone_read(WISHBONE_VVC,0, x"4"): 'Read status reg'. [1227]
%%     1364952.5 ns  Log    ID_BFM              WISHBONE_VVC,0      wishbone_read(A:x"4")=> x"C3". ' 'Read status reg'  [1227]'
%%     1364952.5 ns  Log    ID_UVVM_SEND_CMD    TB seq.(uvvm)       fetch_result(WISHBONE_VVC,0, 1227): 'Fetching result from I2C master DUT status register.'. [1229]
%%     1366052.5 ns  Log    ID_UVVM_SEND_CMD    TB seq.(uvvm)       wishbone_read(WISHBONE_VVC,0, x"4"): 'Read status reg'. [1230]
%%     1366072.5 ns  Log    ID_BFM              WISHBONE_VVC,0      wishbone_read(A:x"4")=> x"C3". ' 'Read status reg'  [1230]'
%%     1366072.5 ns  Log    ID_UVVM_SEND_CMD    TB seq.(uvvm)       fetch_result(WISHBONE_VVC,0, 1230): 'Fetching result from I2C master DUT status register.'. [1232]
%%     1367172.5 ns  Log    ID_UVVM_SEND_CMD    TB seq.(uvvm)       wishbone_read(WISHBONE_VVC,0, x"4"): 'Read status reg'. [1233]
%%     1367192.5 ns  Log    ID_BFM              WISHBONE_VVC,0      wishbone_read(A:x"4")=> x"C3". ' 'Read status reg'  [1233]'
%%     1367192.5 ns  Log    ID_UVVM_SEND_CMD    TB seq.(uvvm)       fetch_result(WISHBONE_VVC,0, 1233): 'Fetching result from I2C master DUT status register.'. [1235]
%%     1368292.5 ns  Log    ID_UVVM_SEND_CMD    TB seq.(uvvm)       wishbone_read(WISHBONE_VVC,0, x"4"): 'Read status reg'. [1236]
%%     1368312.5 ns  Log    ID_BFM              WISHBONE_VVC,0      wishbone_read(A:x"4")=> x"C3". ' 'Read status reg'  [1236]'
%%     1368312.5 ns  Log    ID_UVVM_SEND_CMD    TB seq.(uvvm)       fetch_result(WISHBONE_VVC,0, 1236): 'Fetching result from I2C master DUT status register.'. [1238]
%%     1369412.5 ns  Log    ID_UVVM_SEND_CMD    TB seq.(uvvm)       wishbone_read(WISHBONE_VVC,0, x"4"): 'Read status reg'. [1239]
%%     1369432.5 ns  Log    ID_BFM              WISHBONE_VVC,0      wishbone_read(A:x"4")=> x"C3". ' 'Read status reg'  [1239]'
%%     1369432.5 ns  Log    ID_UVVM_SEND_CMD    TB seq.(uvvm)       fetch_result(WISHBONE_VVC,0, 1239): 'Fetching result from I2C master DUT status register.'. [1241]
%%     1370532.5 ns  Log    ID_UVVM_SEND_CMD    TB seq.(uvvm)       wishbone_read(WISHBONE_VVC,0, x"4"): 'Read status reg'. [1242]
%%     1370552.5 ns  Log    ID_BFM              WISHBONE_VVC,0      wishbone_read(A:x"4")=> x"C3". ' 'Read status reg'  [1242]'
%%     1370552.5 ns  Log    ID_UVVM_SEND_CMD    TB seq.(uvvm)       fetch_result(WISHBONE_VVC,0, 1242): 'Fetching result from I2C master DUT status register.'. [1244]
%%     1371652.5 ns  Log    ID_UVVM_SEND_CMD    TB seq.(uvvm)       wishbone_read(WISHBONE_VVC,0, x"4"): 'Read status reg'. [1245]
%%     1371672.5 ns  Log    ID_BFM              WISHBONE_VVC,0      wishbone_read(A:x"4")=> x"41". ' 'Read status reg'  [1245]'
%%     1371672.5 ns  Log    ID_UVVM_SEND_CMD    TB seq.(uvvm)       fetch_result(WISHBONE_VVC,0, 1245): 'Fetching result from I2C master DUT status register.'. [1247]
%%     1371672.5 ns  Log    ID_UVVM_SEND_CMD    TB seq.(uvvm)       wishbone_write(WISHBONE_VVC,0, x"4", x"68"): 'Setting STO, RD and NACK bit in command reg'. [1248]
%%     1371692.5 ns  Log    ID_BFM              WISHBONE_VVC,0      wishbone_write(A:x"4", x"68") completed. ' 'Setting STO, RD and NACK bit in command reg'  [1248]'
%%     1371692.5 ns  Log    ID_UVVM_SEND_CMD    TB seq.(uvvm)       wishbone_read(WISHBONE_VVC,0, x"4"): 'Read status reg'. [1250]
%%     1371712.5 ns  Log    ID_BFM              WISHBONE_VVC,0      wishbone_read(A:x"4")=> x"43". ' 'Read status reg'  [1250]'
%%     1371712.5 ns  Log    ID_UVVM_SEND_CMD    TB seq.(uvvm)       fetch_result(WISHBONE_VVC,0, 1250): 'Fetching result from I2C master DUT status register.'. [1252]
%%     1372812.5 ns  Log    ID_UVVM_SEND_CMD    TB seq.(uvvm)       wishbone_read(WISHBONE_VVC,0, x"4"): 'Read status reg'. [1253]
%%     1372832.5 ns  Log    ID_BFM              WISHBONE_VVC,0      wishbone_read(A:x"4")=> x"43". ' 'Read status reg'  [1253]'
%%     1372832.5 ns  Log    ID_UVVM_SEND_CMD    TB seq.(uvvm)       fetch_result(WISHBONE_VVC,0, 1253): 'Fetching result from I2C master DUT status register.'. [1255]
%%     1373932.5 ns  Log    ID_UVVM_SEND_CMD    TB seq.(uvvm)       wishbone_read(WISHBONE_VVC,0, x"4"): 'Read status reg'. [1256]
%%     1373952.5 ns  Log    ID_BFM              WISHBONE_VVC,0      wishbone_read(A:x"4")=> x"43". ' 'Read status reg'  [1256]'
%%     1373952.5 ns  Log    ID_UVVM_SEND_CMD    TB seq.(uvvm)       fetch_result(WISHBONE_VVC,0, 1256): 'Fetching result from I2C master DUT status register.'. [1258]
%%     1375052.5 ns  Log    ID_UVVM_SEND_CMD    TB seq.(uvvm)       wishbone_read(WISHBONE_VVC,0, x"4"): 'Read status reg'. [1259]
%%     1375072.5 ns  Log    ID_BFM              WISHBONE_VVC,0      wishbone_read(A:x"4")=> x"43". ' 'Read status reg'  [1259]'
%%     1375072.5 ns  Log    ID_UVVM_SEND_CMD    TB seq.(uvvm)       fetch_result(WISHBONE_VVC,0, 1259): 'Fetching result from I2C master DUT status register.'. [1261]
%%     1376172.5 ns  Log    ID_UVVM_SEND_CMD    TB seq.(uvvm)       wishbone_read(WISHBONE_VVC,0, x"4"): 'Read status reg'. [1262]
%%     1376192.5 ns  Log    ID_BFM              WISHBONE_VVC,0      wishbone_read(A:x"4")=> x"43". ' 'Read status reg'  [1262]'
%%     1376192.5 ns  Log    ID_UVVM_SEND_CMD    TB seq.(uvvm)       fetch_result(WISHBONE_VVC,0, 1262): 'Fetching result from I2C master DUT status register.'. [1264]
%%     1377292.5 ns  Log    ID_UVVM_SEND_CMD    TB seq.(uvvm)       wishbone_read(WISHBONE_VVC,0, x"4"): 'Read status reg'. [1265]
%%     1377312.5 ns  Log    ID_BFM              WISHBONE_VVC,0      wishbone_read(A:x"4")=> x"43". ' 'Read status reg'  [1265]'
%%     1377312.5 ns  Log    ID_UVVM_SEND_CMD    TB seq.(uvvm)       fetch_result(WISHBONE_VVC,0, 1265): 'Fetching result from I2C master DUT status register.'. [1267]
%%     1378412.5 ns  Log    ID_UVVM_SEND_CMD    TB seq.(uvvm)       wishbone_read(WISHBONE_VVC,0, x"4"): 'Read status reg'. [1268]
%%     1378432.5 ns  Log    ID_BFM              WISHBONE_VVC,0      wishbone_read(A:x"4")=> x"43". ' 'Read status reg'  [1268]'
%%     1378432.5 ns  Log    ID_UVVM_SEND_CMD    TB seq.(uvvm)       fetch_result(WISHBONE_VVC,0, 1268): 'Fetching result from I2C master DUT status register.'. [1270]
%%     1379532.5 ns  Log    ID_UVVM_SEND_CMD    TB seq.(uvvm)       wishbone_read(WISHBONE_VVC,0, x"4"): 'Read status reg'. [1271]
%%     1379552.5 ns  Log    ID_BFM              WISHBONE_VVC,0      wishbone_read(A:x"4")=> x"43". ' 'Read status reg'  [1271]'
%%     1379552.5 ns  Log    ID_UVVM_SEND_CMD    TB seq.(uvvm)       fetch_result(WISHBONE_VVC,0, 1271): 'Fetching result from I2C master DUT status register.'. [1273]
%%     1380652.5 ns  Log    ID_UVVM_SEND_CMD    TB seq.(uvvm)       wishbone_read(WISHBONE_VVC,0, x"4"): 'Read status reg'. [1274]
%%     1380672.5 ns  Log    ID_BFM              WISHBONE_VVC,0      wishbone_read(A:x"4")=> x"43". ' 'Read status reg'  [1274]'
%%     1380672.5 ns  Log    ID_UVVM_SEND_CMD    TB seq.(uvvm)       fetch_result(WISHBONE_VVC,0, 1274): 'Fetching result from I2C master DUT status register.'. [1276]
%%     1381772.5 ns  Log    ID_UVVM_SEND_CMD    TB seq.(uvvm)       wishbone_read(WISHBONE_VVC,0, x"4"): 'Read status reg'. [1277]
%%     1381792.5 ns  Log    ID_BFM              WISHBONE_VVC,0      wishbone_read(A:x"4")=> x"C3". ' 'Read status reg'  [1277]'
%%     1381792.5 ns  Log    ID_UVVM_SEND_CMD    TB seq.(uvvm)       fetch_result(WISHBONE_VVC,0, 1277): 'Fetching result from I2C master DUT status register.'. [1279]
%%     1382590.0 ns  Log    ID_BFM              I2C_VVC,2           i2c_slave_transmit((x"21"))=> (x"21"). ' 'Transmit data from I2C slave VVC'  [1213]'
%%     1382892.5 ns  Log    ID_UVVM_SEND_CMD    TB seq.(uvvm)       wishbone_read(WISHBONE_VVC,0, x"4"): 'Read status reg'. [1280]
%%     1382912.5 ns  Log    ID_BFM              WISHBONE_VVC,0      wishbone_read(A:x"4")=> x"81". ' 'Read status reg'  [1280]'
%%     1382912.5 ns  Log    ID_UVVM_SEND_CMD    TB seq.(uvvm)       fetch_result(WISHBONE_VVC,0, 1280): 'Fetching result from I2C master DUT status register.'. [1282]
%%     1382912.5 ns  Log    ID_UVVM_SEND_CMD    TB seq.(uvvm)       wishbone_check(WISHBONE_VVC,0, x"3", x"21"): 'Checking data received from I2C VVC Slave'. [1283]
%%     1382932.5 ns  Log    ID_BFM              WISHBONE_VVC,0      wishbone_check(A:x"3", x"21")=> OK, received data = x"21". ' 'Checking data received from I2C VVC Slave'  [1283]'
%%     1382932.5 ns  Log    ID_UVVM_SEND_CMD    TB seq.(uvvm)       wishbone_write(WISHBONE_VVC,0, x"3", x"AB"): 'Setting address to be x55 and setting RW bit to Read ('1')'. [1286]
%%     1382932.5 ns  Log    ID_UVVM_SEND_CMD    TB seq.(uvvm)       wishbone_write(WISHBONE_VVC,0, x"4", x"90"): 'Setting STA and WR bit in command reg'. [1287]
%%     1382932.5 ns  Log    ID_UVVM_SEND_CMD    TB seq.(uvvm)       i2c_slave_transmit(I2C_VVC,2): 'Transmit data from I2C slave VVC'. [1288]
%%     1382952.5 ns  Log    ID_BFM              WISHBONE_VVC,0      wishbone_write(A:x"3", x"AB") completed. ' 'Setting address to be x55 and setting RW bit to Read ('1')'  [1286]'
%%     1382972.5 ns  Log    ID_BFM              WISHBONE_VVC,0      wishbone_write(A:x"4", x"90") completed. ' 'Setting STA and WR bit in command reg'  [1287]'
%%     1382972.5 ns  Log    ID_UVVM_SEND_CMD    TB seq.(uvvm)       wishbone_read(WISHBONE_VVC,0, x"4"): 'Read status reg'. [1290]
%%     1382992.5 ns  Log    ID_BFM              WISHBONE_VVC,0      wishbone_read(A:x"4")=> x"83". ' 'Read status reg'  [1290]'
%%     1382992.5 ns  Log    ID_UVVM_SEND_CMD    TB seq.(uvvm)       fetch_result(WISHBONE_VVC,0, 1290): 'Fetching result from I2C master DUT status register.'. [1292]
%%     1384092.5 ns  Log    ID_UVVM_SEND_CMD    TB seq.(uvvm)       wishbone_read(WISHBONE_VVC,0, x"4"): 'Read status reg'. [1293]
%%     1384112.5 ns  Log    ID_BFM              WISHBONE_VVC,0      wishbone_read(A:x"4")=> x"C3". ' 'Read status reg'  [1293]'
%%     1384112.5 ns  Log    ID_UVVM_SEND_CMD    TB seq.(uvvm)       fetch_result(WISHBONE_VVC,0, 1293): 'Fetching result from I2C master DUT status register.'. [1295]
%%     1385212.5 ns  Log    ID_UVVM_SEND_CMD    TB seq.(uvvm)       wishbone_read(WISHBONE_VVC,0, x"4"): 'Read status reg'. [1296]
%%     1385232.5 ns  Log    ID_BFM              WISHBONE_VVC,0      wishbone_read(A:x"4")=> x"C3". ' 'Read status reg'  [1296]'
%%     1385232.5 ns  Log    ID_UVVM_SEND_CMD    TB seq.(uvvm)       fetch_result(WISHBONE_VVC,0, 1296): 'Fetching result from I2C master DUT status register.'. [1298]
%%     1386332.5 ns  Log    ID_UVVM_SEND_CMD    TB seq.(uvvm)       wishbone_read(WISHBONE_VVC,0, x"4"): 'Read status reg'. [1299]
%%     1386352.5 ns  Log    ID_BFM              WISHBONE_VVC,0      wishbone_read(A:x"4")=> x"C3". ' 'Read status reg'  [1299]'
%%     1386352.5 ns  Log    ID_UVVM_SEND_CMD    TB seq.(uvvm)       fetch_result(WISHBONE_VVC,0, 1299): 'Fetching result from I2C master DUT status register.'. [1301]
%%     1387452.5 ns  Log    ID_UVVM_SEND_CMD    TB seq.(uvvm)       wishbone_read(WISHBONE_VVC,0, x"4"): 'Read status reg'. [1302]
%%     1387472.5 ns  Log    ID_BFM              WISHBONE_VVC,0      wishbone_read(A:x"4")=> x"C3". ' 'Read status reg'  [1302]'
%%     1387472.5 ns  Log    ID_UVVM_SEND_CMD    TB seq.(uvvm)       fetch_result(WISHBONE_VVC,0, 1302): 'Fetching result from I2C master DUT status register.'. [1304]
%%     1388572.5 ns  Log    ID_UVVM_SEND_CMD    TB seq.(uvvm)       wishbone_read(WISHBONE_VVC,0, x"4"): 'Read status reg'. [1305]
%%     1388592.5 ns  Log    ID_BFM              WISHBONE_VVC,0      wishbone_read(A:x"4")=> x"C3". ' 'Read status reg'  [1305]'
%%     1388592.5 ns  Log    ID_UVVM_SEND_CMD    TB seq.(uvvm)       fetch_result(WISHBONE_VVC,0, 1305): 'Fetching result from I2C master DUT status register.'. [1307]
%%     1389692.5 ns  Log    ID_UVVM_SEND_CMD    TB seq.(uvvm)       wishbone_read(WISHBONE_VVC,0, x"4"): 'Read status reg'. [1308]
%%     1389712.5 ns  Log    ID_BFM              WISHBONE_VVC,0      wishbone_read(A:x"4")=> x"C3". ' 'Read status reg'  [1308]'
%%     1389712.5 ns  Log    ID_UVVM_SEND_CMD    TB seq.(uvvm)       fetch_result(WISHBONE_VVC,0, 1308): 'Fetching result from I2C master DUT status register.'. [1310]
%%     1390812.5 ns  Log    ID_UVVM_SEND_CMD    TB seq.(uvvm)       wishbone_read(WISHBONE_VVC,0, x"4"): 'Read status reg'. [1311]
%%     1390832.5 ns  Log    ID_BFM              WISHBONE_VVC,0      wishbone_read(A:x"4")=> x"C3". ' 'Read status reg'  [1311]'
%%     1390832.5 ns  Log    ID_UVVM_SEND_CMD    TB seq.(uvvm)       fetch_result(WISHBONE_VVC,0, 1311): 'Fetching result from I2C master DUT status register.'. [1313]
%%     1391932.5 ns  Log    ID_UVVM_SEND_CMD    TB seq.(uvvm)       wishbone_read(WISHBONE_VVC,0, x"4"): 'Read status reg'. [1314]
%%     1391952.5 ns  Log    ID_BFM              WISHBONE_VVC,0      wishbone_read(A:x"4")=> x"C3". ' 'Read status reg'  [1314]'
%%     1391952.5 ns  Log    ID_UVVM_SEND_CMD    TB seq.(uvvm)       fetch_result(WISHBONE_VVC,0, 1314): 'Fetching result from I2C master DUT status register.'. [1316]
%%     1393052.5 ns  Log    ID_UVVM_SEND_CMD    TB seq.(uvvm)       wishbone_read(WISHBONE_VVC,0, x"4"): 'Read status reg'. [1317]
%%     1393072.5 ns  Log    ID_BFM              WISHBONE_VVC,0      wishbone_read(A:x"4")=> x"C3". ' 'Read status reg'  [1317]'
%%     1393072.5 ns  Log    ID_UVVM_SEND_CMD    TB seq.(uvvm)       fetch_result(WISHBONE_VVC,0, 1317): 'Fetching result from I2C master DUT status register.'. [1319]
%%     1394172.5 ns  Log    ID_UVVM_SEND_CMD    TB seq.(uvvm)       wishbone_read(WISHBONE_VVC,0, x"4"): 'Read status reg'. [1320]
%%     1394192.5 ns  Log    ID_BFM              WISHBONE_VVC,0      wishbone_read(A:x"4")=> x"41". ' 'Read status reg'  [1320]'
%%     1394192.5 ns  Log    ID_UVVM_SEND_CMD    TB seq.(uvvm)       fetch_result(WISHBONE_VVC,0, 1320): 'Fetching result from I2C master DUT status register.'. [1322]
%%     1394192.5 ns  Log    ID_UVVM_SEND_CMD    TB seq.(uvvm)       wishbone_write(WISHBONE_VVC,0, x"4", x"68"): 'Setting STO, RD and NACK bit in command reg'. [1323]
%%     1394212.5 ns  Log    ID_BFM              WISHBONE_VVC,0      wishbone_write(A:x"4", x"68") completed. ' 'Setting STO, RD and NACK bit in command reg'  [1323]'
%%     1394212.5 ns  Log    ID_UVVM_SEND_CMD    TB seq.(uvvm)       wishbone_read(WISHBONE_VVC,0, x"4"): 'Read status reg'. [1325]
%%     1394232.5 ns  Log    ID_BFM              WISHBONE_VVC,0      wishbone_read(A:x"4")=> x"43". ' 'Read status reg'  [1325]'
%%     1394232.5 ns  Log    ID_UVVM_SEND_CMD    TB seq.(uvvm)       fetch_result(WISHBONE_VVC,0, 1325): 'Fetching result from I2C master DUT status register.'. [1327]
%%     1395332.5 ns  Log    ID_UVVM_SEND_CMD    TB seq.(uvvm)       wishbone_read(WISHBONE_VVC,0, x"4"): 'Read status reg'. [1328]
%%     1395352.5 ns  Log    ID_BFM              WISHBONE_VVC,0      wishbone_read(A:x"4")=> x"43". ' 'Read status reg'  [1328]'
%%     1395352.5 ns  Log    ID_UVVM_SEND_CMD    TB seq.(uvvm)       fetch_result(WISHBONE_VVC,0, 1328): 'Fetching result from I2C master DUT status register.'. [1330]
%%     1396452.5 ns  Log    ID_UVVM_SEND_CMD    TB seq.(uvvm)       wishbone_read(WISHBONE_VVC,0, x"4"): 'Read status reg'. [1331]
%%     1396472.5 ns  Log    ID_BFM              WISHBONE_VVC,0      wishbone_read(A:x"4")=> x"43". ' 'Read status reg'  [1331]'
%%     1396472.5 ns  Log    ID_UVVM_SEND_CMD    TB seq.(uvvm)       fetch_result(WISHBONE_VVC,0, 1331): 'Fetching result from I2C master DUT status register.'. [1333]
%%     1397572.5 ns  Log    ID_UVVM_SEND_CMD    TB seq.(uvvm)       wishbone_read(WISHBONE_VVC,0, x"4"): 'Read status reg'. [1334]
%%     1397592.5 ns  Log    ID_BFM              WISHBONE_VVC,0      wishbone_read(A:x"4")=> x"43". ' 'Read status reg'  [1334]'
%%     1397592.5 ns  Log    ID_UVVM_SEND_CMD    TB seq.(uvvm)       fetch_result(WISHBONE_VVC,0, 1334): 'Fetching result from I2C master DUT status register.'. [1336]
%%     1398692.5 ns  Log    ID_UVVM_SEND_CMD    TB seq.(uvvm)       wishbone_read(WISHBONE_VVC,0, x"4"): 'Read status reg'. [1337]
%%     1398712.5 ns  Log    ID_BFM              WISHBONE_VVC,0      wishbone_read(A:x"4")=> x"43". ' 'Read status reg'  [1337]'
%%     1398712.5 ns  Log    ID_UVVM_SEND_CMD    TB seq.(uvvm)       fetch_result(WISHBONE_VVC,0, 1337): 'Fetching result from I2C master DUT status register.'. [1339]
%%     1399812.5 ns  Log    ID_UVVM_SEND_CMD    TB seq.(uvvm)       wishbone_read(WISHBONE_VVC,0, x"4"): 'Read status reg'. [1340]
%%     1399832.5 ns  Log    ID_BFM              WISHBONE_VVC,0      wishbone_read(A:x"4")=> x"43". ' 'Read status reg'  [1340]'
%%     1399832.5 ns  Log    ID_UVVM_SEND_CMD    TB seq.(uvvm)       fetch_result(WISHBONE_VVC,0, 1340): 'Fetching result from I2C master DUT status register.'. [1342]
%%     1400932.5 ns  Log    ID_UVVM_SEND_CMD    TB seq.(uvvm)       wishbone_read(WISHBONE_VVC,0, x"4"): 'Read status reg'. [1343]
%%     1400952.5 ns  Log    ID_BFM              WISHBONE_VVC,0      wishbone_read(A:x"4")=> x"43". ' 'Read status reg'  [1343]'
%%     1400952.5 ns  Log    ID_UVVM_SEND_CMD    TB seq.(uvvm)       fetch_result(WISHBONE_VVC,0, 1343): 'Fetching result from I2C master DUT status register.'. [1345]
%%     1402052.5 ns  Log    ID_UVVM_SEND_CMD    TB seq.(uvvm)       wishbone_read(WISHBONE_VVC,0, x"4"): 'Read status reg'. [1346]
%%     1402072.5 ns  Log    ID_BFM              WISHBONE_VVC,0      wishbone_read(A:x"4")=> x"43". ' 'Read status reg'  [1346]'
%%     1402072.5 ns  Log    ID_UVVM_SEND_CMD    TB seq.(uvvm)       fetch_result(WISHBONE_VVC,0, 1346): 'Fetching result from I2C master DUT status register.'. [1348]
%%     1403172.5 ns  Log    ID_UVVM_SEND_CMD    TB seq.(uvvm)       wishbone_read(WISHBONE_VVC,0, x"4"): 'Read status reg'. [1349]
%%     1403192.5 ns  Log    ID_BFM              WISHBONE_VVC,0      wishbone_read(A:x"4")=> x"43". ' 'Read status reg'  [1349]'
%%     1403192.5 ns  Log    ID_UVVM_SEND_CMD    TB seq.(uvvm)       fetch_result(WISHBONE_VVC,0, 1349): 'Fetching result from I2C master DUT status register.'. [1351]
%%     1404292.5 ns  Log    ID_UVVM_SEND_CMD    TB seq.(uvvm)       wishbone_read(WISHBONE_VVC,0, x"4"): 'Read status reg'. [1352]
%%     1404312.5 ns  Log    ID_BFM              WISHBONE_VVC,0      wishbone_read(A:x"4")=> x"C3". ' 'Read status reg'  [1352]'
%%     1404312.5 ns  Log    ID_UVVM_SEND_CMD    TB seq.(uvvm)       fetch_result(WISHBONE_VVC,0, 1352): 'Fetching result from I2C master DUT status register.'. [1354]
%%     1405090.0 ns  Log    ID_BFM              I2C_VVC,2           i2c_slave_transmit((x"92"))=> (x"92"). ' 'Transmit data from I2C slave VVC'  [1288]'
%%     1405412.5 ns  Log    ID_UVVM_SEND_CMD    TB seq.(uvvm)       wishbone_read(WISHBONE_VVC,0, x"4"): 'Read status reg'. [1355]
%%     1405432.5 ns  Log    ID_BFM              WISHBONE_VVC,0      wishbone_read(A:x"4")=> x"81". ' 'Read status reg'  [1355]'
%%     1405432.5 ns  Log    ID_UVVM_SEND_CMD    TB seq.(uvvm)       fetch_result(WISHBONE_VVC,0, 1355): 'Fetching result from I2C master DUT status register.'. [1357]
%%     1405432.5 ns  Log    ID_UVVM_SEND_CMD    TB seq.(uvvm)       wishbone_check(WISHBONE_VVC,0, x"3", x"92"): 'Checking data received from I2C VVC Slave'. [1358]
%%     1405452.5 ns  Log    ID_BFM              WISHBONE_VVC,0      wishbone_check(A:x"3", x"92")=> OK, received data = x"92". ' 'Checking data received from I2C VVC Slave'  [1358]'
%%     1405452.5 ns  Log    ID_UVVM_SEND_CMD    TB seq.(uvvm)       wishbone_write(WISHBONE_VVC,0, x"3", x"AB"): 'Setting address to be x55 and setting RW bit to Read ('1')'. [1361]
%%     1405452.5 ns  Log    ID_UVVM_SEND_CMD    TB seq.(uvvm)       wishbone_write(WISHBONE_VVC,0, x"4", x"90"): 'Setting STA and WR bit in command reg'. [1362]
%%     1405452.5 ns  Log    ID_UVVM_SEND_CMD    TB seq.(uvvm)       i2c_slave_transmit(I2C_VVC,2): 'Transmit data from I2C slave VVC'. [1363]
%%     1405472.5 ns  Log    ID_BFM              WISHBONE_VVC,0      wishbone_write(A:x"3", x"AB") completed. ' 'Setting address to be x55 and setting RW bit to Read ('1')'  [1361]'
%%     1405492.5 ns  Log    ID_BFM              WISHBONE_VVC,0      wishbone_write(A:x"4", x"90") completed. ' 'Setting STA and WR bit in command reg'  [1362]'
%%     1405492.5 ns  Log    ID_UVVM_SEND_CMD    TB seq.(uvvm)       wishbone_read(WISHBONE_VVC,0, x"4"): 'Read status reg'. [1365]
%%     1405512.5 ns  Log    ID_BFM              WISHBONE_VVC,0      wishbone_read(A:x"4")=> x"83". ' 'Read status reg'  [1365]'
%%     1405512.5 ns  Log    ID_UVVM_SEND_CMD    TB seq.(uvvm)       fetch_result(WISHBONE_VVC,0, 1365): 'Fetching result from I2C master DUT status register.'. [1367]
%%     1406612.5 ns  Log    ID_UVVM_SEND_CMD    TB seq.(uvvm)       wishbone_read(WISHBONE_VVC,0, x"4"): 'Read status reg'. [1368]
%%     1406632.5 ns  Log    ID_BFM              WISHBONE_VVC,0      wishbone_read(A:x"4")=> x"C3". ' 'Read status reg'  [1368]'
%%     1406632.5 ns  Log    ID_UVVM_SEND_CMD    TB seq.(uvvm)       fetch_result(WISHBONE_VVC,0, 1368): 'Fetching result from I2C master DUT status register.'. [1370]
%%     1407732.5 ns  Log    ID_UVVM_SEND_CMD    TB seq.(uvvm)       wishbone_read(WISHBONE_VVC,0, x"4"): 'Read status reg'. [1371]
%%     1407752.5 ns  Log    ID_BFM              WISHBONE_VVC,0      wishbone_read(A:x"4")=> x"C3". ' 'Read status reg'  [1371]'
%%     1407752.5 ns  Log    ID_UVVM_SEND_CMD    TB seq.(uvvm)       fetch_result(WISHBONE_VVC,0, 1371): 'Fetching result from I2C master DUT status register.'. [1373]
%%     1408852.5 ns  Log    ID_UVVM_SEND_CMD    TB seq.(uvvm)       wishbone_read(WISHBONE_VVC,0, x"4"): 'Read status reg'. [1374]
%%     1408872.5 ns  Log    ID_BFM              WISHBONE_VVC,0      wishbone_read(A:x"4")=> x"C3". ' 'Read status reg'  [1374]'
%%     1408872.5 ns  Log    ID_UVVM_SEND_CMD    TB seq.(uvvm)       fetch_result(WISHBONE_VVC,0, 1374): 'Fetching result from I2C master DUT status register.'. [1376]
%%     1409972.5 ns  Log    ID_UVVM_SEND_CMD    TB seq.(uvvm)       wishbone_read(WISHBONE_VVC,0, x"4"): 'Read status reg'. [1377]
%%     1409992.5 ns  Log    ID_BFM              WISHBONE_VVC,0      wishbone_read(A:x"4")=> x"C3". ' 'Read status reg'  [1377]'
%%     1409992.5 ns  Log    ID_UVVM_SEND_CMD    TB seq.(uvvm)       fetch_result(WISHBONE_VVC,0, 1377): 'Fetching result from I2C master DUT status register.'. [1379]
%%     1411092.5 ns  Log    ID_UVVM_SEND_CMD    TB seq.(uvvm)       wishbone_read(WISHBONE_VVC,0, x"4"): 'Read status reg'. [1380]
%%     1411112.5 ns  Log    ID_BFM              WISHBONE_VVC,0      wishbone_read(A:x"4")=> x"C3". ' 'Read status reg'  [1380]'
%%     1411112.5 ns  Log    ID_UVVM_SEND_CMD    TB seq.(uvvm)       fetch_result(WISHBONE_VVC,0, 1380): 'Fetching result from I2C master DUT status register.'. [1382]
%%     1412212.5 ns  Log    ID_UVVM_SEND_CMD    TB seq.(uvvm)       wishbone_read(WISHBONE_VVC,0, x"4"): 'Read status reg'. [1383]
%%     1412232.5 ns  Log    ID_BFM              WISHBONE_VVC,0      wishbone_read(A:x"4")=> x"C3". ' 'Read status reg'  [1383]'
%%     1412232.5 ns  Log    ID_UVVM_SEND_CMD    TB seq.(uvvm)       fetch_result(WISHBONE_VVC,0, 1383): 'Fetching result from I2C master DUT status register.'. [1385]
%%     1413332.5 ns  Log    ID_UVVM_SEND_CMD    TB seq.(uvvm)       wishbone_read(WISHBONE_VVC,0, x"4"): 'Read status reg'. [1386]
%%     1413352.5 ns  Log    ID_BFM              WISHBONE_VVC,0      wishbone_read(A:x"4")=> x"C3". ' 'Read status reg'  [1386]'
%%     1413352.5 ns  Log    ID_UVVM_SEND_CMD    TB seq.(uvvm)       fetch_result(WISHBONE_VVC,0, 1386): 'Fetching result from I2C master DUT status register.'. [1388]
%%     1414452.5 ns  Log    ID_UVVM_SEND_CMD    TB seq.(uvvm)       wishbone_read(WISHBONE_VVC,0, x"4"): 'Read status reg'. [1389]
%%     1414472.5 ns  Log    ID_BFM              WISHBONE_VVC,0      wishbone_read(A:x"4")=> x"C3". ' 'Read status reg'  [1389]'
%%     1414472.5 ns  Log    ID_UVVM_SEND_CMD    TB seq.(uvvm)       fetch_result(WISHBONE_VVC,0, 1389): 'Fetching result from I2C master DUT status register.'. [1391]
%%     1415572.5 ns  Log    ID_UVVM_SEND_CMD    TB seq.(uvvm)       wishbone_read(WISHBONE_VVC,0, x"4"): 'Read status reg'. [1392]
%%     1415592.5 ns  Log    ID_BFM              WISHBONE_VVC,0      wishbone_read(A:x"4")=> x"C3". ' 'Read status reg'  [1392]'
%%     1415592.5 ns  Log    ID_UVVM_SEND_CMD    TB seq.(uvvm)       fetch_result(WISHBONE_VVC,0, 1392): 'Fetching result from I2C master DUT status register.'. [1394]
%%     1416692.5 ns  Log    ID_UVVM_SEND_CMD    TB seq.(uvvm)       wishbone_read(WISHBONE_VVC,0, x"4"): 'Read status reg'. [1395]
%%     1416712.5 ns  Log    ID_BFM              WISHBONE_VVC,0      wishbone_read(A:x"4")=> x"41". ' 'Read status reg'  [1395]'
%%     1416712.5 ns  Log    ID_UVVM_SEND_CMD    TB seq.(uvvm)       fetch_result(WISHBONE_VVC,0, 1395): 'Fetching result from I2C master DUT status register.'. [1397]
%%     1416712.5 ns  Log    ID_UVVM_SEND_CMD    TB seq.(uvvm)       wishbone_write(WISHBONE_VVC,0, x"4", x"68"): 'Setting STO, RD and NACK bit in command reg'. [1398]
%%     1416732.5 ns  Log    ID_BFM              WISHBONE_VVC,0      wishbone_write(A:x"4", x"68") completed. ' 'Setting STO, RD and NACK bit in command reg'  [1398]'
%%     1416732.5 ns  Log    ID_UVVM_SEND_CMD    TB seq.(uvvm)       wishbone_read(WISHBONE_VVC,0, x"4"): 'Read status reg'. [1400]
%%     1416752.5 ns  Log    ID_BFM              WISHBONE_VVC,0      wishbone_read(A:x"4")=> x"43". ' 'Read status reg'  [1400]'
%%     1416752.5 ns  Log    ID_UVVM_SEND_CMD    TB seq.(uvvm)       fetch_result(WISHBONE_VVC,0, 1400): 'Fetching result from I2C master DUT status register.'. [1402]
%%     1417852.5 ns  Log    ID_UVVM_SEND_CMD    TB seq.(uvvm)       wishbone_read(WISHBONE_VVC,0, x"4"): 'Read status reg'. [1403]
%%     1417872.5 ns  Log    ID_BFM              WISHBONE_VVC,0      wishbone_read(A:x"4")=> x"43". ' 'Read status reg'  [1403]'
%%     1417872.5 ns  Log    ID_UVVM_SEND_CMD    TB seq.(uvvm)       fetch_result(WISHBONE_VVC,0, 1403): 'Fetching result from I2C master DUT status register.'. [1405]
%%     1418972.5 ns  Log    ID_UVVM_SEND_CMD    TB seq.(uvvm)       wishbone_read(WISHBONE_VVC,0, x"4"): 'Read status reg'. [1406]
%%     1418992.5 ns  Log    ID_BFM              WISHBONE_VVC,0      wishbone_read(A:x"4")=> x"43". ' 'Read status reg'  [1406]'
%%     1418992.5 ns  Log    ID_UVVM_SEND_CMD    TB seq.(uvvm)       fetch_result(WISHBONE_VVC,0, 1406): 'Fetching result from I2C master DUT status register.'. [1408]
%%     1420092.5 ns  Log    ID_UVVM_SEND_CMD    TB seq.(uvvm)       wishbone_read(WISHBONE_VVC,0, x"4"): 'Read status reg'. [1409]
%%     1420112.5 ns  Log    ID_BFM              WISHBONE_VVC,0      wishbone_read(A:x"4")=> x"43". ' 'Read status reg'  [1409]'
%%     1420112.5 ns  Log    ID_UVVM_SEND_CMD    TB seq.(uvvm)       fetch_result(WISHBONE_VVC,0, 1409): 'Fetching result from I2C master DUT status register.'. [1411]
%%     1421212.5 ns  Log    ID_UVVM_SEND_CMD    TB seq.(uvvm)       wishbone_read(WISHBONE_VVC,0, x"4"): 'Read status reg'. [1412]
%%     1421232.5 ns  Log    ID_BFM              WISHBONE_VVC,0      wishbone_read(A:x"4")=> x"43". ' 'Read status reg'  [1412]'
%%     1421232.5 ns  Log    ID_UVVM_SEND_CMD    TB seq.(uvvm)       fetch_result(WISHBONE_VVC,0, 1412): 'Fetching result from I2C master DUT status register.'. [1414]
%%     1422332.5 ns  Log    ID_UVVM_SEND_CMD    TB seq.(uvvm)       wishbone_read(WISHBONE_VVC,0, x"4"): 'Read status reg'. [1415]
%%     1422352.5 ns  Log    ID_BFM              WISHBONE_VVC,0      wishbone_read(A:x"4")=> x"43". ' 'Read status reg'  [1415]'
%%     1422352.5 ns  Log    ID_UVVM_SEND_CMD    TB seq.(uvvm)       fetch_result(WISHBONE_VVC,0, 1415): 'Fetching result from I2C master DUT status register.'. [1417]
%%     1423452.5 ns  Log    ID_UVVM_SEND_CMD    TB seq.(uvvm)       wishbone_read(WISHBONE_VVC,0, x"4"): 'Read status reg'. [1418]
%%     1423472.5 ns  Log    ID_BFM              WISHBONE_VVC,0      wishbone_read(A:x"4")=> x"43". ' 'Read status reg'  [1418]'
%%     1423472.5 ns  Log    ID_UVVM_SEND_CMD    TB seq.(uvvm)       fetch_result(WISHBONE_VVC,0, 1418): 'Fetching result from I2C master DUT status register.'. [1420]
%%     1424572.5 ns  Log    ID_UVVM_SEND_CMD    TB seq.(uvvm)       wishbone_read(WISHBONE_VVC,0, x"4"): 'Read status reg'. [1421]
%%     1424592.5 ns  Log    ID_BFM              WISHBONE_VVC,0      wishbone_read(A:x"4")=> x"43". ' 'Read status reg'  [1421]'
%%     1424592.5 ns  Log    ID_UVVM_SEND_CMD    TB seq.(uvvm)       fetch_result(WISHBONE_VVC,0, 1421): 'Fetching result from I2C master DUT status register.'. [1423]
%%     1425692.5 ns  Log    ID_UVVM_SEND_CMD    TB seq.(uvvm)       wishbone_read(WISHBONE_VVC,0, x"4"): 'Read status reg'. [1424]
%%     1425712.5 ns  Log    ID_BFM              WISHBONE_VVC,0      wishbone_read(A:x"4")=> x"43". ' 'Read status reg'  [1424]'
%%     1425712.5 ns  Log    ID_UVVM_SEND_CMD    TB seq.(uvvm)       fetch_result(WISHBONE_VVC,0, 1424): 'Fetching result from I2C master DUT status register.'. [1426]
%%     1426812.5 ns  Log    ID_UVVM_SEND_CMD    TB seq.(uvvm)       wishbone_read(WISHBONE_VVC,0, x"4"): 'Read status reg'. [1427]
%%     1426832.5 ns  Log    ID_BFM              WISHBONE_VVC,0      wishbone_read(A:x"4")=> x"C3". ' 'Read status reg'  [1427]'
%%     1426832.5 ns  Log    ID_UVVM_SEND_CMD    TB seq.(uvvm)       fetch_result(WISHBONE_VVC,0, 1427): 'Fetching result from I2C master DUT status register.'. [1429]
%%     1427590.0 ns  Log    ID_BFM              I2C_VVC,2           i2c_slave_transmit((x"60"))=> (x"60"). ' 'Transmit data from I2C slave VVC'  [1363]'
%%     1427932.5 ns  Log    ID_UVVM_SEND_CMD    TB seq.(uvvm)       wishbone_read(WISHBONE_VVC,0, x"4"): 'Read status reg'. [1430]
%%     1427952.5 ns  Log    ID_BFM              WISHBONE_VVC,0      wishbone_read(A:x"4")=> x"81". ' 'Read status reg'  [1430]'
%%     1427952.5 ns  Log    ID_UVVM_SEND_CMD    TB seq.(uvvm)       fetch_result(WISHBONE_VVC,0, 1430): 'Fetching result from I2C master DUT status register.'. [1432]
%%     1427952.5 ns  Log    ID_UVVM_SEND_CMD    TB seq.(uvvm)       wishbone_check(WISHBONE_VVC,0, x"3", x"60"): 'Checking data received from I2C VVC Slave'. [1433]
%%     1427972.5 ns  Log    ID_BFM              WISHBONE_VVC,0      wishbone_check(A:x"3", x"60")=> OK, received data = x"60". ' 'Checking data received from I2C VVC Slave'  [1433]'
%%     1427972.5 ns  Log    ID_UVVM_SEND_CMD    TB seq.(uvvm)       wishbone_write(WISHBONE_VVC,0, x"3", x"AB"): 'Setting address to be x55 and setting RW bit to Read ('1')'. [1436]
%%     1427972.5 ns  Log    ID_UVVM_SEND_CMD    TB seq.(uvvm)       wishbone_write(WISHBONE_VVC,0, x"4", x"90"): 'Setting STA and WR bit in command reg'. [1437]
%%     1427972.5 ns  Log    ID_UVVM_SEND_CMD    TB seq.(uvvm)       i2c_slave_transmit(I2C_VVC,2): 'Transmit data from I2C slave VVC'. [1438]
%%     1427992.5 ns  Log    ID_BFM              WISHBONE_VVC,0      wishbone_write(A:x"3", x"AB") completed. ' 'Setting address to be x55 and setting RW bit to Read ('1')'  [1436]'
%%     1428012.5 ns  Log    ID_BFM              WISHBONE_VVC,0      wishbone_write(A:x"4", x"90") completed. ' 'Setting STA and WR bit in command reg'  [1437]'
%%     1428012.5 ns  Log    ID_UVVM_SEND_CMD    TB seq.(uvvm)       wishbone_read(WISHBONE_VVC,0, x"4"): 'Read status reg'. [1440]
%%     1428032.5 ns  Log    ID_BFM              WISHBONE_VVC,0      wishbone_read(A:x"4")=> x"83". ' 'Read status reg'  [1440]'
%%     1428032.5 ns  Log    ID_UVVM_SEND_CMD    TB seq.(uvvm)       fetch_result(WISHBONE_VVC,0, 1440): 'Fetching result from I2C master DUT status register.'. [1442]
%%     1429132.5 ns  Log    ID_UVVM_SEND_CMD    TB seq.(uvvm)       wishbone_read(WISHBONE_VVC,0, x"4"): 'Read status reg'. [1443]
%%     1429152.5 ns  Log    ID_BFM              WISHBONE_VVC,0      wishbone_read(A:x"4")=> x"C3". ' 'Read status reg'  [1443]'
%%     1429152.5 ns  Log    ID_UVVM_SEND_CMD    TB seq.(uvvm)       fetch_result(WISHBONE_VVC,0, 1443): 'Fetching result from I2C master DUT status register.'. [1445]
%%     1430252.5 ns  Log    ID_UVVM_SEND_CMD    TB seq.(uvvm)       wishbone_read(WISHBONE_VVC,0, x"4"): 'Read status reg'. [1446]
%%     1430272.5 ns  Log    ID_BFM              WISHBONE_VVC,0      wishbone_read(A:x"4")=> x"C3". ' 'Read status reg'  [1446]'
%%     1430272.5 ns  Log    ID_UVVM_SEND_CMD    TB seq.(uvvm)       fetch_result(WISHBONE_VVC,0, 1446): 'Fetching result from I2C master DUT status register.'. [1448]
%%     1431372.5 ns  Log    ID_UVVM_SEND_CMD    TB seq.(uvvm)       wishbone_read(WISHBONE_VVC,0, x"4"): 'Read status reg'. [1449]
%%     1431392.5 ns  Log    ID_BFM              WISHBONE_VVC,0      wishbone_read(A:x"4")=> x"C3". ' 'Read status reg'  [1449]'
%%     1431392.5 ns  Log    ID_UVVM_SEND_CMD    TB seq.(uvvm)       fetch_result(WISHBONE_VVC,0, 1449): 'Fetching result from I2C master DUT status register.'. [1451]
%%     1432492.5 ns  Log    ID_UVVM_SEND_CMD    TB seq.(uvvm)       wishbone_read(WISHBONE_VVC,0, x"4"): 'Read status reg'. [1452]
%%     1432512.5 ns  Log    ID_BFM              WISHBONE_VVC,0      wishbone_read(A:x"4")=> x"C3". ' 'Read status reg'  [1452]'
%%     1432512.5 ns  Log    ID_UVVM_SEND_CMD    TB seq.(uvvm)       fetch_result(WISHBONE_VVC,0, 1452): 'Fetching result from I2C master DUT status register.'. [1454]
%%     1433612.5 ns  Log    ID_UVVM_SEND_CMD    TB seq.(uvvm)       wishbone_read(WISHBONE_VVC,0, x"4"): 'Read status reg'. [1455]
%%     1433632.5 ns  Log    ID_BFM              WISHBONE_VVC,0      wishbone_read(A:x"4")=> x"C3". ' 'Read status reg'  [1455]'
%%     1433632.5 ns  Log    ID_UVVM_SEND_CMD    TB seq.(uvvm)       fetch_result(WISHBONE_VVC,0, 1455): 'Fetching result from I2C master DUT status register.'. [1457]
%%     1434732.5 ns  Log    ID_UVVM_SEND_CMD    TB seq.(uvvm)       wishbone_read(WISHBONE_VVC,0, x"4"): 'Read status reg'. [1458]
%%     1434752.5 ns  Log    ID_BFM              WISHBONE_VVC,0      wishbone_read(A:x"4")=> x"C3". ' 'Read status reg'  [1458]'
%%     1434752.5 ns  Log    ID_UVVM_SEND_CMD    TB seq.(uvvm)       fetch_result(WISHBONE_VVC,0, 1458): 'Fetching result from I2C master DUT status register.'. [1460]
%%     1435852.5 ns  Log    ID_UVVM_SEND_CMD    TB seq.(uvvm)       wishbone_read(WISHBONE_VVC,0, x"4"): 'Read status reg'. [1461]
%%     1435872.5 ns  Log    ID_BFM              WISHBONE_VVC,0      wishbone_read(A:x"4")=> x"C3". ' 'Read status reg'  [1461]'
%%     1435872.5 ns  Log    ID_UVVM_SEND_CMD    TB seq.(uvvm)       fetch_result(WISHBONE_VVC,0, 1461): 'Fetching result from I2C master DUT status register.'. [1463]
%%     1436972.5 ns  Log    ID_UVVM_SEND_CMD    TB seq.(uvvm)       wishbone_read(WISHBONE_VVC,0, x"4"): 'Read status reg'. [1464]
%%     1436992.5 ns  Log    ID_BFM              WISHBONE_VVC,0      wishbone_read(A:x"4")=> x"C3". ' 'Read status reg'  [1464]'
%%     1436992.5 ns  Log    ID_UVVM_SEND_CMD    TB seq.(uvvm)       fetch_result(WISHBONE_VVC,0, 1464): 'Fetching result from I2C master DUT status register.'. [1466]
%%     1438092.5 ns  Log    ID_UVVM_SEND_CMD    TB seq.(uvvm)       wishbone_read(WISHBONE_VVC,0, x"4"): 'Read status reg'. [1467]
%%     1438112.5 ns  Log    ID_BFM              WISHBONE_VVC,0      wishbone_read(A:x"4")=> x"C3". ' 'Read status reg'  [1467]'
%%     1438112.5 ns  Log    ID_UVVM_SEND_CMD    TB seq.(uvvm)       fetch_result(WISHBONE_VVC,0, 1467): 'Fetching result from I2C master DUT status register.'. [1469]
%%     1439212.5 ns  Log    ID_UVVM_SEND_CMD    TB seq.(uvvm)       wishbone_read(WISHBONE_VVC,0, x"4"): 'Read status reg'. [1470]
%%     1439232.5 ns  Log    ID_BFM              WISHBONE_VVC,0      wishbone_read(A:x"4")=> x"41". ' 'Read status reg'  [1470]'
%%     1439232.5 ns  Log    ID_UVVM_SEND_CMD    TB seq.(uvvm)       fetch_result(WISHBONE_VVC,0, 1470): 'Fetching result from I2C master DUT status register.'. [1472]
%%     1439232.5 ns  Log    ID_UVVM_SEND_CMD    TB seq.(uvvm)       wishbone_write(WISHBONE_VVC,0, x"4", x"68"): 'Setting STO, RD and NACK bit in command reg'. [1473]
%%     1439252.5 ns  Log    ID_BFM              WISHBONE_VVC,0      wishbone_write(A:x"4", x"68") completed. ' 'Setting STO, RD and NACK bit in command reg'  [1473]'
%%     1439252.5 ns  Log    ID_UVVM_SEND_CMD    TB seq.(uvvm)       wishbone_read(WISHBONE_VVC,0, x"4"): 'Read status reg'. [1475]
%%     1439272.5 ns  Log    ID_BFM              WISHBONE_VVC,0      wishbone_read(A:x"4")=> x"43". ' 'Read status reg'  [1475]'
%%     1439272.5 ns  Log    ID_UVVM_SEND_CMD    TB seq.(uvvm)       fetch_result(WISHBONE_VVC,0, 1475): 'Fetching result from I2C master DUT status register.'. [1477]
%%     1440372.5 ns  Log    ID_UVVM_SEND_CMD    TB seq.(uvvm)       wishbone_read(WISHBONE_VVC,0, x"4"): 'Read status reg'. [1478]
%%     1440392.5 ns  Log    ID_BFM              WISHBONE_VVC,0      wishbone_read(A:x"4")=> x"43". ' 'Read status reg'  [1478]'
%%     1440392.5 ns  Log    ID_UVVM_SEND_CMD    TB seq.(uvvm)       fetch_result(WISHBONE_VVC,0, 1478): 'Fetching result from I2C master DUT status register.'. [1480]
%%     1441492.5 ns  Log    ID_UVVM_SEND_CMD    TB seq.(uvvm)       wishbone_read(WISHBONE_VVC,0, x"4"): 'Read status reg'. [1481]
%%     1441512.5 ns  Log    ID_BFM              WISHBONE_VVC,0      wishbone_read(A:x"4")=> x"43". ' 'Read status reg'  [1481]'
%%     1441512.5 ns  Log    ID_UVVM_SEND_CMD    TB seq.(uvvm)       fetch_result(WISHBONE_VVC,0, 1481): 'Fetching result from I2C master DUT status register.'. [1483]
%%     1442612.5 ns  Log    ID_UVVM_SEND_CMD    TB seq.(uvvm)       wishbone_read(WISHBONE_VVC,0, x"4"): 'Read status reg'. [1484]
%%     1442632.5 ns  Log    ID_BFM              WISHBONE_VVC,0      wishbone_read(A:x"4")=> x"43". ' 'Read status reg'  [1484]'
%%     1442632.5 ns  Log    ID_UVVM_SEND_CMD    TB seq.(uvvm)       fetch_result(WISHBONE_VVC,0, 1484): 'Fetching result from I2C master DUT status register.'. [1486]
%%     1443732.5 ns  Log    ID_UVVM_SEND_CMD    TB seq.(uvvm)       wishbone_read(WISHBONE_VVC,0, x"4"): 'Read status reg'. [1487]
%%     1443752.5 ns  Log    ID_BFM              WISHBONE_VVC,0      wishbone_read(A:x"4")=> x"43". ' 'Read status reg'  [1487]'
%%     1443752.5 ns  Log    ID_UVVM_SEND_CMD    TB seq.(uvvm)       fetch_result(WISHBONE_VVC,0, 1487): 'Fetching result from I2C master DUT status register.'. [1489]
%%     1444852.5 ns  Log    ID_UVVM_SEND_CMD    TB seq.(uvvm)       wishbone_read(WISHBONE_VVC,0, x"4"): 'Read status reg'. [1490]
%%     1444872.5 ns  Log    ID_BFM              WISHBONE_VVC,0      wishbone_read(A:x"4")=> x"43". ' 'Read status reg'  [1490]'
%%     1444872.5 ns  Log    ID_UVVM_SEND_CMD    TB seq.(uvvm)       fetch_result(WISHBONE_VVC,0, 1490): 'Fetching result from I2C master DUT status register.'. [1492]
%%     1445972.5 ns  Log    ID_UVVM_SEND_CMD    TB seq.(uvvm)       wishbone_read(WISHBONE_VVC,0, x"4"): 'Read status reg'. [1493]
%%     1445992.5 ns  Log    ID_BFM              WISHBONE_VVC,0      wishbone_read(A:x"4")=> x"43". ' 'Read status reg'  [1493]'
%%     1445992.5 ns  Log    ID_UVVM_SEND_CMD    TB seq.(uvvm)       fetch_result(WISHBONE_VVC,0, 1493): 'Fetching result from I2C master DUT status register.'. [1495]
%%     1447092.5 ns  Log    ID_UVVM_SEND_CMD    TB seq.(uvvm)       wishbone_read(WISHBONE_VVC,0, x"4"): 'Read status reg'. [1496]
%%     1447112.5 ns  Log    ID_BFM              WISHBONE_VVC,0      wishbone_read(A:x"4")=> x"43". ' 'Read status reg'  [1496]'
%%     1447112.5 ns  Log    ID_UVVM_SEND_CMD    TB seq.(uvvm)       fetch_result(WISHBONE_VVC,0, 1496): 'Fetching result from I2C master DUT status register.'. [1498]
%%     1448212.5 ns  Log    ID_UVVM_SEND_CMD    TB seq.(uvvm)       wishbone_read(WISHBONE_VVC,0, x"4"): 'Read status reg'. [1499]
%%     1448232.5 ns  Log    ID_BFM              WISHBONE_VVC,0      wishbone_read(A:x"4")=> x"43". ' 'Read status reg'  [1499]'
%%     1448232.5 ns  Log    ID_UVVM_SEND_CMD    TB seq.(uvvm)       fetch_result(WISHBONE_VVC,0, 1499): 'Fetching result from I2C master DUT status register.'. [1501]
%%     1449332.5 ns  Log    ID_UVVM_SEND_CMD    TB seq.(uvvm)       wishbone_read(WISHBONE_VVC,0, x"4"): 'Read status reg'. [1502]
%%     1449352.5 ns  Log    ID_BFM              WISHBONE_VVC,0      wishbone_read(A:x"4")=> x"C3". ' 'Read status reg'  [1502]'
%%     1449352.5 ns  Log    ID_UVVM_SEND_CMD    TB seq.(uvvm)       fetch_result(WISHBONE_VVC,0, 1502): 'Fetching result from I2C master DUT status register.'. [1504]
%%     1450090.0 ns  Log    ID_BFM              I2C_VVC,2           i2c_slave_transmit((x"7B"))=> (x"7B"). ' 'Transmit data from I2C slave VVC'  [1438]'
%%     1450452.5 ns  Log    ID_UVVM_SEND_CMD    TB seq.(uvvm)       wishbone_read(WISHBONE_VVC,0, x"4"): 'Read status reg'. [1505]
%%     1450472.5 ns  Log    ID_BFM              WISHBONE_VVC,0      wishbone_read(A:x"4")=> x"81". ' 'Read status reg'  [1505]'
%%     1450472.5 ns  Log    ID_UVVM_SEND_CMD    TB seq.(uvvm)       fetch_result(WISHBONE_VVC,0, 1505): 'Fetching result from I2C master DUT status register.'. [1507]
%%     1450472.5 ns  Log    ID_UVVM_SEND_CMD    TB seq.(uvvm)       wishbone_check(WISHBONE_VVC,0, x"3", x"7B"): 'Checking data received from I2C VVC Slave'. [1508]
%%     1450492.5 ns  Log    ID_BFM              WISHBONE_VVC,0      wishbone_check(A:x"3", x"7B")=> OK, received data = x"7B". ' 'Checking data received from I2C VVC Slave'  [1508]'
%%     1450492.5 ns  Log    ID_UVVM_SEND_CMD    TB seq.(uvvm)       wishbone_write(WISHBONE_VVC,0, x"3", x"AB"): 'Setting address to be x55 and setting RW bit to Read ('1')'. [1511]
%%     1450492.5 ns  Log    ID_UVVM_SEND_CMD    TB seq.(uvvm)       wishbone_write(WISHBONE_VVC,0, x"4", x"90"): 'Setting STA and WR bit in command reg'. [1512]
%%     1450492.5 ns  Log    ID_UVVM_SEND_CMD    TB seq.(uvvm)       i2c_slave_transmit(I2C_VVC,2): 'Transmit data from I2C slave VVC'. [1513]
%%     1450512.5 ns  Log    ID_BFM              WISHBONE_VVC,0      wishbone_write(A:x"3", x"AB") completed. ' 'Setting address to be x55 and setting RW bit to Read ('1')'  [1511]'
%%     1450532.5 ns  Log    ID_BFM              WISHBONE_VVC,0      wishbone_write(A:x"4", x"90") completed. ' 'Setting STA and WR bit in command reg'  [1512]'
%%     1450532.5 ns  Log    ID_UVVM_SEND_CMD    TB seq.(uvvm)       wishbone_read(WISHBONE_VVC,0, x"4"): 'Read status reg'. [1515]
%%     1450552.5 ns  Log    ID_BFM              WISHBONE_VVC,0      wishbone_read(A:x"4")=> x"83". ' 'Read status reg'  [1515]'
%%     1450552.5 ns  Log    ID_UVVM_SEND_CMD    TB seq.(uvvm)       fetch_result(WISHBONE_VVC,0, 1515): 'Fetching result from I2C master DUT status register.'. [1517]
%%     1451652.5 ns  Log    ID_UVVM_SEND_CMD    TB seq.(uvvm)       wishbone_read(WISHBONE_VVC,0, x"4"): 'Read status reg'. [1518]
%%     1451672.5 ns  Log    ID_BFM              WISHBONE_VVC,0      wishbone_read(A:x"4")=> x"C3". ' 'Read status reg'  [1518]'
%%     1451672.5 ns  Log    ID_UVVM_SEND_CMD    TB seq.(uvvm)       fetch_result(WISHBONE_VVC,0, 1518): 'Fetching result from I2C master DUT status register.'. [1520]
%%     1452772.5 ns  Log    ID_UVVM_SEND_CMD    TB seq.(uvvm)       wishbone_read(WISHBONE_VVC,0, x"4"): 'Read status reg'. [1521]
%%     1452792.5 ns  Log    ID_BFM              WISHBONE_VVC,0      wishbone_read(A:x"4")=> x"C3". ' 'Read status reg'  [1521]'
%%     1452792.5 ns  Log    ID_UVVM_SEND_CMD    TB seq.(uvvm)       fetch_result(WISHBONE_VVC,0, 1521): 'Fetching result from I2C master DUT status register.'. [1523]
%%     1453892.5 ns  Log    ID_UVVM_SEND_CMD    TB seq.(uvvm)       wishbone_read(WISHBONE_VVC,0, x"4"): 'Read status reg'. [1524]
%%     1453912.5 ns  Log    ID_BFM              WISHBONE_VVC,0      wishbone_read(A:x"4")=> x"C3". ' 'Read status reg'  [1524]'
%%     1453912.5 ns  Log    ID_UVVM_SEND_CMD    TB seq.(uvvm)       fetch_result(WISHBONE_VVC,0, 1524): 'Fetching result from I2C master DUT status register.'. [1526]
%%     1455012.5 ns  Log    ID_UVVM_SEND_CMD    TB seq.(uvvm)       wishbone_read(WISHBONE_VVC,0, x"4"): 'Read status reg'. [1527]
%%     1455032.5 ns  Log    ID_BFM              WISHBONE_VVC,0      wishbone_read(A:x"4")=> x"C3". ' 'Read status reg'  [1527]'
%%     1455032.5 ns  Log    ID_UVVM_SEND_CMD    TB seq.(uvvm)       fetch_result(WISHBONE_VVC,0, 1527): 'Fetching result from I2C master DUT status register.'. [1529]
%%     1456132.5 ns  Log    ID_UVVM_SEND_CMD    TB seq.(uvvm)       wishbone_read(WISHBONE_VVC,0, x"4"): 'Read status reg'. [1530]
%%     1456152.5 ns  Log    ID_BFM              WISHBONE_VVC,0      wishbone_read(A:x"4")=> x"C3". ' 'Read status reg'  [1530]'
%%     1456152.5 ns  Log    ID_UVVM_SEND_CMD    TB seq.(uvvm)       fetch_result(WISHBONE_VVC,0, 1530): 'Fetching result from I2C master DUT status register.'. [1532]
%%     1457252.5 ns  Log    ID_UVVM_SEND_CMD    TB seq.(uvvm)       wishbone_read(WISHBONE_VVC,0, x"4"): 'Read status reg'. [1533]
%%     1457272.5 ns  Log    ID_BFM              WISHBONE_VVC,0      wishbone_read(A:x"4")=> x"C3". ' 'Read status reg'  [1533]'
%%     1457272.5 ns  Log    ID_UVVM_SEND_CMD    TB seq.(uvvm)       fetch_result(WISHBONE_VVC,0, 1533): 'Fetching result from I2C master DUT status register.'. [1535]
%%     1458372.5 ns  Log    ID_UVVM_SEND_CMD    TB seq.(uvvm)       wishbone_read(WISHBONE_VVC,0, x"4"): 'Read status reg'. [1536]
%%     1458392.5 ns  Log    ID_BFM              WISHBONE_VVC,0      wishbone_read(A:x"4")=> x"C3". ' 'Read status reg'  [1536]'
%%     1458392.5 ns  Log    ID_UVVM_SEND_CMD    TB seq.(uvvm)       fetch_result(WISHBONE_VVC,0, 1536): 'Fetching result from I2C master DUT status register.'. [1538]
%%     1459492.5 ns  Log    ID_UVVM_SEND_CMD    TB seq.(uvvm)       wishbone_read(WISHBONE_VVC,0, x"4"): 'Read status reg'. [1539]
%%     1459512.5 ns  Log    ID_BFM              WISHBONE_VVC,0      wishbone_read(A:x"4")=> x"C3". ' 'Read status reg'  [1539]'
%%     1459512.5 ns  Log    ID_UVVM_SEND_CMD    TB seq.(uvvm)       fetch_result(WISHBONE_VVC,0, 1539): 'Fetching result from I2C master DUT status register.'. [1541]
%%     1460612.5 ns  Log    ID_UVVM_SEND_CMD    TB seq.(uvvm)       wishbone_read(WISHBONE_VVC,0, x"4"): 'Read status reg'. [1542]
%%     1460632.5 ns  Log    ID_BFM              WISHBONE_VVC,0      wishbone_read(A:x"4")=> x"C3". ' 'Read status reg'  [1542]'
%%     1460632.5 ns  Log    ID_UVVM_SEND_CMD    TB seq.(uvvm)       fetch_result(WISHBONE_VVC,0, 1542): 'Fetching result from I2C master DUT status register.'. [1544]
%%     1461732.5 ns  Log    ID_UVVM_SEND_CMD    TB seq.(uvvm)       wishbone_read(WISHBONE_VVC,0, x"4"): 'Read status reg'. [1545]
%%     1461752.5 ns  Log    ID_BFM              WISHBONE_VVC,0      wishbone_read(A:x"4")=> x"41". ' 'Read status reg'  [1545]'
%%     1461752.5 ns  Log    ID_UVVM_SEND_CMD    TB seq.(uvvm)       fetch_result(WISHBONE_VVC,0, 1545): 'Fetching result from I2C master DUT status register.'. [1547]
%%     1461752.5 ns  Log    ID_UVVM_SEND_CMD    TB seq.(uvvm)       wishbone_write(WISHBONE_VVC,0, x"4", x"68"): 'Setting STO, RD and NACK bit in command reg'. [1548]
%%     1461772.5 ns  Log    ID_BFM              WISHBONE_VVC,0      wishbone_write(A:x"4", x"68") completed. ' 'Setting STO, RD and NACK bit in command reg'  [1548]'
%%     1461772.5 ns  Log    ID_UVVM_SEND_CMD    TB seq.(uvvm)       wishbone_read(WISHBONE_VVC,0, x"4"): 'Read status reg'. [1550]
%%     1461792.5 ns  Log    ID_BFM              WISHBONE_VVC,0      wishbone_read(A:x"4")=> x"43". ' 'Read status reg'  [1550]'
%%     1461792.5 ns  Log    ID_UVVM_SEND_CMD    TB seq.(uvvm)       fetch_result(WISHBONE_VVC,0, 1550): 'Fetching result from I2C master DUT status register.'. [1552]
%%     1462892.5 ns  Log    ID_UVVM_SEND_CMD    TB seq.(uvvm)       wishbone_read(WISHBONE_VVC,0, x"4"): 'Read status reg'. [1553]
%%     1462912.5 ns  Log    ID_BFM              WISHBONE_VVC,0      wishbone_read(A:x"4")=> x"43". ' 'Read status reg'  [1553]'
%%     1462912.5 ns  Log    ID_UVVM_SEND_CMD    TB seq.(uvvm)       fetch_result(WISHBONE_VVC,0, 1553): 'Fetching result from I2C master DUT status register.'. [1555]
%%     1464012.5 ns  Log    ID_UVVM_SEND_CMD    TB seq.(uvvm)       wishbone_read(WISHBONE_VVC,0, x"4"): 'Read status reg'. [1556]
%%     1464032.5 ns  Log    ID_BFM              WISHBONE_VVC,0      wishbone_read(A:x"4")=> x"43". ' 'Read status reg'  [1556]'
%%     1464032.5 ns  Log    ID_UVVM_SEND_CMD    TB seq.(uvvm)       fetch_result(WISHBONE_VVC,0, 1556): 'Fetching result from I2C master DUT status register.'. [1558]
%%     1465132.5 ns  Log    ID_UVVM_SEND_CMD    TB seq.(uvvm)       wishbone_read(WISHBONE_VVC,0, x"4"): 'Read status reg'. [1559]
%%     1465152.5 ns  Log    ID_BFM              WISHBONE_VVC,0      wishbone_read(A:x"4")=> x"43". ' 'Read status reg'  [1559]'
%%     1465152.5 ns  Log    ID_UVVM_SEND_CMD    TB seq.(uvvm)       fetch_result(WISHBONE_VVC,0, 1559): 'Fetching result from I2C master DUT status register.'. [1561]
%%     1466252.5 ns  Log    ID_UVVM_SEND_CMD    TB seq.(uvvm)       wishbone_read(WISHBONE_VVC,0, x"4"): 'Read status reg'. [1562]
%%     1466272.5 ns  Log    ID_BFM              WISHBONE_VVC,0      wishbone_read(A:x"4")=> x"43". ' 'Read status reg'  [1562]'
%%     1466272.5 ns  Log    ID_UVVM_SEND_CMD    TB seq.(uvvm)       fetch_result(WISHBONE_VVC,0, 1562): 'Fetching result from I2C master DUT status register.'. [1564]
%%     1467372.5 ns  Log    ID_UVVM_SEND_CMD    TB seq.(uvvm)       wishbone_read(WISHBONE_VVC,0, x"4"): 'Read status reg'. [1565]
%%     1467392.5 ns  Log    ID_BFM              WISHBONE_VVC,0      wishbone_read(A:x"4")=> x"43". ' 'Read status reg'  [1565]'
%%     1467392.5 ns  Log    ID_UVVM_SEND_CMD    TB seq.(uvvm)       fetch_result(WISHBONE_VVC,0, 1565): 'Fetching result from I2C master DUT status register.'. [1567]
%%     1468492.5 ns  Log    ID_UVVM_SEND_CMD    TB seq.(uvvm)       wishbone_read(WISHBONE_VVC,0, x"4"): 'Read status reg'. [1568]
%%     1468512.5 ns  Log    ID_BFM              WISHBONE_VVC,0      wishbone_read(A:x"4")=> x"43". ' 'Read status reg'  [1568]'
%%     1468512.5 ns  Log    ID_UVVM_SEND_CMD    TB seq.(uvvm)       fetch_result(WISHBONE_VVC,0, 1568): 'Fetching result from I2C master DUT status register.'. [1570]
%%     1469612.5 ns  Log    ID_UVVM_SEND_CMD    TB seq.(uvvm)       wishbone_read(WISHBONE_VVC,0, x"4"): 'Read status reg'. [1571]
%%     1469632.5 ns  Log    ID_BFM              WISHBONE_VVC,0      wishbone_read(A:x"4")=> x"43". ' 'Read status reg'  [1571]'
%%     1469632.5 ns  Log    ID_UVVM_SEND_CMD    TB seq.(uvvm)       fetch_result(WISHBONE_VVC,0, 1571): 'Fetching result from I2C master DUT status register.'. [1573]
%%     1470732.5 ns  Log    ID_UVVM_SEND_CMD    TB seq.(uvvm)       wishbone_read(WISHBONE_VVC,0, x"4"): 'Read status reg'. [1574]
%%     1470752.5 ns  Log    ID_BFM              WISHBONE_VVC,0      wishbone_read(A:x"4")=> x"43". ' 'Read status reg'  [1574]'
%%     1470752.5 ns  Log    ID_UVVM_SEND_CMD    TB seq.(uvvm)       fetch_result(WISHBONE_VVC,0, 1574): 'Fetching result from I2C master DUT status register.'. [1576]
%%     1471852.5 ns  Log    ID_UVVM_SEND_CMD    TB seq.(uvvm)       wishbone_read(WISHBONE_VVC,0, x"4"): 'Read status reg'. [1577]
%%     1471872.5 ns  Log    ID_BFM              WISHBONE_VVC,0      wishbone_read(A:x"4")=> x"C3". ' 'Read status reg'  [1577]'
%%     1471872.5 ns  Log    ID_UVVM_SEND_CMD    TB seq.(uvvm)       fetch_result(WISHBONE_VVC,0, 1577): 'Fetching result from I2C master DUT status register.'. [1579]
%%     1472590.0 ns  Log    ID_BFM              I2C_VVC,2           i2c_slave_transmit((x"60"))=> (x"60"). ' 'Transmit data from I2C slave VVC'  [1513]'
%%     1472972.5 ns  Log    ID_UVVM_SEND_CMD    TB seq.(uvvm)       wishbone_read(WISHBONE_VVC,0, x"4"): 'Read status reg'. [1580]
%%     1472992.5 ns  Log    ID_BFM              WISHBONE_VVC,0      wishbone_read(A:x"4")=> x"81". ' 'Read status reg'  [1580]'
%%     1472992.5 ns  Log    ID_UVVM_SEND_CMD    TB seq.(uvvm)       fetch_result(WISHBONE_VVC,0, 1580): 'Fetching result from I2C master DUT status register.'. [1582]
%%     1472992.5 ns  Log    ID_UVVM_SEND_CMD    TB seq.(uvvm)       wishbone_check(WISHBONE_VVC,0, x"3", x"60"): 'Checking data received from I2C VVC Slave'. [1583]
%%     1473012.5 ns  Log    ID_BFM              WISHBONE_VVC,0      wishbone_check(A:x"3", x"60")=> OK, received data = x"60". ' 'Checking data received from I2C VVC Slave'  [1583]'
%%     1473012.5 ns  Log    ID_UVVM_SEND_CMD    TB seq.(uvvm)       wishbone_write(WISHBONE_VVC,0, x"3", x"AB"): 'Setting address to be x55 and setting RW bit to Read ('1')'. [1586]
%%     1473012.5 ns  Log    ID_UVVM_SEND_CMD    TB seq.(uvvm)       wishbone_write(WISHBONE_VVC,0, x"4", x"90"): 'Setting STA and WR bit in command reg'. [1587]
%%     1473012.5 ns  Log    ID_UVVM_SEND_CMD    TB seq.(uvvm)       i2c_slave_transmit(I2C_VVC,2): 'Transmit data from I2C slave VVC'. [1588]
%%     1473032.5 ns  Log    ID_BFM              WISHBONE_VVC,0      wishbone_write(A:x"3", x"AB") completed. ' 'Setting address to be x55 and setting RW bit to Read ('1')'  [1586]'
%%     1473052.5 ns  Log    ID_BFM              WISHBONE_VVC,0      wishbone_write(A:x"4", x"90") completed. ' 'Setting STA and WR bit in command reg'  [1587]'
%%     1473052.5 ns  Log    ID_UVVM_SEND_CMD    TB seq.(uvvm)       wishbone_read(WISHBONE_VVC,0, x"4"): 'Read status reg'. [1590]
%%     1473072.5 ns  Log    ID_BFM              WISHBONE_VVC,0      wishbone_read(A:x"4")=> x"83". ' 'Read status reg'  [1590]'
%%     1473072.5 ns  Log    ID_UVVM_SEND_CMD    TB seq.(uvvm)       fetch_result(WISHBONE_VVC,0, 1590): 'Fetching result from I2C master DUT status register.'. [1592]
%%     1474172.5 ns  Log    ID_UVVM_SEND_CMD    TB seq.(uvvm)       wishbone_read(WISHBONE_VVC,0, x"4"): 'Read status reg'. [1593]
%%     1474192.5 ns  Log    ID_BFM              WISHBONE_VVC,0      wishbone_read(A:x"4")=> x"C3". ' 'Read status reg'  [1593]'
%%     1474192.5 ns  Log    ID_UVVM_SEND_CMD    TB seq.(uvvm)       fetch_result(WISHBONE_VVC,0, 1593): 'Fetching result from I2C master DUT status register.'. [1595]
%%     1475292.5 ns  Log    ID_UVVM_SEND_CMD    TB seq.(uvvm)       wishbone_read(WISHBONE_VVC,0, x"4"): 'Read status reg'. [1596]
%%     1475312.5 ns  Log    ID_BFM              WISHBONE_VVC,0      wishbone_read(A:x"4")=> x"C3". ' 'Read status reg'  [1596]'
%%     1475312.5 ns  Log    ID_UVVM_SEND_CMD    TB seq.(uvvm)       fetch_result(WISHBONE_VVC,0, 1596): 'Fetching result from I2C master DUT status register.'. [1598]
%%     1476412.5 ns  Log    ID_UVVM_SEND_CMD    TB seq.(uvvm)       wishbone_read(WISHBONE_VVC,0, x"4"): 'Read status reg'. [1599]
%%     1476432.5 ns  Log    ID_BFM              WISHBONE_VVC,0      wishbone_read(A:x"4")=> x"C3". ' 'Read status reg'  [1599]'
%%     1476432.5 ns  Log    ID_UVVM_SEND_CMD    TB seq.(uvvm)       fetch_result(WISHBONE_VVC,0, 1599): 'Fetching result from I2C master DUT status register.'. [1601]
%%     1477532.5 ns  Log    ID_UVVM_SEND_CMD    TB seq.(uvvm)       wishbone_read(WISHBONE_VVC,0, x"4"): 'Read status reg'. [1602]
%%     1477552.5 ns  Log    ID_BFM              WISHBONE_VVC,0      wishbone_read(A:x"4")=> x"C3". ' 'Read status reg'  [1602]'
%%     1477552.5 ns  Log    ID_UVVM_SEND_CMD    TB seq.(uvvm)       fetch_result(WISHBONE_VVC,0, 1602): 'Fetching result from I2C master DUT status register.'. [1604]
%%     1478652.5 ns  Log    ID_UVVM_SEND_CMD    TB seq.(uvvm)       wishbone_read(WISHBONE_VVC,0, x"4"): 'Read status reg'. [1605]
%%     1478672.5 ns  Log    ID_BFM              WISHBONE_VVC,0      wishbone_read(A:x"4")=> x"C3". ' 'Read status reg'  [1605]'
%%     1478672.5 ns  Log    ID_UVVM_SEND_CMD    TB seq.(uvvm)       fetch_result(WISHBONE_VVC,0, 1605): 'Fetching result from I2C master DUT status register.'. [1607]
%%     1479772.5 ns  Log    ID_UVVM_SEND_CMD    TB seq.(uvvm)       wishbone_read(WISHBONE_VVC,0, x"4"): 'Read status reg'. [1608]
%%     1479792.5 ns  Log    ID_BFM              WISHBONE_VVC,0      wishbone_read(A:x"4")=> x"C3". ' 'Read status reg'  [1608]'
%%     1479792.5 ns  Log    ID_UVVM_SEND_CMD    TB seq.(uvvm)       fetch_result(WISHBONE_VVC,0, 1608): 'Fetching result from I2C master DUT status register.'. [1610]
%%     1480892.5 ns  Log    ID_UVVM_SEND_CMD    TB seq.(uvvm)       wishbone_read(WISHBONE_VVC,0, x"4"): 'Read status reg'. [1611]
%%     1480912.5 ns  Log    ID_BFM              WISHBONE_VVC,0      wishbone_read(A:x"4")=> x"C3". ' 'Read status reg'  [1611]'
%%     1480912.5 ns  Log    ID_UVVM_SEND_CMD    TB seq.(uvvm)       fetch_result(WISHBONE_VVC,0, 1611): 'Fetching result from I2C master DUT status register.'. [1613]
%%     1482012.5 ns  Log    ID_UVVM_SEND_CMD    TB seq.(uvvm)       wishbone_read(WISHBONE_VVC,0, x"4"): 'Read status reg'. [1614]
%%     1482032.5 ns  Log    ID_BFM              WISHBONE_VVC,0      wishbone_read(A:x"4")=> x"C3". ' 'Read status reg'  [1614]'
%%     1482032.5 ns  Log    ID_UVVM_SEND_CMD    TB seq.(uvvm)       fetch_result(WISHBONE_VVC,0, 1614): 'Fetching result from I2C master DUT status register.'. [1616]
%%     1483132.5 ns  Log    ID_UVVM_SEND_CMD    TB seq.(uvvm)       wishbone_read(WISHBONE_VVC,0, x"4"): 'Read status reg'. [1617]
%%     1483152.5 ns  Log    ID_BFM              WISHBONE_VVC,0      wishbone_read(A:x"4")=> x"C3". ' 'Read status reg'  [1617]'
%%     1483152.5 ns  Log    ID_UVVM_SEND_CMD    TB seq.(uvvm)       fetch_result(WISHBONE_VVC,0, 1617): 'Fetching result from I2C master DUT status register.'. [1619]
%%     1484252.5 ns  Log    ID_UVVM_SEND_CMD    TB seq.(uvvm)       wishbone_read(WISHBONE_VVC,0, x"4"): 'Read status reg'. [1620]
%%     1484272.5 ns  Log    ID_BFM              WISHBONE_VVC,0      wishbone_read(A:x"4")=> x"41". ' 'Read status reg'  [1620]'
%%     1484272.5 ns  Log    ID_UVVM_SEND_CMD    TB seq.(uvvm)       fetch_result(WISHBONE_VVC,0, 1620): 'Fetching result from I2C master DUT status register.'. [1622]
%%     1484272.5 ns  Log    ID_UVVM_SEND_CMD    TB seq.(uvvm)       wishbone_write(WISHBONE_VVC,0, x"4", x"68"): 'Setting STO, RD and NACK bit in command reg'. [1623]
%%     1484292.5 ns  Log    ID_BFM              WISHBONE_VVC,0      wishbone_write(A:x"4", x"68") completed. ' 'Setting STO, RD and NACK bit in command reg'  [1623]'
%%     1484292.5 ns  Log    ID_UVVM_SEND_CMD    TB seq.(uvvm)       wishbone_read(WISHBONE_VVC,0, x"4"): 'Read status reg'. [1625]
%%     1484312.5 ns  Log    ID_BFM              WISHBONE_VVC,0      wishbone_read(A:x"4")=> x"43". ' 'Read status reg'  [1625]'
%%     1484312.5 ns  Log    ID_UVVM_SEND_CMD    TB seq.(uvvm)       fetch_result(WISHBONE_VVC,0, 1625): 'Fetching result from I2C master DUT status register.'. [1627]
%%     1485412.5 ns  Log    ID_UVVM_SEND_CMD    TB seq.(uvvm)       wishbone_read(WISHBONE_VVC,0, x"4"): 'Read status reg'. [1628]
%%     1485432.5 ns  Log    ID_BFM              WISHBONE_VVC,0      wishbone_read(A:x"4")=> x"43". ' 'Read status reg'  [1628]'
%%     1485432.5 ns  Log    ID_UVVM_SEND_CMD    TB seq.(uvvm)       fetch_result(WISHBONE_VVC,0, 1628): 'Fetching result from I2C master DUT status register.'. [1630]
%%     1486532.5 ns  Log    ID_UVVM_SEND_CMD    TB seq.(uvvm)       wishbone_read(WISHBONE_VVC,0, x"4"): 'Read status reg'. [1631]
%%     1486552.5 ns  Log    ID_BFM              WISHBONE_VVC,0      wishbone_read(A:x"4")=> x"43". ' 'Read status reg'  [1631]'
%%     1486552.5 ns  Log    ID_UVVM_SEND_CMD    TB seq.(uvvm)       fetch_result(WISHBONE_VVC,0, 1631): 'Fetching result from I2C master DUT status register.'. [1633]
%%     1487652.5 ns  Log    ID_UVVM_SEND_CMD    TB seq.(uvvm)       wishbone_read(WISHBONE_VVC,0, x"4"): 'Read status reg'. [1634]
%%     1487672.5 ns  Log    ID_BFM              WISHBONE_VVC,0      wishbone_read(A:x"4")=> x"43". ' 'Read status reg'  [1634]'
%%     1487672.5 ns  Log    ID_UVVM_SEND_CMD    TB seq.(uvvm)       fetch_result(WISHBONE_VVC,0, 1634): 'Fetching result from I2C master DUT status register.'. [1636]
%%     1488772.5 ns  Log    ID_UVVM_SEND_CMD    TB seq.(uvvm)       wishbone_read(WISHBONE_VVC,0, x"4"): 'Read status reg'. [1637]
%%     1488792.5 ns  Log    ID_BFM              WISHBONE_VVC,0      wishbone_read(A:x"4")=> x"43". ' 'Read status reg'  [1637]'
%%     1488792.5 ns  Log    ID_UVVM_SEND_CMD    TB seq.(uvvm)       fetch_result(WISHBONE_VVC,0, 1637): 'Fetching result from I2C master DUT status register.'. [1639]
%%     1489892.5 ns  Log    ID_UVVM_SEND_CMD    TB seq.(uvvm)       wishbone_read(WISHBONE_VVC,0, x"4"): 'Read status reg'. [1640]
%%     1489912.5 ns  Log    ID_BFM              WISHBONE_VVC,0      wishbone_read(A:x"4")=> x"43". ' 'Read status reg'  [1640]'
%%     1489912.5 ns  Log    ID_UVVM_SEND_CMD    TB seq.(uvvm)       fetch_result(WISHBONE_VVC,0, 1640): 'Fetching result from I2C master DUT status register.'. [1642]
%%     1491012.5 ns  Log    ID_UVVM_SEND_CMD    TB seq.(uvvm)       wishbone_read(WISHBONE_VVC,0, x"4"): 'Read status reg'. [1643]
%%     1491032.5 ns  Log    ID_BFM              WISHBONE_VVC,0      wishbone_read(A:x"4")=> x"43". ' 'Read status reg'  [1643]'
%%     1491032.5 ns  Log    ID_UVVM_SEND_CMD    TB seq.(uvvm)       fetch_result(WISHBONE_VVC,0, 1643): 'Fetching result from I2C master DUT status register.'. [1645]
%%     1492132.5 ns  Log    ID_UVVM_SEND_CMD    TB seq.(uvvm)       wishbone_read(WISHBONE_VVC,0, x"4"): 'Read status reg'. [1646]
%%     1492152.5 ns  Log    ID_BFM              WISHBONE_VVC,0      wishbone_read(A:x"4")=> x"43". ' 'Read status reg'  [1646]'
%%     1492152.5 ns  Log    ID_UVVM_SEND_CMD    TB seq.(uvvm)       fetch_result(WISHBONE_VVC,0, 1646): 'Fetching result from I2C master DUT status register.'. [1648]
%%     1493252.5 ns  Log    ID_UVVM_SEND_CMD    TB seq.(uvvm)       wishbone_read(WISHBONE_VVC,0, x"4"): 'Read status reg'. [1649]
%%     1493272.5 ns  Log    ID_BFM              WISHBONE_VVC,0      wishbone_read(A:x"4")=> x"43". ' 'Read status reg'  [1649]'
%%     1493272.5 ns  Log    ID_UVVM_SEND_CMD    TB seq.(uvvm)       fetch_result(WISHBONE_VVC,0, 1649): 'Fetching result from I2C master DUT status register.'. [1651]
%%     1494372.5 ns  Log    ID_UVVM_SEND_CMD    TB seq.(uvvm)       wishbone_read(WISHBONE_VVC,0, x"4"): 'Read status reg'. [1652]
%%     1494392.5 ns  Log    ID_BFM              WISHBONE_VVC,0      wishbone_read(A:x"4")=> x"C3". ' 'Read status reg'  [1652]'
%%     1494392.5 ns  Log    ID_UVVM_SEND_CMD    TB seq.(uvvm)       fetch_result(WISHBONE_VVC,0, 1652): 'Fetching result from I2C master DUT status register.'. [1654]
%%     1495290.0 ns  Log    ID_BFM              I2C_VVC,2           i2c_slave_transmit((x"8B"))=> (x"8B"). ' 'Transmit data from I2C slave VVC'  [1588]'
%%     1495492.5 ns  Log    ID_UVVM_SEND_CMD    TB seq.(uvvm)       wishbone_read(WISHBONE_VVC,0, x"4"): 'Read status reg'. [1655]
%%     1495512.5 ns  Log    ID_BFM              WISHBONE_VVC,0      wishbone_read(A:x"4")=> x"81". ' 'Read status reg'  [1655]'
%%     1495512.5 ns  Log    ID_UVVM_SEND_CMD    TB seq.(uvvm)       fetch_result(WISHBONE_VVC,0, 1655): 'Fetching result from I2C master DUT status register.'. [1657]
%%     1495512.5 ns  Log    ID_UVVM_SEND_CMD    TB seq.(uvvm)       wishbone_check(WISHBONE_VVC,0, x"3", x"8B"): 'Checking data received from I2C VVC Slave'. [1658]
%%     1495532.5 ns  Log    ID_BFM              WISHBONE_VVC,0      wishbone_check(A:x"3", x"8B")=> OK, received data = x"8B". ' 'Checking data received from I2C VVC Slave'  [1658]'
%%     1495532.5 ns  Log    ID_UVVM_SEND_CMD    TB seq.(uvvm)       wishbone_write(WISHBONE_VVC,0, x"3", x"AB"): 'Setting address to be x55 and setting RW bit to Read ('1')'. [1661]
%%     1495532.5 ns  Log    ID_UVVM_SEND_CMD    TB seq.(uvvm)       wishbone_write(WISHBONE_VVC,0, x"4", x"90"): 'Setting STA and WR bit in command reg'. [1662]
%%     1495532.5 ns  Log    ID_UVVM_SEND_CMD    TB seq.(uvvm)       i2c_slave_transmit(I2C_VVC,2): 'Transmit data from I2C slave VVC'. [1663]
%%     1495552.5 ns  Log    ID_BFM              WISHBONE_VVC,0      wishbone_write(A:x"3", x"AB") completed. ' 'Setting address to be x55 and setting RW bit to Read ('1')'  [1661]'
%%     1495572.5 ns  Log    ID_BFM              WISHBONE_VVC,0      wishbone_write(A:x"4", x"90") completed. ' 'Setting STA and WR bit in command reg'  [1662]'
%%     1495572.5 ns  Log    ID_UVVM_SEND_CMD    TB seq.(uvvm)       wishbone_read(WISHBONE_VVC,0, x"4"): 'Read status reg'. [1665]
%%     1495592.5 ns  Log    ID_BFM              WISHBONE_VVC,0      wishbone_read(A:x"4")=> x"83". ' 'Read status reg'  [1665]'
%%     1495592.5 ns  Log    ID_UVVM_SEND_CMD    TB seq.(uvvm)       fetch_result(WISHBONE_VVC,0, 1665): 'Fetching result from I2C master DUT status register.'. [1667]
%%     1496692.5 ns  Log    ID_UVVM_SEND_CMD    TB seq.(uvvm)       wishbone_read(WISHBONE_VVC,0, x"4"): 'Read status reg'. [1668]
%%     1496712.5 ns  Log    ID_BFM              WISHBONE_VVC,0      wishbone_read(A:x"4")=> x"C3". ' 'Read status reg'  [1668]'
%%     1496712.5 ns  Log    ID_UVVM_SEND_CMD    TB seq.(uvvm)       fetch_result(WISHBONE_VVC,0, 1668): 'Fetching result from I2C master DUT status register.'. [1670]
%%     1497812.5 ns  Log    ID_UVVM_SEND_CMD    TB seq.(uvvm)       wishbone_read(WISHBONE_VVC,0, x"4"): 'Read status reg'. [1671]
%%     1497832.5 ns  Log    ID_BFM              WISHBONE_VVC,0      wishbone_read(A:x"4")=> x"C3". ' 'Read status reg'  [1671]'
%%     1497832.5 ns  Log    ID_UVVM_SEND_CMD    TB seq.(uvvm)       fetch_result(WISHBONE_VVC,0, 1671): 'Fetching result from I2C master DUT status register.'. [1673]
%%     1498932.5 ns  Log    ID_UVVM_SEND_CMD    TB seq.(uvvm)       wishbone_read(WISHBONE_VVC,0, x"4"): 'Read status reg'. [1674]
%%     1498952.5 ns  Log    ID_BFM              WISHBONE_VVC,0      wishbone_read(A:x"4")=> x"C3". ' 'Read status reg'  [1674]'
%%     1498952.5 ns  Log    ID_UVVM_SEND_CMD    TB seq.(uvvm)       fetch_result(WISHBONE_VVC,0, 1674): 'Fetching result from I2C master DUT status register.'. [1676]
%%     1500052.5 ns  Log    ID_UVVM_SEND_CMD    TB seq.(uvvm)       wishbone_read(WISHBONE_VVC,0, x"4"): 'Read status reg'. [1677]
%%     1500072.5 ns  Log    ID_BFM              WISHBONE_VVC,0      wishbone_read(A:x"4")=> x"C3". ' 'Read status reg'  [1677]'
%%     1500072.5 ns  Log    ID_UVVM_SEND_CMD    TB seq.(uvvm)       fetch_result(WISHBONE_VVC,0, 1677): 'Fetching result from I2C master DUT status register.'. [1679]
%%     1501172.5 ns  Log    ID_UVVM_SEND_CMD    TB seq.(uvvm)       wishbone_read(WISHBONE_VVC,0, x"4"): 'Read status reg'. [1680]
%%     1501192.5 ns  Log    ID_BFM              WISHBONE_VVC,0      wishbone_read(A:x"4")=> x"C3". ' 'Read status reg'  [1680]'
%%     1501192.5 ns  Log    ID_UVVM_SEND_CMD    TB seq.(uvvm)       fetch_result(WISHBONE_VVC,0, 1680): 'Fetching result from I2C master DUT status register.'. [1682]
%%     1502292.5 ns  Log    ID_UVVM_SEND_CMD    TB seq.(uvvm)       wishbone_read(WISHBONE_VVC,0, x"4"): 'Read status reg'. [1683]
%%     1502312.5 ns  Log    ID_BFM              WISHBONE_VVC,0      wishbone_read(A:x"4")=> x"C3". ' 'Read status reg'  [1683]'
%%     1502312.5 ns  Log    ID_UVVM_SEND_CMD    TB seq.(uvvm)       fetch_result(WISHBONE_VVC,0, 1683): 'Fetching result from I2C master DUT status register.'. [1685]
%%     1503412.5 ns  Log    ID_UVVM_SEND_CMD    TB seq.(uvvm)       wishbone_read(WISHBONE_VVC,0, x"4"): 'Read status reg'. [1686]
%%     1503432.5 ns  Log    ID_BFM              WISHBONE_VVC,0      wishbone_read(A:x"4")=> x"C3". ' 'Read status reg'  [1686]'
%%     1503432.5 ns  Log    ID_UVVM_SEND_CMD    TB seq.(uvvm)       fetch_result(WISHBONE_VVC,0, 1686): 'Fetching result from I2C master DUT status register.'. [1688]
%%     1504532.5 ns  Log    ID_UVVM_SEND_CMD    TB seq.(uvvm)       wishbone_read(WISHBONE_VVC,0, x"4"): 'Read status reg'. [1689]
%%     1504552.5 ns  Log    ID_BFM              WISHBONE_VVC,0      wishbone_read(A:x"4")=> x"C3". ' 'Read status reg'  [1689]'
%%     1504552.5 ns  Log    ID_UVVM_SEND_CMD    TB seq.(uvvm)       fetch_result(WISHBONE_VVC,0, 1689): 'Fetching result from I2C master DUT status register.'. [1691]
%%     1505652.5 ns  Log    ID_UVVM_SEND_CMD    TB seq.(uvvm)       wishbone_read(WISHBONE_VVC,0, x"4"): 'Read status reg'. [1692]
%%     1505672.5 ns  Log    ID_BFM              WISHBONE_VVC,0      wishbone_read(A:x"4")=> x"C3". ' 'Read status reg'  [1692]'
%%     1505672.5 ns  Log    ID_UVVM_SEND_CMD    TB seq.(uvvm)       fetch_result(WISHBONE_VVC,0, 1692): 'Fetching result from I2C master DUT status register.'. [1694]
%%     1506772.5 ns  Log    ID_UVVM_SEND_CMD    TB seq.(uvvm)       wishbone_read(WISHBONE_VVC,0, x"4"): 'Read status reg'. [1695]
%%     1506792.5 ns  Log    ID_BFM              WISHBONE_VVC,0      wishbone_read(A:x"4")=> x"41". ' 'Read status reg'  [1695]'
%%     1506792.5 ns  Log    ID_UVVM_SEND_CMD    TB seq.(uvvm)       fetch_result(WISHBONE_VVC,0, 1695): 'Fetching result from I2C master DUT status register.'. [1697]
%%     1506792.5 ns  Log    ID_UVVM_SEND_CMD    TB seq.(uvvm)       wishbone_write(WISHBONE_VVC,0, x"4", x"68"): 'Setting STO, RD and NACK bit in command reg'. [1698]
%%     1506812.5 ns  Log    ID_BFM              WISHBONE_VVC,0      wishbone_write(A:x"4", x"68") completed. ' 'Setting STO, RD and NACK bit in command reg'  [1698]'
%%     1506812.5 ns  Log    ID_UVVM_SEND_CMD    TB seq.(uvvm)       wishbone_read(WISHBONE_VVC,0, x"4"): 'Read status reg'. [1700]
%%     1506832.5 ns  Log    ID_BFM              WISHBONE_VVC,0      wishbone_read(A:x"4")=> x"43". ' 'Read status reg'  [1700]'
%%     1506832.5 ns  Log    ID_UVVM_SEND_CMD    TB seq.(uvvm)       fetch_result(WISHBONE_VVC,0, 1700): 'Fetching result from I2C master DUT status register.'. [1702]
%%     1507932.5 ns  Log    ID_UVVM_SEND_CMD    TB seq.(uvvm)       wishbone_read(WISHBONE_VVC,0, x"4"): 'Read status reg'. [1703]
%%     1507952.5 ns  Log    ID_BFM              WISHBONE_VVC,0      wishbone_read(A:x"4")=> x"43". ' 'Read status reg'  [1703]'
%%     1507952.5 ns  Log    ID_UVVM_SEND_CMD    TB seq.(uvvm)       fetch_result(WISHBONE_VVC,0, 1703): 'Fetching result from I2C master DUT status register.'. [1705]
%%     1509052.5 ns  Log    ID_UVVM_SEND_CMD    TB seq.(uvvm)       wishbone_read(WISHBONE_VVC,0, x"4"): 'Read status reg'. [1706]
%%     1509072.5 ns  Log    ID_BFM              WISHBONE_VVC,0      wishbone_read(A:x"4")=> x"43". ' 'Read status reg'  [1706]'
%%     1509072.5 ns  Log    ID_UVVM_SEND_CMD    TB seq.(uvvm)       fetch_result(WISHBONE_VVC,0, 1706): 'Fetching result from I2C master DUT status register.'. [1708]
%%     1510172.5 ns  Log    ID_UVVM_SEND_CMD    TB seq.(uvvm)       wishbone_read(WISHBONE_VVC,0, x"4"): 'Read status reg'. [1709]
%%     1510192.5 ns  Log    ID_BFM              WISHBONE_VVC,0      wishbone_read(A:x"4")=> x"43". ' 'Read status reg'  [1709]'
%%     1510192.5 ns  Log    ID_UVVM_SEND_CMD    TB seq.(uvvm)       fetch_result(WISHBONE_VVC,0, 1709): 'Fetching result from I2C master DUT status register.'. [1711]
%%     1511292.5 ns  Log    ID_UVVM_SEND_CMD    TB seq.(uvvm)       wishbone_read(WISHBONE_VVC,0, x"4"): 'Read status reg'. [1712]
%%     1511312.5 ns  Log    ID_BFM              WISHBONE_VVC,0      wishbone_read(A:x"4")=> x"43". ' 'Read status reg'  [1712]'
%%     1511312.5 ns  Log    ID_UVVM_SEND_CMD    TB seq.(uvvm)       fetch_result(WISHBONE_VVC,0, 1712): 'Fetching result from I2C master DUT status register.'. [1714]
%%     1512412.5 ns  Log    ID_UVVM_SEND_CMD    TB seq.(uvvm)       wishbone_read(WISHBONE_VVC,0, x"4"): 'Read status reg'. [1715]
%%     1512432.5 ns  Log    ID_BFM              WISHBONE_VVC,0      wishbone_read(A:x"4")=> x"43". ' 'Read status reg'  [1715]'
%%     1512432.5 ns  Log    ID_UVVM_SEND_CMD    TB seq.(uvvm)       fetch_result(WISHBONE_VVC,0, 1715): 'Fetching result from I2C master DUT status register.'. [1717]
%%     1513532.5 ns  Log    ID_UVVM_SEND_CMD    TB seq.(uvvm)       wishbone_read(WISHBONE_VVC,0, x"4"): 'Read status reg'. [1718]
%%     1513552.5 ns  Log    ID_BFM              WISHBONE_VVC,0      wishbone_read(A:x"4")=> x"43". ' 'Read status reg'  [1718]'
%%     1513552.5 ns  Log    ID_UVVM_SEND_CMD    TB seq.(uvvm)       fetch_result(WISHBONE_VVC,0, 1718): 'Fetching result from I2C master DUT status register.'. [1720]
%%     1514652.5 ns  Log    ID_UVVM_SEND_CMD    TB seq.(uvvm)       wishbone_read(WISHBONE_VVC,0, x"4"): 'Read status reg'. [1721]
%%     1514672.5 ns  Log    ID_BFM              WISHBONE_VVC,0      wishbone_read(A:x"4")=> x"43". ' 'Read status reg'  [1721]'
%%     1514672.5 ns  Log    ID_UVVM_SEND_CMD    TB seq.(uvvm)       fetch_result(WISHBONE_VVC,0, 1721): 'Fetching result from I2C master DUT status register.'. [1723]
%%     1515772.5 ns  Log    ID_UVVM_SEND_CMD    TB seq.(uvvm)       wishbone_read(WISHBONE_VVC,0, x"4"): 'Read status reg'. [1724]
%%     1515792.5 ns  Log    ID_BFM              WISHBONE_VVC,0      wishbone_read(A:x"4")=> x"43". ' 'Read status reg'  [1724]'
%%     1515792.5 ns  Log    ID_UVVM_SEND_CMD    TB seq.(uvvm)       fetch_result(WISHBONE_VVC,0, 1724): 'Fetching result from I2C master DUT status register.'. [1726]
%%     1516892.5 ns  Log    ID_UVVM_SEND_CMD    TB seq.(uvvm)       wishbone_read(WISHBONE_VVC,0, x"4"): 'Read status reg'. [1727]
%%     1516912.5 ns  Log    ID_BFM              WISHBONE_VVC,0      wishbone_read(A:x"4")=> x"C3". ' 'Read status reg'  [1727]'
%%     1516912.5 ns  Log    ID_UVVM_SEND_CMD    TB seq.(uvvm)       fetch_result(WISHBONE_VVC,0, 1727): 'Fetching result from I2C master DUT status register.'. [1729]
%%     1517790.0 ns  Log    ID_BFM              I2C_VVC,2           i2c_slave_transmit((x"C5"))=> (x"C5"). ' 'Transmit data from I2C slave VVC'  [1663]'
%%     1518012.5 ns  Log    ID_UVVM_SEND_CMD    TB seq.(uvvm)       wishbone_read(WISHBONE_VVC,0, x"4"): 'Read status reg'. [1730]
%%     1518032.5 ns  Log    ID_BFM              WISHBONE_VVC,0      wishbone_read(A:x"4")=> x"81". ' 'Read status reg'  [1730]'
%%     1518032.5 ns  Log    ID_UVVM_SEND_CMD    TB seq.(uvvm)       fetch_result(WISHBONE_VVC,0, 1730): 'Fetching result from I2C master DUT status register.'. [1732]
%%     1518032.5 ns  Log    ID_UVVM_SEND_CMD    TB seq.(uvvm)       wishbone_check(WISHBONE_VVC,0, x"3", x"C5"): 'Checking data received from I2C VVC Slave'. [1733]
%%     1518052.5 ns  Log    ID_BFM              WISHBONE_VVC,0      wishbone_check(A:x"3", x"C5")=> OK, received data = x"C5". ' 'Checking data received from I2C VVC Slave'  [1733]'
%%     1518052.5 ns  Log    ID_UVVM_SEND_CMD    TB seq.(uvvm)       wishbone_write(WISHBONE_VVC,0, x"3", x"AB"): 'Setting address to be x55 and setting RW bit to Read ('1')'. [1736]
%%     1518052.5 ns  Log    ID_UVVM_SEND_CMD    TB seq.(uvvm)       wishbone_write(WISHBONE_VVC,0, x"4", x"90"): 'Setting STA and WR bit in command reg'. [1737]
%%     1518052.5 ns  Log    ID_UVVM_SEND_CMD    TB seq.(uvvm)       i2c_slave_transmit(I2C_VVC,2): 'Transmit data from I2C slave VVC'. [1738]
%%     1518072.5 ns  Log    ID_BFM              WISHBONE_VVC,0      wishbone_write(A:x"3", x"AB") completed. ' 'Setting address to be x55 and setting RW bit to Read ('1')'  [1736]'
%%     1518092.5 ns  Log    ID_BFM              WISHBONE_VVC,0      wishbone_write(A:x"4", x"90") completed. ' 'Setting STA and WR bit in command reg'  [1737]'
%%     1518092.5 ns  Log    ID_UVVM_SEND_CMD    TB seq.(uvvm)       wishbone_read(WISHBONE_VVC,0, x"4"): 'Read status reg'. [1740]
%%     1518112.5 ns  Log    ID_BFM              WISHBONE_VVC,0      wishbone_read(A:x"4")=> x"83". ' 'Read status reg'  [1740]'
%%     1518112.5 ns  Log    ID_UVVM_SEND_CMD    TB seq.(uvvm)       fetch_result(WISHBONE_VVC,0, 1740): 'Fetching result from I2C master DUT status register.'. [1742]
%%     1519212.5 ns  Log    ID_UVVM_SEND_CMD    TB seq.(uvvm)       wishbone_read(WISHBONE_VVC,0, x"4"): 'Read status reg'. [1743]
%%     1519232.5 ns  Log    ID_BFM              WISHBONE_VVC,0      wishbone_read(A:x"4")=> x"C3". ' 'Read status reg'  [1743]'
%%     1519232.5 ns  Log    ID_UVVM_SEND_CMD    TB seq.(uvvm)       fetch_result(WISHBONE_VVC,0, 1743): 'Fetching result from I2C master DUT status register.'. [1745]
%%     1520332.5 ns  Log    ID_UVVM_SEND_CMD    TB seq.(uvvm)       wishbone_read(WISHBONE_VVC,0, x"4"): 'Read status reg'. [1746]
%%     1520352.5 ns  Log    ID_BFM              WISHBONE_VVC,0      wishbone_read(A:x"4")=> x"C3". ' 'Read status reg'  [1746]'
%%     1520352.5 ns  Log    ID_UVVM_SEND_CMD    TB seq.(uvvm)       fetch_result(WISHBONE_VVC,0, 1746): 'Fetching result from I2C master DUT status register.'. [1748]
%%     1521452.5 ns  Log    ID_UVVM_SEND_CMD    TB seq.(uvvm)       wishbone_read(WISHBONE_VVC,0, x"4"): 'Read status reg'. [1749]
%%     1521472.5 ns  Log    ID_BFM              WISHBONE_VVC,0      wishbone_read(A:x"4")=> x"C3". ' 'Read status reg'  [1749]'
%%     1521472.5 ns  Log    ID_UVVM_SEND_CMD    TB seq.(uvvm)       fetch_result(WISHBONE_VVC,0, 1749): 'Fetching result from I2C master DUT status register.'. [1751]
%%     1522572.5 ns  Log    ID_UVVM_SEND_CMD    TB seq.(uvvm)       wishbone_read(WISHBONE_VVC,0, x"4"): 'Read status reg'. [1752]
%%     1522592.5 ns  Log    ID_BFM              WISHBONE_VVC,0      wishbone_read(A:x"4")=> x"C3". ' 'Read status reg'  [1752]'
%%     1522592.5 ns  Log    ID_UVVM_SEND_CMD    TB seq.(uvvm)       fetch_result(WISHBONE_VVC,0, 1752): 'Fetching result from I2C master DUT status register.'. [1754]
%%     1523692.5 ns  Log    ID_UVVM_SEND_CMD    TB seq.(uvvm)       wishbone_read(WISHBONE_VVC,0, x"4"): 'Read status reg'. [1755]
%%     1523712.5 ns  Log    ID_BFM              WISHBONE_VVC,0      wishbone_read(A:x"4")=> x"C3". ' 'Read status reg'  [1755]'
%%     1523712.5 ns  Log    ID_UVVM_SEND_CMD    TB seq.(uvvm)       fetch_result(WISHBONE_VVC,0, 1755): 'Fetching result from I2C master DUT status register.'. [1757]
%%     1524812.5 ns  Log    ID_UVVM_SEND_CMD    TB seq.(uvvm)       wishbone_read(WISHBONE_VVC,0, x"4"): 'Read status reg'. [1758]
%%     1524832.5 ns  Log    ID_BFM              WISHBONE_VVC,0      wishbone_read(A:x"4")=> x"C3". ' 'Read status reg'  [1758]'
%%     1524832.5 ns  Log    ID_UVVM_SEND_CMD    TB seq.(uvvm)       fetch_result(WISHBONE_VVC,0, 1758): 'Fetching result from I2C master DUT status register.'. [1760]
%%     1525932.5 ns  Log    ID_UVVM_SEND_CMD    TB seq.(uvvm)       wishbone_read(WISHBONE_VVC,0, x"4"): 'Read status reg'. [1761]
%%     1525952.5 ns  Log    ID_BFM              WISHBONE_VVC,0      wishbone_read(A:x"4")=> x"C3". ' 'Read status reg'  [1761]'
%%     1525952.5 ns  Log    ID_UVVM_SEND_CMD    TB seq.(uvvm)       fetch_result(WISHBONE_VVC,0, 1761): 'Fetching result from I2C master DUT status register.'. [1763]
%%     1527052.5 ns  Log    ID_UVVM_SEND_CMD    TB seq.(uvvm)       wishbone_read(WISHBONE_VVC,0, x"4"): 'Read status reg'. [1764]
%%     1527072.5 ns  Log    ID_BFM              WISHBONE_VVC,0      wishbone_read(A:x"4")=> x"C3". ' 'Read status reg'  [1764]'
%%     1527072.5 ns  Log    ID_UVVM_SEND_CMD    TB seq.(uvvm)       fetch_result(WISHBONE_VVC,0, 1764): 'Fetching result from I2C master DUT status register.'. [1766]
%%     1528172.5 ns  Log    ID_UVVM_SEND_CMD    TB seq.(uvvm)       wishbone_read(WISHBONE_VVC,0, x"4"): 'Read status reg'. [1767]
%%     1528192.5 ns  Log    ID_BFM              WISHBONE_VVC,0      wishbone_read(A:x"4")=> x"C3". ' 'Read status reg'  [1767]'
%%     1528192.5 ns  Log    ID_UVVM_SEND_CMD    TB seq.(uvvm)       fetch_result(WISHBONE_VVC,0, 1767): 'Fetching result from I2C master DUT status register.'. [1769]
%%     1529292.5 ns  Log    ID_UVVM_SEND_CMD    TB seq.(uvvm)       wishbone_read(WISHBONE_VVC,0, x"4"): 'Read status reg'. [1770]
%%     1529312.5 ns  Log    ID_BFM              WISHBONE_VVC,0      wishbone_read(A:x"4")=> x"41". ' 'Read status reg'  [1770]'
%%     1529312.5 ns  Log    ID_UVVM_SEND_CMD    TB seq.(uvvm)       fetch_result(WISHBONE_VVC,0, 1770): 'Fetching result from I2C master DUT status register.'. [1772]
%%     1529312.5 ns  Log    ID_UVVM_SEND_CMD    TB seq.(uvvm)       wishbone_write(WISHBONE_VVC,0, x"4", x"68"): 'Setting STO, RD and NACK bit in command reg'. [1773]
%%     1529332.5 ns  Log    ID_BFM              WISHBONE_VVC,0      wishbone_write(A:x"4", x"68") completed. ' 'Setting STO, RD and NACK bit in command reg'  [1773]'
%%     1529332.5 ns  Log    ID_UVVM_SEND_CMD    TB seq.(uvvm)       wishbone_read(WISHBONE_VVC,0, x"4"): 'Read status reg'. [1775]
%%     1529352.5 ns  Log    ID_BFM              WISHBONE_VVC,0      wishbone_read(A:x"4")=> x"43". ' 'Read status reg'  [1775]'
%%     1529352.5 ns  Log    ID_UVVM_SEND_CMD    TB seq.(uvvm)       fetch_result(WISHBONE_VVC,0, 1775): 'Fetching result from I2C master DUT status register.'. [1777]
%%     1530452.5 ns  Log    ID_UVVM_SEND_CMD    TB seq.(uvvm)       wishbone_read(WISHBONE_VVC,0, x"4"): 'Read status reg'. [1778]
%%     1530472.5 ns  Log    ID_BFM              WISHBONE_VVC,0      wishbone_read(A:x"4")=> x"43". ' 'Read status reg'  [1778]'
%%     1530472.5 ns  Log    ID_UVVM_SEND_CMD    TB seq.(uvvm)       fetch_result(WISHBONE_VVC,0, 1778): 'Fetching result from I2C master DUT status register.'. [1780]
%%     1531572.5 ns  Log    ID_UVVM_SEND_CMD    TB seq.(uvvm)       wishbone_read(WISHBONE_VVC,0, x"4"): 'Read status reg'. [1781]
%%     1531592.5 ns  Log    ID_BFM              WISHBONE_VVC,0      wishbone_read(A:x"4")=> x"43". ' 'Read status reg'  [1781]'
%%     1531592.5 ns  Log    ID_UVVM_SEND_CMD    TB seq.(uvvm)       fetch_result(WISHBONE_VVC,0, 1781): 'Fetching result from I2C master DUT status register.'. [1783]
%%     1532692.5 ns  Log    ID_UVVM_SEND_CMD    TB seq.(uvvm)       wishbone_read(WISHBONE_VVC,0, x"4"): 'Read status reg'. [1784]
%%     1532712.5 ns  Log    ID_BFM              WISHBONE_VVC,0      wishbone_read(A:x"4")=> x"43". ' 'Read status reg'  [1784]'
%%     1532712.5 ns  Log    ID_UVVM_SEND_CMD    TB seq.(uvvm)       fetch_result(WISHBONE_VVC,0, 1784): 'Fetching result from I2C master DUT status register.'. [1786]
%%     1533812.5 ns  Log    ID_UVVM_SEND_CMD    TB seq.(uvvm)       wishbone_read(WISHBONE_VVC,0, x"4"): 'Read status reg'. [1787]
%%     1533832.5 ns  Log    ID_BFM              WISHBONE_VVC,0      wishbone_read(A:x"4")=> x"43". ' 'Read status reg'  [1787]'
%%     1533832.5 ns  Log    ID_UVVM_SEND_CMD    TB seq.(uvvm)       fetch_result(WISHBONE_VVC,0, 1787): 'Fetching result from I2C master DUT status register.'. [1789]
%%     1534932.5 ns  Log    ID_UVVM_SEND_CMD    TB seq.(uvvm)       wishbone_read(WISHBONE_VVC,0, x"4"): 'Read status reg'. [1790]
%%     1534952.5 ns  Log    ID_BFM              WISHBONE_VVC,0      wishbone_read(A:x"4")=> x"43". ' 'Read status reg'  [1790]'
%%     1534952.5 ns  Log    ID_UVVM_SEND_CMD    TB seq.(uvvm)       fetch_result(WISHBONE_VVC,0, 1790): 'Fetching result from I2C master DUT status register.'. [1792]
%%     1536052.5 ns  Log    ID_UVVM_SEND_CMD    TB seq.(uvvm)       wishbone_read(WISHBONE_VVC,0, x"4"): 'Read status reg'. [1793]
%%     1536072.5 ns  Log    ID_BFM              WISHBONE_VVC,0      wishbone_read(A:x"4")=> x"43". ' 'Read status reg'  [1793]'
%%     1536072.5 ns  Log    ID_UVVM_SEND_CMD    TB seq.(uvvm)       fetch_result(WISHBONE_VVC,0, 1793): 'Fetching result from I2C master DUT status register.'. [1795]
%%     1537172.5 ns  Log    ID_UVVM_SEND_CMD    TB seq.(uvvm)       wishbone_read(WISHBONE_VVC,0, x"4"): 'Read status reg'. [1796]
%%     1537192.5 ns  Log    ID_BFM              WISHBONE_VVC,0      wishbone_read(A:x"4")=> x"43". ' 'Read status reg'  [1796]'
%%     1537192.5 ns  Log    ID_UVVM_SEND_CMD    TB seq.(uvvm)       fetch_result(WISHBONE_VVC,0, 1796): 'Fetching result from I2C master DUT status register.'. [1798]
%%     1538292.5 ns  Log    ID_UVVM_SEND_CMD    TB seq.(uvvm)       wishbone_read(WISHBONE_VVC,0, x"4"): 'Read status reg'. [1799]
%%     1538312.5 ns  Log    ID_BFM              WISHBONE_VVC,0      wishbone_read(A:x"4")=> x"43". ' 'Read status reg'  [1799]'
%%     1538312.5 ns  Log    ID_UVVM_SEND_CMD    TB seq.(uvvm)       fetch_result(WISHBONE_VVC,0, 1799): 'Fetching result from I2C master DUT status register.'. [1801]
%%     1539412.5 ns  Log    ID_UVVM_SEND_CMD    TB seq.(uvvm)       wishbone_read(WISHBONE_VVC,0, x"4"): 'Read status reg'. [1802]
%%     1539432.5 ns  Log    ID_BFM              WISHBONE_VVC,0      wishbone_read(A:x"4")=> x"C3". ' 'Read status reg'  [1802]'
%%     1539432.5 ns  Log    ID_UVVM_SEND_CMD    TB seq.(uvvm)       fetch_result(WISHBONE_VVC,0, 1802): 'Fetching result from I2C master DUT status register.'. [1804]
%%     1540290.0 ns  Log    ID_BFM              I2C_VVC,2           i2c_slave_transmit((x"88"))=> (x"88"). ' 'Transmit data from I2C slave VVC'  [1738]'
%%     1540532.5 ns  Log    ID_UVVM_SEND_CMD    TB seq.(uvvm)       wishbone_read(WISHBONE_VVC,0, x"4"): 'Read status reg'. [1805]
%%     1540552.5 ns  Log    ID_BFM              WISHBONE_VVC,0      wishbone_read(A:x"4")=> x"81". ' 'Read status reg'  [1805]'
%%     1540552.5 ns  Log    ID_UVVM_SEND_CMD    TB seq.(uvvm)       fetch_result(WISHBONE_VVC,0, 1805): 'Fetching result from I2C master DUT status register.'. [1807]
%%     1540552.5 ns  Log    ID_UVVM_SEND_CMD    TB seq.(uvvm)       wishbone_check(WISHBONE_VVC,0, x"3", x"88"): 'Checking data received from I2C VVC Slave'. [1808]
%%     1540572.5 ns  Log    ID_BFM              WISHBONE_VVC,0      wishbone_check(A:x"3", x"88")=> OK, received data = x"88". ' 'Checking data received from I2C VVC Slave'  [1808]'
%%     1540572.5 ns  Log    ID_UVVM_SEND_CMD    TB seq.(uvvm)       wishbone_write(WISHBONE_VVC,0, x"3", x"AB"): 'Setting address to be x55 and setting RW bit to Read ('1')'. [1811]
%%     1540572.5 ns  Log    ID_UVVM_SEND_CMD    TB seq.(uvvm)       wishbone_write(WISHBONE_VVC,0, x"4", x"90"): 'Setting STA and WR bit in command reg'. [1812]
%%     1540572.5 ns  Log    ID_UVVM_SEND_CMD    TB seq.(uvvm)       i2c_slave_transmit(I2C_VVC,2): 'Transmit data from I2C slave VVC'. [1813]
%%     1540592.5 ns  Log    ID_BFM              WISHBONE_VVC,0      wishbone_write(A:x"3", x"AB") completed. ' 'Setting address to be x55 and setting RW bit to Read ('1')'  [1811]'
%%     1540612.5 ns  Log    ID_BFM              WISHBONE_VVC,0      wishbone_write(A:x"4", x"90") completed. ' 'Setting STA and WR bit in command reg'  [1812]'
%%     1540612.5 ns  Log    ID_UVVM_SEND_CMD    TB seq.(uvvm)       wishbone_read(WISHBONE_VVC,0, x"4"): 'Read status reg'. [1815]
%%     1540632.5 ns  Log    ID_BFM              WISHBONE_VVC,0      wishbone_read(A:x"4")=> x"83". ' 'Read status reg'  [1815]'
%%     1540632.5 ns  Log    ID_UVVM_SEND_CMD    TB seq.(uvvm)       fetch_result(WISHBONE_VVC,0, 1815): 'Fetching result from I2C master DUT status register.'. [1817]
%%     1541732.5 ns  Log    ID_UVVM_SEND_CMD    TB seq.(uvvm)       wishbone_read(WISHBONE_VVC,0, x"4"): 'Read status reg'. [1818]
%%     1541752.5 ns  Log    ID_BFM              WISHBONE_VVC,0      wishbone_read(A:x"4")=> x"C3". ' 'Read status reg'  [1818]'
%%     1541752.5 ns  Log    ID_UVVM_SEND_CMD    TB seq.(uvvm)       fetch_result(WISHBONE_VVC,0, 1818): 'Fetching result from I2C master DUT status register.'. [1820]
%%     1542852.5 ns  Log    ID_UVVM_SEND_CMD    TB seq.(uvvm)       wishbone_read(WISHBONE_VVC,0, x"4"): 'Read status reg'. [1821]
%%     1542872.5 ns  Log    ID_BFM              WISHBONE_VVC,0      wishbone_read(A:x"4")=> x"C3". ' 'Read status reg'  [1821]'
%%     1542872.5 ns  Log    ID_UVVM_SEND_CMD    TB seq.(uvvm)       fetch_result(WISHBONE_VVC,0, 1821): 'Fetching result from I2C master DUT status register.'. [1823]
%%     1543972.5 ns  Log    ID_UVVM_SEND_CMD    TB seq.(uvvm)       wishbone_read(WISHBONE_VVC,0, x"4"): 'Read status reg'. [1824]
%%     1543992.5 ns  Log    ID_BFM              WISHBONE_VVC,0      wishbone_read(A:x"4")=> x"C3". ' 'Read status reg'  [1824]'
%%     1543992.5 ns  Log    ID_UVVM_SEND_CMD    TB seq.(uvvm)       fetch_result(WISHBONE_VVC,0, 1824): 'Fetching result from I2C master DUT status register.'. [1826]
%%     1545092.5 ns  Log    ID_UVVM_SEND_CMD    TB seq.(uvvm)       wishbone_read(WISHBONE_VVC,0, x"4"): 'Read status reg'. [1827]
%%     1545112.5 ns  Log    ID_BFM              WISHBONE_VVC,0      wishbone_read(A:x"4")=> x"C3". ' 'Read status reg'  [1827]'
%%     1545112.5 ns  Log    ID_UVVM_SEND_CMD    TB seq.(uvvm)       fetch_result(WISHBONE_VVC,0, 1827): 'Fetching result from I2C master DUT status register.'. [1829]
%%     1546212.5 ns  Log    ID_UVVM_SEND_CMD    TB seq.(uvvm)       wishbone_read(WISHBONE_VVC,0, x"4"): 'Read status reg'. [1830]
%%     1546232.5 ns  Log    ID_BFM              WISHBONE_VVC,0      wishbone_read(A:x"4")=> x"C3". ' 'Read status reg'  [1830]'
%%     1546232.5 ns  Log    ID_UVVM_SEND_CMD    TB seq.(uvvm)       fetch_result(WISHBONE_VVC,0, 1830): 'Fetching result from I2C master DUT status register.'. [1832]
%%     1547332.5 ns  Log    ID_UVVM_SEND_CMD    TB seq.(uvvm)       wishbone_read(WISHBONE_VVC,0, x"4"): 'Read status reg'. [1833]
%%     1547352.5 ns  Log    ID_BFM              WISHBONE_VVC,0      wishbone_read(A:x"4")=> x"C3". ' 'Read status reg'  [1833]'
%%     1547352.5 ns  Log    ID_UVVM_SEND_CMD    TB seq.(uvvm)       fetch_result(WISHBONE_VVC,0, 1833): 'Fetching result from I2C master DUT status register.'. [1835]
%%     1548452.5 ns  Log    ID_UVVM_SEND_CMD    TB seq.(uvvm)       wishbone_read(WISHBONE_VVC,0, x"4"): 'Read status reg'. [1836]
%%     1548472.5 ns  Log    ID_BFM              WISHBONE_VVC,0      wishbone_read(A:x"4")=> x"C3". ' 'Read status reg'  [1836]'
%%     1548472.5 ns  Log    ID_UVVM_SEND_CMD    TB seq.(uvvm)       fetch_result(WISHBONE_VVC,0, 1836): 'Fetching result from I2C master DUT status register.'. [1838]
%%     1549572.5 ns  Log    ID_UVVM_SEND_CMD    TB seq.(uvvm)       wishbone_read(WISHBONE_VVC,0, x"4"): 'Read status reg'. [1839]
%%     1549592.5 ns  Log    ID_BFM              WISHBONE_VVC,0      wishbone_read(A:x"4")=> x"C3". ' 'Read status reg'  [1839]'
%%     1549592.5 ns  Log    ID_UVVM_SEND_CMD    TB seq.(uvvm)       fetch_result(WISHBONE_VVC,0, 1839): 'Fetching result from I2C master DUT status register.'. [1841]
%%     1550692.5 ns  Log    ID_UVVM_SEND_CMD    TB seq.(uvvm)       wishbone_read(WISHBONE_VVC,0, x"4"): 'Read status reg'. [1842]
%%     1550712.5 ns  Log    ID_BFM              WISHBONE_VVC,0      wishbone_read(A:x"4")=> x"C3". ' 'Read status reg'  [1842]'
%%     1550712.5 ns  Log    ID_UVVM_SEND_CMD    TB seq.(uvvm)       fetch_result(WISHBONE_VVC,0, 1842): 'Fetching result from I2C master DUT status register.'. [1844]
%%     1551812.5 ns  Log    ID_UVVM_SEND_CMD    TB seq.(uvvm)       wishbone_read(WISHBONE_VVC,0, x"4"): 'Read status reg'. [1845]
%%     1551832.5 ns  Log    ID_BFM              WISHBONE_VVC,0      wishbone_read(A:x"4")=> x"41". ' 'Read status reg'  [1845]'
%%     1551832.5 ns  Log    ID_UVVM_SEND_CMD    TB seq.(uvvm)       fetch_result(WISHBONE_VVC,0, 1845): 'Fetching result from I2C master DUT status register.'. [1847]
%%     1551832.5 ns  Log    ID_UVVM_SEND_CMD    TB seq.(uvvm)       wishbone_write(WISHBONE_VVC,0, x"4", x"68"): 'Setting STO, RD and NACK bit in command reg'. [1848]
%%     1551852.5 ns  Log    ID_BFM              WISHBONE_VVC,0      wishbone_write(A:x"4", x"68") completed. ' 'Setting STO, RD and NACK bit in command reg'  [1848]'
%%     1551852.5 ns  Log    ID_UVVM_SEND_CMD    TB seq.(uvvm)       wishbone_read(WISHBONE_VVC,0, x"4"): 'Read status reg'. [1850]
%%     1551872.5 ns  Log    ID_BFM              WISHBONE_VVC,0      wishbone_read(A:x"4")=> x"43". ' 'Read status reg'  [1850]'
%%     1551872.5 ns  Log    ID_UVVM_SEND_CMD    TB seq.(uvvm)       fetch_result(WISHBONE_VVC,0, 1850): 'Fetching result from I2C master DUT status register.'. [1852]
%%     1552972.5 ns  Log    ID_UVVM_SEND_CMD    TB seq.(uvvm)       wishbone_read(WISHBONE_VVC,0, x"4"): 'Read status reg'. [1853]
%%     1552992.5 ns  Log    ID_BFM              WISHBONE_VVC,0      wishbone_read(A:x"4")=> x"43". ' 'Read status reg'  [1853]'
%%     1552992.5 ns  Log    ID_UVVM_SEND_CMD    TB seq.(uvvm)       fetch_result(WISHBONE_VVC,0, 1853): 'Fetching result from I2C master DUT status register.'. [1855]
%%     1554092.5 ns  Log    ID_UVVM_SEND_CMD    TB seq.(uvvm)       wishbone_read(WISHBONE_VVC,0, x"4"): 'Read status reg'. [1856]
%%     1554112.5 ns  Log    ID_BFM              WISHBONE_VVC,0      wishbone_read(A:x"4")=> x"43". ' 'Read status reg'  [1856]'
%%     1554112.5 ns  Log    ID_UVVM_SEND_CMD    TB seq.(uvvm)       fetch_result(WISHBONE_VVC,0, 1856): 'Fetching result from I2C master DUT status register.'. [1858]
%%     1555212.5 ns  Log    ID_UVVM_SEND_CMD    TB seq.(uvvm)       wishbone_read(WISHBONE_VVC,0, x"4"): 'Read status reg'. [1859]
%%     1555232.5 ns  Log    ID_BFM              WISHBONE_VVC,0      wishbone_read(A:x"4")=> x"43". ' 'Read status reg'  [1859]'
%%     1555232.5 ns  Log    ID_UVVM_SEND_CMD    TB seq.(uvvm)       fetch_result(WISHBONE_VVC,0, 1859): 'Fetching result from I2C master DUT status register.'. [1861]
%%     1556332.5 ns  Log    ID_UVVM_SEND_CMD    TB seq.(uvvm)       wishbone_read(WISHBONE_VVC,0, x"4"): 'Read status reg'. [1862]
%%     1556352.5 ns  Log    ID_BFM              WISHBONE_VVC,0      wishbone_read(A:x"4")=> x"43". ' 'Read status reg'  [1862]'
%%     1556352.5 ns  Log    ID_UVVM_SEND_CMD    TB seq.(uvvm)       fetch_result(WISHBONE_VVC,0, 1862): 'Fetching result from I2C master DUT status register.'. [1864]
%%     1557452.5 ns  Log    ID_UVVM_SEND_CMD    TB seq.(uvvm)       wishbone_read(WISHBONE_VVC,0, x"4"): 'Read status reg'. [1865]
%%     1557472.5 ns  Log    ID_BFM              WISHBONE_VVC,0      wishbone_read(A:x"4")=> x"43". ' 'Read status reg'  [1865]'
%%     1557472.5 ns  Log    ID_UVVM_SEND_CMD    TB seq.(uvvm)       fetch_result(WISHBONE_VVC,0, 1865): 'Fetching result from I2C master DUT status register.'. [1867]
%%     1558572.5 ns  Log    ID_UVVM_SEND_CMD    TB seq.(uvvm)       wishbone_read(WISHBONE_VVC,0, x"4"): 'Read status reg'. [1868]
%%     1558592.5 ns  Log    ID_BFM              WISHBONE_VVC,0      wishbone_read(A:x"4")=> x"43". ' 'Read status reg'  [1868]'
%%     1558592.5 ns  Log    ID_UVVM_SEND_CMD    TB seq.(uvvm)       fetch_result(WISHBONE_VVC,0, 1868): 'Fetching result from I2C master DUT status register.'. [1870]
%%     1559692.5 ns  Log    ID_UVVM_SEND_CMD    TB seq.(uvvm)       wishbone_read(WISHBONE_VVC,0, x"4"): 'Read status reg'. [1871]
%%     1559712.5 ns  Log    ID_BFM              WISHBONE_VVC,0      wishbone_read(A:x"4")=> x"43". ' 'Read status reg'  [1871]'
%%     1559712.5 ns  Log    ID_UVVM_SEND_CMD    TB seq.(uvvm)       fetch_result(WISHBONE_VVC,0, 1871): 'Fetching result from I2C master DUT status register.'. [1873]
%%     1560812.5 ns  Log    ID_UVVM_SEND_CMD    TB seq.(uvvm)       wishbone_read(WISHBONE_VVC,0, x"4"): 'Read status reg'. [1874]
%%     1560832.5 ns  Log    ID_BFM              WISHBONE_VVC,0      wishbone_read(A:x"4")=> x"43". ' 'Read status reg'  [1874]'
%%     1560832.5 ns  Log    ID_UVVM_SEND_CMD    TB seq.(uvvm)       fetch_result(WISHBONE_VVC,0, 1874): 'Fetching result from I2C master DUT status register.'. [1876]
%%     1561932.5 ns  Log    ID_UVVM_SEND_CMD    TB seq.(uvvm)       wishbone_read(WISHBONE_VVC,0, x"4"): 'Read status reg'. [1877]
%%     1561952.5 ns  Log    ID_BFM              WISHBONE_VVC,0      wishbone_read(A:x"4")=> x"C3". ' 'Read status reg'  [1877]'
%%     1561952.5 ns  Log    ID_UVVM_SEND_CMD    TB seq.(uvvm)       fetch_result(WISHBONE_VVC,0, 1877): 'Fetching result from I2C master DUT status register.'. [1879]
%%     1562790.0 ns  Log    ID_BFM              I2C_VVC,2           i2c_slave_transmit((x"06"))=> (x"6"). ' 'Transmit data from I2C slave VVC'  [1813]'
%%     1563052.5 ns  Log    ID_UVVM_SEND_CMD    TB seq.(uvvm)       wishbone_read(WISHBONE_VVC,0, x"4"): 'Read status reg'. [1880]
%%     1563072.5 ns  Log    ID_BFM              WISHBONE_VVC,0      wishbone_read(A:x"4")=> x"81". ' 'Read status reg'  [1880]'
%%     1563072.5 ns  Log    ID_UVVM_SEND_CMD    TB seq.(uvvm)       fetch_result(WISHBONE_VVC,0, 1880): 'Fetching result from I2C master DUT status register.'. [1882]
%%     1563072.5 ns  Log    ID_UVVM_SEND_CMD    TB seq.(uvvm)       wishbone_check(WISHBONE_VVC,0, x"3", x"06"): 'Checking data received from I2C VVC Slave'. [1883]
%%     1563092.5 ns  Log    ID_BFM              WISHBONE_VVC,0      wishbone_check(A:x"3", x"06")=> OK, received data = x"6". ' 'Checking data received from I2C VVC Slave'  [1883]'
%%     1563092.5 ns  Log    ID_UVVM_SEND_CMD    TB seq.(uvvm)       wishbone_write(WISHBONE_VVC,0, x"3", x"AB"): 'Setting address to be x55 and setting RW bit to Read ('1')'. [1886]
%%     1563092.5 ns  Log    ID_UVVM_SEND_CMD    TB seq.(uvvm)       wishbone_write(WISHBONE_VVC,0, x"4", x"90"): 'Setting STA and WR bit in command reg'. [1887]
%%     1563092.5 ns  Log    ID_UVVM_SEND_CMD    TB seq.(uvvm)       i2c_slave_transmit(I2C_VVC,2): 'Transmit data from I2C slave VVC'. [1888]
%%     1563112.5 ns  Log    ID_BFM              WISHBONE_VVC,0      wishbone_write(A:x"3", x"AB") completed. ' 'Setting address to be x55 and setting RW bit to Read ('1')'  [1886]'
%%     1563132.5 ns  Log    ID_BFM              WISHBONE_VVC,0      wishbone_write(A:x"4", x"90") completed. ' 'Setting STA and WR bit in command reg'  [1887]'
%%     1563132.5 ns  Log    ID_UVVM_SEND_CMD    TB seq.(uvvm)       wishbone_read(WISHBONE_VVC,0, x"4"): 'Read status reg'. [1890]
%%     1563152.5 ns  Log    ID_BFM              WISHBONE_VVC,0      wishbone_read(A:x"4")=> x"83". ' 'Read status reg'  [1890]'
%%     1563152.5 ns  Log    ID_UVVM_SEND_CMD    TB seq.(uvvm)       fetch_result(WISHBONE_VVC,0, 1890): 'Fetching result from I2C master DUT status register.'. [1892]
%%     1564252.5 ns  Log    ID_UVVM_SEND_CMD    TB seq.(uvvm)       wishbone_read(WISHBONE_VVC,0, x"4"): 'Read status reg'. [1893]
%%     1564272.5 ns  Log    ID_BFM              WISHBONE_VVC,0      wishbone_read(A:x"4")=> x"C3". ' 'Read status reg'  [1893]'
%%     1564272.5 ns  Log    ID_UVVM_SEND_CMD    TB seq.(uvvm)       fetch_result(WISHBONE_VVC,0, 1893): 'Fetching result from I2C master DUT status register.'. [1895]
%%     1565372.5 ns  Log    ID_UVVM_SEND_CMD    TB seq.(uvvm)       wishbone_read(WISHBONE_VVC,0, x"4"): 'Read status reg'. [1896]
%%     1565392.5 ns  Log    ID_BFM              WISHBONE_VVC,0      wishbone_read(A:x"4")=> x"C3". ' 'Read status reg'  [1896]'
%%     1565392.5 ns  Log    ID_UVVM_SEND_CMD    TB seq.(uvvm)       fetch_result(WISHBONE_VVC,0, 1896): 'Fetching result from I2C master DUT status register.'. [1898]
%%     1566492.5 ns  Log    ID_UVVM_SEND_CMD    TB seq.(uvvm)       wishbone_read(WISHBONE_VVC,0, x"4"): 'Read status reg'. [1899]
%%     1566512.5 ns  Log    ID_BFM              WISHBONE_VVC,0      wishbone_read(A:x"4")=> x"C3". ' 'Read status reg'  [1899]'
%%     1566512.5 ns  Log    ID_UVVM_SEND_CMD    TB seq.(uvvm)       fetch_result(WISHBONE_VVC,0, 1899): 'Fetching result from I2C master DUT status register.'. [1901]
%%     1567612.5 ns  Log    ID_UVVM_SEND_CMD    TB seq.(uvvm)       wishbone_read(WISHBONE_VVC,0, x"4"): 'Read status reg'. [1902]
%%     1567632.5 ns  Log    ID_BFM              WISHBONE_VVC,0      wishbone_read(A:x"4")=> x"C3". ' 'Read status reg'  [1902]'
%%     1567632.5 ns  Log    ID_UVVM_SEND_CMD    TB seq.(uvvm)       fetch_result(WISHBONE_VVC,0, 1902): 'Fetching result from I2C master DUT status register.'. [1904]
%%     1568732.5 ns  Log    ID_UVVM_SEND_CMD    TB seq.(uvvm)       wishbone_read(WISHBONE_VVC,0, x"4"): 'Read status reg'. [1905]
%%     1568752.5 ns  Log    ID_BFM              WISHBONE_VVC,0      wishbone_read(A:x"4")=> x"C3". ' 'Read status reg'  [1905]'
%%     1568752.5 ns  Log    ID_UVVM_SEND_CMD    TB seq.(uvvm)       fetch_result(WISHBONE_VVC,0, 1905): 'Fetching result from I2C master DUT status register.'. [1907]
%%     1569852.5 ns  Log    ID_UVVM_SEND_CMD    TB seq.(uvvm)       wishbone_read(WISHBONE_VVC,0, x"4"): 'Read status reg'. [1908]
%%     1569872.5 ns  Log    ID_BFM              WISHBONE_VVC,0      wishbone_read(A:x"4")=> x"C3". ' 'Read status reg'  [1908]'
%%     1569872.5 ns  Log    ID_UVVM_SEND_CMD    TB seq.(uvvm)       fetch_result(WISHBONE_VVC,0, 1908): 'Fetching result from I2C master DUT status register.'. [1910]
%%     1570972.5 ns  Log    ID_UVVM_SEND_CMD    TB seq.(uvvm)       wishbone_read(WISHBONE_VVC,0, x"4"): 'Read status reg'. [1911]
%%     1570992.5 ns  Log    ID_BFM              WISHBONE_VVC,0      wishbone_read(A:x"4")=> x"C3". ' 'Read status reg'  [1911]'
%%     1570992.5 ns  Log    ID_UVVM_SEND_CMD    TB seq.(uvvm)       fetch_result(WISHBONE_VVC,0, 1911): 'Fetching result from I2C master DUT status register.'. [1913]
%%     1572092.5 ns  Log    ID_UVVM_SEND_CMD    TB seq.(uvvm)       wishbone_read(WISHBONE_VVC,0, x"4"): 'Read status reg'. [1914]
%%     1572112.5 ns  Log    ID_BFM              WISHBONE_VVC,0      wishbone_read(A:x"4")=> x"C3". ' 'Read status reg'  [1914]'
%%     1572112.5 ns  Log    ID_UVVM_SEND_CMD    TB seq.(uvvm)       fetch_result(WISHBONE_VVC,0, 1914): 'Fetching result from I2C master DUT status register.'. [1916]
%%     1573212.5 ns  Log    ID_UVVM_SEND_CMD    TB seq.(uvvm)       wishbone_read(WISHBONE_VVC,0, x"4"): 'Read status reg'. [1917]
%%     1573232.5 ns  Log    ID_BFM              WISHBONE_VVC,0      wishbone_read(A:x"4")=> x"C3". ' 'Read status reg'  [1917]'
%%     1573232.5 ns  Log    ID_UVVM_SEND_CMD    TB seq.(uvvm)       fetch_result(WISHBONE_VVC,0, 1917): 'Fetching result from I2C master DUT status register.'. [1919]
%%     1574332.5 ns  Log    ID_UVVM_SEND_CMD    TB seq.(uvvm)       wishbone_read(WISHBONE_VVC,0, x"4"): 'Read status reg'. [1920]
%%     1574352.5 ns  Log    ID_BFM              WISHBONE_VVC,0      wishbone_read(A:x"4")=> x"41". ' 'Read status reg'  [1920]'
%%     1574352.5 ns  Log    ID_UVVM_SEND_CMD    TB seq.(uvvm)       fetch_result(WISHBONE_VVC,0, 1920): 'Fetching result from I2C master DUT status register.'. [1922]
%%     1574352.5 ns  Log    ID_UVVM_SEND_CMD    TB seq.(uvvm)       wishbone_write(WISHBONE_VVC,0, x"4", x"68"): 'Setting STO, RD and NACK bit in command reg'. [1923]
%%     1574372.5 ns  Log    ID_BFM              WISHBONE_VVC,0      wishbone_write(A:x"4", x"68") completed. ' 'Setting STO, RD and NACK bit in command reg'  [1923]'
%%     1574372.5 ns  Log    ID_UVVM_SEND_CMD    TB seq.(uvvm)       wishbone_read(WISHBONE_VVC,0, x"4"): 'Read status reg'. [1925]
%%     1574392.5 ns  Log    ID_BFM              WISHBONE_VVC,0      wishbone_read(A:x"4")=> x"43". ' 'Read status reg'  [1925]'
%%     1574392.5 ns  Log    ID_UVVM_SEND_CMD    TB seq.(uvvm)       fetch_result(WISHBONE_VVC,0, 1925): 'Fetching result from I2C master DUT status register.'. [1927]
%%     1575492.5 ns  Log    ID_UVVM_SEND_CMD    TB seq.(uvvm)       wishbone_read(WISHBONE_VVC,0, x"4"): 'Read status reg'. [1928]
%%     1575512.5 ns  Log    ID_BFM              WISHBONE_VVC,0      wishbone_read(A:x"4")=> x"43". ' 'Read status reg'  [1928]'
%%     1575512.5 ns  Log    ID_UVVM_SEND_CMD    TB seq.(uvvm)       fetch_result(WISHBONE_VVC,0, 1928): 'Fetching result from I2C master DUT status register.'. [1930]
%%     1576612.5 ns  Log    ID_UVVM_SEND_CMD    TB seq.(uvvm)       wishbone_read(WISHBONE_VVC,0, x"4"): 'Read status reg'. [1931]
%%     1576632.5 ns  Log    ID_BFM              WISHBONE_VVC,0      wishbone_read(A:x"4")=> x"43". ' 'Read status reg'  [1931]'
%%     1576632.5 ns  Log    ID_UVVM_SEND_CMD    TB seq.(uvvm)       fetch_result(WISHBONE_VVC,0, 1931): 'Fetching result from I2C master DUT status register.'. [1933]
%%     1577732.5 ns  Log    ID_UVVM_SEND_CMD    TB seq.(uvvm)       wishbone_read(WISHBONE_VVC,0, x"4"): 'Read status reg'. [1934]
%%     1577752.5 ns  Log    ID_BFM              WISHBONE_VVC,0      wishbone_read(A:x"4")=> x"43". ' 'Read status reg'  [1934]'
%%     1577752.5 ns  Log    ID_UVVM_SEND_CMD    TB seq.(uvvm)       fetch_result(WISHBONE_VVC,0, 1934): 'Fetching result from I2C master DUT status register.'. [1936]
%%     1578852.5 ns  Log    ID_UVVM_SEND_CMD    TB seq.(uvvm)       wishbone_read(WISHBONE_VVC,0, x"4"): 'Read status reg'. [1937]
%%     1578872.5 ns  Log    ID_BFM              WISHBONE_VVC,0      wishbone_read(A:x"4")=> x"43". ' 'Read status reg'  [1937]'
%%     1578872.5 ns  Log    ID_UVVM_SEND_CMD    TB seq.(uvvm)       fetch_result(WISHBONE_VVC,0, 1937): 'Fetching result from I2C master DUT status register.'. [1939]
%%     1579972.5 ns  Log    ID_UVVM_SEND_CMD    TB seq.(uvvm)       wishbone_read(WISHBONE_VVC,0, x"4"): 'Read status reg'. [1940]
%%     1579992.5 ns  Log    ID_BFM              WISHBONE_VVC,0      wishbone_read(A:x"4")=> x"43". ' 'Read status reg'  [1940]'
%%     1579992.5 ns  Log    ID_UVVM_SEND_CMD    TB seq.(uvvm)       fetch_result(WISHBONE_VVC,0, 1940): 'Fetching result from I2C master DUT status register.'. [1942]
%%     1581092.5 ns  Log    ID_UVVM_SEND_CMD    TB seq.(uvvm)       wishbone_read(WISHBONE_VVC,0, x"4"): 'Read status reg'. [1943]
%%     1581112.5 ns  Log    ID_BFM              WISHBONE_VVC,0      wishbone_read(A:x"4")=> x"43". ' 'Read status reg'  [1943]'
%%     1581112.5 ns  Log    ID_UVVM_SEND_CMD    TB seq.(uvvm)       fetch_result(WISHBONE_VVC,0, 1943): 'Fetching result from I2C master DUT status register.'. [1945]
%%     1582212.5 ns  Log    ID_UVVM_SEND_CMD    TB seq.(uvvm)       wishbone_read(WISHBONE_VVC,0, x"4"): 'Read status reg'. [1946]
%%     1582232.5 ns  Log    ID_BFM              WISHBONE_VVC,0      wishbone_read(A:x"4")=> x"43". ' 'Read status reg'  [1946]'
%%     1582232.5 ns  Log    ID_UVVM_SEND_CMD    TB seq.(uvvm)       fetch_result(WISHBONE_VVC,0, 1946): 'Fetching result from I2C master DUT status register.'. [1948]
%%     1583332.5 ns  Log    ID_UVVM_SEND_CMD    TB seq.(uvvm)       wishbone_read(WISHBONE_VVC,0, x"4"): 'Read status reg'. [1949]
%%     1583352.5 ns  Log    ID_BFM              WISHBONE_VVC,0      wishbone_read(A:x"4")=> x"43". ' 'Read status reg'  [1949]'
%%     1583352.5 ns  Log    ID_UVVM_SEND_CMD    TB seq.(uvvm)       fetch_result(WISHBONE_VVC,0, 1949): 'Fetching result from I2C master DUT status register.'. [1951]
%%     1584452.5 ns  Log    ID_UVVM_SEND_CMD    TB seq.(uvvm)       wishbone_read(WISHBONE_VVC,0, x"4"): 'Read status reg'. [1952]
%%     1584472.5 ns  Log    ID_BFM              WISHBONE_VVC,0      wishbone_read(A:x"4")=> x"C3". ' 'Read status reg'  [1952]'
%%     1584472.5 ns  Log    ID_UVVM_SEND_CMD    TB seq.(uvvm)       fetch_result(WISHBONE_VVC,0, 1952): 'Fetching result from I2C master DUT status register.'. [1954]
%%     1585290.0 ns  Log    ID_BFM              I2C_VVC,2           i2c_slave_transmit((x"5D"))=> (x"5D"). ' 'Transmit data from I2C slave VVC'  [1888]'
%%     1585572.5 ns  Log    ID_UVVM_SEND_CMD    TB seq.(uvvm)       wishbone_read(WISHBONE_VVC,0, x"4"): 'Read status reg'. [1955]
%%     1585592.5 ns  Log    ID_BFM              WISHBONE_VVC,0      wishbone_read(A:x"4")=> x"81". ' 'Read status reg'  [1955]'
%%     1585592.5 ns  Log    ID_UVVM_SEND_CMD    TB seq.(uvvm)       fetch_result(WISHBONE_VVC,0, 1955): 'Fetching result from I2C master DUT status register.'. [1957]
%%     1585592.5 ns  Log    ID_UVVM_SEND_CMD    TB seq.(uvvm)       wishbone_check(WISHBONE_VVC,0, x"3", x"5D"): 'Checking data received from I2C VVC Slave'. [1958]
%%     1585612.5 ns  Log    ID_BFM              WISHBONE_VVC,0      wishbone_check(A:x"3", x"5D")=> OK, received data = x"5D". ' 'Checking data received from I2C VVC Slave'  [1958]'
%%     1585613.5 ns  Log    ID_AWAIT_UVVM_COMP  I2C_VVC_TB          await_uvvm_completion() => OK. All VVCs are inactive. Condition occurred after 1 ns
%%     1585613.5 ns  Log    ID_AWAIT_UVVM_COMP  I2C_VVC_TB          await_uvvm_completion()() => OK. All UVVM scoreboards are empty. Condition occurred after 0 ns
%% 
%% ============================================================================================================================================================================
%%  *** INTERMEDIATE SUMMARY OF ALL ALERTS ***
%% ============================================================================================================================================================================
%%     1585613.5 ns  DONE   NOCHECKS  single-byte_communication_with_master_dut  Passed: 0
%%    Expected      Failures: 0  Errors: 0  Warnings: 0  Passed: 0
%%    VHDL Asserts  Failures: 0  Errors: 0  Warnings: 0  Passed: 0
%%    Default       Failures: 0  Errors: 0  Warnings: 0  Passed: 0
%%    OSVVM         Failures: 0  Errors: 0  Warnings: 0  Passed: 0
%% ============================================================================================================================================================================
%% 
%% 
%% 
%%     1585613.5 ns  Log    ID_LOG_HDR          I2C_VVC_TB          SIMULATION COMPLETED
%% ----------------------------------------------------------------------------------------------------------------------------------------------------------------------------
