%%      
%%      -----------------------------------------------------------------------------------------------------------------------------------------------------------------------
%%      ***  REPORT OF GLOBAL CTRL ***
%%      -----------------------------------------------------------------------------------------------------------------------------------------------------------------------
%%                                IGNORE    STOP_LIMIT
%%                NOTE         :  REGARD         0
%%                TB_NOTE      :  REGARD         0
%%                WARNING      :  REGARD         0
%%                TB_WARNING   :  REGARD         0
%%                MANUAL_CHECK :  REGARD         0
%%                ERROR        :  REGARD         0
%%                TB_ERROR     :  REGARD         0
%%                FAILURE      :  REGARD         1
%%                TB_FAILURE   :  REGARD         1
%%      -----------------------------------------------------------------------------------------------------------------------------------------------------------------------
%%      
%%      
%%      -----------------------------------------------------------------------------------------------------------------------------------------------------------------------
%%      ***  REPORT OF MSG ID PANEL ***
%%      -----------------------------------------------------------------------------------------------------------------------------------------------------------------------
%%                ID                             Status
%%                ------------------------       ------
%%                ID_UTIL_BURIED               : DISABLED
%%                ID_BITVIS_DEBUG              : DISABLED
%%                ID_UTIL_SETUP                : ENABLED
%%                ID_LOG_MSG_CTRL              : ENABLED
%%                ID_ALERT_CTRL                : ENABLED
%%                ID_FINISH_OR_STOP            : ENABLED
%%                ID_CLOCK_GEN                 : ENABLED
%%                ID_GEN_PULSE                 : ENABLED
%%                ID_BLOCKING                  : ENABLED
%%                ID_WATCHDOG                  : ENABLED
%%                ID_RAND_GEN                  : DISABLED
%%                ID_RAND_CONF                 : DISABLED
%%                ID_FUNC_COV_BINS             : DISABLED
%%                ID_FUNC_COV_BINS_INFO        : DISABLED
%%                ID_FUNC_COV_RAND             : DISABLED
%%                ID_FUNC_COV_SAMPLE           : DISABLED
%%                ID_FUNC_COV_CONFIG           : DISABLED
%%                ID_POS_ACK                   : ENABLED
%%                ID_UVVM_ASSERTION            : ENABLED
%%                ID_LOG_HDR                   : ENABLED
%%                ID_LOG_HDR_LARGE             : ENABLED
%%                ID_LOG_HDR_XL                : ENABLED
%%                ID_SEQUENCER                 : ENABLED
%%                ID_SEQUENCER_SUB             : ENABLED
%%                ID_BFM                       : ENABLED
%%                ID_BFM_WAIT                  : ENABLED
%%                ID_BFM_POLL                  : ENABLED
%%                ID_BFM_POLL_SUMMARY          : ENABLED
%%                ID_CHANNEL_BFM               : ENABLED
%%                ID_TERMINATE_CMD             : ENABLED
%%                ID_SEGMENT_INITIATE          : ENABLED
%%                ID_SEGMENT_COMPLETE          : ENABLED
%%                ID_SEGMENT_HDR               : ENABLED
%%                ID_SEGMENT_DATA              : ENABLED
%%                ID_PACKET_INITIATE           : ENABLED
%%                ID_PACKET_PREAMBLE           : ENABLED
%%                ID_PACKET_COMPLETE           : ENABLED
%%                ID_PACKET_HDR                : ENABLED
%%                ID_PACKET_DATA               : ENABLED
%%                ID_PACKET_CHECKSUM           : ENABLED
%%                ID_PACKET_GAP                : ENABLED
%%                ID_PACKET_PAYLOAD            : ENABLED
%%                ID_FRAME_INITIATE            : ENABLED
%%                ID_FRAME_COMPLETE            : ENABLED
%%                ID_FRAME_HDR                 : ENABLED
%%                ID_FRAME_DATA                : ENABLED
%%                ID_COVERAGE_MAKEBIN          : DISABLED
%%                ID_COVERAGE_ADDBIN           : DISABLED
%%                ID_COVERAGE_ICOVER           : DISABLED
%%                ID_COVERAGE_CONFIG           : ENABLED
%%                ID_COVERAGE_SUMMARY          : ENABLED
%%                ID_COVERAGE_HOLES            : ENABLED
%%                ID_UVVM_SEND_CMD             : ENABLED
%%                ID_UVVM_CMD_ACK              : ENABLED
%%                ID_UVVM_CMD_RESULT           : ENABLED
%%                ID_CMD_INTERPRETER           : ENABLED
%%                ID_CMD_INTERPRETER_WAIT      : ENABLED
%%                ID_IMMEDIATE_CMD             : ENABLED
%%                ID_IMMEDIATE_CMD_WAIT        : ENABLED
%%                ID_CMD_EXECUTOR              : ENABLED
%%                ID_CMD_EXECUTOR_WAIT         : ENABLED
%%                ID_CHANNEL_EXECUTOR          : ENABLED
%%                ID_CHANNEL_EXECUTOR_WAIT     : ENABLED
%%                ID_NEW_HVVC_CMD_SEQ          : ENABLED
%%                ID_INSERTED_DELAY            : ENABLED
%%                ID_OLD_AWAIT_COMPLETION      : ENABLED
%%                ID_AWAIT_COMPLETION          : ENABLED
%%                ID_AWAIT_COMPLETION_LIST     : ENABLED
%%                ID_AWAIT_COMPLETION_WAIT     : ENABLED
%%                ID_AWAIT_COMPLETION_END      : ENABLED
%%                ID_AWAIT_UVVM_COMPLETION     : ENABLED
%%                ID_UVVM_DATA_QUEUE           : ENABLED
%%                ID_CONSTRUCTOR               : ENABLED
%%                ID_CONSTRUCTOR_SUB           : ENABLED
%%                ID_VVC_ACTIVITY              : ENABLED
%%                ID_MONITOR                   : ENABLED
%%                ID_MONITOR_ERROR             : ENABLED
%%                ID_DATA                      : ENABLED
%%                ID_CTRL                      : ENABLED
%%                ID_SPEC_COV_INIT             : ENABLED
%%                ID_SPEC_COV_REQS             : ENABLED
%%                ID_SPEC_COV                  : ENABLED
%%                ID_FILE_OPEN_CLOSE           : ENABLED
%%                ID_FILE_PARSER               : ENABLED
%%      -----------------------------------------------------------------------------------------------------------------------------------------------------------------------
%%      
%% 
%% 
%%     40 ns    Log    ID_LOG_HDR          TB seq.             Testing write/read/check procedures
%% ----------------------------------------------------------------------------------------------------------------------------------------------------------------------------
%%     50 ns    Log    PASSED              AXI SLAVE MODEL     check_value(bool, true) => OK. Value was true. 'Checking if the memory address is within the memory size'
%%     60 ns    Log    PASSED              AXI SLAVE MODEL     check_value(sl, 1) => OK. Value was 1. 'Checking WLAST on the last word'
%%   72.5 ns    Log    ID_BFM              AXI TB              axi_write(A:x"00000004", (x"12345678", x"33333333")) completed. 'Testing axi write'
%%     80 ns    Log    PASSED              AXI SLAVE MODEL     check_value(bool, true) => OK. Value was true. 'Checking if the memory address is within the memory size'
%%     90 ns    Log    PASSED              AXI TB              check_value(slv, x"34") => OK. Value was x"34". 'Checking RID'
%%    100 ns    Log    PASSED              AXI TB              check_value(slv, x"34") => OK. Value was x"34". 'Checking RID'
%%  102.5 ns    Log    ID_BFM              AXI TB              axi_read(A:x"00000004")=> (x"12345678", x"33333333"). 'Testing axi read'
%%  102.5 ns    Log    PASSED              AXI TB              check_value(slv, x"12345678") => OK. Value was x"12345678". 'Checking read data'
%%  102.5 ns    Log    PASSED              AXI TB              check_value(slv, x"33333333") => OK. Value was x"33333333". 'Checking read data'
%%    110 ns    Log    PASSED              AXI SLAVE MODEL     check_value(bool, true) => OK. Value was true. 'Checking if the memory address is within the memory size'
%%    120 ns    Log    PASSED              AXI TB              check_value(slv, x"34") => OK. Value was x"34". 'Checking RID'
%%    130 ns    Log    PASSED              AXI TB              check_value(slv, x"34") => OK. Value was x"34". 'Checking RID'
%%  132.5 ns    Log    PASSED              AXI TB              check_value(t_slv_array, x"12345678") => OK. Value was x"12345678". 'Checking RDATA'
%%  132.5 ns    Log    PASSED              AXI TB              check_value(t_slv_array, x"33333333") => OK. Value was x"33333333". 'Checking RDATA'
%%  132.5 ns    Log    PASSED              AXI TB              check_value(bool, true) => OK. Value was true. 'Checking RRESP'
%%  132.5 ns    Log    PASSED              AXI TB              check_value(t_slv_array, x"00") => OK. Value was x"00". 'Checking RUSER '
%%  132.5 ns    Log    PASSED              AXI TB              check_value(t_slv_array, x"00") => OK. Value was x"00". 'Checking RUSER '
%%  132.5 ns    Log    ID_BFM              AXI TB              axi_check(A:x"00000004")=> OK. 'Testing axi check'
%% 
%% 
%%  132.5 ns    Log    ID_LOG_HDR          TB seq.             Testing minimum burst length
%% ----------------------------------------------------------------------------------------------------------------------------------------------------------------------------
%%    140 ns    Log    PASSED              AXI SLAVE MODEL     check_value(bool, true) => OK. Value was true. 'Checking if the memory address is within the memory size'
%%    140 ns    Log    PASSED              AXI SLAVE MODEL     check_value(sl, 1) => OK. Value was 1. 'Checking WLAST on the last word'
%%  152.5 ns    Log    ID_BFM              AXI TB              axi_write(A:x"00000010", (x"55555555")) completed. 'Writing with minimum burst length'
%%    160 ns    Log    PASSED              AXI SLAVE MODEL     check_value(bool, true) => OK. Value was true. 'Checking if the memory address is within the memory size'
%%    170 ns    Log    PASSED              AXI TB              check_value(slv, x"00") => OK. Value was x"00". 'Checking RID'
%%  172.5 ns    Log    PASSED              AXI TB              check_value(t_slv_array, x"55555555") => OK. Value was x"55555555". 'Checking RDATA'
%%  172.5 ns    Log    PASSED              AXI TB              check_value(bool, true) => OK. Value was true. 'Checking RRESP'
%%  172.5 ns    Log    PASSED              AXI TB              check_value(t_slv_array, x"00") => OK. Value was x"00". 'Checking RUSER '
%%  172.5 ns    Log    ID_BFM              AXI TB              axi_check(A:x"00000010")=> OK. 'Checking with minimum burst length'
%%    180 ns    Log    PASSED              AXI SLAVE MODEL     check_value(bool, true) => OK. Value was true. 'Checking if the memory address is within the memory size'
%%    190 ns    Log    PASSED              AXI TB              check_value(slv, x"00") => OK. Value was x"00". 'Checking RID'
%%  192.5 ns    Log    ID_BFM              AXI TB              axi_read(A:x"00000010")=> (x"55555555"). 'Reading with minimum burst length'
%%  192.5 ns    Log    PASSED              AXI TB              check_value(slv, x"55555555") => OK. Value was x"55555555". 'Checking read data'
%% 
%% 
%%  192.5 ns    Log    ID_LOG_HDR          TB seq.             Testing maximum burst length
%% ----------------------------------------------------------------------------------------------------------------------------------------------------------------------------
%%    200 ns    Log    PASSED              AXI SLAVE MODEL     check_value(bool, true) => OK. Value was true. 'Checking if the memory address is within the memory size'
%%   2750 ns    Log    PASSED              AXI SLAVE MODEL     check_value(sl, 1) => OK. Value was 1. 'Checking WLAST on the last word'
%% 2762.5 ns    Log    ID_BFM              AXI TB              axi_write(A:x"00000020", (x"253B1447", x"70E32293", x"2C112B99", x"64CB809C", x"6092214F", x"C58B607B", x"565D0688", x"1F1C6B65", x"8BB6B112", x"A2718EBB", x"B7FF50EE", x"10AC2F51", x"3AF79909", x"3BC1ED00", x"E6DCD540", x"D8E31FA6", x"63EAC404", x"2502D02C", x"A329E192", x"01D44DE0", x"78C1D241", x"513F728A", x"C56563B5", x"35C59A4A", x"E26741BD", x"CC5C1722", x"C636E0BA", x"E75949DB", x"8056AE85", x"1D8897AD", x"902E91F3", x"AABBC292", x"9802C912", x"A188C20C", x"5A4FD2A4", x"D92E6FFD", x"03A74DC9", x"403ED641", x"CB6DDB51", x"AF98D4D7", x"CB651577", x"C80FDAAC", x"05E92140", x"1B8CBE20", x"2655ED03", x"743359E2", x"6C5BBB89", x"7C4D1D69", x"1AD92CCD", x"54A3C04C", x"25FAE9FF", x"B3D07B28", x"0F03DBF4", x"D9DBC525", x"389C6609", x"6EF7EB61", x"91DC06F5", x"041EE999", x"552602E8", x"4ABFA959", x"0426DC70", x"F926B3DC", x"D98EEB10", x"A71F18B8", x"37BD0648", x"C3B6EF98", x"CBACDF43", x"EB2471F4", x"6DE15F5F", x"F00E86A8", x"CC16CD7E", x"B26ECC78", x"AB63EA5A", x"46927E1A", x"DF1AC44C", x"B4D97E07", x"DAC1A4CE", x"EB6CB92E", x"B0575437", x"3E59F491", x"4B95C898", x"9F515058", x"5A3DCFB5", x"A3CD870D", x"FFB3BC20", x"768498FB", x"B4FCF43D", x"B24E6861", x"E96F1B8D", x"BC0A56D9", x"AC6F7B8E", x"EBEC8B41", x"0EFAE30A", x"719B8C90", x"7A6CA16A", x"EB825FC6", x"625A91D4", x"FC8C08F1", x"DE6D2F8C", x"8D1E8A1E", x"01D68B02", x"1D822082", x"47E2DEBE", x"8F582F9C", x"ACD7FD97", x"96ED5AA6", x"C4ACAE80", x"E3C5A8D8", x"19395C25", x"CDF47ABD", x"EF9AA8AD", x"6F81047E", x"94EA059A", x"4339DAB6", x"24211D32", x"19259187", x"1BD95573", x"BE38A0AE", x"1E0E6FB5", x"2829C332", x"D55E94D9", x"7A81F460", x"0F218A69", x"70FD04D8", x"63BEB8A8", x"26749DC1", x"953B694B", x"89A4A70A", x"86C359A8", x"EB212C8A", x"418A5D7C", x"184DC279", x"1B5FA148", x"33A3444B", x"004F318E", x"4F6C1706", x"8DE2646F", x"D481B475", x"8F6E08AE", x"B324EF38", x"5F062ACE", x"EAC773F2", x"C9B3E0B2", x"95865DA4", x"13657102", x"678BA656", x"6A37AB00", x"9DBE4567", x"0577CD89", x"7F7D20C3", x"5B0EA2BC", x"8E28FBA7", x"9EE03E35", x"6903A9F1", x"9F1D9F39", x"45F7C2C5", x"AF3EC18B", x"31967466", x"890D6559", x"EEA3AB94", x"FC7DA5B6", x"8AF7941B", x"74F91C71", x"144F8F03", x"3C4EDA32", x"5FA54862", x"2558E656", x"5BAE3671", x"71C70A96", x"E3B336E2", x"AEF62969", x"E93EB10D", x"5B3E908E", x"C8ACA605", x"9E635437", x"1D33001A", x"EEBC8CEB", x"16CDFEAB", x"55B95A22", x"D5445BD1", x"BDAE5ACB", x"505EF203", x"BD59758A", x"3435C094", x"9B46BC3D", x"7C2D50EE", x"32105C93", x"8905471D", x"ACC80252", x"924A678E", x"149E53DD", x"8C8F0FE9", x"1EA760F1", x"96E70D03", x"12D8F7BB", x"BD21732E", x"60FD5B9C", x"D6D969F8", x"A2CB9F35", x"383D1775", x"4EC2ECD7", x"3E6E5CD3", x"9559B9CD", x"11DFAFA3", x"3541578C", x"E91A22EB", x"246843FE", x"49AEA21A", x"D78AFB3F", x"78A504F8", x"09C39921", x"3E7ED857", x"E005FB39", x"C6F4A3CB", x"6B81F154", x"E5FFE89B", x"B8F67B25", x"A2C928EB", x"9A8D5F3D", x"5192A548", x"322E5072", x"AD5F67FB", x"E203B8B5", x"BDF51CA3", x"CD13A4BD", x"AB02C09F", x"699C383C", x"C3C74DE1", x"8AE4AD0F", x"0955FA53", x"7B56EBFC", x"D98E8D8A", x"B28D2B8E", x"06F9FCE2", x"7E45B88C", x"B9E4D779", x"6A530CAB", x"B2B9CAA4", x"749E73D9", x"57D69068", x"C178D4F6", x"FE12768C", x"9BD33965", x"1925A263", x"BAAC6E5F", x"53B59742", x"41F0DFDD", x"C1FE9A86", x"B8B87AC2", x"A74A8397", x"7C2341FF", x"F638BF03", x"82597C75", x"6CDD7F70", x"F50C119E", x"D5A9C68C")) completed. 'Writing with maximum burst length'
%%   2770 ns    Log    PASSED              AXI SLAVE MODEL     check_value(bool, true) => OK. Value was true. 'Checking if the memory address is within the memory size'
%%   2780 ns    Log    PASSED              AXI TB              check_value(slv, x"00") => OK. Value was x"00". 'Checking RID'
%%   2790 ns    Log    PASSED              AXI TB              check_value(slv, x"00") => OK. Value was x"00". 'Checking RID'
%%   2800 ns    Log    PASSED              AXI TB              check_value(slv, x"00") => OK. Value was x"00". 'Checking RID'
%%   2810 ns    Log    PASSED              AXI TB              check_value(slv, x"00") => OK. Value was x"00". 'Checking RID'
%%   2820 ns    Log    PASSED              AXI TB              check_value(slv, x"00") => OK. Value was x"00". 'Checking RID'
%%   2830 ns    Log    PASSED              AXI TB              check_value(slv, x"00") => OK. Value was x"00". 'Checking RID'
%%   2840 ns    Log    PASSED              AXI TB              check_value(slv, x"00") => OK. Value was x"00". 'Checking RID'
%%   2850 ns    Log    PASSED              AXI TB              check_value(slv, x"00") => OK. Value was x"00". 'Checking RID'
%%   2860 ns    Log    PASSED              AXI TB              check_value(slv, x"00") => OK. Value was x"00". 'Checking RID'
%%   2870 ns    Log    PASSED              AXI TB              check_value(slv, x"00") => OK. Value was x"00". 'Checking RID'
%%   2880 ns    Log    PASSED              AXI TB              check_value(slv, x"00") => OK. Value was x"00". 'Checking RID'
%%   2890 ns    Log    PASSED              AXI TB              check_value(slv, x"00") => OK. Value was x"00". 'Checking RID'
%%   2900 ns    Log    PASSED              AXI TB              check_value(slv, x"00") => OK. Value was x"00". 'Checking RID'
%%   2910 ns    Log    PASSED              AXI TB              check_value(slv, x"00") => OK. Value was x"00". 'Checking RID'
%%   2920 ns    Log    PASSED              AXI TB              check_value(slv, x"00") => OK. Value was x"00". 'Checking RID'
%%   2930 ns    Log    PASSED              AXI TB              check_value(slv, x"00") => OK. Value was x"00". 'Checking RID'
%%   2940 ns    Log    PASSED              AXI TB              check_value(slv, x"00") => OK. Value was x"00". 'Checking RID'
%%   2950 ns    Log    PASSED              AXI TB              check_value(slv, x"00") => OK. Value was x"00". 'Checking RID'
%%   2960 ns    Log    PASSED              AXI TB              check_value(slv, x"00") => OK. Value was x"00". 'Checking RID'
%%   2970 ns    Log    PASSED              AXI TB              check_value(slv, x"00") => OK. Value was x"00". 'Checking RID'
%%   2980 ns    Log    PASSED              AXI TB              check_value(slv, x"00") => OK. Value was x"00". 'Checking RID'
%%   2990 ns    Log    PASSED              AXI TB              check_value(slv, x"00") => OK. Value was x"00". 'Checking RID'
%%   3000 ns    Log    PASSED              AXI TB              check_value(slv, x"00") => OK. Value was x"00". 'Checking RID'
%%   3010 ns    Log    PASSED              AXI TB              check_value(slv, x"00") => OK. Value was x"00". 'Checking RID'
%%   3020 ns    Log    PASSED              AXI TB              check_value(slv, x"00") => OK. Value was x"00". 'Checking RID'
%%   3030 ns    Log    PASSED              AXI TB              check_value(slv, x"00") => OK. Value was x"00". 'Checking RID'
%%   3040 ns    Log    PASSED              AXI TB              check_value(slv, x"00") => OK. Value was x"00". 'Checking RID'
%%   3050 ns    Log    PASSED              AXI TB              check_value(slv, x"00") => OK. Value was x"00". 'Checking RID'
%%   3060 ns    Log    PASSED              AXI TB              check_value(slv, x"00") => OK. Value was x"00". 'Checking RID'
%%   3070 ns    Log    PASSED              AXI TB              check_value(slv, x"00") => OK. Value was x"00". 'Checking RID'
%%   3080 ns    Log    PASSED              AXI TB              check_value(slv, x"00") => OK. Value was x"00". 'Checking RID'
%%   3090 ns    Log    PASSED              AXI TB              check_value(slv, x"00") => OK. Value was x"00". 'Checking RID'
%%   3100 ns    Log    PASSED              AXI TB              check_value(slv, x"00") => OK. Value was x"00". 'Checking RID'
%%   3110 ns    Log    PASSED              AXI TB              check_value(slv, x"00") => OK. Value was x"00". 'Checking RID'
%%   3120 ns    Log    PASSED              AXI TB              check_value(slv, x"00") => OK. Value was x"00". 'Checking RID'
%%   3130 ns    Log    PASSED              AXI TB              check_value(slv, x"00") => OK. Value was x"00". 'Checking RID'
%%   3140 ns    Log    PASSED              AXI TB              check_value(slv, x"00") => OK. Value was x"00". 'Checking RID'
%%   3150 ns    Log    PASSED              AXI TB              check_value(slv, x"00") => OK. Value was x"00". 'Checking RID'
%%   3160 ns    Log    PASSED              AXI TB              check_value(slv, x"00") => OK. Value was x"00". 'Checking RID'
%%   3170 ns    Log    PASSED              AXI TB              check_value(slv, x"00") => OK. Value was x"00". 'Checking RID'
%%   3180 ns    Log    PASSED              AXI TB              check_value(slv, x"00") => OK. Value was x"00". 'Checking RID'
%%   3190 ns    Log    PASSED              AXI TB              check_value(slv, x"00") => OK. Value was x"00". 'Checking RID'
%%   3200 ns    Log    PASSED              AXI TB              check_value(slv, x"00") => OK. Value was x"00". 'Checking RID'
%%   3210 ns    Log    PASSED              AXI TB              check_value(slv, x"00") => OK. Value was x"00". 'Checking RID'
%%   3220 ns    Log    PASSED              AXI TB              check_value(slv, x"00") => OK. Value was x"00". 'Checking RID'
%%   3230 ns    Log    PASSED              AXI TB              check_value(slv, x"00") => OK. Value was x"00". 'Checking RID'
%%   3240 ns    Log    PASSED              AXI TB              check_value(slv, x"00") => OK. Value was x"00". 'Checking RID'
%%   3250 ns    Log    PASSED              AXI TB              check_value(slv, x"00") => OK. Value was x"00". 'Checking RID'
%%   3260 ns    Log    PASSED              AXI TB              check_value(slv, x"00") => OK. Value was x"00". 'Checking RID'
%%   3270 ns    Log    PASSED              AXI TB              check_value(slv, x"00") => OK. Value was x"00". 'Checking RID'
%%   3280 ns    Log    PASSED              AXI TB              check_value(slv, x"00") => OK. Value was x"00". 'Checking RID'
%%   3290 ns    Log    PASSED              AXI TB              check_value(slv, x"00") => OK. Value was x"00". 'Checking RID'
%%   3300 ns    Log    PASSED              AXI TB              check_value(slv, x"00") => OK. Value was x"00". 'Checking RID'
%%   3310 ns    Log    PASSED              AXI TB              check_value(slv, x"00") => OK. Value was x"00". 'Checking RID'
%%   3320 ns    Log    PASSED              AXI TB              check_value(slv, x"00") => OK. Value was x"00". 'Checking RID'
%%   3330 ns    Log    PASSED              AXI TB              check_value(slv, x"00") => OK. Value was x"00". 'Checking RID'
%%   3340 ns    Log    PASSED              AXI TB              check_value(slv, x"00") => OK. Value was x"00". 'Checking RID'
%%   3350 ns    Log    PASSED              AXI TB              check_value(slv, x"00") => OK. Value was x"00". 'Checking RID'
%%   3360 ns    Log    PASSED              AXI TB              check_value(slv, x"00") => OK. Value was x"00". 'Checking RID'
%%   3370 ns    Log    PASSED              AXI TB              check_value(slv, x"00") => OK. Value was x"00". 'Checking RID'
%%   3380 ns    Log    PASSED              AXI TB              check_value(slv, x"00") => OK. Value was x"00". 'Checking RID'
%%   3390 ns    Log    PASSED              AXI TB              check_value(slv, x"00") => OK. Value was x"00". 'Checking RID'
%%   3400 ns    Log    PASSED              AXI TB              check_value(slv, x"00") => OK. Value was x"00". 'Checking RID'
%%   3410 ns    Log    PASSED              AXI TB              check_value(slv, x"00") => OK. Value was x"00". 'Checking RID'
%%   3420 ns    Log    PASSED              AXI TB              check_value(slv, x"00") => OK. Value was x"00". 'Checking RID'
%%   3430 ns    Log    PASSED              AXI TB              check_value(slv, x"00") => OK. Value was x"00". 'Checking RID'
%%   3440 ns    Log    PASSED              AXI TB              check_value(slv, x"00") => OK. Value was x"00". 'Checking RID'
%%   3450 ns    Log    PASSED              AXI TB              check_value(slv, x"00") => OK. Value was x"00". 'Checking RID'
%%   3460 ns    Log    PASSED              AXI TB              check_value(slv, x"00") => OK. Value was x"00". 'Checking RID'
%%   3470 ns    Log    PASSED              AXI TB              check_value(slv, x"00") => OK. Value was x"00". 'Checking RID'
%%   3480 ns    Log    PASSED              AXI TB              check_value(slv, x"00") => OK. Value was x"00". 'Checking RID'
%%   3490 ns    Log    PASSED              AXI TB              check_value(slv, x"00") => OK. Value was x"00". 'Checking RID'
%%   3500 ns    Log    PASSED              AXI TB              check_value(slv, x"00") => OK. Value was x"00". 'Checking RID'
%%   3510 ns    Log    PASSED              AXI TB              check_value(slv, x"00") => OK. Value was x"00". 'Checking RID'
%%   3520 ns    Log    PASSED              AXI TB              check_value(slv, x"00") => OK. Value was x"00". 'Checking RID'
%%   3530 ns    Log    PASSED              AXI TB              check_value(slv, x"00") => OK. Value was x"00". 'Checking RID'
%%   3540 ns    Log    PASSED              AXI TB              check_value(slv, x"00") => OK. Value was x"00". 'Checking RID'
%%   3550 ns    Log    PASSED              AXI TB              check_value(slv, x"00") => OK. Value was x"00". 'Checking RID'
%%   3560 ns    Log    PASSED              AXI TB              check_value(slv, x"00") => OK. Value was x"00". 'Checking RID'
%%   3570 ns    Log    PASSED              AXI TB              check_value(slv, x"00") => OK. Value was x"00". 'Checking RID'
%%   3580 ns    Log    PASSED              AXI TB              check_value(slv, x"00") => OK. Value was x"00". 'Checking RID'
%%   3590 ns    Log    PASSED              AXI TB              check_value(slv, x"00") => OK. Value was x"00". 'Checking RID'
%%   3600 ns    Log    PASSED              AXI TB              check_value(slv, x"00") => OK. Value was x"00". 'Checking RID'
%%   3610 ns    Log    PASSED              AXI TB              check_value(slv, x"00") => OK. Value was x"00". 'Checking RID'
%%   3620 ns    Log    PASSED              AXI TB              check_value(slv, x"00") => OK. Value was x"00". 'Checking RID'
%%   3630 ns    Log    PASSED              AXI TB              check_value(slv, x"00") => OK. Value was x"00". 'Checking RID'
%%   3640 ns    Log    PASSED              AXI TB              check_value(slv, x"00") => OK. Value was x"00". 'Checking RID'
%%   3650 ns    Log    PASSED              AXI TB              check_value(slv, x"00") => OK. Value was x"00". 'Checking RID'
%%   3660 ns    Log    PASSED              AXI TB              check_value(slv, x"00") => OK. Value was x"00". 'Checking RID'
%%   3670 ns    Log    PASSED              AXI TB              check_value(slv, x"00") => OK. Value was x"00". 'Checking RID'
%%   3680 ns    Log    PASSED              AXI TB              check_value(slv, x"00") => OK. Value was x"00". 'Checking RID'
%%   3690 ns    Log    PASSED              AXI TB              check_value(slv, x"00") => OK. Value was x"00". 'Checking RID'
%%   3700 ns    Log    PASSED              AXI TB              check_value(slv, x"00") => OK. Value was x"00". 'Checking RID'
%%   3710 ns    Log    PASSED              AXI TB              check_value(slv, x"00") => OK. Value was x"00". 'Checking RID'
%%   3720 ns    Log    PASSED              AXI TB              check_value(slv, x"00") => OK. Value was x"00". 'Checking RID'
%%   3730 ns    Log    PASSED              AXI TB              check_value(slv, x"00") => OK. Value was x"00". 'Checking RID'
%%   3740 ns    Log    PASSED              AXI TB              check_value(slv, x"00") => OK. Value was x"00". 'Checking RID'
%%   3750 ns    Log    PASSED              AXI TB              check_value(slv, x"00") => OK. Value was x"00". 'Checking RID'
%%   3760 ns    Log    PASSED              AXI TB              check_value(slv, x"00") => OK. Value was x"00". 'Checking RID'
%%   3770 ns    Log    PASSED              AXI TB              check_value(slv, x"00") => OK. Value was x"00". 'Checking RID'
%%   3780 ns    Log    PASSED              AXI TB              check_value(slv, x"00") => OK. Value was x"00". 'Checking RID'
%%   3790 ns    Log    PASSED              AXI TB              check_value(slv, x"00") => OK. Value was x"00". 'Checking RID'
%%   3800 ns    Log    PASSED              AXI TB              check_value(slv, x"00") => OK. Value was x"00". 'Checking RID'
%%   3810 ns    Log    PASSED              AXI TB              check_value(slv, x"00") => OK. Value was x"00". 'Checking RID'
%%   3820 ns    Log    PASSED              AXI TB              check_value(slv, x"00") => OK. Value was x"00". 'Checking RID'
%%   3830 ns    Log    PASSED              AXI TB              check_value(slv, x"00") => OK. Value was x"00". 'Checking RID'
%%   3840 ns    Log    PASSED              AXI TB              check_value(slv, x"00") => OK. Value was x"00". 'Checking RID'
%%   3850 ns    Log    PASSED              AXI TB              check_value(slv, x"00") => OK. Value was x"00". 'Checking RID'
%%   3860 ns    Log    PASSED              AXI TB              check_value(slv, x"00") => OK. Value was x"00". 'Checking RID'
%%   3870 ns    Log    PASSED              AXI TB              check_value(slv, x"00") => OK. Value was x"00". 'Checking RID'
%%   3880 ns    Log    PASSED              AXI TB              check_value(slv, x"00") => OK. Value was x"00". 'Checking RID'
%%   3890 ns    Log    PASSED              AXI TB              check_value(slv, x"00") => OK. Value was x"00". 'Checking RID'
%%   3900 ns    Log    PASSED              AXI TB              check_value(slv, x"00") => OK. Value was x"00". 'Checking RID'
%%   3910 ns    Log    PASSED              AXI TB              check_value(slv, x"00") => OK. Value was x"00". 'Checking RID'
%%   3920 ns    Log    PASSED              AXI TB              check_value(slv, x"00") => OK. Value was x"00". 'Checking RID'
%%   3930 ns    Log    PASSED              AXI TB              check_value(slv, x"00") => OK. Value was x"00". 'Checking RID'
%%   3940 ns    Log    PASSED              AXI TB              check_value(slv, x"00") => OK. Value was x"00". 'Checking RID'
%%   3950 ns    Log    PASSED              AXI TB              check_value(slv, x"00") => OK. Value was x"00". 'Checking RID'
%%   3960 ns    Log    PASSED              AXI TB              check_value(slv, x"00") => OK. Value was x"00". 'Checking RID'
%%   3970 ns    Log    PASSED              AXI TB              check_value(slv, x"00") => OK. Value was x"00". 'Checking RID'
%%   3980 ns    Log    PASSED              AXI TB              check_value(slv, x"00") => OK. Value was x"00". 'Checking RID'
%%   3990 ns    Log    PASSED              AXI TB              check_value(slv, x"00") => OK. Value was x"00". 'Checking RID'
%%   4000 ns    Log    PASSED              AXI TB              check_value(slv, x"00") => OK. Value was x"00". 'Checking RID'
%%   4010 ns    Log    PASSED              AXI TB              check_value(slv, x"00") => OK. Value was x"00". 'Checking RID'
%%   4020 ns    Log    PASSED              AXI TB              check_value(slv, x"00") => OK. Value was x"00". 'Checking RID'
%%   4030 ns    Log    PASSED              AXI TB              check_value(slv, x"00") => OK. Value was x"00". 'Checking RID'
%%   4040 ns    Log    PASSED              AXI TB              check_value(slv, x"00") => OK. Value was x"00". 'Checking RID'
%%   4050 ns    Log    PASSED              AXI TB              check_value(slv, x"00") => OK. Value was x"00". 'Checking RID'
%%   4060 ns    Log    PASSED              AXI TB              check_value(slv, x"00") => OK. Value was x"00". 'Checking RID'
%%   4070 ns    Log    PASSED              AXI TB              check_value(slv, x"00") => OK. Value was x"00". 'Checking RID'
%%   4080 ns    Log    PASSED              AXI TB              check_value(slv, x"00") => OK. Value was x"00". 'Checking RID'
%%   4090 ns    Log    PASSED              AXI TB              check_value(slv, x"00") => OK. Value was x"00". 'Checking RID'
%%   4100 ns    Log    PASSED              AXI TB              check_value(slv, x"00") => OK. Value was x"00". 'Checking RID'
%%   4110 ns    Log    PASSED              AXI TB              check_value(slv, x"00") => OK. Value was x"00". 'Checking RID'
%%   4120 ns    Log    PASSED              AXI TB              check_value(slv, x"00") => OK. Value was x"00". 'Checking RID'
%%   4130 ns    Log    PASSED              AXI TB              check_value(slv, x"00") => OK. Value was x"00". 'Checking RID'
%%   4140 ns    Log    PASSED              AXI TB              check_value(slv, x"00") => OK. Value was x"00". 'Checking RID'
%%   4150 ns    Log    PASSED              AXI TB              check_value(slv, x"00") => OK. Value was x"00". 'Checking RID'
%%   4160 ns    Log    PASSED              AXI TB              check_value(slv, x"00") => OK. Value was x"00". 'Checking RID'
%%   4170 ns    Log    PASSED              AXI TB              check_value(slv, x"00") => OK. Value was x"00". 'Checking RID'
%%   4180 ns    Log    PASSED              AXI TB              check_value(slv, x"00") => OK. Value was x"00". 'Checking RID'
%%   4190 ns    Log    PASSED              AXI TB              check_value(slv, x"00") => OK. Value was x"00". 'Checking RID'
%%   4200 ns    Log    PASSED              AXI TB              check_value(slv, x"00") => OK. Value was x"00". 'Checking RID'
%%   4210 ns    Log    PASSED              AXI TB              check_value(slv, x"00") => OK. Value was x"00". 'Checking RID'
%%   4220 ns    Log    PASSED              AXI TB              check_value(slv, x"00") => OK. Value was x"00". 'Checking RID'
%%   4230 ns    Log    PASSED              AXI TB              check_value(slv, x"00") => OK. Value was x"00". 'Checking RID'
%%   4240 ns    Log    PASSED              AXI TB              check_value(slv, x"00") => OK. Value was x"00". 'Checking RID'
%%   4250 ns    Log    PASSED              AXI TB              check_value(slv, x"00") => OK. Value was x"00". 'Checking RID'
%%   4260 ns    Log    PASSED              AXI TB              check_value(slv, x"00") => OK. Value was x"00". 'Checking RID'
%%   4270 ns    Log    PASSED              AXI TB              check_value(slv, x"00") => OK. Value was x"00". 'Checking RID'
%%   4280 ns    Log    PASSED              AXI TB              check_value(slv, x"00") => OK. Value was x"00". 'Checking RID'
%%   4290 ns    Log    PASSED              AXI TB              check_value(slv, x"00") => OK. Value was x"00". 'Checking RID'
%%   4300 ns    Log    PASSED              AXI TB              check_value(slv, x"00") => OK. Value was x"00". 'Checking RID'
%%   4310 ns    Log    PASSED              AXI TB              check_value(slv, x"00") => OK. Value was x"00". 'Checking RID'
%%   4320 ns    Log    PASSED              AXI TB              check_value(slv, x"00") => OK. Value was x"00". 'Checking RID'
%%   4330 ns    Log    PASSED              AXI TB              check_value(slv, x"00") => OK. Value was x"00". 'Checking RID'
%%   4340 ns    Log    PASSED              AXI TB              check_value(slv, x"00") => OK. Value was x"00". 'Checking RID'
%%   4350 ns    Log    PASSED              AXI TB              check_value(slv, x"00") => OK. Value was x"00". 'Checking RID'
%%   4360 ns    Log    PASSED              AXI TB              check_value(slv, x"00") => OK. Value was x"00". 'Checking RID'
%%   4370 ns    Log    PASSED              AXI TB              check_value(slv, x"00") => OK. Value was x"00". 'Checking RID'
%%   4380 ns    Log    PASSED              AXI TB              check_value(slv, x"00") => OK. Value was x"00". 'Checking RID'
%%   4390 ns    Log    PASSED              AXI TB              check_value(slv, x"00") => OK. Value was x"00". 'Checking RID'
%%   4400 ns    Log    PASSED              AXI TB              check_value(slv, x"00") => OK. Value was x"00". 'Checking RID'
%%   4410 ns    Log    PASSED              AXI TB              check_value(slv, x"00") => OK. Value was x"00". 'Checking RID'
%%   4420 ns    Log    PASSED              AXI TB              check_value(slv, x"00") => OK. Value was x"00". 'Checking RID'
%%   4430 ns    Log    PASSED              AXI TB              check_value(slv, x"00") => OK. Value was x"00". 'Checking RID'
%%   4440 ns    Log    PASSED              AXI TB              check_value(slv, x"00") => OK. Value was x"00". 'Checking RID'
%%   4450 ns    Log    PASSED              AXI TB              check_value(slv, x"00") => OK. Value was x"00". 'Checking RID'
%%   4460 ns    Log    PASSED              AXI TB              check_value(slv, x"00") => OK. Value was x"00". 'Checking RID'
%%   4470 ns    Log    PASSED              AXI TB              check_value(slv, x"00") => OK. Value was x"00". 'Checking RID'
%%   4480 ns    Log    PASSED              AXI TB              check_value(slv, x"00") => OK. Value was x"00". 'Checking RID'
%%   4490 ns    Log    PASSED              AXI TB              check_value(slv, x"00") => OK. Value was x"00". 'Checking RID'
%%   4500 ns    Log    PASSED              AXI TB              check_value(slv, x"00") => OK. Value was x"00". 'Checking RID'
%%   4510 ns    Log    PASSED              AXI TB              check_value(slv, x"00") => OK. Value was x"00". 'Checking RID'
%%   4520 ns    Log    PASSED              AXI TB              check_value(slv, x"00") => OK. Value was x"00". 'Checking RID'
%%   4530 ns    Log    PASSED              AXI TB              check_value(slv, x"00") => OK. Value was x"00". 'Checking RID'
%%   4540 ns    Log    PASSED              AXI TB              check_value(slv, x"00") => OK. Value was x"00". 'Checking RID'
%%   4550 ns    Log    PASSED              AXI TB              check_value(slv, x"00") => OK. Value was x"00". 'Checking RID'
%%   4560 ns    Log    PASSED              AXI TB              check_value(slv, x"00") => OK. Value was x"00". 'Checking RID'
%%   4570 ns    Log    PASSED              AXI TB              check_value(slv, x"00") => OK. Value was x"00". 'Checking RID'
%%   4580 ns    Log    PASSED              AXI TB              check_value(slv, x"00") => OK. Value was x"00". 'Checking RID'
%%   4590 ns    Log    PASSED              AXI TB              check_value(slv, x"00") => OK. Value was x"00". 'Checking RID'
%%   4600 ns    Log    PASSED              AXI TB              check_value(slv, x"00") => OK. Value was x"00". 'Checking RID'
%%   4610 ns    Log    PASSED              AXI TB              check_value(slv, x"00") => OK. Value was x"00". 'Checking RID'
%%   4620 ns    Log    PASSED              AXI TB              check_value(slv, x"00") => OK. Value was x"00". 'Checking RID'
%%   4630 ns    Log    PASSED              AXI TB              check_value(slv, x"00") => OK. Value was x"00". 'Checking RID'
%%   4640 ns    Log    PASSED              AXI TB              check_value(slv, x"00") => OK. Value was x"00". 'Checking RID'
%%   4650 ns    Log    PASSED              AXI TB              check_value(slv, x"00") => OK. Value was x"00". 'Checking RID'
%%   4660 ns    Log    PASSED              AXI TB              check_value(slv, x"00") => OK. Value was x"00". 'Checking RID'
%%   4670 ns    Log    PASSED              AXI TB              check_value(slv, x"00") => OK. Value was x"00". 'Checking RID'
%%   4680 ns    Log    PASSED              AXI TB              check_value(slv, x"00") => OK. Value was x"00". 'Checking RID'
%%   4690 ns    Log    PASSED              AXI TB              check_value(slv, x"00") => OK. Value was x"00". 'Checking RID'
%%   4700 ns    Log    PASSED              AXI TB              check_value(slv, x"00") => OK. Value was x"00". 'Checking RID'
%%   4710 ns    Log    PASSED              AXI TB              check_value(slv, x"00") => OK. Value was x"00". 'Checking RID'
%%   4720 ns    Log    PASSED              AXI TB              check_value(slv, x"00") => OK. Value was x"00". 'Checking RID'
%%   4730 ns    Log    PASSED              AXI TB              check_value(slv, x"00") => OK. Value was x"00". 'Checking RID'
%%   4740 ns    Log    PASSED              AXI TB              check_value(slv, x"00") => OK. Value was x"00". 'Checking RID'
%%   4750 ns    Log    PASSED              AXI TB              check_value(slv, x"00") => OK. Value was x"00". 'Checking RID'
%%   4760 ns    Log    PASSED              AXI TB              check_value(slv, x"00") => OK. Value was x"00". 'Checking RID'
%%   4770 ns    Log    PASSED              AXI TB              check_value(slv, x"00") => OK. Value was x"00". 'Checking RID'
%%   4780 ns    Log    PASSED              AXI TB              check_value(slv, x"00") => OK. Value was x"00". 'Checking RID'
%%   4790 ns    Log    PASSED              AXI TB              check_value(slv, x"00") => OK. Value was x"00". 'Checking RID'
%%   4800 ns    Log    PASSED              AXI TB              check_value(slv, x"00") => OK. Value was x"00". 'Checking RID'
%%   4810 ns    Log    PASSED              AXI TB              check_value(slv, x"00") => OK. Value was x"00". 'Checking RID'
%%   4820 ns    Log    PASSED              AXI TB              check_value(slv, x"00") => OK. Value was x"00". 'Checking RID'
%%   4830 ns    Log    PASSED              AXI TB              check_value(slv, x"00") => OK. Value was x"00". 'Checking RID'
%%   4840 ns    Log    PASSED              AXI TB              check_value(slv, x"00") => OK. Value was x"00". 'Checking RID'
%%   4850 ns    Log    PASSED              AXI TB              check_value(slv, x"00") => OK. Value was x"00". 'Checking RID'
%%   4860 ns    Log    PASSED              AXI TB              check_value(slv, x"00") => OK. Value was x"00". 'Checking RID'
%%   4870 ns    Log    PASSED              AXI TB              check_value(slv, x"00") => OK. Value was x"00". 'Checking RID'
%%   4880 ns    Log    PASSED              AXI TB              check_value(slv, x"00") => OK. Value was x"00". 'Checking RID'
%%   4890 ns    Log    PASSED              AXI TB              check_value(slv, x"00") => OK. Value was x"00". 'Checking RID'
%%   4900 ns    Log    PASSED              AXI TB              check_value(slv, x"00") => OK. Value was x"00". 'Checking RID'
%%   4910 ns    Log    PASSED              AXI TB              check_value(slv, x"00") => OK. Value was x"00". 'Checking RID'
%%   4920 ns    Log    PASSED              AXI TB              check_value(slv, x"00") => OK. Value was x"00". 'Checking RID'
%%   4930 ns    Log    PASSED              AXI TB              check_value(slv, x"00") => OK. Value was x"00". 'Checking RID'
%%   4940 ns    Log    PASSED              AXI TB              check_value(slv, x"00") => OK. Value was x"00". 'Checking RID'
%%   4950 ns    Log    PASSED              AXI TB              check_value(slv, x"00") => OK. Value was x"00". 'Checking RID'
%%   4960 ns    Log    PASSED              AXI TB              check_value(slv, x"00") => OK. Value was x"00". 'Checking RID'
%%   4970 ns    Log    PASSED              AXI TB              check_value(slv, x"00") => OK. Value was x"00". 'Checking RID'
%%   4980 ns    Log    PASSED              AXI TB              check_value(slv, x"00") => OK. Value was x"00". 'Checking RID'
%%   4990 ns    Log    PASSED              AXI TB              check_value(slv, x"00") => OK. Value was x"00". 'Checking RID'
%%   5000 ns    Log    PASSED              AXI TB              check_value(slv, x"00") => OK. Value was x"00". 'Checking RID'
%%   5010 ns    Log    PASSED              AXI TB              check_value(slv, x"00") => OK. Value was x"00". 'Checking RID'
%%   5020 ns    Log    PASSED              AXI TB              check_value(slv, x"00") => OK. Value was x"00". 'Checking RID'
%%   5030 ns    Log    PASSED              AXI TB              check_value(slv, x"00") => OK. Value was x"00". 'Checking RID'
%%   5040 ns    Log    PASSED              AXI TB              check_value(slv, x"00") => OK. Value was x"00". 'Checking RID'
%%   5050 ns    Log    PASSED              AXI TB              check_value(slv, x"00") => OK. Value was x"00". 'Checking RID'
%%   5060 ns    Log    PASSED              AXI TB              check_value(slv, x"00") => OK. Value was x"00". 'Checking RID'
%%   5070 ns    Log    PASSED              AXI TB              check_value(slv, x"00") => OK. Value was x"00". 'Checking RID'
%%   5080 ns    Log    PASSED              AXI TB              check_value(slv, x"00") => OK. Value was x"00". 'Checking RID'
%%   5090 ns    Log    PASSED              AXI TB              check_value(slv, x"00") => OK. Value was x"00". 'Checking RID'
%%   5100 ns    Log    PASSED              AXI TB              check_value(slv, x"00") => OK. Value was x"00". 'Checking RID'
%%   5110 ns    Log    PASSED              AXI TB              check_value(slv, x"00") => OK. Value was x"00". 'Checking RID'
%%   5120 ns    Log    PASSED              AXI TB              check_value(slv, x"00") => OK. Value was x"00". 'Checking RID'
%%   5130 ns    Log    PASSED              AXI TB              check_value(slv, x"00") => OK. Value was x"00". 'Checking RID'
%%   5140 ns    Log    PASSED              AXI TB              check_value(slv, x"00") => OK. Value was x"00". 'Checking RID'
%%   5150 ns    Log    PASSED              AXI TB              check_value(slv, x"00") => OK. Value was x"00". 'Checking RID'
%%   5160 ns    Log    PASSED              AXI TB              check_value(slv, x"00") => OK. Value was x"00". 'Checking RID'
%%   5170 ns    Log    PASSED              AXI TB              check_value(slv, x"00") => OK. Value was x"00". 'Checking RID'
%%   5180 ns    Log    PASSED              AXI TB              check_value(slv, x"00") => OK. Value was x"00". 'Checking RID'
%%   5190 ns    Log    PASSED              AXI TB              check_value(slv, x"00") => OK. Value was x"00". 'Checking RID'
%%   5200 ns    Log    PASSED              AXI TB              check_value(slv, x"00") => OK. Value was x"00". 'Checking RID'
%%   5210 ns    Log    PASSED              AXI TB              check_value(slv, x"00") => OK. Value was x"00". 'Checking RID'
%%   5220 ns    Log    PASSED              AXI TB              check_value(slv, x"00") => OK. Value was x"00". 'Checking RID'
%%   5230 ns    Log    PASSED              AXI TB              check_value(slv, x"00") => OK. Value was x"00". 'Checking RID'
%%   5240 ns    Log    PASSED              AXI TB              check_value(slv, x"00") => OK. Value was x"00". 'Checking RID'
%%   5250 ns    Log    PASSED              AXI TB              check_value(slv, x"00") => OK. Value was x"00". 'Checking RID'
%%   5260 ns    Log    PASSED              AXI TB              check_value(slv, x"00") => OK. Value was x"00". 'Checking RID'
%%   5270 ns    Log    PASSED              AXI TB              check_value(slv, x"00") => OK. Value was x"00". 'Checking RID'
%%   5280 ns    Log    PASSED              AXI TB              check_value(slv, x"00") => OK. Value was x"00". 'Checking RID'
%%   5290 ns    Log    PASSED              AXI TB              check_value(slv, x"00") => OK. Value was x"00". 'Checking RID'
%%   5300 ns    Log    PASSED              AXI TB              check_value(slv, x"00") => OK. Value was x"00". 'Checking RID'
%%   5310 ns    Log    PASSED              AXI TB              check_value(slv, x"00") => OK. Value was x"00". 'Checking RID'
%%   5320 ns    Log    PASSED              AXI TB              check_value(slv, x"00") => OK. Value was x"00". 'Checking RID'
%%   5330 ns    Log    PASSED              AXI TB              check_value(slv, x"00") => OK. Value was x"00". 'Checking RID'
%% 5332.5 ns    Log    PASSED              AXI TB              check_value(t_slv_array, x"253B1447") => OK. Value was x"253B1447". 'Checking RDATA'
%% 5332.5 ns    Log    PASSED              AXI TB              check_value(t_slv_array, x"70E32293") => OK. Value was x"70E32293". 'Checking RDATA'
%% 5332.5 ns    Log    PASSED              AXI TB              check_value(t_slv_array, x"2C112B99") => OK. Value was x"2C112B99". 'Checking RDATA'
%% 5332.5 ns    Log    PASSED              AXI TB              check_value(t_slv_array, x"64CB809C") => OK. Value was x"64CB809C". 'Checking RDATA'
%% 5332.5 ns    Log    PASSED              AXI TB              check_value(t_slv_array, x"6092214F") => OK. Value was x"6092214F". 'Checking RDATA'
%% 5332.5 ns    Log    PASSED              AXI TB              check_value(t_slv_array, x"C58B607B") => OK. Value was x"C58B607B". 'Checking RDATA'
%% 5332.5 ns    Log    PASSED              AXI TB              check_value(t_slv_array, x"565D0688") => OK. Value was x"565D0688". 'Checking RDATA'
%% 5332.5 ns    Log    PASSED              AXI TB              check_value(t_slv_array, x"1F1C6B65") => OK. Value was x"1F1C6B65". 'Checking RDATA'
%% 5332.5 ns    Log    PASSED              AXI TB              check_value(t_slv_array, x"8BB6B112") => OK. Value was x"8BB6B112". 'Checking RDATA'
%% 5332.5 ns    Log    PASSED              AXI TB              check_value(t_slv_array, x"A2718EBB") => OK. Value was x"A2718EBB". 'Checking RDATA'
%% 5332.5 ns    Log    PASSED              AXI TB              check_value(t_slv_array, x"B7FF50EE") => OK. Value was x"B7FF50EE". 'Checking RDATA'
%% 5332.5 ns    Log    PASSED              AXI TB              check_value(t_slv_array, x"10AC2F51") => OK. Value was x"10AC2F51". 'Checking RDATA'
%% 5332.5 ns    Log    PASSED              AXI TB              check_value(t_slv_array, x"3AF79909") => OK. Value was x"3AF79909". 'Checking RDATA'
%% 5332.5 ns    Log    PASSED              AXI TB              check_value(t_slv_array, x"3BC1ED00") => OK. Value was x"3BC1ED00". 'Checking RDATA'
%% 5332.5 ns    Log    PASSED              AXI TB              check_value(t_slv_array, x"E6DCD540") => OK. Value was x"E6DCD540". 'Checking RDATA'
%% 5332.5 ns    Log    PASSED              AXI TB              check_value(t_slv_array, x"D8E31FA6") => OK. Value was x"D8E31FA6". 'Checking RDATA'
%% 5332.5 ns    Log    PASSED              AXI TB              check_value(t_slv_array, x"63EAC404") => OK. Value was x"63EAC404". 'Checking RDATA'
%% 5332.5 ns    Log    PASSED              AXI TB              check_value(t_slv_array, x"2502D02C") => OK. Value was x"2502D02C". 'Checking RDATA'
%% 5332.5 ns    Log    PASSED              AXI TB              check_value(t_slv_array, x"A329E192") => OK. Value was x"A329E192". 'Checking RDATA'
%% 5332.5 ns    Log    PASSED              AXI TB              check_value(t_slv_array, x"01D44DE0") => OK. Value was x"01D44DE0". 'Checking RDATA'
%% 5332.5 ns    Log    PASSED              AXI TB              check_value(t_slv_array, x"78C1D241") => OK. Value was x"78C1D241". 'Checking RDATA'
%% 5332.5 ns    Log    PASSED              AXI TB              check_value(t_slv_array, x"513F728A") => OK. Value was x"513F728A". 'Checking RDATA'
%% 5332.5 ns    Log    PASSED              AXI TB              check_value(t_slv_array, x"C56563B5") => OK. Value was x"C56563B5". 'Checking RDATA'
%% 5332.5 ns    Log    PASSED              AXI TB              check_value(t_slv_array, x"35C59A4A") => OK. Value was x"35C59A4A". 'Checking RDATA'
%% 5332.5 ns    Log    PASSED              AXI TB              check_value(t_slv_array, x"E26741BD") => OK. Value was x"E26741BD". 'Checking RDATA'
%% 5332.5 ns    Log    PASSED              AXI TB              check_value(t_slv_array, x"CC5C1722") => OK. Value was x"CC5C1722". 'Checking RDATA'
%% 5332.5 ns    Log    PASSED              AXI TB              check_value(t_slv_array, x"C636E0BA") => OK. Value was x"C636E0BA". 'Checking RDATA'
%% 5332.5 ns    Log    PASSED              AXI TB              check_value(t_slv_array, x"E75949DB") => OK. Value was x"E75949DB". 'Checking RDATA'
%% 5332.5 ns    Log    PASSED              AXI TB              check_value(t_slv_array, x"8056AE85") => OK. Value was x"8056AE85". 'Checking RDATA'
%% 5332.5 ns    Log    PASSED              AXI TB              check_value(t_slv_array, x"1D8897AD") => OK. Value was x"1D8897AD". 'Checking RDATA'
%% 5332.5 ns    Log    PASSED              AXI TB              check_value(t_slv_array, x"902E91F3") => OK. Value was x"902E91F3". 'Checking RDATA'
%% 5332.5 ns    Log    PASSED              AXI TB              check_value(t_slv_array, x"AABBC292") => OK. Value was x"AABBC292". 'Checking RDATA'
%% 5332.5 ns    Log    PASSED              AXI TB              check_value(t_slv_array, x"9802C912") => OK. Value was x"9802C912". 'Checking RDATA'
%% 5332.5 ns    Log    PASSED              AXI TB              check_value(t_slv_array, x"A188C20C") => OK. Value was x"A188C20C". 'Checking RDATA'
%% 5332.5 ns    Log    PASSED              AXI TB              check_value(t_slv_array, x"5A4FD2A4") => OK. Value was x"5A4FD2A4". 'Checking RDATA'
%% 5332.5 ns    Log    PASSED              AXI TB              check_value(t_slv_array, x"D92E6FFD") => OK. Value was x"D92E6FFD". 'Checking RDATA'
%% 5332.5 ns    Log    PASSED              AXI TB              check_value(t_slv_array, x"03A74DC9") => OK. Value was x"03A74DC9". 'Checking RDATA'
%% 5332.5 ns    Log    PASSED              AXI TB              check_value(t_slv_array, x"403ED641") => OK. Value was x"403ED641". 'Checking RDATA'
%% 5332.5 ns    Log    PASSED              AXI TB              check_value(t_slv_array, x"CB6DDB51") => OK. Value was x"CB6DDB51". 'Checking RDATA'
%% 5332.5 ns    Log    PASSED              AXI TB              check_value(t_slv_array, x"AF98D4D7") => OK. Value was x"AF98D4D7". 'Checking RDATA'
%% 5332.5 ns    Log    PASSED              AXI TB              check_value(t_slv_array, x"CB651577") => OK. Value was x"CB651577". 'Checking RDATA'
%% 5332.5 ns    Log    PASSED              AXI TB              check_value(t_slv_array, x"C80FDAAC") => OK. Value was x"C80FDAAC". 'Checking RDATA'
%% 5332.5 ns    Log    PASSED              AXI TB              check_value(t_slv_array, x"05E92140") => OK. Value was x"05E92140". 'Checking RDATA'
%% 5332.5 ns    Log    PASSED              AXI TB              check_value(t_slv_array, x"1B8CBE20") => OK. Value was x"1B8CBE20". 'Checking RDATA'
%% 5332.5 ns    Log    PASSED              AXI TB              check_value(t_slv_array, x"2655ED03") => OK. Value was x"2655ED03". 'Checking RDATA'
%% 5332.5 ns    Log    PASSED              AXI TB              check_value(t_slv_array, x"743359E2") => OK. Value was x"743359E2". 'Checking RDATA'
%% 5332.5 ns    Log    PASSED              AXI TB              check_value(t_slv_array, x"6C5BBB89") => OK. Value was x"6C5BBB89". 'Checking RDATA'
%% 5332.5 ns    Log    PASSED              AXI TB              check_value(t_slv_array, x"7C4D1D69") => OK. Value was x"7C4D1D69". 'Checking RDATA'
%% 5332.5 ns    Log    PASSED              AXI TB              check_value(t_slv_array, x"1AD92CCD") => OK. Value was x"1AD92CCD". 'Checking RDATA'
%% 5332.5 ns    Log    PASSED              AXI TB              check_value(t_slv_array, x"54A3C04C") => OK. Value was x"54A3C04C". 'Checking RDATA'
%% 5332.5 ns    Log    PASSED              AXI TB              check_value(t_slv_array, x"25FAE9FF") => OK. Value was x"25FAE9FF". 'Checking RDATA'
%% 5332.5 ns    Log    PASSED              AXI TB              check_value(t_slv_array, x"B3D07B28") => OK. Value was x"B3D07B28". 'Checking RDATA'
%% 5332.5 ns    Log    PASSED              AXI TB              check_value(t_slv_array, x"0F03DBF4") => OK. Value was x"0F03DBF4". 'Checking RDATA'
%% 5332.5 ns    Log    PASSED              AXI TB              check_value(t_slv_array, x"D9DBC525") => OK. Value was x"D9DBC525". 'Checking RDATA'
%% 5332.5 ns    Log    PASSED              AXI TB              check_value(t_slv_array, x"389C6609") => OK. Value was x"389C6609". 'Checking RDATA'
%% 5332.5 ns    Log    PASSED              AXI TB              check_value(t_slv_array, x"6EF7EB61") => OK. Value was x"6EF7EB61". 'Checking RDATA'
%% 5332.5 ns    Log    PASSED              AXI TB              check_value(t_slv_array, x"91DC06F5") => OK. Value was x"91DC06F5". 'Checking RDATA'
%% 5332.5 ns    Log    PASSED              AXI TB              check_value(t_slv_array, x"041EE999") => OK. Value was x"041EE999". 'Checking RDATA'
%% 5332.5 ns    Log    PASSED              AXI TB              check_value(t_slv_array, x"552602E8") => OK. Value was x"552602E8". 'Checking RDATA'
%% 5332.5 ns    Log    PASSED              AXI TB              check_value(t_slv_array, x"4ABFA959") => OK. Value was x"4ABFA959". 'Checking RDATA'
%% 5332.5 ns    Log    PASSED              AXI TB              check_value(t_slv_array, x"0426DC70") => OK. Value was x"0426DC70". 'Checking RDATA'
%% 5332.5 ns    Log    PASSED              AXI TB              check_value(t_slv_array, x"F926B3DC") => OK. Value was x"F926B3DC". 'Checking RDATA'
%% 5332.5 ns    Log    PASSED              AXI TB              check_value(t_slv_array, x"D98EEB10") => OK. Value was x"D98EEB10". 'Checking RDATA'
%% 5332.5 ns    Log    PASSED              AXI TB              check_value(t_slv_array, x"A71F18B8") => OK. Value was x"A71F18B8". 'Checking RDATA'
%% 5332.5 ns    Log    PASSED              AXI TB              check_value(t_slv_array, x"37BD0648") => OK. Value was x"37BD0648". 'Checking RDATA'
%% 5332.5 ns    Log    PASSED              AXI TB              check_value(t_slv_array, x"C3B6EF98") => OK. Value was x"C3B6EF98". 'Checking RDATA'
%% 5332.5 ns    Log    PASSED              AXI TB              check_value(t_slv_array, x"CBACDF43") => OK. Value was x"CBACDF43". 'Checking RDATA'
%% 5332.5 ns    Log    PASSED              AXI TB              check_value(t_slv_array, x"EB2471F4") => OK. Value was x"EB2471F4". 'Checking RDATA'
%% 5332.5 ns    Log    PASSED              AXI TB              check_value(t_slv_array, x"6DE15F5F") => OK. Value was x"6DE15F5F". 'Checking RDATA'
%% 5332.5 ns    Log    PASSED              AXI TB              check_value(t_slv_array, x"F00E86A8") => OK. Value was x"F00E86A8". 'Checking RDATA'
%% 5332.5 ns    Log    PASSED              AXI TB              check_value(t_slv_array, x"CC16CD7E") => OK. Value was x"CC16CD7E". 'Checking RDATA'
%% 5332.5 ns    Log    PASSED              AXI TB              check_value(t_slv_array, x"B26ECC78") => OK. Value was x"B26ECC78". 'Checking RDATA'
%% 5332.5 ns    Log    PASSED              AXI TB              check_value(t_slv_array, x"AB63EA5A") => OK. Value was x"AB63EA5A". 'Checking RDATA'
%% 5332.5 ns    Log    PASSED              AXI TB              check_value(t_slv_array, x"46927E1A") => OK. Value was x"46927E1A". 'Checking RDATA'
%% 5332.5 ns    Log    PASSED              AXI TB              check_value(t_slv_array, x"DF1AC44C") => OK. Value was x"DF1AC44C". 'Checking RDATA'
%% 5332.5 ns    Log    PASSED              AXI TB              check_value(t_slv_array, x"B4D97E07") => OK. Value was x"B4D97E07". 'Checking RDATA'
%% 5332.5 ns    Log    PASSED              AXI TB              check_value(t_slv_array, x"DAC1A4CE") => OK. Value was x"DAC1A4CE". 'Checking RDATA'
%% 5332.5 ns    Log    PASSED              AXI TB              check_value(t_slv_array, x"EB6CB92E") => OK. Value was x"EB6CB92E". 'Checking RDATA'
%% 5332.5 ns    Log    PASSED              AXI TB              check_value(t_slv_array, x"B0575437") => OK. Value was x"B0575437". 'Checking RDATA'
%% 5332.5 ns    Log    PASSED              AXI TB              check_value(t_slv_array, x"3E59F491") => OK. Value was x"3E59F491". 'Checking RDATA'
%% 5332.5 ns    Log    PASSED              AXI TB              check_value(t_slv_array, x"4B95C898") => OK. Value was x"4B95C898". 'Checking RDATA'
%% 5332.5 ns    Log    PASSED              AXI TB              check_value(t_slv_array, x"9F515058") => OK. Value was x"9F515058". 'Checking RDATA'
%% 5332.5 ns    Log    PASSED              AXI TB              check_value(t_slv_array, x"5A3DCFB5") => OK. Value was x"5A3DCFB5". 'Checking RDATA'
%% 5332.5 ns    Log    PASSED              AXI TB              check_value(t_slv_array, x"A3CD870D") => OK. Value was x"A3CD870D". 'Checking RDATA'
%% 5332.5 ns    Log    PASSED              AXI TB              check_value(t_slv_array, x"FFB3BC20") => OK. Value was x"FFB3BC20". 'Checking RDATA'
%% 5332.5 ns    Log    PASSED              AXI TB              check_value(t_slv_array, x"768498FB") => OK. Value was x"768498FB". 'Checking RDATA'
%% 5332.5 ns    Log    PASSED              AXI TB              check_value(t_slv_array, x"B4FCF43D") => OK. Value was x"B4FCF43D". 'Checking RDATA'
%% 5332.5 ns    Log    PASSED              AXI TB              check_value(t_slv_array, x"B24E6861") => OK. Value was x"B24E6861". 'Checking RDATA'
%% 5332.5 ns    Log    PASSED              AXI TB              check_value(t_slv_array, x"E96F1B8D") => OK. Value was x"E96F1B8D". 'Checking RDATA'
%% 5332.5 ns    Log    PASSED              AXI TB              check_value(t_slv_array, x"BC0A56D9") => OK. Value was x"BC0A56D9". 'Checking RDATA'
%% 5332.5 ns    Log    PASSED              AXI TB              check_value(t_slv_array, x"AC6F7B8E") => OK. Value was x"AC6F7B8E". 'Checking RDATA'
%% 5332.5 ns    Log    PASSED              AXI TB              check_value(t_slv_array, x"EBEC8B41") => OK. Value was x"EBEC8B41". 'Checking RDATA'
%% 5332.5 ns    Log    PASSED              AXI TB              check_value(t_slv_array, x"0EFAE30A") => OK. Value was x"0EFAE30A". 'Checking RDATA'
%% 5332.5 ns    Log    PASSED              AXI TB              check_value(t_slv_array, x"719B8C90") => OK. Value was x"719B8C90". 'Checking RDATA'
%% 5332.5 ns    Log    PASSED              AXI TB              check_value(t_slv_array, x"7A6CA16A") => OK. Value was x"7A6CA16A". 'Checking RDATA'
%% 5332.5 ns    Log    PASSED              AXI TB              check_value(t_slv_array, x"EB825FC6") => OK. Value was x"EB825FC6". 'Checking RDATA'
%% 5332.5 ns    Log    PASSED              AXI TB              check_value(t_slv_array, x"625A91D4") => OK. Value was x"625A91D4". 'Checking RDATA'
%% 5332.5 ns    Log    PASSED              AXI TB              check_value(t_slv_array, x"FC8C08F1") => OK. Value was x"FC8C08F1". 'Checking RDATA'
%% 5332.5 ns    Log    PASSED              AXI TB              check_value(t_slv_array, x"DE6D2F8C") => OK. Value was x"DE6D2F8C". 'Checking RDATA'
%% 5332.5 ns    Log    PASSED              AXI TB              check_value(t_slv_array, x"8D1E8A1E") => OK. Value was x"8D1E8A1E". 'Checking RDATA'
%% 5332.5 ns    Log    PASSED              AXI TB              check_value(t_slv_array, x"01D68B02") => OK. Value was x"01D68B02". 'Checking RDATA'
%% 5332.5 ns    Log    PASSED              AXI TB              check_value(t_slv_array, x"1D822082") => OK. Value was x"1D822082". 'Checking RDATA'
%% 5332.5 ns    Log    PASSED              AXI TB              check_value(t_slv_array, x"47E2DEBE") => OK. Value was x"47E2DEBE". 'Checking RDATA'
%% 5332.5 ns    Log    PASSED              AXI TB              check_value(t_slv_array, x"8F582F9C") => OK. Value was x"8F582F9C". 'Checking RDATA'
%% 5332.5 ns    Log    PASSED              AXI TB              check_value(t_slv_array, x"ACD7FD97") => OK. Value was x"ACD7FD97". 'Checking RDATA'
%% 5332.5 ns    Log    PASSED              AXI TB              check_value(t_slv_array, x"96ED5AA6") => OK. Value was x"96ED5AA6". 'Checking RDATA'
%% 5332.5 ns    Log    PASSED              AXI TB              check_value(t_slv_array, x"C4ACAE80") => OK. Value was x"C4ACAE80". 'Checking RDATA'
%% 5332.5 ns    Log    PASSED              AXI TB              check_value(t_slv_array, x"E3C5A8D8") => OK. Value was x"E3C5A8D8". 'Checking RDATA'
%% 5332.5 ns    Log    PASSED              AXI TB              check_value(t_slv_array, x"19395C25") => OK. Value was x"19395C25". 'Checking RDATA'
%% 5332.5 ns    Log    PASSED              AXI TB              check_value(t_slv_array, x"CDF47ABD") => OK. Value was x"CDF47ABD". 'Checking RDATA'
%% 5332.5 ns    Log    PASSED              AXI TB              check_value(t_slv_array, x"EF9AA8AD") => OK. Value was x"EF9AA8AD". 'Checking RDATA'
%% 5332.5 ns    Log    PASSED              AXI TB              check_value(t_slv_array, x"6F81047E") => OK. Value was x"6F81047E". 'Checking RDATA'
%% 5332.5 ns    Log    PASSED              AXI TB              check_value(t_slv_array, x"94EA059A") => OK. Value was x"94EA059A". 'Checking RDATA'
%% 5332.5 ns    Log    PASSED              AXI TB              check_value(t_slv_array, x"4339DAB6") => OK. Value was x"4339DAB6". 'Checking RDATA'
%% 5332.5 ns    Log    PASSED              AXI TB              check_value(t_slv_array, x"24211D32") => OK. Value was x"24211D32". 'Checking RDATA'
%% 5332.5 ns    Log    PASSED              AXI TB              check_value(t_slv_array, x"19259187") => OK. Value was x"19259187". 'Checking RDATA'
%% 5332.5 ns    Log    PASSED              AXI TB              check_value(t_slv_array, x"1BD95573") => OK. Value was x"1BD95573". 'Checking RDATA'
%% 5332.5 ns    Log    PASSED              AXI TB              check_value(t_slv_array, x"BE38A0AE") => OK. Value was x"BE38A0AE". 'Checking RDATA'
%% 5332.5 ns    Log    PASSED              AXI TB              check_value(t_slv_array, x"1E0E6FB5") => OK. Value was x"1E0E6FB5". 'Checking RDATA'
%% 5332.5 ns    Log    PASSED              AXI TB              check_value(t_slv_array, x"2829C332") => OK. Value was x"2829C332". 'Checking RDATA'
%% 5332.5 ns    Log    PASSED              AXI TB              check_value(t_slv_array, x"D55E94D9") => OK. Value was x"D55E94D9". 'Checking RDATA'
%% 5332.5 ns    Log    PASSED              AXI TB              check_value(t_slv_array, x"7A81F460") => OK. Value was x"7A81F460". 'Checking RDATA'
%% 5332.5 ns    Log    PASSED              AXI TB              check_value(t_slv_array, x"0F218A69") => OK. Value was x"0F218A69". 'Checking RDATA'
%% 5332.5 ns    Log    PASSED              AXI TB              check_value(t_slv_array, x"70FD04D8") => OK. Value was x"70FD04D8". 'Checking RDATA'
%% 5332.5 ns    Log    PASSED              AXI TB              check_value(t_slv_array, x"63BEB8A8") => OK. Value was x"63BEB8A8". 'Checking RDATA'
%% 5332.5 ns    Log    PASSED              AXI TB              check_value(t_slv_array, x"26749DC1") => OK. Value was x"26749DC1". 'Checking RDATA'
%% 5332.5 ns    Log    PASSED              AXI TB              check_value(t_slv_array, x"953B694B") => OK. Value was x"953B694B". 'Checking RDATA'
%% 5332.5 ns    Log    PASSED              AXI TB              check_value(t_slv_array, x"89A4A70A") => OK. Value was x"89A4A70A". 'Checking RDATA'
%% 5332.5 ns    Log    PASSED              AXI TB              check_value(t_slv_array, x"86C359A8") => OK. Value was x"86C359A8". 'Checking RDATA'
%% 5332.5 ns    Log    PASSED              AXI TB              check_value(t_slv_array, x"EB212C8A") => OK. Value was x"EB212C8A". 'Checking RDATA'
%% 5332.5 ns    Log    PASSED              AXI TB              check_value(t_slv_array, x"418A5D7C") => OK. Value was x"418A5D7C". 'Checking RDATA'
%% 5332.5 ns    Log    PASSED              AXI TB              check_value(t_slv_array, x"184DC279") => OK. Value was x"184DC279". 'Checking RDATA'
%% 5332.5 ns    Log    PASSED              AXI TB              check_value(t_slv_array, x"1B5FA148") => OK. Value was x"1B5FA148". 'Checking RDATA'
%% 5332.5 ns    Log    PASSED              AXI TB              check_value(t_slv_array, x"33A3444B") => OK. Value was x"33A3444B". 'Checking RDATA'
%% 5332.5 ns    Log    PASSED              AXI TB              check_value(t_slv_array, x"004F318E") => OK. Value was x"004F318E". 'Checking RDATA'
%% 5332.5 ns    Log    PASSED              AXI TB              check_value(t_slv_array, x"4F6C1706") => OK. Value was x"4F6C1706". 'Checking RDATA'
%% 5332.5 ns    Log    PASSED              AXI TB              check_value(t_slv_array, x"8DE2646F") => OK. Value was x"8DE2646F". 'Checking RDATA'
%% 5332.5 ns    Log    PASSED              AXI TB              check_value(t_slv_array, x"D481B475") => OK. Value was x"D481B475". 'Checking RDATA'
%% 5332.5 ns    Log    PASSED              AXI TB              check_value(t_slv_array, x"8F6E08AE") => OK. Value was x"8F6E08AE". 'Checking RDATA'
%% 5332.5 ns    Log    PASSED              AXI TB              check_value(t_slv_array, x"B324EF38") => OK. Value was x"B324EF38". 'Checking RDATA'
%% 5332.5 ns    Log    PASSED              AXI TB              check_value(t_slv_array, x"5F062ACE") => OK. Value was x"5F062ACE". 'Checking RDATA'
%% 5332.5 ns    Log    PASSED              AXI TB              check_value(t_slv_array, x"EAC773F2") => OK. Value was x"EAC773F2". 'Checking RDATA'
%% 5332.5 ns    Log    PASSED              AXI TB              check_value(t_slv_array, x"C9B3E0B2") => OK. Value was x"C9B3E0B2". 'Checking RDATA'
%% 5332.5 ns    Log    PASSED              AXI TB              check_value(t_slv_array, x"95865DA4") => OK. Value was x"95865DA4". 'Checking RDATA'
%% 5332.5 ns    Log    PASSED              AXI TB              check_value(t_slv_array, x"13657102") => OK. Value was x"13657102". 'Checking RDATA'
%% 5332.5 ns    Log    PASSED              AXI TB              check_value(t_slv_array, x"678BA656") => OK. Value was x"678BA656". 'Checking RDATA'
%% 5332.5 ns    Log    PASSED              AXI TB              check_value(t_slv_array, x"6A37AB00") => OK. Value was x"6A37AB00". 'Checking RDATA'
%% 5332.5 ns    Log    PASSED              AXI TB              check_value(t_slv_array, x"9DBE4567") => OK. Value was x"9DBE4567". 'Checking RDATA'
%% 5332.5 ns    Log    PASSED              AXI TB              check_value(t_slv_array, x"0577CD89") => OK. Value was x"0577CD89". 'Checking RDATA'
%% 5332.5 ns    Log    PASSED              AXI TB              check_value(t_slv_array, x"7F7D20C3") => OK. Value was x"7F7D20C3". 'Checking RDATA'
%% 5332.5 ns    Log    PASSED              AXI TB              check_value(t_slv_array, x"5B0EA2BC") => OK. Value was x"5B0EA2BC". 'Checking RDATA'
%% 5332.5 ns    Log    PASSED              AXI TB              check_value(t_slv_array, x"8E28FBA7") => OK. Value was x"8E28FBA7". 'Checking RDATA'
%% 5332.5 ns    Log    PASSED              AXI TB              check_value(t_slv_array, x"9EE03E35") => OK. Value was x"9EE03E35". 'Checking RDATA'
%% 5332.5 ns    Log    PASSED              AXI TB              check_value(t_slv_array, x"6903A9F1") => OK. Value was x"6903A9F1". 'Checking RDATA'
%% 5332.5 ns    Log    PASSED              AXI TB              check_value(t_slv_array, x"9F1D9F39") => OK. Value was x"9F1D9F39". 'Checking RDATA'
%% 5332.5 ns    Log    PASSED              AXI TB              check_value(t_slv_array, x"45F7C2C5") => OK. Value was x"45F7C2C5". 'Checking RDATA'
%% 5332.5 ns    Log    PASSED              AXI TB              check_value(t_slv_array, x"AF3EC18B") => OK. Value was x"AF3EC18B". 'Checking RDATA'
%% 5332.5 ns    Log    PASSED              AXI TB              check_value(t_slv_array, x"31967466") => OK. Value was x"31967466". 'Checking RDATA'
%% 5332.5 ns    Log    PASSED              AXI TB              check_value(t_slv_array, x"890D6559") => OK. Value was x"890D6559". 'Checking RDATA'
%% 5332.5 ns    Log    PASSED              AXI TB              check_value(t_slv_array, x"EEA3AB94") => OK. Value was x"EEA3AB94". 'Checking RDATA'
%% 5332.5 ns    Log    PASSED              AXI TB              check_value(t_slv_array, x"FC7DA5B6") => OK. Value was x"FC7DA5B6". 'Checking RDATA'
%% 5332.5 ns    Log    PASSED              AXI TB              check_value(t_slv_array, x"8AF7941B") => OK. Value was x"8AF7941B". 'Checking RDATA'
%% 5332.5 ns    Log    PASSED              AXI TB              check_value(t_slv_array, x"74F91C71") => OK. Value was x"74F91C71". 'Checking RDATA'
%% 5332.5 ns    Log    PASSED              AXI TB              check_value(t_slv_array, x"144F8F03") => OK. Value was x"144F8F03". 'Checking RDATA'
%% 5332.5 ns    Log    PASSED              AXI TB              check_value(t_slv_array, x"3C4EDA32") => OK. Value was x"3C4EDA32". 'Checking RDATA'
%% 5332.5 ns    Log    PASSED              AXI TB              check_value(t_slv_array, x"5FA54862") => OK. Value was x"5FA54862". 'Checking RDATA'
%% 5332.5 ns    Log    PASSED              AXI TB              check_value(t_slv_array, x"2558E656") => OK. Value was x"2558E656". 'Checking RDATA'
%% 5332.5 ns    Log    PASSED              AXI TB              check_value(t_slv_array, x"5BAE3671") => OK. Value was x"5BAE3671". 'Checking RDATA'
%% 5332.5 ns    Log    PASSED              AXI TB              check_value(t_slv_array, x"71C70A96") => OK. Value was x"71C70A96". 'Checking RDATA'
%% 5332.5 ns    Log    PASSED              AXI TB              check_value(t_slv_array, x"E3B336E2") => OK. Value was x"E3B336E2". 'Checking RDATA'
%% 5332.5 ns    Log    PASSED              AXI TB              check_value(t_slv_array, x"AEF62969") => OK. Value was x"AEF62969". 'Checking RDATA'
%% 5332.5 ns    Log    PASSED              AXI TB              check_value(t_slv_array, x"E93EB10D") => OK. Value was x"E93EB10D". 'Checking RDATA'
%% 5332.5 ns    Log    PASSED              AXI TB              check_value(t_slv_array, x"5B3E908E") => OK. Value was x"5B3E908E". 'Checking RDATA'
%% 5332.5 ns    Log    PASSED              AXI TB              check_value(t_slv_array, x"C8ACA605") => OK. Value was x"C8ACA605". 'Checking RDATA'
%% 5332.5 ns    Log    PASSED              AXI TB              check_value(t_slv_array, x"9E635437") => OK. Value was x"9E635437". 'Checking RDATA'
%% 5332.5 ns    Log    PASSED              AXI TB              check_value(t_slv_array, x"1D33001A") => OK. Value was x"1D33001A". 'Checking RDATA'
%% 5332.5 ns    Log    PASSED              AXI TB              check_value(t_slv_array, x"EEBC8CEB") => OK. Value was x"EEBC8CEB". 'Checking RDATA'
%% 5332.5 ns    Log    PASSED              AXI TB              check_value(t_slv_array, x"16CDFEAB") => OK. Value was x"16CDFEAB". 'Checking RDATA'
%% 5332.5 ns    Log    PASSED              AXI TB              check_value(t_slv_array, x"55B95A22") => OK. Value was x"55B95A22". 'Checking RDATA'
%% 5332.5 ns    Log    PASSED              AXI TB              check_value(t_slv_array, x"D5445BD1") => OK. Value was x"D5445BD1". 'Checking RDATA'
%% 5332.5 ns    Log    PASSED              AXI TB              check_value(t_slv_array, x"BDAE5ACB") => OK. Value was x"BDAE5ACB". 'Checking RDATA'
%% 5332.5 ns    Log    PASSED              AXI TB              check_value(t_slv_array, x"505EF203") => OK. Value was x"505EF203". 'Checking RDATA'
%% 5332.5 ns    Log    PASSED              AXI TB              check_value(t_slv_array, x"BD59758A") => OK. Value was x"BD59758A". 'Checking RDATA'
%% 5332.5 ns    Log    PASSED              AXI TB              check_value(t_slv_array, x"3435C094") => OK. Value was x"3435C094". 'Checking RDATA'
%% 5332.5 ns    Log    PASSED              AXI TB              check_value(t_slv_array, x"9B46BC3D") => OK. Value was x"9B46BC3D". 'Checking RDATA'
%% 5332.5 ns    Log    PASSED              AXI TB              check_value(t_slv_array, x"7C2D50EE") => OK. Value was x"7C2D50EE". 'Checking RDATA'
%% 5332.5 ns    Log    PASSED              AXI TB              check_value(t_slv_array, x"32105C93") => OK. Value was x"32105C93". 'Checking RDATA'
%% 5332.5 ns    Log    PASSED              AXI TB              check_value(t_slv_array, x"8905471D") => OK. Value was x"8905471D". 'Checking RDATA'
%% 5332.5 ns    Log    PASSED              AXI TB              check_value(t_slv_array, x"ACC80252") => OK. Value was x"ACC80252". 'Checking RDATA'
%% 5332.5 ns    Log    PASSED              AXI TB              check_value(t_slv_array, x"924A678E") => OK. Value was x"924A678E". 'Checking RDATA'
%% 5332.5 ns    Log    PASSED              AXI TB              check_value(t_slv_array, x"149E53DD") => OK. Value was x"149E53DD". 'Checking RDATA'
%% 5332.5 ns    Log    PASSED              AXI TB              check_value(t_slv_array, x"8C8F0FE9") => OK. Value was x"8C8F0FE9". 'Checking RDATA'
%% 5332.5 ns    Log    PASSED              AXI TB              check_value(t_slv_array, x"1EA760F1") => OK. Value was x"1EA760F1". 'Checking RDATA'
%% 5332.5 ns    Log    PASSED              AXI TB              check_value(t_slv_array, x"96E70D03") => OK. Value was x"96E70D03". 'Checking RDATA'
%% 5332.5 ns    Log    PASSED              AXI TB              check_value(t_slv_array, x"12D8F7BB") => OK. Value was x"12D8F7BB". 'Checking RDATA'
%% 5332.5 ns    Log    PASSED              AXI TB              check_value(t_slv_array, x"BD21732E") => OK. Value was x"BD21732E". 'Checking RDATA'
%% 5332.5 ns    Log    PASSED              AXI TB              check_value(t_slv_array, x"60FD5B9C") => OK. Value was x"60FD5B9C". 'Checking RDATA'
%% 5332.5 ns    Log    PASSED              AXI TB              check_value(t_slv_array, x"D6D969F8") => OK. Value was x"D6D969F8". 'Checking RDATA'
%% 5332.5 ns    Log    PASSED              AXI TB              check_value(t_slv_array, x"A2CB9F35") => OK. Value was x"A2CB9F35". 'Checking RDATA'
%% 5332.5 ns    Log    PASSED              AXI TB              check_value(t_slv_array, x"383D1775") => OK. Value was x"383D1775". 'Checking RDATA'
%% 5332.5 ns    Log    PASSED              AXI TB              check_value(t_slv_array, x"4EC2ECD7") => OK. Value was x"4EC2ECD7". 'Checking RDATA'
%% 5332.5 ns    Log    PASSED              AXI TB              check_value(t_slv_array, x"3E6E5CD3") => OK. Value was x"3E6E5CD3". 'Checking RDATA'
%% 5332.5 ns    Log    PASSED              AXI TB              check_value(t_slv_array, x"9559B9CD") => OK. Value was x"9559B9CD". 'Checking RDATA'
%% 5332.5 ns    Log    PASSED              AXI TB              check_value(t_slv_array, x"11DFAFA3") => OK. Value was x"11DFAFA3". 'Checking RDATA'
%% 5332.5 ns    Log    PASSED              AXI TB              check_value(t_slv_array, x"3541578C") => OK. Value was x"3541578C". 'Checking RDATA'
%% 5332.5 ns    Log    PASSED              AXI TB              check_value(t_slv_array, x"E91A22EB") => OK. Value was x"E91A22EB". 'Checking RDATA'
%% 5332.5 ns    Log    PASSED              AXI TB              check_value(t_slv_array, x"246843FE") => OK. Value was x"246843FE". 'Checking RDATA'
%% 5332.5 ns    Log    PASSED              AXI TB              check_value(t_slv_array, x"49AEA21A") => OK. Value was x"49AEA21A". 'Checking RDATA'
%% 5332.5 ns    Log    PASSED              AXI TB              check_value(t_slv_array, x"D78AFB3F") => OK. Value was x"D78AFB3F". 'Checking RDATA'
%% 5332.5 ns    Log    PASSED              AXI TB              check_value(t_slv_array, x"78A504F8") => OK. Value was x"78A504F8". 'Checking RDATA'
%% 5332.5 ns    Log    PASSED              AXI TB              check_value(t_slv_array, x"09C39921") => OK. Value was x"09C39921". 'Checking RDATA'
%% 5332.5 ns    Log    PASSED              AXI TB              check_value(t_slv_array, x"3E7ED857") => OK. Value was x"3E7ED857". 'Checking RDATA'
%% 5332.5 ns    Log    PASSED              AXI TB              check_value(t_slv_array, x"E005FB39") => OK. Value was x"E005FB39". 'Checking RDATA'
%% 5332.5 ns    Log    PASSED              AXI TB              check_value(t_slv_array, x"C6F4A3CB") => OK. Value was x"C6F4A3CB". 'Checking RDATA'
%% 5332.5 ns    Log    PASSED              AXI TB              check_value(t_slv_array, x"6B81F154") => OK. Value was x"6B81F154". 'Checking RDATA'
%% 5332.5 ns    Log    PASSED              AXI TB              check_value(t_slv_array, x"E5FFE89B") => OK. Value was x"E5FFE89B". 'Checking RDATA'
%% 5332.5 ns    Log    PASSED              AXI TB              check_value(t_slv_array, x"B8F67B25") => OK. Value was x"B8F67B25". 'Checking RDATA'
%% 5332.5 ns    Log    PASSED              AXI TB              check_value(t_slv_array, x"A2C928EB") => OK. Value was x"A2C928EB". 'Checking RDATA'
%% 5332.5 ns    Log    PASSED              AXI TB              check_value(t_slv_array, x"9A8D5F3D") => OK. Value was x"9A8D5F3D". 'Checking RDATA'
%% 5332.5 ns    Log    PASSED              AXI TB              check_value(t_slv_array, x"5192A548") => OK. Value was x"5192A548". 'Checking RDATA'
%% 5332.5 ns    Log    PASSED              AXI TB              check_value(t_slv_array, x"322E5072") => OK. Value was x"322E5072". 'Checking RDATA'
%% 5332.5 ns    Log    PASSED              AXI TB              check_value(t_slv_array, x"AD5F67FB") => OK. Value was x"AD5F67FB". 'Checking RDATA'
%% 5332.5 ns    Log    PASSED              AXI TB              check_value(t_slv_array, x"E203B8B5") => OK. Value was x"E203B8B5". 'Checking RDATA'
%% 5332.5 ns    Log    PASSED              AXI TB              check_value(t_slv_array, x"BDF51CA3") => OK. Value was x"BDF51CA3". 'Checking RDATA'
%% 5332.5 ns    Log    PASSED              AXI TB              check_value(t_slv_array, x"CD13A4BD") => OK. Value was x"CD13A4BD". 'Checking RDATA'
%% 5332.5 ns    Log    PASSED              AXI TB              check_value(t_slv_array, x"AB02C09F") => OK. Value was x"AB02C09F". 'Checking RDATA'
%% 5332.5 ns    Log    PASSED              AXI TB              check_value(t_slv_array, x"699C383C") => OK. Value was x"699C383C". 'Checking RDATA'
%% 5332.5 ns    Log    PASSED              AXI TB              check_value(t_slv_array, x"C3C74DE1") => OK. Value was x"C3C74DE1". 'Checking RDATA'
%% 5332.5 ns    Log    PASSED              AXI TB              check_value(t_slv_array, x"8AE4AD0F") => OK. Value was x"8AE4AD0F". 'Checking RDATA'
%% 5332.5 ns    Log    PASSED              AXI TB              check_value(t_slv_array, x"0955FA53") => OK. Value was x"0955FA53". 'Checking RDATA'
%% 5332.5 ns    Log    PASSED              AXI TB              check_value(t_slv_array, x"7B56EBFC") => OK. Value was x"7B56EBFC". 'Checking RDATA'
%% 5332.5 ns    Log    PASSED              AXI TB              check_value(t_slv_array, x"D98E8D8A") => OK. Value was x"D98E8D8A". 'Checking RDATA'
%% 5332.5 ns    Log    PASSED              AXI TB              check_value(t_slv_array, x"B28D2B8E") => OK. Value was x"B28D2B8E". 'Checking RDATA'
%% 5332.5 ns    Log    PASSED              AXI TB              check_value(t_slv_array, x"06F9FCE2") => OK. Value was x"06F9FCE2". 'Checking RDATA'
%% 5332.5 ns    Log    PASSED              AXI TB              check_value(t_slv_array, x"7E45B88C") => OK. Value was x"7E45B88C". 'Checking RDATA'
%% 5332.5 ns    Log    PASSED              AXI TB              check_value(t_slv_array, x"B9E4D779") => OK. Value was x"B9E4D779". 'Checking RDATA'
%% 5332.5 ns    Log    PASSED              AXI TB              check_value(t_slv_array, x"6A530CAB") => OK. Value was x"6A530CAB". 'Checking RDATA'
%% 5332.5 ns    Log    PASSED              AXI TB              check_value(t_slv_array, x"B2B9CAA4") => OK. Value was x"B2B9CAA4". 'Checking RDATA'
%% 5332.5 ns    Log    PASSED              AXI TB              check_value(t_slv_array, x"749E73D9") => OK. Value was x"749E73D9". 'Checking RDATA'
%% 5332.5 ns    Log    PASSED              AXI TB              check_value(t_slv_array, x"57D69068") => OK. Value was x"57D69068". 'Checking RDATA'
%% 5332.5 ns    Log    PASSED              AXI TB              check_value(t_slv_array, x"C178D4F6") => OK. Value was x"C178D4F6". 'Checking RDATA'
%% 5332.5 ns    Log    PASSED              AXI TB              check_value(t_slv_array, x"FE12768C") => OK. Value was x"FE12768C". 'Checking RDATA'
%% 5332.5 ns    Log    PASSED              AXI TB              check_value(t_slv_array, x"9BD33965") => OK. Value was x"9BD33965". 'Checking RDATA'
%% 5332.5 ns    Log    PASSED              AXI TB              check_value(t_slv_array, x"1925A263") => OK. Value was x"1925A263". 'Checking RDATA'
%% 5332.5 ns    Log    PASSED              AXI TB              check_value(t_slv_array, x"BAAC6E5F") => OK. Value was x"BAAC6E5F". 'Checking RDATA'
%% 5332.5 ns    Log    PASSED              AXI TB              check_value(t_slv_array, x"53B59742") => OK. Value was x"53B59742". 'Checking RDATA'
%% 5332.5 ns    Log    PASSED              AXI TB              check_value(t_slv_array, x"41F0DFDD") => OK. Value was x"41F0DFDD". 'Checking RDATA'
%% 5332.5 ns    Log    PASSED              AXI TB              check_value(t_slv_array, x"C1FE9A86") => OK. Value was x"C1FE9A86". 'Checking RDATA'
%% 5332.5 ns    Log    PASSED              AXI TB              check_value(t_slv_array, x"B8B87AC2") => OK. Value was x"B8B87AC2". 'Checking RDATA'
%% 5332.5 ns    Log    PASSED              AXI TB              check_value(t_slv_array, x"A74A8397") => OK. Value was x"A74A8397". 'Checking RDATA'
%% 5332.5 ns    Log    PASSED              AXI TB              check_value(t_slv_array, x"7C2341FF") => OK. Value was x"7C2341FF". 'Checking RDATA'
%% 5332.5 ns    Log    PASSED              AXI TB              check_value(t_slv_array, x"F638BF03") => OK. Value was x"F638BF03". 'Checking RDATA'
%% 5332.5 ns    Log    PASSED              AXI TB              check_value(t_slv_array, x"82597C75") => OK. Value was x"82597C75". 'Checking RDATA'
%% 5332.5 ns    Log    PASSED              AXI TB              check_value(t_slv_array, x"6CDD7F70") => OK. Value was x"6CDD7F70". 'Checking RDATA'
%% 5332.5 ns    Log    PASSED              AXI TB              check_value(t_slv_array, x"F50C119E") => OK. Value was x"F50C119E". 'Checking RDATA'
%% 5332.5 ns    Log    PASSED              AXI TB              check_value(t_slv_array, x"D5A9C68C") => OK. Value was x"D5A9C68C". 'Checking RDATA'
%% 5332.5 ns    Log    PASSED              AXI TB              check_value(bool, true) => OK. Value was true. 'Checking RRESP'
%% 5332.5 ns    Log    PASSED              AXI TB              check_value(t_slv_array, x"00") => OK. Value was x"00". 'Checking RUSER '
%% 5332.5 ns    Log    PASSED              AXI TB              check_value(t_slv_array, x"00") => OK. Value was x"00". 'Checking RUSER '
%% 5332.5 ns    Log    PASSED              AXI TB              check_value(t_slv_array, x"00") => OK. Value was x"00". 'Checking RUSER '
%% 5332.5 ns    Log    PASSED              AXI TB              check_value(t_slv_array, x"00") => OK. Value was x"00". 'Checking RUSER '
%% 5332.5 ns    Log    PASSED              AXI TB              check_value(t_slv_array, x"00") => OK. Value was x"00". 'Checking RUSER '
%% 5332.5 ns    Log    PASSED              AXI TB              check_value(t_slv_array, x"00") => OK. Value was x"00". 'Checking RUSER '
%% 5332.5 ns    Log    PASSED              AXI TB              check_value(t_slv_array, x"00") => OK. Value was x"00". 'Checking RUSER '
%% 5332.5 ns    Log    PASSED              AXI TB              check_value(t_slv_array, x"00") => OK. Value was x"00". 'Checking RUSER '
%% 5332.5 ns    Log    PASSED              AXI TB              check_value(t_slv_array, x"00") => OK. Value was x"00". 'Checking RUSER '
%% 5332.5 ns    Log    PASSED              AXI TB              check_value(t_slv_array, x"00") => OK. Value was x"00". 'Checking RUSER '
%% 5332.5 ns    Log    PASSED              AXI TB              check_value(t_slv_array, x"00") => OK. Value was x"00". 'Checking RUSER '
%% 5332.5 ns    Log    PASSED              AXI TB              check_value(t_slv_array, x"00") => OK. Value was x"00". 'Checking RUSER '
%% 5332.5 ns    Log    PASSED              AXI TB              check_value(t_slv_array, x"00") => OK. Value was x"00". 'Checking RUSER '
%% 5332.5 ns    Log    PASSED              AXI TB              check_value(t_slv_array, x"00") => OK. Value was x"00". 'Checking RUSER '
%% 5332.5 ns    Log    PASSED              AXI TB              check_value(t_slv_array, x"00") => OK. Value was x"00". 'Checking RUSER '
%% 5332.5 ns    Log    PASSED              AXI TB              check_value(t_slv_array, x"00") => OK. Value was x"00". 'Checking RUSER '
%% 5332.5 ns    Log    PASSED              AXI TB              check_value(t_slv_array, x"00") => OK. Value was x"00". 'Checking RUSER '
%% 5332.5 ns    Log    PASSED              AXI TB              check_value(t_slv_array, x"00") => OK. Value was x"00". 'Checking RUSER '
%% 5332.5 ns    Log    PASSED              AXI TB              check_value(t_slv_array, x"00") => OK. Value was x"00". 'Checking RUSER '
%% 5332.5 ns    Log    PASSED              AXI TB              check_value(t_slv_array, x"00") => OK. Value was x"00". 'Checking RUSER '
%% 5332.5 ns    Log    PASSED              AXI TB              check_value(t_slv_array, x"00") => OK. Value was x"00". 'Checking RUSER '
%% 5332.5 ns    Log    PASSED              AXI TB              check_value(t_slv_array, x"00") => OK. Value was x"00". 'Checking RUSER '
%% 5332.5 ns    Log    PASSED              AXI TB              check_value(t_slv_array, x"00") => OK. Value was x"00". 'Checking RUSER '
%% 5332.5 ns    Log    PASSED              AXI TB              check_value(t_slv_array, x"00") => OK. Value was x"00". 'Checking RUSER '
%% 5332.5 ns    Log    PASSED              AXI TB              check_value(t_slv_array, x"00") => OK. Value was x"00". 'Checking RUSER '
%% 5332.5 ns    Log    PASSED              AXI TB              check_value(t_slv_array, x"00") => OK. Value was x"00". 'Checking RUSER '
%% 5332.5 ns    Log    PASSED              AXI TB              check_value(t_slv_array, x"00") => OK. Value was x"00". 'Checking RUSER '
%% 5332.5 ns    Log    PASSED              AXI TB              check_value(t_slv_array, x"00") => OK. Value was x"00". 'Checking RUSER '
%% 5332.5 ns    Log    PASSED              AXI TB              check_value(t_slv_array, x"00") => OK. Value was x"00". 'Checking RUSER '
%% 5332.5 ns    Log    PASSED              AXI TB              check_value(t_slv_array, x"00") => OK. Value was x"00". 'Checking RUSER '
%% 5332.5 ns    Log    PASSED              AXI TB              check_value(t_slv_array, x"00") => OK. Value was x"00". 'Checking RUSER '
%% 5332.5 ns    Log    PASSED              AXI TB              check_value(t_slv_array, x"00") => OK. Value was x"00". 'Checking RUSER '
%% 5332.5 ns    Log    PASSED              AXI TB              check_value(t_slv_array, x"00") => OK. Value was x"00". 'Checking RUSER '
%% 5332.5 ns    Log    PASSED              AXI TB              check_value(t_slv_array, x"00") => OK. Value was x"00". 'Checking RUSER '
%% 5332.5 ns    Log    PASSED              AXI TB              check_value(t_slv_array, x"00") => OK. Value was x"00". 'Checking RUSER '
%% 5332.5 ns    Log    PASSED              AXI TB              check_value(t_slv_array, x"00") => OK. Value was x"00". 'Checking RUSER '
%% 5332.5 ns    Log    PASSED              AXI TB              check_value(t_slv_array, x"00") => OK. Value was x"00". 'Checking RUSER '
%% 5332.5 ns    Log    PASSED              AXI TB              check_value(t_slv_array, x"00") => OK. Value was x"00". 'Checking RUSER '
%% 5332.5 ns    Log    PASSED              AXI TB              check_value(t_slv_array, x"00") => OK. Value was x"00". 'Checking RUSER '
%% 5332.5 ns    Log    PASSED              AXI TB              check_value(t_slv_array, x"00") => OK. Value was x"00". 'Checking RUSER '
%% 5332.5 ns    Log    PASSED              AXI TB              check_value(t_slv_array, x"00") => OK. Value was x"00". 'Checking RUSER '
%% 5332.5 ns    Log    PASSED              AXI TB              check_value(t_slv_array, x"00") => OK. Value was x"00". 'Checking RUSER '
%% 5332.5 ns    Log    PASSED              AXI TB              check_value(t_slv_array, x"00") => OK. Value was x"00". 'Checking RUSER '
%% 5332.5 ns    Log    PASSED              AXI TB              check_value(t_slv_array, x"00") => OK. Value was x"00". 'Checking RUSER '
%% 5332.5 ns    Log    PASSED              AXI TB              check_value(t_slv_array, x"00") => OK. Value was x"00". 'Checking RUSER '
%% 5332.5 ns    Log    PASSED              AXI TB              check_value(t_slv_array, x"00") => OK. Value was x"00". 'Checking RUSER '
%% 5332.5 ns    Log    PASSED              AXI TB              check_value(t_slv_array, x"00") => OK. Value was x"00". 'Checking RUSER '
%% 5332.5 ns    Log    PASSED              AXI TB              check_value(t_slv_array, x"00") => OK. Value was x"00". 'Checking RUSER '
%% 5332.5 ns    Log    PASSED              AXI TB              check_value(t_slv_array, x"00") => OK. Value was x"00". 'Checking RUSER '
%% 5332.5 ns    Log    PASSED              AXI TB              check_value(t_slv_array, x"00") => OK. Value was x"00". 'Checking RUSER '
%% 5332.5 ns    Log    PASSED              AXI TB              check_value(t_slv_array, x"00") => OK. Value was x"00". 'Checking RUSER '
%% 5332.5 ns    Log    PASSED              AXI TB              check_value(t_slv_array, x"00") => OK. Value was x"00". 'Checking RUSER '
%% 5332.5 ns    Log    PASSED              AXI TB              check_value(t_slv_array, x"00") => OK. Value was x"00". 'Checking RUSER '
%% 5332.5 ns    Log    PASSED              AXI TB              check_value(t_slv_array, x"00") => OK. Value was x"00". 'Checking RUSER '
%% 5332.5 ns    Log    PASSED              AXI TB              check_value(t_slv_array, x"00") => OK. Value was x"00". 'Checking RUSER '
%% 5332.5 ns    Log    PASSED              AXI TB              check_value(t_slv_array, x"00") => OK. Value was x"00". 'Checking RUSER '
%% 5332.5 ns    Log    PASSED              AXI TB              check_value(t_slv_array, x"00") => OK. Value was x"00". 'Checking RUSER '
%% 5332.5 ns    Log    PASSED              AXI TB              check_value(t_slv_array, x"00") => OK. Value was x"00". 'Checking RUSER '
%% 5332.5 ns    Log    PASSED              AXI TB              check_value(t_slv_array, x"00") => OK. Value was x"00". 'Checking RUSER '
%% 5332.5 ns    Log    PASSED              AXI TB              check_value(t_slv_array, x"00") => OK. Value was x"00". 'Checking RUSER '
%% 5332.5 ns    Log    PASSED              AXI TB              check_value(t_slv_array, x"00") => OK. Value was x"00". 'Checking RUSER '
%% 5332.5 ns    Log    PASSED              AXI TB              check_value(t_slv_array, x"00") => OK. Value was x"00". 'Checking RUSER '
%% 5332.5 ns    Log    PASSED              AXI TB              check_value(t_slv_array, x"00") => OK. Value was x"00". 'Checking RUSER '
%% 5332.5 ns    Log    PASSED              AXI TB              check_value(t_slv_array, x"00") => OK. Value was x"00". 'Checking RUSER '
%% 5332.5 ns    Log    PASSED              AXI TB              check_value(t_slv_array, x"00") => OK. Value was x"00". 'Checking RUSER '
%% 5332.5 ns    Log    PASSED              AXI TB              check_value(t_slv_array, x"00") => OK. Value was x"00". 'Checking RUSER '
%% 5332.5 ns    Log    PASSED              AXI TB              check_value(t_slv_array, x"00") => OK. Value was x"00". 'Checking RUSER '
%% 5332.5 ns    Log    PASSED              AXI TB              check_value(t_slv_array, x"00") => OK. Value was x"00". 'Checking RUSER '
%% 5332.5 ns    Log    PASSED              AXI TB              check_value(t_slv_array, x"00") => OK. Value was x"00". 'Checking RUSER '
%% 5332.5 ns    Log    PASSED              AXI TB              check_value(t_slv_array, x"00") => OK. Value was x"00". 'Checking RUSER '
%% 5332.5 ns    Log    PASSED              AXI TB              check_value(t_slv_array, x"00") => OK. Value was x"00". 'Checking RUSER '
%% 5332.5 ns    Log    PASSED              AXI TB              check_value(t_slv_array, x"00") => OK. Value was x"00". 'Checking RUSER '
%% 5332.5 ns    Log    PASSED              AXI TB              check_value(t_slv_array, x"00") => OK. Value was x"00". 'Checking RUSER '
%% 5332.5 ns    Log    PASSED              AXI TB              check_value(t_slv_array, x"00") => OK. Value was x"00". 'Checking RUSER '
%% 5332.5 ns    Log    PASSED              AXI TB              check_value(t_slv_array, x"00") => OK. Value was x"00". 'Checking RUSER '
%% 5332.5 ns    Log    PASSED              AXI TB              check_value(t_slv_array, x"00") => OK. Value was x"00". 'Checking RUSER '
%% 5332.5 ns    Log    PASSED              AXI TB              check_value(t_slv_array, x"00") => OK. Value was x"00". 'Checking RUSER '
%% 5332.5 ns    Log    PASSED              AXI TB              check_value(t_slv_array, x"00") => OK. Value was x"00". 'Checking RUSER '
%% 5332.5 ns    Log    PASSED              AXI TB              check_value(t_slv_array, x"00") => OK. Value was x"00". 'Checking RUSER '
%% 5332.5 ns    Log    PASSED              AXI TB              check_value(t_slv_array, x"00") => OK. Value was x"00". 'Checking RUSER '
%% 5332.5 ns    Log    PASSED              AXI TB              check_value(t_slv_array, x"00") => OK. Value was x"00". 'Checking RUSER '
%% 5332.5 ns    Log    PASSED              AXI TB              check_value(t_slv_array, x"00") => OK. Value was x"00". 'Checking RUSER '
%% 5332.5 ns    Log    PASSED              AXI TB              check_value(t_slv_array, x"00") => OK. Value was x"00". 'Checking RUSER '
%% 5332.5 ns    Log    PASSED              AXI TB              check_value(t_slv_array, x"00") => OK. Value was x"00". 'Checking RUSER '
%% 5332.5 ns    Log    PASSED              AXI TB              check_value(t_slv_array, x"00") => OK. Value was x"00". 'Checking RUSER '
%% 5332.5 ns    Log    PASSED              AXI TB              check_value(t_slv_array, x"00") => OK. Value was x"00". 'Checking RUSER '
%% 5332.5 ns    Log    PASSED              AXI TB              check_value(t_slv_array, x"00") => OK. Value was x"00". 'Checking RUSER '
%% 5332.5 ns    Log    PASSED              AXI TB              check_value(t_slv_array, x"00") => OK. Value was x"00". 'Checking RUSER '
%% 5332.5 ns    Log    PASSED              AXI TB              check_value(t_slv_array, x"00") => OK. Value was x"00". 'Checking RUSER '
%% 5332.5 ns    Log    PASSED              AXI TB              check_value(t_slv_array, x"00") => OK. Value was x"00". 'Checking RUSER '
%% 5332.5 ns    Log    PASSED              AXI TB              check_value(t_slv_array, x"00") => OK. Value was x"00". 'Checking RUSER '
%% 5332.5 ns    Log    PASSED              AXI TB              check_value(t_slv_array, x"00") => OK. Value was x"00". 'Checking RUSER '
%% 5332.5 ns    Log    PASSED              AXI TB              check_value(t_slv_array, x"00") => OK. Value was x"00". 'Checking RUSER '
%% 5332.5 ns    Log    PASSED              AXI TB              check_value(t_slv_array, x"00") => OK. Value was x"00". 'Checking RUSER '
%% 5332.5 ns    Log    PASSED              AXI TB              check_value(t_slv_array, x"00") => OK. Value was x"00". 'Checking RUSER '
%% 5332.5 ns    Log    PASSED              AXI TB              check_value(t_slv_array, x"00") => OK. Value was x"00". 'Checking RUSER '
%% 5332.5 ns    Log    PASSED              AXI TB              check_value(t_slv_array, x"00") => OK. Value was x"00". 'Checking RUSER '
%% 5332.5 ns    Log    PASSED              AXI TB              check_value(t_slv_array, x"00") => OK. Value was x"00". 'Checking RUSER '
%% 5332.5 ns    Log    PASSED              AXI TB              check_value(t_slv_array, x"00") => OK. Value was x"00". 'Checking RUSER '
%% 5332.5 ns    Log    PASSED              AXI TB              check_value(t_slv_array, x"00") => OK. Value was x"00". 'Checking RUSER '
%% 5332.5 ns    Log    PASSED              AXI TB              check_value(t_slv_array, x"00") => OK. Value was x"00". 'Checking RUSER '
%% 5332.5 ns    Log    PASSED              AXI TB              check_value(t_slv_array, x"00") => OK. Value was x"00". 'Checking RUSER '
%% 5332.5 ns    Log    PASSED              AXI TB              check_value(t_slv_array, x"00") => OK. Value was x"00". 'Checking RUSER '
%% 5332.5 ns    Log    PASSED              AXI TB              check_value(t_slv_array, x"00") => OK. Value was x"00". 'Checking RUSER '
%% 5332.5 ns    Log    PASSED              AXI TB              check_value(t_slv_array, x"00") => OK. Value was x"00". 'Checking RUSER '
%% 5332.5 ns    Log    PASSED              AXI TB              check_value(t_slv_array, x"00") => OK. Value was x"00". 'Checking RUSER '
%% 5332.5 ns    Log    PASSED              AXI TB              check_value(t_slv_array, x"00") => OK. Value was x"00". 'Checking RUSER '
%% 5332.5 ns    Log    PASSED              AXI TB              check_value(t_slv_array, x"00") => OK. Value was x"00". 'Checking RUSER '
%% 5332.5 ns    Log    PASSED              AXI TB              check_value(t_slv_array, x"00") => OK. Value was x"00". 'Checking RUSER '
%% 5332.5 ns    Log    PASSED              AXI TB              check_value(t_slv_array, x"00") => OK. Value was x"00". 'Checking RUSER '
%% 5332.5 ns    Log    PASSED              AXI TB              check_value(t_slv_array, x"00") => OK. Value was x"00". 'Checking RUSER '
%% 5332.5 ns    Log    PASSED              AXI TB              check_value(t_slv_array, x"00") => OK. Value was x"00". 'Checking RUSER '
%% 5332.5 ns    Log    PASSED              AXI TB              check_value(t_slv_array, x"00") => OK. Value was x"00". 'Checking RUSER '
%% 5332.5 ns    Log    PASSED              AXI TB              check_value(t_slv_array, x"00") => OK. Value was x"00". 'Checking RUSER '
%% 5332.5 ns    Log    PASSED              AXI TB              check_value(t_slv_array, x"00") => OK. Value was x"00". 'Checking RUSER '
%% 5332.5 ns    Log    PASSED              AXI TB              check_value(t_slv_array, x"00") => OK. Value was x"00". 'Checking RUSER '
%% 5332.5 ns    Log    PASSED              AXI TB              check_value(t_slv_array, x"00") => OK. Value was x"00". 'Checking RUSER '
%% 5332.5 ns    Log    PASSED              AXI TB              check_value(t_slv_array, x"00") => OK. Value was x"00". 'Checking RUSER '
%% 5332.5 ns    Log    PASSED              AXI TB              check_value(t_slv_array, x"00") => OK. Value was x"00". 'Checking RUSER '
%% 5332.5 ns    Log    PASSED              AXI TB              check_value(t_slv_array, x"00") => OK. Value was x"00". 'Checking RUSER '
%% 5332.5 ns    Log    PASSED              AXI TB              check_value(t_slv_array, x"00") => OK. Value was x"00". 'Checking RUSER '
%% 5332.5 ns    Log    PASSED              AXI TB              check_value(t_slv_array, x"00") => OK. Value was x"00". 'Checking RUSER '
%% 5332.5 ns    Log    PASSED              AXI TB              check_value(t_slv_array, x"00") => OK. Value was x"00". 'Checking RUSER '
%% 5332.5 ns    Log    PASSED              AXI TB              check_value(t_slv_array, x"00") => OK. Value was x"00". 'Checking RUSER '
%% 5332.5 ns    Log    PASSED              AXI TB              check_value(t_slv_array, x"00") => OK. Value was x"00". 'Checking RUSER '
%% 5332.5 ns    Log    PASSED              AXI TB              check_value(t_slv_array, x"00") => OK. Value was x"00". 'Checking RUSER '
%% 5332.5 ns    Log    PASSED              AXI TB              check_value(t_slv_array, x"00") => OK. Value was x"00". 'Checking RUSER '
%% 5332.5 ns    Log    PASSED              AXI TB              check_value(t_slv_array, x"00") => OK. Value was x"00". 'Checking RUSER '
%% 5332.5 ns    Log    PASSED              AXI TB              check_value(t_slv_array, x"00") => OK. Value was x"00". 'Checking RUSER '
%% 5332.5 ns    Log    PASSED              AXI TB              check_value(t_slv_array, x"00") => OK. Value was x"00". 'Checking RUSER '
%% 5332.5 ns    Log    PASSED              AXI TB              check_value(t_slv_array, x"00") => OK. Value was x"00". 'Checking RUSER '
%% 5332.5 ns    Log    PASSED              AXI TB              check_value(t_slv_array, x"00") => OK. Value was x"00". 'Checking RUSER '
%% 5332.5 ns    Log    PASSED              AXI TB              check_value(t_slv_array, x"00") => OK. Value was x"00". 'Checking RUSER '
%% 5332.5 ns    Log    PASSED              AXI TB              check_value(t_slv_array, x"00") => OK. Value was x"00". 'Checking RUSER '
%% 5332.5 ns    Log    PASSED              AXI TB              check_value(t_slv_array, x"00") => OK. Value was x"00". 'Checking RUSER '
%% 5332.5 ns    Log    PASSED              AXI TB              check_value(t_slv_array, x"00") => OK. Value was x"00". 'Checking RUSER '
%% 5332.5 ns    Log    PASSED              AXI TB              check_value(t_slv_array, x"00") => OK. Value was x"00". 'Checking RUSER '
%% 5332.5 ns    Log    PASSED              AXI TB              check_value(t_slv_array, x"00") => OK. Value was x"00". 'Checking RUSER '
%% 5332.5 ns    Log    PASSED              AXI TB              check_value(t_slv_array, x"00") => OK. Value was x"00". 'Checking RUSER '
%% 5332.5 ns    Log    PASSED              AXI TB              check_value(t_slv_array, x"00") => OK. Value was x"00". 'Checking RUSER '
%% 5332.5 ns    Log    PASSED              AXI TB              check_value(t_slv_array, x"00") => OK. Value was x"00". 'Checking RUSER '
%% 5332.5 ns    Log    PASSED              AXI TB              check_value(t_slv_array, x"00") => OK. Value was x"00". 'Checking RUSER '
%% 5332.5 ns    Log    PASSED              AXI TB              check_value(t_slv_array, x"00") => OK. Value was x"00". 'Checking RUSER '
%% 5332.5 ns    Log    PASSED              AXI TB              check_value(t_slv_array, x"00") => OK. Value was x"00". 'Checking RUSER '
%% 5332.5 ns    Log    PASSED              AXI TB              check_value(t_slv_array, x"00") => OK. Value was x"00". 'Checking RUSER '
%% 5332.5 ns    Log    PASSED              AXI TB              check_value(t_slv_array, x"00") => OK. Value was x"00". 'Checking RUSER '
%% 5332.5 ns    Log    PASSED              AXI TB              check_value(t_slv_array, x"00") => OK. Value was x"00". 'Checking RUSER '
%% 5332.5 ns    Log    PASSED              AXI TB              check_value(t_slv_array, x"00") => OK. Value was x"00". 'Checking RUSER '
%% 5332.5 ns    Log    PASSED              AXI TB              check_value(t_slv_array, x"00") => OK. Value was x"00". 'Checking RUSER '
%% 5332.5 ns    Log    PASSED              AXI TB              check_value(t_slv_array, x"00") => OK. Value was x"00". 'Checking RUSER '
%% 5332.5 ns    Log    PASSED              AXI TB              check_value(t_slv_array, x"00") => OK. Value was x"00". 'Checking RUSER '
%% 5332.5 ns    Log    PASSED              AXI TB              check_value(t_slv_array, x"00") => OK. Value was x"00". 'Checking RUSER '
%% 5332.5 ns    Log    PASSED              AXI TB              check_value(t_slv_array, x"00") => OK. Value was x"00". 'Checking RUSER '
%% 5332.5 ns    Log    PASSED              AXI TB              check_value(t_slv_array, x"00") => OK. Value was x"00". 'Checking RUSER '
%% 5332.5 ns    Log    PASSED              AXI TB              check_value(t_slv_array, x"00") => OK. Value was x"00". 'Checking RUSER '
%% 5332.5 ns    Log    PASSED              AXI TB              check_value(t_slv_array, x"00") => OK. Value was x"00". 'Checking RUSER '
%% 5332.5 ns    Log    PASSED              AXI TB              check_value(t_slv_array, x"00") => OK. Value was x"00". 'Checking RUSER '
%% 5332.5 ns    Log    PASSED              AXI TB              check_value(t_slv_array, x"00") => OK. Value was x"00". 'Checking RUSER '
%% 5332.5 ns    Log    PASSED              AXI TB              check_value(t_slv_array, x"00") => OK. Value was x"00". 'Checking RUSER '
%% 5332.5 ns    Log    PASSED              AXI TB              check_value(t_slv_array, x"00") => OK. Value was x"00". 'Checking RUSER '
%% 5332.5 ns    Log    PASSED              AXI TB              check_value(t_slv_array, x"00") => OK. Value was x"00". 'Checking RUSER '
%% 5332.5 ns    Log    PASSED              AXI TB              check_value(t_slv_array, x"00") => OK. Value was x"00". 'Checking RUSER '
%% 5332.5 ns    Log    PASSED              AXI TB              check_value(t_slv_array, x"00") => OK. Value was x"00". 'Checking RUSER '
%% 5332.5 ns    Log    PASSED              AXI TB              check_value(t_slv_array, x"00") => OK. Value was x"00". 'Checking RUSER '
%% 5332.5 ns    Log    PASSED              AXI TB              check_value(t_slv_array, x"00") => OK. Value was x"00". 'Checking RUSER '
%% 5332.5 ns    Log    PASSED              AXI TB              check_value(t_slv_array, x"00") => OK. Value was x"00". 'Checking RUSER '
%% 5332.5 ns    Log    PASSED              AXI TB              check_value(t_slv_array, x"00") => OK. Value was x"00". 'Checking RUSER '
%% 5332.5 ns    Log    PASSED              AXI TB              check_value(t_slv_array, x"00") => OK. Value was x"00". 'Checking RUSER '
%% 5332.5 ns    Log    PASSED              AXI TB              check_value(t_slv_array, x"00") => OK. Value was x"00". 'Checking RUSER '
%% 5332.5 ns    Log    PASSED              AXI TB              check_value(t_slv_array, x"00") => OK. Value was x"00". 'Checking RUSER '
%% 5332.5 ns    Log    PASSED              AXI TB              check_value(t_slv_array, x"00") => OK. Value was x"00". 'Checking RUSER '
%% 5332.5 ns    Log    PASSED              AXI TB              check_value(t_slv_array, x"00") => OK. Value was x"00". 'Checking RUSER '
%% 5332.5 ns    Log    PASSED              AXI TB              check_value(t_slv_array, x"00") => OK. Value was x"00". 'Checking RUSER '
%% 5332.5 ns    Log    PASSED              AXI TB              check_value(t_slv_array, x"00") => OK. Value was x"00". 'Checking RUSER '
%% 5332.5 ns    Log    PASSED              AXI TB              check_value(t_slv_array, x"00") => OK. Value was x"00". 'Checking RUSER '
%% 5332.5 ns    Log    PASSED              AXI TB              check_value(t_slv_array, x"00") => OK. Value was x"00". 'Checking RUSER '
%% 5332.5 ns    Log    PASSED              AXI TB              check_value(t_slv_array, x"00") => OK. Value was x"00". 'Checking RUSER '
%% 5332.5 ns    Log    PASSED              AXI TB              check_value(t_slv_array, x"00") => OK. Value was x"00". 'Checking RUSER '
%% 5332.5 ns    Log    PASSED              AXI TB              check_value(t_slv_array, x"00") => OK. Value was x"00". 'Checking RUSER '
%% 5332.5 ns    Log    PASSED              AXI TB              check_value(t_slv_array, x"00") => OK. Value was x"00". 'Checking RUSER '
%% 5332.5 ns    Log    PASSED              AXI TB              check_value(t_slv_array, x"00") => OK. Value was x"00". 'Checking RUSER '
%% 5332.5 ns    Log    PASSED              AXI TB              check_value(t_slv_array, x"00") => OK. Value was x"00". 'Checking RUSER '
%% 5332.5 ns    Log    PASSED              AXI TB              check_value(t_slv_array, x"00") => OK. Value was x"00". 'Checking RUSER '
%% 5332.5 ns    Log    PASSED              AXI TB              check_value(t_slv_array, x"00") => OK. Value was x"00". 'Checking RUSER '
%% 5332.5 ns    Log    PASSED              AXI TB              check_value(t_slv_array, x"00") => OK. Value was x"00". 'Checking RUSER '
%% 5332.5 ns    Log    PASSED              AXI TB              check_value(t_slv_array, x"00") => OK. Value was x"00". 'Checking RUSER '
%% 5332.5 ns    Log    PASSED              AXI TB              check_value(t_slv_array, x"00") => OK. Value was x"00". 'Checking RUSER '
%% 5332.5 ns    Log    PASSED              AXI TB              check_value(t_slv_array, x"00") => OK. Value was x"00". 'Checking RUSER '
%% 5332.5 ns    Log    PASSED              AXI TB              check_value(t_slv_array, x"00") => OK. Value was x"00". 'Checking RUSER '
%% 5332.5 ns    Log    PASSED              AXI TB              check_value(t_slv_array, x"00") => OK. Value was x"00". 'Checking RUSER '
%% 5332.5 ns    Log    PASSED              AXI TB              check_value(t_slv_array, x"00") => OK. Value was x"00". 'Checking RUSER '
%% 5332.5 ns    Log    PASSED              AXI TB              check_value(t_slv_array, x"00") => OK. Value was x"00". 'Checking RUSER '
%% 5332.5 ns    Log    PASSED              AXI TB              check_value(t_slv_array, x"00") => OK. Value was x"00". 'Checking RUSER '
%% 5332.5 ns    Log    PASSED              AXI TB              check_value(t_slv_array, x"00") => OK. Value was x"00". 'Checking RUSER '
%% 5332.5 ns    Log    PASSED              AXI TB              check_value(t_slv_array, x"00") => OK. Value was x"00". 'Checking RUSER '
%% 5332.5 ns    Log    PASSED              AXI TB              check_value(t_slv_array, x"00") => OK. Value was x"00". 'Checking RUSER '
%% 5332.5 ns    Log    PASSED              AXI TB              check_value(t_slv_array, x"00") => OK. Value was x"00". 'Checking RUSER '
%% 5332.5 ns    Log    PASSED              AXI TB              check_value(t_slv_array, x"00") => OK. Value was x"00". 'Checking RUSER '
%% 5332.5 ns    Log    PASSED              AXI TB              check_value(t_slv_array, x"00") => OK. Value was x"00". 'Checking RUSER '
%% 5332.5 ns    Log    PASSED              AXI TB              check_value(t_slv_array, x"00") => OK. Value was x"00". 'Checking RUSER '
%% 5332.5 ns    Log    PASSED              AXI TB              check_value(t_slv_array, x"00") => OK. Value was x"00". 'Checking RUSER '
%% 5332.5 ns    Log    PASSED              AXI TB              check_value(t_slv_array, x"00") => OK. Value was x"00". 'Checking RUSER '
%% 5332.5 ns    Log    PASSED              AXI TB              check_value(t_slv_array, x"00") => OK. Value was x"00". 'Checking RUSER '
%% 5332.5 ns    Log    PASSED              AXI TB              check_value(t_slv_array, x"00") => OK. Value was x"00". 'Checking RUSER '
%% 5332.5 ns    Log    PASSED              AXI TB              check_value(t_slv_array, x"00") => OK. Value was x"00". 'Checking RUSER '
%% 5332.5 ns    Log    PASSED              AXI TB              check_value(t_slv_array, x"00") => OK. Value was x"00". 'Checking RUSER '
%% 5332.5 ns    Log    PASSED              AXI TB              check_value(t_slv_array, x"00") => OK. Value was x"00". 'Checking RUSER '
%% 5332.5 ns    Log    PASSED              AXI TB              check_value(t_slv_array, x"00") => OK. Value was x"00". 'Checking RUSER '
%% 5332.5 ns    Log    PASSED              AXI TB              check_value(t_slv_array, x"00") => OK. Value was x"00". 'Checking RUSER '
%% 5332.5 ns    Log    PASSED              AXI TB              check_value(t_slv_array, x"00") => OK. Value was x"00". 'Checking RUSER '
%% 5332.5 ns    Log    PASSED              AXI TB              check_value(t_slv_array, x"00") => OK. Value was x"00". 'Checking RUSER '
%% 5332.5 ns    Log    PASSED              AXI TB              check_value(t_slv_array, x"00") => OK. Value was x"00". 'Checking RUSER '
%% 5332.5 ns    Log    PASSED              AXI TB              check_value(t_slv_array, x"00") => OK. Value was x"00". 'Checking RUSER '
%% 5332.5 ns    Log    PASSED              AXI TB              check_value(t_slv_array, x"00") => OK. Value was x"00". 'Checking RUSER '
%% 5332.5 ns    Log    PASSED              AXI TB              check_value(t_slv_array, x"00") => OK. Value was x"00". 'Checking RUSER '
%% 5332.5 ns    Log    PASSED              AXI TB              check_value(t_slv_array, x"00") => OK. Value was x"00". 'Checking RUSER '
%% 5332.5 ns    Log    PASSED              AXI TB              check_value(t_slv_array, x"00") => OK. Value was x"00". 'Checking RUSER '
%% 5332.5 ns    Log    PASSED              AXI TB              check_value(t_slv_array, x"00") => OK. Value was x"00". 'Checking RUSER '
%% 5332.5 ns    Log    PASSED              AXI TB              check_value(t_slv_array, x"00") => OK. Value was x"00". 'Checking RUSER '
%% 5332.5 ns    Log    PASSED              AXI TB              check_value(t_slv_array, x"00") => OK. Value was x"00". 'Checking RUSER '
%% 5332.5 ns    Log    PASSED              AXI TB              check_value(t_slv_array, x"00") => OK. Value was x"00". 'Checking RUSER '
%% 5332.5 ns    Log    PASSED              AXI TB              check_value(t_slv_array, x"00") => OK. Value was x"00". 'Checking RUSER '
%% 5332.5 ns    Log    PASSED              AXI TB              check_value(t_slv_array, x"00") => OK. Value was x"00". 'Checking RUSER '
%% 5332.5 ns    Log    PASSED              AXI TB              check_value(t_slv_array, x"00") => OK. Value was x"00". 'Checking RUSER '
%% 5332.5 ns    Log    PASSED              AXI TB              check_value(t_slv_array, x"00") => OK. Value was x"00". 'Checking RUSER '
%% 5332.5 ns    Log    PASSED              AXI TB              check_value(t_slv_array, x"00") => OK. Value was x"00". 'Checking RUSER '
%% 5332.5 ns    Log    PASSED              AXI TB              check_value(t_slv_array, x"00") => OK. Value was x"00". 'Checking RUSER '
%% 5332.5 ns    Log    PASSED              AXI TB              check_value(t_slv_array, x"00") => OK. Value was x"00". 'Checking RUSER '
%% 5332.5 ns    Log    PASSED              AXI TB              check_value(t_slv_array, x"00") => OK. Value was x"00". 'Checking RUSER '
%% 5332.5 ns    Log    PASSED              AXI TB              check_value(t_slv_array, x"00") => OK. Value was x"00". 'Checking RUSER '
%% 5332.5 ns    Log    PASSED              AXI TB              check_value(t_slv_array, x"00") => OK. Value was x"00". 'Checking RUSER '
%% 5332.5 ns    Log    PASSED              AXI TB              check_value(t_slv_array, x"00") => OK. Value was x"00". 'Checking RUSER '
%% 5332.5 ns    Log    PASSED              AXI TB              check_value(t_slv_array, x"00") => OK. Value was x"00". 'Checking RUSER '
%% 5332.5 ns    Log    PASSED              AXI TB              check_value(t_slv_array, x"00") => OK. Value was x"00". 'Checking RUSER '
%% 5332.5 ns    Log    PASSED              AXI TB              check_value(t_slv_array, x"00") => OK. Value was x"00". 'Checking RUSER '
%% 5332.5 ns    Log    PASSED              AXI TB              check_value(t_slv_array, x"00") => OK. Value was x"00". 'Checking RUSER '
%% 5332.5 ns    Log    PASSED              AXI TB              check_value(t_slv_array, x"00") => OK. Value was x"00". 'Checking RUSER '
%% 5332.5 ns    Log    PASSED              AXI TB              check_value(t_slv_array, x"00") => OK. Value was x"00". 'Checking RUSER '
%% 5332.5 ns    Log    PASSED              AXI TB              check_value(t_slv_array, x"00") => OK. Value was x"00". 'Checking RUSER '
%% 5332.5 ns    Log    PASSED              AXI TB              check_value(t_slv_array, x"00") => OK. Value was x"00". 'Checking RUSER '
%% 5332.5 ns    Log    PASSED              AXI TB              check_value(t_slv_array, x"00") => OK. Value was x"00". 'Checking RUSER '
%% 5332.5 ns    Log    PASSED              AXI TB              check_value(t_slv_array, x"00") => OK. Value was x"00". 'Checking RUSER '
%% 5332.5 ns    Log    PASSED              AXI TB              check_value(t_slv_array, x"00") => OK. Value was x"00". 'Checking RUSER '
%% 5332.5 ns    Log    PASSED              AXI TB              check_value(t_slv_array, x"00") => OK. Value was x"00". 'Checking RUSER '
%% 5332.5 ns    Log    PASSED              AXI TB              check_value(t_slv_array, x"00") => OK. Value was x"00". 'Checking RUSER '
%% 5332.5 ns    Log    PASSED              AXI TB              check_value(t_slv_array, x"00") => OK. Value was x"00". 'Checking RUSER '
%% 5332.5 ns    Log    PASSED              AXI TB              check_value(t_slv_array, x"00") => OK. Value was x"00". 'Checking RUSER '
%% 5332.5 ns    Log    PASSED              AXI TB              check_value(t_slv_array, x"00") => OK. Value was x"00". 'Checking RUSER '
%% 5332.5 ns    Log    PASSED              AXI TB              check_value(t_slv_array, x"00") => OK. Value was x"00". 'Checking RUSER '
%% 5332.5 ns    Log    PASSED              AXI TB              check_value(t_slv_array, x"00") => OK. Value was x"00". 'Checking RUSER '
%% 5332.5 ns    Log    PASSED              AXI TB              check_value(t_slv_array, x"00") => OK. Value was x"00". 'Checking RUSER '
%% 5332.5 ns    Log    PASSED              AXI TB              check_value(t_slv_array, x"00") => OK. Value was x"00". 'Checking RUSER '
%% 5332.5 ns    Log    PASSED              AXI TB              check_value(t_slv_array, x"00") => OK. Value was x"00". 'Checking RUSER '
%% 5332.5 ns    Log    PASSED              AXI TB              check_value(t_slv_array, x"00") => OK. Value was x"00". 'Checking RUSER '
%% 5332.5 ns    Log    PASSED              AXI TB              check_value(t_slv_array, x"00") => OK. Value was x"00". 'Checking RUSER '
%% 5332.5 ns    Log    PASSED              AXI TB              check_value(t_slv_array, x"00") => OK. Value was x"00". 'Checking RUSER '
%% 5332.5 ns    Log    ID_BFM              AXI TB              axi_check(A:x"00000020")=> OK. 'Checking with maximum burst length'
%%   5340 ns    Log    PASSED              AXI SLAVE MODEL     check_value(bool, true) => OK. Value was true. 'Checking if the memory address is within the memory size'
%%   5350 ns    Log    PASSED              AXI TB              check_value(slv, x"00") => OK. Value was x"00". 'Checking RID'
%%   5360 ns    Log    PASSED              AXI TB              check_value(slv, x"00") => OK. Value was x"00". 'Checking RID'
%%   5370 ns    Log    PASSED              AXI TB              check_value(slv, x"00") => OK. Value was x"00". 'Checking RID'
%%   5380 ns    Log    PASSED              AXI TB              check_value(slv, x"00") => OK. Value was x"00". 'Checking RID'
%%   5390 ns    Log    PASSED              AXI TB              check_value(slv, x"00") => OK. Value was x"00". 'Checking RID'
%%   5400 ns    Log    PASSED              AXI TB              check_value(slv, x"00") => OK. Value was x"00". 'Checking RID'
%%   5410 ns    Log    PASSED              AXI TB              check_value(slv, x"00") => OK. Value was x"00". 'Checking RID'
%%   5420 ns    Log    PASSED              AXI TB              check_value(slv, x"00") => OK. Value was x"00". 'Checking RID'
%%   5430 ns    Log    PASSED              AXI TB              check_value(slv, x"00") => OK. Value was x"00". 'Checking RID'
%%   5440 ns    Log    PASSED              AXI TB              check_value(slv, x"00") => OK. Value was x"00". 'Checking RID'
%%   5450 ns    Log    PASSED              AXI TB              check_value(slv, x"00") => OK. Value was x"00". 'Checking RID'
%%   5460 ns    Log    PASSED              AXI TB              check_value(slv, x"00") => OK. Value was x"00". 'Checking RID'
%%   5470 ns    Log    PASSED              AXI TB              check_value(slv, x"00") => OK. Value was x"00". 'Checking RID'
%%   5480 ns    Log    PASSED              AXI TB              check_value(slv, x"00") => OK. Value was x"00". 'Checking RID'
%%   5490 ns    Log    PASSED              AXI TB              check_value(slv, x"00") => OK. Value was x"00". 'Checking RID'
%%   5500 ns    Log    PASSED              AXI TB              check_value(slv, x"00") => OK. Value was x"00". 'Checking RID'
%%   5510 ns    Log    PASSED              AXI TB              check_value(slv, x"00") => OK. Value was x"00". 'Checking RID'
%%   5520 ns    Log    PASSED              AXI TB              check_value(slv, x"00") => OK. Value was x"00". 'Checking RID'
%%   5530 ns    Log    PASSED              AXI TB              check_value(slv, x"00") => OK. Value was x"00". 'Checking RID'
%%   5540 ns    Log    PASSED              AXI TB              check_value(slv, x"00") => OK. Value was x"00". 'Checking RID'
%%   5550 ns    Log    PASSED              AXI TB              check_value(slv, x"00") => OK. Value was x"00". 'Checking RID'
%%   5560 ns    Log    PASSED              AXI TB              check_value(slv, x"00") => OK. Value was x"00". 'Checking RID'
%%   5570 ns    Log    PASSED              AXI TB              check_value(slv, x"00") => OK. Value was x"00". 'Checking RID'
%%   5580 ns    Log    PASSED              AXI TB              check_value(slv, x"00") => OK. Value was x"00". 'Checking RID'
%%   5590 ns    Log    PASSED              AXI TB              check_value(slv, x"00") => OK. Value was x"00". 'Checking RID'
%%   5600 ns    Log    PASSED              AXI TB              check_value(slv, x"00") => OK. Value was x"00". 'Checking RID'
%%   5610 ns    Log    PASSED              AXI TB              check_value(slv, x"00") => OK. Value was x"00". 'Checking RID'
%%   5620 ns    Log    PASSED              AXI TB              check_value(slv, x"00") => OK. Value was x"00". 'Checking RID'
%%   5630 ns    Log    PASSED              AXI TB              check_value(slv, x"00") => OK. Value was x"00". 'Checking RID'
%%   5640 ns    Log    PASSED              AXI TB              check_value(slv, x"00") => OK. Value was x"00". 'Checking RID'
%%   5650 ns    Log    PASSED              AXI TB              check_value(slv, x"00") => OK. Value was x"00". 'Checking RID'
%%   5660 ns    Log    PASSED              AXI TB              check_value(slv, x"00") => OK. Value was x"00". 'Checking RID'
%%   5670 ns    Log    PASSED              AXI TB              check_value(slv, x"00") => OK. Value was x"00". 'Checking RID'
%%   5680 ns    Log    PASSED              AXI TB              check_value(slv, x"00") => OK. Value was x"00". 'Checking RID'
%%   5690 ns    Log    PASSED              AXI TB              check_value(slv, x"00") => OK. Value was x"00". 'Checking RID'
%%   5700 ns    Log    PASSED              AXI TB              check_value(slv, x"00") => OK. Value was x"00". 'Checking RID'
%%   5710 ns    Log    PASSED              AXI TB              check_value(slv, x"00") => OK. Value was x"00". 'Checking RID'
%%   5720 ns    Log    PASSED              AXI TB              check_value(slv, x"00") => OK. Value was x"00". 'Checking RID'
%%   5730 ns    Log    PASSED              AXI TB              check_value(slv, x"00") => OK. Value was x"00". 'Checking RID'
%%   5740 ns    Log    PASSED              AXI TB              check_value(slv, x"00") => OK. Value was x"00". 'Checking RID'
%%   5750 ns    Log    PASSED              AXI TB              check_value(slv, x"00") => OK. Value was x"00". 'Checking RID'
%%   5760 ns    Log    PASSED              AXI TB              check_value(slv, x"00") => OK. Value was x"00". 'Checking RID'
%%   5770 ns    Log    PASSED              AXI TB              check_value(slv, x"00") => OK. Value was x"00". 'Checking RID'
%%   5780 ns    Log    PASSED              AXI TB              check_value(slv, x"00") => OK. Value was x"00". 'Checking RID'
%%   5790 ns    Log    PASSED              AXI TB              check_value(slv, x"00") => OK. Value was x"00". 'Checking RID'
%%   5800 ns    Log    PASSED              AXI TB              check_value(slv, x"00") => OK. Value was x"00". 'Checking RID'
%%   5810 ns    Log    PASSED              AXI TB              check_value(slv, x"00") => OK. Value was x"00". 'Checking RID'
%%   5820 ns    Log    PASSED              AXI TB              check_value(slv, x"00") => OK. Value was x"00". 'Checking RID'
%%   5830 ns    Log    PASSED              AXI TB              check_value(slv, x"00") => OK. Value was x"00". 'Checking RID'
%%   5840 ns    Log    PASSED              AXI TB              check_value(slv, x"00") => OK. Value was x"00". 'Checking RID'
%%   5850 ns    Log    PASSED              AXI TB              check_value(slv, x"00") => OK. Value was x"00". 'Checking RID'
%%   5860 ns    Log    PASSED              AXI TB              check_value(slv, x"00") => OK. Value was x"00". 'Checking RID'
%%   5870 ns    Log    PASSED              AXI TB              check_value(slv, x"00") => OK. Value was x"00". 'Checking RID'
%%   5880 ns    Log    PASSED              AXI TB              check_value(slv, x"00") => OK. Value was x"00". 'Checking RID'
%%   5890 ns    Log    PASSED              AXI TB              check_value(slv, x"00") => OK. Value was x"00". 'Checking RID'
%%   5900 ns    Log    PASSED              AXI TB              check_value(slv, x"00") => OK. Value was x"00". 'Checking RID'
%%   5910 ns    Log    PASSED              AXI TB              check_value(slv, x"00") => OK. Value was x"00". 'Checking RID'
%%   5920 ns    Log    PASSED              AXI TB              check_value(slv, x"00") => OK. Value was x"00". 'Checking RID'
%%   5930 ns    Log    PASSED              AXI TB              check_value(slv, x"00") => OK. Value was x"00". 'Checking RID'
%%   5940 ns    Log    PASSED              AXI TB              check_value(slv, x"00") => OK. Value was x"00". 'Checking RID'
%%   5950 ns    Log    PASSED              AXI TB              check_value(slv, x"00") => OK. Value was x"00". 'Checking RID'
%%   5960 ns    Log    PASSED              AXI TB              check_value(slv, x"00") => OK. Value was x"00". 'Checking RID'
%%   5970 ns    Log    PASSED              AXI TB              check_value(slv, x"00") => OK. Value was x"00". 'Checking RID'
%%   5980 ns    Log    PASSED              AXI TB              check_value(slv, x"00") => OK. Value was x"00". 'Checking RID'
%%   5990 ns    Log    PASSED              AXI TB              check_value(slv, x"00") => OK. Value was x"00". 'Checking RID'
%%   6000 ns    Log    PASSED              AXI TB              check_value(slv, x"00") => OK. Value was x"00". 'Checking RID'
%%   6010 ns    Log    PASSED              AXI TB              check_value(slv, x"00") => OK. Value was x"00". 'Checking RID'
%%   6020 ns    Log    PASSED              AXI TB              check_value(slv, x"00") => OK. Value was x"00". 'Checking RID'
%%   6030 ns    Log    PASSED              AXI TB              check_value(slv, x"00") => OK. Value was x"00". 'Checking RID'
%%   6040 ns    Log    PASSED              AXI TB              check_value(slv, x"00") => OK. Value was x"00". 'Checking RID'
%%   6050 ns    Log    PASSED              AXI TB              check_value(slv, x"00") => OK. Value was x"00". 'Checking RID'
%%   6060 ns    Log    PASSED              AXI TB              check_value(slv, x"00") => OK. Value was x"00". 'Checking RID'
%%   6070 ns    Log    PASSED              AXI TB              check_value(slv, x"00") => OK. Value was x"00". 'Checking RID'
%%   6080 ns    Log    PASSED              AXI TB              check_value(slv, x"00") => OK. Value was x"00". 'Checking RID'
%%   6090 ns    Log    PASSED              AXI TB              check_value(slv, x"00") => OK. Value was x"00". 'Checking RID'
%%   6100 ns    Log    PASSED              AXI TB              check_value(slv, x"00") => OK. Value was x"00". 'Checking RID'
%%   6110 ns    Log    PASSED              AXI TB              check_value(slv, x"00") => OK. Value was x"00". 'Checking RID'
%%   6120 ns    Log    PASSED              AXI TB              check_value(slv, x"00") => OK. Value was x"00". 'Checking RID'
%%   6130 ns    Log    PASSED              AXI TB              check_value(slv, x"00") => OK. Value was x"00". 'Checking RID'
%%   6140 ns    Log    PASSED              AXI TB              check_value(slv, x"00") => OK. Value was x"00". 'Checking RID'
%%   6150 ns    Log    PASSED              AXI TB              check_value(slv, x"00") => OK. Value was x"00". 'Checking RID'
%%   6160 ns    Log    PASSED              AXI TB              check_value(slv, x"00") => OK. Value was x"00". 'Checking RID'
%%   6170 ns    Log    PASSED              AXI TB              check_value(slv, x"00") => OK. Value was x"00". 'Checking RID'
%%   6180 ns    Log    PASSED              AXI TB              check_value(slv, x"00") => OK. Value was x"00". 'Checking RID'
%%   6190 ns    Log    PASSED              AXI TB              check_value(slv, x"00") => OK. Value was x"00". 'Checking RID'
%%   6200 ns    Log    PASSED              AXI TB              check_value(slv, x"00") => OK. Value was x"00". 'Checking RID'
%%   6210 ns    Log    PASSED              AXI TB              check_value(slv, x"00") => OK. Value was x"00". 'Checking RID'
%%   6220 ns    Log    PASSED              AXI TB              check_value(slv, x"00") => OK. Value was x"00". 'Checking RID'
%%   6230 ns    Log    PASSED              AXI TB              check_value(slv, x"00") => OK. Value was x"00". 'Checking RID'
%%   6240 ns    Log    PASSED              AXI TB              check_value(slv, x"00") => OK. Value was x"00". 'Checking RID'
%%   6250 ns    Log    PASSED              AXI TB              check_value(slv, x"00") => OK. Value was x"00". 'Checking RID'
%%   6260 ns    Log    PASSED              AXI TB              check_value(slv, x"00") => OK. Value was x"00". 'Checking RID'
%%   6270 ns    Log    PASSED              AXI TB              check_value(slv, x"00") => OK. Value was x"00". 'Checking RID'
%%   6280 ns    Log    PASSED              AXI TB              check_value(slv, x"00") => OK. Value was x"00". 'Checking RID'
%%   6290 ns    Log    PASSED              AXI TB              check_value(slv, x"00") => OK. Value was x"00". 'Checking RID'
%%   6300 ns    Log    PASSED              AXI TB              check_value(slv, x"00") => OK. Value was x"00". 'Checking RID'
%%   6310 ns    Log    PASSED              AXI TB              check_value(slv, x"00") => OK. Value was x"00". 'Checking RID'
%%   6320 ns    Log    PASSED              AXI TB              check_value(slv, x"00") => OK. Value was x"00". 'Checking RID'
%%   6330 ns    Log    PASSED              AXI TB              check_value(slv, x"00") => OK. Value was x"00". 'Checking RID'
%%   6340 ns    Log    PASSED              AXI TB              check_value(slv, x"00") => OK. Value was x"00". 'Checking RID'
%%   6350 ns    Log    PASSED              AXI TB              check_value(slv, x"00") => OK. Value was x"00". 'Checking RID'
%%   6360 ns    Log    PASSED              AXI TB              check_value(slv, x"00") => OK. Value was x"00". 'Checking RID'
%%   6370 ns    Log    PASSED              AXI TB              check_value(slv, x"00") => OK. Value was x"00". 'Checking RID'
%%   6380 ns    Log    PASSED              AXI TB              check_value(slv, x"00") => OK. Value was x"00". 'Checking RID'
%%   6390 ns    Log    PASSED              AXI TB              check_value(slv, x"00") => OK. Value was x"00". 'Checking RID'
%%   6400 ns    Log    PASSED              AXI TB              check_value(slv, x"00") => OK. Value was x"00". 'Checking RID'
%%   6410 ns    Log    PASSED              AXI TB              check_value(slv, x"00") => OK. Value was x"00". 'Checking RID'
%%   6420 ns    Log    PASSED              AXI TB              check_value(slv, x"00") => OK. Value was x"00". 'Checking RID'
%%   6430 ns    Log    PASSED              AXI TB              check_value(slv, x"00") => OK. Value was x"00". 'Checking RID'
%%   6440 ns    Log    PASSED              AXI TB              check_value(slv, x"00") => OK. Value was x"00". 'Checking RID'
%%   6450 ns    Log    PASSED              AXI TB              check_value(slv, x"00") => OK. Value was x"00". 'Checking RID'
%%   6460 ns    Log    PASSED              AXI TB              check_value(slv, x"00") => OK. Value was x"00". 'Checking RID'
%%   6470 ns    Log    PASSED              AXI TB              check_value(slv, x"00") => OK. Value was x"00". 'Checking RID'
%%   6480 ns    Log    PASSED              AXI TB              check_value(slv, x"00") => OK. Value was x"00". 'Checking RID'
%%   6490 ns    Log    PASSED              AXI TB              check_value(slv, x"00") => OK. Value was x"00". 'Checking RID'
%%   6500 ns    Log    PASSED              AXI TB              check_value(slv, x"00") => OK. Value was x"00". 'Checking RID'
%%   6510 ns    Log    PASSED              AXI TB              check_value(slv, x"00") => OK. Value was x"00". 'Checking RID'
%%   6520 ns    Log    PASSED              AXI TB              check_value(slv, x"00") => OK. Value was x"00". 'Checking RID'
%%   6530 ns    Log    PASSED              AXI TB              check_value(slv, x"00") => OK. Value was x"00". 'Checking RID'
%%   6540 ns    Log    PASSED              AXI TB              check_value(slv, x"00") => OK. Value was x"00". 'Checking RID'
%%   6550 ns    Log    PASSED              AXI TB              check_value(slv, x"00") => OK. Value was x"00". 'Checking RID'
%%   6560 ns    Log    PASSED              AXI TB              check_value(slv, x"00") => OK. Value was x"00". 'Checking RID'
%%   6570 ns    Log    PASSED              AXI TB              check_value(slv, x"00") => OK. Value was x"00". 'Checking RID'
%%   6580 ns    Log    PASSED              AXI TB              check_value(slv, x"00") => OK. Value was x"00". 'Checking RID'
%%   6590 ns    Log    PASSED              AXI TB              check_value(slv, x"00") => OK. Value was x"00". 'Checking RID'
%%   6600 ns    Log    PASSED              AXI TB              check_value(slv, x"00") => OK. Value was x"00". 'Checking RID'
%%   6610 ns    Log    PASSED              AXI TB              check_value(slv, x"00") => OK. Value was x"00". 'Checking RID'
%%   6620 ns    Log    PASSED              AXI TB              check_value(slv, x"00") => OK. Value was x"00". 'Checking RID'
%%   6630 ns    Log    PASSED              AXI TB              check_value(slv, x"00") => OK. Value was x"00". 'Checking RID'
%%   6640 ns    Log    PASSED              AXI TB              check_value(slv, x"00") => OK. Value was x"00". 'Checking RID'
%%   6650 ns    Log    PASSED              AXI TB              check_value(slv, x"00") => OK. Value was x"00". 'Checking RID'
%%   6660 ns    Log    PASSED              AXI TB              check_value(slv, x"00") => OK. Value was x"00". 'Checking RID'
%%   6670 ns    Log    PASSED              AXI TB              check_value(slv, x"00") => OK. Value was x"00". 'Checking RID'
%%   6680 ns    Log    PASSED              AXI TB              check_value(slv, x"00") => OK. Value was x"00". 'Checking RID'
%%   6690 ns    Log    PASSED              AXI TB              check_value(slv, x"00") => OK. Value was x"00". 'Checking RID'
%%   6700 ns    Log    PASSED              AXI TB              check_value(slv, x"00") => OK. Value was x"00". 'Checking RID'
%%   6710 ns    Log    PASSED              AXI TB              check_value(slv, x"00") => OK. Value was x"00". 'Checking RID'
%%   6720 ns    Log    PASSED              AXI TB              check_value(slv, x"00") => OK. Value was x"00". 'Checking RID'
%%   6730 ns    Log    PASSED              AXI TB              check_value(slv, x"00") => OK. Value was x"00". 'Checking RID'
%%   6740 ns    Log    PASSED              AXI TB              check_value(slv, x"00") => OK. Value was x"00". 'Checking RID'
%%   6750 ns    Log    PASSED              AXI TB              check_value(slv, x"00") => OK. Value was x"00". 'Checking RID'
%%   6760 ns    Log    PASSED              AXI TB              check_value(slv, x"00") => OK. Value was x"00". 'Checking RID'
%%   6770 ns    Log    PASSED              AXI TB              check_value(slv, x"00") => OK. Value was x"00". 'Checking RID'
%%   6780 ns    Log    PASSED              AXI TB              check_value(slv, x"00") => OK. Value was x"00". 'Checking RID'
%%   6790 ns    Log    PASSED              AXI TB              check_value(slv, x"00") => OK. Value was x"00". 'Checking RID'
%%   6800 ns    Log    PASSED              AXI TB              check_value(slv, x"00") => OK. Value was x"00". 'Checking RID'
%%   6810 ns    Log    PASSED              AXI TB              check_value(slv, x"00") => OK. Value was x"00". 'Checking RID'
%%   6820 ns    Log    PASSED              AXI TB              check_value(slv, x"00") => OK. Value was x"00". 'Checking RID'
%%   6830 ns    Log    PASSED              AXI TB              check_value(slv, x"00") => OK. Value was x"00". 'Checking RID'
%%   6840 ns    Log    PASSED              AXI TB              check_value(slv, x"00") => OK. Value was x"00". 'Checking RID'
%%   6850 ns    Log    PASSED              AXI TB              check_value(slv, x"00") => OK. Value was x"00". 'Checking RID'
%%   6860 ns    Log    PASSED              AXI TB              check_value(slv, x"00") => OK. Value was x"00". 'Checking RID'
%%   6870 ns    Log    PASSED              AXI TB              check_value(slv, x"00") => OK. Value was x"00". 'Checking RID'
%%   6880 ns    Log    PASSED              AXI TB              check_value(slv, x"00") => OK. Value was x"00". 'Checking RID'
%%   6890 ns    Log    PASSED              AXI TB              check_value(slv, x"00") => OK. Value was x"00". 'Checking RID'
%%   6900 ns    Log    PASSED              AXI TB              check_value(slv, x"00") => OK. Value was x"00". 'Checking RID'
%%   6910 ns    Log    PASSED              AXI TB              check_value(slv, x"00") => OK. Value was x"00". 'Checking RID'
%%   6920 ns    Log    PASSED              AXI TB              check_value(slv, x"00") => OK. Value was x"00". 'Checking RID'
%%   6930 ns    Log    PASSED              AXI TB              check_value(slv, x"00") => OK. Value was x"00". 'Checking RID'
%%   6940 ns    Log    PASSED              AXI TB              check_value(slv, x"00") => OK. Value was x"00". 'Checking RID'
%%   6950 ns    Log    PASSED              AXI TB              check_value(slv, x"00") => OK. Value was x"00". 'Checking RID'
%%   6960 ns    Log    PASSED              AXI TB              check_value(slv, x"00") => OK. Value was x"00". 'Checking RID'
%%   6970 ns    Log    PASSED              AXI TB              check_value(slv, x"00") => OK. Value was x"00". 'Checking RID'
%%   6980 ns    Log    PASSED              AXI TB              check_value(slv, x"00") => OK. Value was x"00". 'Checking RID'
%%   6990 ns    Log    PASSED              AXI TB              check_value(slv, x"00") => OK. Value was x"00". 'Checking RID'
%%   7000 ns    Log    PASSED              AXI TB              check_value(slv, x"00") => OK. Value was x"00". 'Checking RID'
%%   7010 ns    Log    PASSED              AXI TB              check_value(slv, x"00") => OK. Value was x"00". 'Checking RID'
%%   7020 ns    Log    PASSED              AXI TB              check_value(slv, x"00") => OK. Value was x"00". 'Checking RID'
%%   7030 ns    Log    PASSED              AXI TB              check_value(slv, x"00") => OK. Value was x"00". 'Checking RID'
%%   7040 ns    Log    PASSED              AXI TB              check_value(slv, x"00") => OK. Value was x"00". 'Checking RID'
%%   7050 ns    Log    PASSED              AXI TB              check_value(slv, x"00") => OK. Value was x"00". 'Checking RID'
%%   7060 ns    Log    PASSED              AXI TB              check_value(slv, x"00") => OK. Value was x"00". 'Checking RID'
%%   7070 ns    Log    PASSED              AXI TB              check_value(slv, x"00") => OK. Value was x"00". 'Checking RID'
%%   7080 ns    Log    PASSED              AXI TB              check_value(slv, x"00") => OK. Value was x"00". 'Checking RID'
%%   7090 ns    Log    PASSED              AXI TB              check_value(slv, x"00") => OK. Value was x"00". 'Checking RID'
%%   7100 ns    Log    PASSED              AXI TB              check_value(slv, x"00") => OK. Value was x"00". 'Checking RID'
%%   7110 ns    Log    PASSED              AXI TB              check_value(slv, x"00") => OK. Value was x"00". 'Checking RID'
%%   7120 ns    Log    PASSED              AXI TB              check_value(slv, x"00") => OK. Value was x"00". 'Checking RID'
%%   7130 ns    Log    PASSED              AXI TB              check_value(slv, x"00") => OK. Value was x"00". 'Checking RID'
%%   7140 ns    Log    PASSED              AXI TB              check_value(slv, x"00") => OK. Value was x"00". 'Checking RID'
%%   7150 ns    Log    PASSED              AXI TB              check_value(slv, x"00") => OK. Value was x"00". 'Checking RID'
%%   7160 ns    Log    PASSED              AXI TB              check_value(slv, x"00") => OK. Value was x"00". 'Checking RID'
%%   7170 ns    Log    PASSED              AXI TB              check_value(slv, x"00") => OK. Value was x"00". 'Checking RID'
%%   7180 ns    Log    PASSED              AXI TB              check_value(slv, x"00") => OK. Value was x"00". 'Checking RID'
%%   7190 ns    Log    PASSED              AXI TB              check_value(slv, x"00") => OK. Value was x"00". 'Checking RID'
%%   7200 ns    Log    PASSED              AXI TB              check_value(slv, x"00") => OK. Value was x"00". 'Checking RID'
%%   7210 ns    Log    PASSED              AXI TB              check_value(slv, x"00") => OK. Value was x"00". 'Checking RID'
%%   7220 ns    Log    PASSED              AXI TB              check_value(slv, x"00") => OK. Value was x"00". 'Checking RID'
%%   7230 ns    Log    PASSED              AXI TB              check_value(slv, x"00") => OK. Value was x"00". 'Checking RID'
%%   7240 ns    Log    PASSED              AXI TB              check_value(slv, x"00") => OK. Value was x"00". 'Checking RID'
%%   7250 ns    Log    PASSED              AXI TB              check_value(slv, x"00") => OK. Value was x"00". 'Checking RID'
%%   7260 ns    Log    PASSED              AXI TB              check_value(slv, x"00") => OK. Value was x"00". 'Checking RID'
%%   7270 ns    Log    PASSED              AXI TB              check_value(slv, x"00") => OK. Value was x"00". 'Checking RID'
%%   7280 ns    Log    PASSED              AXI TB              check_value(slv, x"00") => OK. Value was x"00". 'Checking RID'
%%   7290 ns    Log    PASSED              AXI TB              check_value(slv, x"00") => OK. Value was x"00". 'Checking RID'
%%   7300 ns    Log    PASSED              AXI TB              check_value(slv, x"00") => OK. Value was x"00". 'Checking RID'
%%   7310 ns    Log    PASSED              AXI TB              check_value(slv, x"00") => OK. Value was x"00". 'Checking RID'
%%   7320 ns    Log    PASSED              AXI TB              check_value(slv, x"00") => OK. Value was x"00". 'Checking RID'
%%   7330 ns    Log    PASSED              AXI TB              check_value(slv, x"00") => OK. Value was x"00". 'Checking RID'
%%   7340 ns    Log    PASSED              AXI TB              check_value(slv, x"00") => OK. Value was x"00". 'Checking RID'
%%   7350 ns    Log    PASSED              AXI TB              check_value(slv, x"00") => OK. Value was x"00". 'Checking RID'
%%   7360 ns    Log    PASSED              AXI TB              check_value(slv, x"00") => OK. Value was x"00". 'Checking RID'
%%   7370 ns    Log    PASSED              AXI TB              check_value(slv, x"00") => OK. Value was x"00". 'Checking RID'
%%   7380 ns    Log    PASSED              AXI TB              check_value(slv, x"00") => OK. Value was x"00". 'Checking RID'
%%   7390 ns    Log    PASSED              AXI TB              check_value(slv, x"00") => OK. Value was x"00". 'Checking RID'
%%   7400 ns    Log    PASSED              AXI TB              check_value(slv, x"00") => OK. Value was x"00". 'Checking RID'
%%   7410 ns    Log    PASSED              AXI TB              check_value(slv, x"00") => OK. Value was x"00". 'Checking RID'
%%   7420 ns    Log    PASSED              AXI TB              check_value(slv, x"00") => OK. Value was x"00". 'Checking RID'
%%   7430 ns    Log    PASSED              AXI TB              check_value(slv, x"00") => OK. Value was x"00". 'Checking RID'
%%   7440 ns    Log    PASSED              AXI TB              check_value(slv, x"00") => OK. Value was x"00". 'Checking RID'
%%   7450 ns    Log    PASSED              AXI TB              check_value(slv, x"00") => OK. Value was x"00". 'Checking RID'
%%   7460 ns    Log    PASSED              AXI TB              check_value(slv, x"00") => OK. Value was x"00". 'Checking RID'
%%   7470 ns    Log    PASSED              AXI TB              check_value(slv, x"00") => OK. Value was x"00". 'Checking RID'
%%   7480 ns    Log    PASSED              AXI TB              check_value(slv, x"00") => OK. Value was x"00". 'Checking RID'
%%   7490 ns    Log    PASSED              AXI TB              check_value(slv, x"00") => OK. Value was x"00". 'Checking RID'
%%   7500 ns    Log    PASSED              AXI TB              check_value(slv, x"00") => OK. Value was x"00". 'Checking RID'
%%   7510 ns    Log    PASSED              AXI TB              check_value(slv, x"00") => OK. Value was x"00". 'Checking RID'
%%   7520 ns    Log    PASSED              AXI TB              check_value(slv, x"00") => OK. Value was x"00". 'Checking RID'
%%   7530 ns    Log    PASSED              AXI TB              check_value(slv, x"00") => OK. Value was x"00". 'Checking RID'
%%   7540 ns    Log    PASSED              AXI TB              check_value(slv, x"00") => OK. Value was x"00". 'Checking RID'
%%   7550 ns    Log    PASSED              AXI TB              check_value(slv, x"00") => OK. Value was x"00". 'Checking RID'
%%   7560 ns    Log    PASSED              AXI TB              check_value(slv, x"00") => OK. Value was x"00". 'Checking RID'
%%   7570 ns    Log    PASSED              AXI TB              check_value(slv, x"00") => OK. Value was x"00". 'Checking RID'
%%   7580 ns    Log    PASSED              AXI TB              check_value(slv, x"00") => OK. Value was x"00". 'Checking RID'
%%   7590 ns    Log    PASSED              AXI TB              check_value(slv, x"00") => OK. Value was x"00". 'Checking RID'
%%   7600 ns    Log    PASSED              AXI TB              check_value(slv, x"00") => OK. Value was x"00". 'Checking RID'
%%   7610 ns    Log    PASSED              AXI TB              check_value(slv, x"00") => OK. Value was x"00". 'Checking RID'
%%   7620 ns    Log    PASSED              AXI TB              check_value(slv, x"00") => OK. Value was x"00". 'Checking RID'
%%   7630 ns    Log    PASSED              AXI TB              check_value(slv, x"00") => OK. Value was x"00". 'Checking RID'
%%   7640 ns    Log    PASSED              AXI TB              check_value(slv, x"00") => OK. Value was x"00". 'Checking RID'
%%   7650 ns    Log    PASSED              AXI TB              check_value(slv, x"00") => OK. Value was x"00". 'Checking RID'
%%   7660 ns    Log    PASSED              AXI TB              check_value(slv, x"00") => OK. Value was x"00". 'Checking RID'
%%   7670 ns    Log    PASSED              AXI TB              check_value(slv, x"00") => OK. Value was x"00". 'Checking RID'
%%   7680 ns    Log    PASSED              AXI TB              check_value(slv, x"00") => OK. Value was x"00". 'Checking RID'
%%   7690 ns    Log    PASSED              AXI TB              check_value(slv, x"00") => OK. Value was x"00". 'Checking RID'
%%   7700 ns    Log    PASSED              AXI TB              check_value(slv, x"00") => OK. Value was x"00". 'Checking RID'
%%   7710 ns    Log    PASSED              AXI TB              check_value(slv, x"00") => OK. Value was x"00". 'Checking RID'
%%   7720 ns    Log    PASSED              AXI TB              check_value(slv, x"00") => OK. Value was x"00". 'Checking RID'
%%   7730 ns    Log    PASSED              AXI TB              check_value(slv, x"00") => OK. Value was x"00". 'Checking RID'
%%   7740 ns    Log    PASSED              AXI TB              check_value(slv, x"00") => OK. Value was x"00". 'Checking RID'
%%   7750 ns    Log    PASSED              AXI TB              check_value(slv, x"00") => OK. Value was x"00". 'Checking RID'
%%   7760 ns    Log    PASSED              AXI TB              check_value(slv, x"00") => OK. Value was x"00". 'Checking RID'
%%   7770 ns    Log    PASSED              AXI TB              check_value(slv, x"00") => OK. Value was x"00". 'Checking RID'
%%   7780 ns    Log    PASSED              AXI TB              check_value(slv, x"00") => OK. Value was x"00". 'Checking RID'
%%   7790 ns    Log    PASSED              AXI TB              check_value(slv, x"00") => OK. Value was x"00". 'Checking RID'
%%   7800 ns    Log    PASSED              AXI TB              check_value(slv, x"00") => OK. Value was x"00". 'Checking RID'
%%   7810 ns    Log    PASSED              AXI TB              check_value(slv, x"00") => OK. Value was x"00". 'Checking RID'
%%   7820 ns    Log    PASSED              AXI TB              check_value(slv, x"00") => OK. Value was x"00". 'Checking RID'
%%   7830 ns    Log    PASSED              AXI TB              check_value(slv, x"00") => OK. Value was x"00". 'Checking RID'
%%   7840 ns    Log    PASSED              AXI TB              check_value(slv, x"00") => OK. Value was x"00". 'Checking RID'
%%   7850 ns    Log    PASSED              AXI TB              check_value(slv, x"00") => OK. Value was x"00". 'Checking RID'
%%   7860 ns    Log    PASSED              AXI TB              check_value(slv, x"00") => OK. Value was x"00". 'Checking RID'
%%   7870 ns    Log    PASSED              AXI TB              check_value(slv, x"00") => OK. Value was x"00". 'Checking RID'
%%   7880 ns    Log    PASSED              AXI TB              check_value(slv, x"00") => OK. Value was x"00". 'Checking RID'
%%   7890 ns    Log    PASSED              AXI TB              check_value(slv, x"00") => OK. Value was x"00". 'Checking RID'
%%   7900 ns    Log    PASSED              AXI TB              check_value(slv, x"00") => OK. Value was x"00". 'Checking RID'
%% 7902.5 ns    Log    ID_BFM              AXI TB              axi_read(A:x"00000020")=> (x"253B1447", x"70E32293", x"2C112B99", x"64CB809C", x"6092214F", x"C58B607B", x"565D0688", x"1F1C6B65", x"8BB6B112", x"A2718EBB", x"B7FF50EE", x"10AC2F51", x"3AF79909", x"3BC1ED00", x"E6DCD540", x"D8E31FA6", x"63EAC404", x"2502D02C", x"A329E192", x"1D44DE0", x"78C1D241", x"513F728A", x"C56563B5", x"35C59A4A", x"E26741BD", x"CC5C1722", x"C636E0BA", x"E75949DB", x"8056AE85", x"1D8897AD", x"902E91F3", x"AABBC292", x"9802C912", x"A188C20C", x"5A4FD2A4", x"D92E6FFD", x"3A74DC9", x"403ED641", x"CB6DDB51", x"AF98D4D7", x"CB651577", x"C80FDAAC", x"5E92140", x"1B8CBE20", x"2655ED03", x"743359E2", x"6C5BBB89", x"7C4D1D69", x"1AD92CCD", x"54A3C04C", x"25FAE9FF", x"B3D07B28", x"F03DBF4", x"D9DBC525", x"389C6609", x"6EF7EB61", x"91DC06F5", x"41EE999", x"552602E8", x"4ABFA959", x"426DC70", x"F926B3DC", x"D98EEB10", x"A71F18B8", x"37BD0648", x"C3B6EF98", x"CBACDF43", x"EB2471F4", x"6DE15F5F", x"F00E86A8", x"CC16CD7E", x"B26ECC78", x"AB63EA5A", x"46927E1A", x"DF1AC44C", x"B4D97E07", x"DAC1A4CE", x"EB6CB92E", x"B0575437", x"3E59F491", x"4B95C898", x"9F515058", x"5A3DCFB5", x"A3CD870D", x"FFB3BC20", x"768498FB", x"B4FCF43D", x"B24E6861", x"E96F1B8D", x"BC0A56D9", x"AC6F7B8E", x"EBEC8B41", x"EFAE30A", x"719B8C90", x"7A6CA16A", x"EB825FC6", x"625A91D4", x"FC8C08F1", x"DE6D2F8C", x"8D1E8A1E", x"1D68B02", x"1D822082", x"47E2DEBE", x"8F582F9C", x"ACD7FD97", x"96ED5AA6", x"C4ACAE80", x"E3C5A8D8", x"19395C25", x"CDF47ABD", x"EF9AA8AD", x"6F81047E", x"94EA059A", x"4339DAB6", x"24211D32", x"19259187", x"1BD95573", x"BE38A0AE", x"1E0E6FB5", x"2829C332", x"D55E94D9", x"7A81F460", x"F218A69", x"70FD04D8", x"63BEB8A8", x"26749DC1", x"953B694B", x"89A4A70A", x"86C359A8", x"EB212C8A", x"418A5D7C", x"184DC279", x"1B5FA148", x"33A3444B", x"4F318E", x"4F6C1706", x"8DE2646F", x"D481B475", x"8F6E08AE", x"B324EF38", x"5F062ACE", x"EAC773F2", x"C9B3E0B2", x"95865DA4", x"13657102", x"678BA656", x"6A37AB00", x"9DBE4567", x"577CD89", x"7F7D20C3", x"5B0EA2BC", x"8E28FBA7", x"9EE03E35", x"6903A9F1", x"9F1D9F39", x"45F7C2C5", x"AF3EC18B", x"31967466", x"890D6559", x"EEA3AB94", x"FC7DA5B6", x"8AF7941B", x"74F91C71", x"144F8F03", x"3C4EDA32", x"5FA54862", x"2558E656", x"5BAE3671", x"71C70A96", x"E3B336E2", x"AEF62969", x"E93EB10D", x"5B3E908E", x"C8ACA605", x"9E635437", x"1D33001A", x"EEBC8CEB", x"16CDFEAB", x"55B95A22", x"D5445BD1", x"BDAE5ACB", x"505EF203", x"BD59758A", x"3435C094", x"9B46BC3D", x"7C2D50EE", x"32105C93", x"8905471D", x"ACC80252", x"924A678E", x"149E53DD", x"8C8F0FE9", x"1EA760F1", x"96E70D03", x"12D8F7BB", x"BD21732E", x"60FD5B9C", x"D6D969F8", x"A2CB9F35", x"383D1775", x"4EC2ECD7", x"3E6E5CD3", x"9559B9CD", x"11DFAFA3", x"3541578C", x"E91A22EB", x"246843FE", x"49AEA21A", x"D78AFB3F", x"78A504F8", x"9C39921", x"3E7ED857", x"E005FB39", x"C6F4A3CB", x"6B81F154", x"E5FFE89B", x"B8F67B25", x"A2C928EB", x"9A8D5F3D", x"5192A548", x"322E5072", x"AD5F67FB", x"E203B8B5", x"BDF51CA3", x"CD13A4BD", x"AB02C09F", x"699C383C", x"C3C74DE1", x"8AE4AD0F", x"955FA53", x"7B56EBFC", x"D98E8D8A", x"B28D2B8E", x"6F9FCE2", x"7E45B88C", x"B9E4D779", x"6A530CAB", x"B2B9CAA4", x"749E73D9", x"57D69068", x"C178D4F6", x"FE12768C", x"9BD33965", x"1925A263", x"BAAC6E5F", x"53B59742", x"41F0DFDD", x"C1FE9A86", x"B8B87AC2", x"A74A8397", x"7C2341FF", x"F638BF03", x"82597C75", x"6CDD7F70", x"F50C119E", x"D5A9C68C"). 'Reading with maximum burst length'
%% 7902.5 ns    Log    PASSED              AXI TB              check_value(slv, x"253B1447") => OK. Value was x"253B1447". 'Checking read data'
%% 7902.5 ns    Log    PASSED              AXI TB              check_value(slv, x"70E32293") => OK. Value was x"70E32293". 'Checking read data'
%% 7902.5 ns    Log    PASSED              AXI TB              check_value(slv, x"2C112B99") => OK. Value was x"2C112B99". 'Checking read data'
%% 7902.5 ns    Log    PASSED              AXI TB              check_value(slv, x"64CB809C") => OK. Value was x"64CB809C". 'Checking read data'
%% 7902.5 ns    Log    PASSED              AXI TB              check_value(slv, x"6092214F") => OK. Value was x"6092214F". 'Checking read data'
%% 7902.5 ns    Log    PASSED              AXI TB              check_value(slv, x"C58B607B") => OK. Value was x"C58B607B". 'Checking read data'
%% 7902.5 ns    Log    PASSED              AXI TB              check_value(slv, x"565D0688") => OK. Value was x"565D0688". 'Checking read data'
%% 7902.5 ns    Log    PASSED              AXI TB              check_value(slv, x"1F1C6B65") => OK. Value was x"1F1C6B65". 'Checking read data'
%% 7902.5 ns    Log    PASSED              AXI TB              check_value(slv, x"8BB6B112") => OK. Value was x"8BB6B112". 'Checking read data'
%% 7902.5 ns    Log    PASSED              AXI TB              check_value(slv, x"A2718EBB") => OK. Value was x"A2718EBB". 'Checking read data'
%% 7902.5 ns    Log    PASSED              AXI TB              check_value(slv, x"B7FF50EE") => OK. Value was x"B7FF50EE". 'Checking read data'
%% 7902.5 ns    Log    PASSED              AXI TB              check_value(slv, x"10AC2F51") => OK. Value was x"10AC2F51". 'Checking read data'
%% 7902.5 ns    Log    PASSED              AXI TB              check_value(slv, x"3AF79909") => OK. Value was x"3AF79909". 'Checking read data'
%% 7902.5 ns    Log    PASSED              AXI TB              check_value(slv, x"3BC1ED00") => OK. Value was x"3BC1ED00". 'Checking read data'
%% 7902.5 ns    Log    PASSED              AXI TB              check_value(slv, x"E6DCD540") => OK. Value was x"E6DCD540". 'Checking read data'
%% 7902.5 ns    Log    PASSED              AXI TB              check_value(slv, x"D8E31FA6") => OK. Value was x"D8E31FA6". 'Checking read data'
%% 7902.5 ns    Log    PASSED              AXI TB              check_value(slv, x"63EAC404") => OK. Value was x"63EAC404". 'Checking read data'
%% 7902.5 ns    Log    PASSED              AXI TB              check_value(slv, x"2502D02C") => OK. Value was x"2502D02C". 'Checking read data'
%% 7902.5 ns    Log    PASSED              AXI TB              check_value(slv, x"A329E192") => OK. Value was x"A329E192". 'Checking read data'
%% 7902.5 ns    Log    PASSED              AXI TB              check_value(slv, x"01D44DE0") => OK. Value was x"01D44DE0". 'Checking read data'
%% 7902.5 ns    Log    PASSED              AXI TB              check_value(slv, x"78C1D241") => OK. Value was x"78C1D241". 'Checking read data'
%% 7902.5 ns    Log    PASSED              AXI TB              check_value(slv, x"513F728A") => OK. Value was x"513F728A". 'Checking read data'
%% 7902.5 ns    Log    PASSED              AXI TB              check_value(slv, x"C56563B5") => OK. Value was x"C56563B5". 'Checking read data'
%% 7902.5 ns    Log    PASSED              AXI TB              check_value(slv, x"35C59A4A") => OK. Value was x"35C59A4A". 'Checking read data'
%% 7902.5 ns    Log    PASSED              AXI TB              check_value(slv, x"E26741BD") => OK. Value was x"E26741BD". 'Checking read data'
%% 7902.5 ns    Log    PASSED              AXI TB              check_value(slv, x"CC5C1722") => OK. Value was x"CC5C1722". 'Checking read data'
%% 7902.5 ns    Log    PASSED              AXI TB              check_value(slv, x"C636E0BA") => OK. Value was x"C636E0BA". 'Checking read data'
%% 7902.5 ns    Log    PASSED              AXI TB              check_value(slv, x"E75949DB") => OK. Value was x"E75949DB". 'Checking read data'
%% 7902.5 ns    Log    PASSED              AXI TB              check_value(slv, x"8056AE85") => OK. Value was x"8056AE85". 'Checking read data'
%% 7902.5 ns    Log    PASSED              AXI TB              check_value(slv, x"1D8897AD") => OK. Value was x"1D8897AD". 'Checking read data'
%% 7902.5 ns    Log    PASSED              AXI TB              check_value(slv, x"902E91F3") => OK. Value was x"902E91F3". 'Checking read data'
%% 7902.5 ns    Log    PASSED              AXI TB              check_value(slv, x"AABBC292") => OK. Value was x"AABBC292". 'Checking read data'
%% 7902.5 ns    Log    PASSED              AXI TB              check_value(slv, x"9802C912") => OK. Value was x"9802C912". 'Checking read data'
%% 7902.5 ns    Log    PASSED              AXI TB              check_value(slv, x"A188C20C") => OK. Value was x"A188C20C". 'Checking read data'
%% 7902.5 ns    Log    PASSED              AXI TB              check_value(slv, x"5A4FD2A4") => OK. Value was x"5A4FD2A4". 'Checking read data'
%% 7902.5 ns    Log    PASSED              AXI TB              check_value(slv, x"D92E6FFD") => OK. Value was x"D92E6FFD". 'Checking read data'
%% 7902.5 ns    Log    PASSED              AXI TB              check_value(slv, x"03A74DC9") => OK. Value was x"03A74DC9". 'Checking read data'
%% 7902.5 ns    Log    PASSED              AXI TB              check_value(slv, x"403ED641") => OK. Value was x"403ED641". 'Checking read data'
%% 7902.5 ns    Log    PASSED              AXI TB              check_value(slv, x"CB6DDB51") => OK. Value was x"CB6DDB51". 'Checking read data'
%% 7902.5 ns    Log    PASSED              AXI TB              check_value(slv, x"AF98D4D7") => OK. Value was x"AF98D4D7". 'Checking read data'
%% 7902.5 ns    Log    PASSED              AXI TB              check_value(slv, x"CB651577") => OK. Value was x"CB651577". 'Checking read data'
%% 7902.5 ns    Log    PASSED              AXI TB              check_value(slv, x"C80FDAAC") => OK. Value was x"C80FDAAC". 'Checking read data'
%% 7902.5 ns    Log    PASSED              AXI TB              check_value(slv, x"05E92140") => OK. Value was x"05E92140". 'Checking read data'
%% 7902.5 ns    Log    PASSED              AXI TB              check_value(slv, x"1B8CBE20") => OK. Value was x"1B8CBE20". 'Checking read data'
%% 7902.5 ns    Log    PASSED              AXI TB              check_value(slv, x"2655ED03") => OK. Value was x"2655ED03". 'Checking read data'
%% 7902.5 ns    Log    PASSED              AXI TB              check_value(slv, x"743359E2") => OK. Value was x"743359E2". 'Checking read data'
%% 7902.5 ns    Log    PASSED              AXI TB              check_value(slv, x"6C5BBB89") => OK. Value was x"6C5BBB89". 'Checking read data'
%% 7902.5 ns    Log    PASSED              AXI TB              check_value(slv, x"7C4D1D69") => OK. Value was x"7C4D1D69". 'Checking read data'
%% 7902.5 ns    Log    PASSED              AXI TB              check_value(slv, x"1AD92CCD") => OK. Value was x"1AD92CCD". 'Checking read data'
%% 7902.5 ns    Log    PASSED              AXI TB              check_value(slv, x"54A3C04C") => OK. Value was x"54A3C04C". 'Checking read data'
%% 7902.5 ns    Log    PASSED              AXI TB              check_value(slv, x"25FAE9FF") => OK. Value was x"25FAE9FF". 'Checking read data'
%% 7902.5 ns    Log    PASSED              AXI TB              check_value(slv, x"B3D07B28") => OK. Value was x"B3D07B28". 'Checking read data'
%% 7902.5 ns    Log    PASSED              AXI TB              check_value(slv, x"0F03DBF4") => OK. Value was x"0F03DBF4". 'Checking read data'
%% 7902.5 ns    Log    PASSED              AXI TB              check_value(slv, x"D9DBC525") => OK. Value was x"D9DBC525". 'Checking read data'
%% 7902.5 ns    Log    PASSED              AXI TB              check_value(slv, x"389C6609") => OK. Value was x"389C6609". 'Checking read data'
%% 7902.5 ns    Log    PASSED              AXI TB              check_value(slv, x"6EF7EB61") => OK. Value was x"6EF7EB61". 'Checking read data'
%% 7902.5 ns    Log    PASSED              AXI TB              check_value(slv, x"91DC06F5") => OK. Value was x"91DC06F5". 'Checking read data'
%% 7902.5 ns    Log    PASSED              AXI TB              check_value(slv, x"041EE999") => OK. Value was x"041EE999". 'Checking read data'
%% 7902.5 ns    Log    PASSED              AXI TB              check_value(slv, x"552602E8") => OK. Value was x"552602E8". 'Checking read data'
%% 7902.5 ns    Log    PASSED              AXI TB              check_value(slv, x"4ABFA959") => OK. Value was x"4ABFA959". 'Checking read data'
%% 7902.5 ns    Log    PASSED              AXI TB              check_value(slv, x"0426DC70") => OK. Value was x"0426DC70". 'Checking read data'
%% 7902.5 ns    Log    PASSED              AXI TB              check_value(slv, x"F926B3DC") => OK. Value was x"F926B3DC". 'Checking read data'
%% 7902.5 ns    Log    PASSED              AXI TB              check_value(slv, x"D98EEB10") => OK. Value was x"D98EEB10". 'Checking read data'
%% 7902.5 ns    Log    PASSED              AXI TB              check_value(slv, x"A71F18B8") => OK. Value was x"A71F18B8". 'Checking read data'
%% 7902.5 ns    Log    PASSED              AXI TB              check_value(slv, x"37BD0648") => OK. Value was x"37BD0648". 'Checking read data'
%% 7902.5 ns    Log    PASSED              AXI TB              check_value(slv, x"C3B6EF98") => OK. Value was x"C3B6EF98". 'Checking read data'
%% 7902.5 ns    Log    PASSED              AXI TB              check_value(slv, x"CBACDF43") => OK. Value was x"CBACDF43". 'Checking read data'
%% 7902.5 ns    Log    PASSED              AXI TB              check_value(slv, x"EB2471F4") => OK. Value was x"EB2471F4". 'Checking read data'
%% 7902.5 ns    Log    PASSED              AXI TB              check_value(slv, x"6DE15F5F") => OK. Value was x"6DE15F5F". 'Checking read data'
%% 7902.5 ns    Log    PASSED              AXI TB              check_value(slv, x"F00E86A8") => OK. Value was x"F00E86A8". 'Checking read data'
%% 7902.5 ns    Log    PASSED              AXI TB              check_value(slv, x"CC16CD7E") => OK. Value was x"CC16CD7E". 'Checking read data'
%% 7902.5 ns    Log    PASSED              AXI TB              check_value(slv, x"B26ECC78") => OK. Value was x"B26ECC78". 'Checking read data'
%% 7902.5 ns    Log    PASSED              AXI TB              check_value(slv, x"AB63EA5A") => OK. Value was x"AB63EA5A". 'Checking read data'
%% 7902.5 ns    Log    PASSED              AXI TB              check_value(slv, x"46927E1A") => OK. Value was x"46927E1A". 'Checking read data'
%% 7902.5 ns    Log    PASSED              AXI TB              check_value(slv, x"DF1AC44C") => OK. Value was x"DF1AC44C". 'Checking read data'
%% 7902.5 ns    Log    PASSED              AXI TB              check_value(slv, x"B4D97E07") => OK. Value was x"B4D97E07". 'Checking read data'
%% 7902.5 ns    Log    PASSED              AXI TB              check_value(slv, x"DAC1A4CE") => OK. Value was x"DAC1A4CE". 'Checking read data'
%% 7902.5 ns    Log    PASSED              AXI TB              check_value(slv, x"EB6CB92E") => OK. Value was x"EB6CB92E". 'Checking read data'
%% 7902.5 ns    Log    PASSED              AXI TB              check_value(slv, x"B0575437") => OK. Value was x"B0575437". 'Checking read data'
%% 7902.5 ns    Log    PASSED              AXI TB              check_value(slv, x"3E59F491") => OK. Value was x"3E59F491". 'Checking read data'
%% 7902.5 ns    Log    PASSED              AXI TB              check_value(slv, x"4B95C898") => OK. Value was x"4B95C898". 'Checking read data'
%% 7902.5 ns    Log    PASSED              AXI TB              check_value(slv, x"9F515058") => OK. Value was x"9F515058". 'Checking read data'
%% 7902.5 ns    Log    PASSED              AXI TB              check_value(slv, x"5A3DCFB5") => OK. Value was x"5A3DCFB5". 'Checking read data'
%% 7902.5 ns    Log    PASSED              AXI TB              check_value(slv, x"A3CD870D") => OK. Value was x"A3CD870D". 'Checking read data'
%% 7902.5 ns    Log    PASSED              AXI TB              check_value(slv, x"FFB3BC20") => OK. Value was x"FFB3BC20". 'Checking read data'
%% 7902.5 ns    Log    PASSED              AXI TB              check_value(slv, x"768498FB") => OK. Value was x"768498FB". 'Checking read data'
%% 7902.5 ns    Log    PASSED              AXI TB              check_value(slv, x"B4FCF43D") => OK. Value was x"B4FCF43D". 'Checking read data'
%% 7902.5 ns    Log    PASSED              AXI TB              check_value(slv, x"B24E6861") => OK. Value was x"B24E6861". 'Checking read data'
%% 7902.5 ns    Log    PASSED              AXI TB              check_value(slv, x"E96F1B8D") => OK. Value was x"E96F1B8D". 'Checking read data'
%% 7902.5 ns    Log    PASSED              AXI TB              check_value(slv, x"BC0A56D9") => OK. Value was x"BC0A56D9". 'Checking read data'
%% 7902.5 ns    Log    PASSED              AXI TB              check_value(slv, x"AC6F7B8E") => OK. Value was x"AC6F7B8E". 'Checking read data'
%% 7902.5 ns    Log    PASSED              AXI TB              check_value(slv, x"EBEC8B41") => OK. Value was x"EBEC8B41". 'Checking read data'
%% 7902.5 ns    Log    PASSED              AXI TB              check_value(slv, x"0EFAE30A") => OK. Value was x"0EFAE30A". 'Checking read data'
%% 7902.5 ns    Log    PASSED              AXI TB              check_value(slv, x"719B8C90") => OK. Value was x"719B8C90". 'Checking read data'
%% 7902.5 ns    Log    PASSED              AXI TB              check_value(slv, x"7A6CA16A") => OK. Value was x"7A6CA16A". 'Checking read data'
%% 7902.5 ns    Log    PASSED              AXI TB              check_value(slv, x"EB825FC6") => OK. Value was x"EB825FC6". 'Checking read data'
%% 7902.5 ns    Log    PASSED              AXI TB              check_value(slv, x"625A91D4") => OK. Value was x"625A91D4". 'Checking read data'
%% 7902.5 ns    Log    PASSED              AXI TB              check_value(slv, x"FC8C08F1") => OK. Value was x"FC8C08F1". 'Checking read data'
%% 7902.5 ns    Log    PASSED              AXI TB              check_value(slv, x"DE6D2F8C") => OK. Value was x"DE6D2F8C". 'Checking read data'
%% 7902.5 ns    Log    PASSED              AXI TB              check_value(slv, x"8D1E8A1E") => OK. Value was x"8D1E8A1E". 'Checking read data'
%% 7902.5 ns    Log    PASSED              AXI TB              check_value(slv, x"01D68B02") => OK. Value was x"01D68B02". 'Checking read data'
%% 7902.5 ns    Log    PASSED              AXI TB              check_value(slv, x"1D822082") => OK. Value was x"1D822082". 'Checking read data'
%% 7902.5 ns    Log    PASSED              AXI TB              check_value(slv, x"47E2DEBE") => OK. Value was x"47E2DEBE". 'Checking read data'
%% 7902.5 ns    Log    PASSED              AXI TB              check_value(slv, x"8F582F9C") => OK. Value was x"8F582F9C". 'Checking read data'
%% 7902.5 ns    Log    PASSED              AXI TB              check_value(slv, x"ACD7FD97") => OK. Value was x"ACD7FD97". 'Checking read data'
%% 7902.5 ns    Log    PASSED              AXI TB              check_value(slv, x"96ED5AA6") => OK. Value was x"96ED5AA6". 'Checking read data'
%% 7902.5 ns    Log    PASSED              AXI TB              check_value(slv, x"C4ACAE80") => OK. Value was x"C4ACAE80". 'Checking read data'
%% 7902.5 ns    Log    PASSED              AXI TB              check_value(slv, x"E3C5A8D8") => OK. Value was x"E3C5A8D8". 'Checking read data'
%% 7902.5 ns    Log    PASSED              AXI TB              check_value(slv, x"19395C25") => OK. Value was x"19395C25". 'Checking read data'
%% 7902.5 ns    Log    PASSED              AXI TB              check_value(slv, x"CDF47ABD") => OK. Value was x"CDF47ABD". 'Checking read data'
%% 7902.5 ns    Log    PASSED              AXI TB              check_value(slv, x"EF9AA8AD") => OK. Value was x"EF9AA8AD". 'Checking read data'
%% 7902.5 ns    Log    PASSED              AXI TB              check_value(slv, x"6F81047E") => OK. Value was x"6F81047E". 'Checking read data'
%% 7902.5 ns    Log    PASSED              AXI TB              check_value(slv, x"94EA059A") => OK. Value was x"94EA059A". 'Checking read data'
%% 7902.5 ns    Log    PASSED              AXI TB              check_value(slv, x"4339DAB6") => OK. Value was x"4339DAB6". 'Checking read data'
%% 7902.5 ns    Log    PASSED              AXI TB              check_value(slv, x"24211D32") => OK. Value was x"24211D32". 'Checking read data'
%% 7902.5 ns    Log    PASSED              AXI TB              check_value(slv, x"19259187") => OK. Value was x"19259187". 'Checking read data'
%% 7902.5 ns    Log    PASSED              AXI TB              check_value(slv, x"1BD95573") => OK. Value was x"1BD95573". 'Checking read data'
%% 7902.5 ns    Log    PASSED              AXI TB              check_value(slv, x"BE38A0AE") => OK. Value was x"BE38A0AE". 'Checking read data'
%% 7902.5 ns    Log    PASSED              AXI TB              check_value(slv, x"1E0E6FB5") => OK. Value was x"1E0E6FB5". 'Checking read data'
%% 7902.5 ns    Log    PASSED              AXI TB              check_value(slv, x"2829C332") => OK. Value was x"2829C332". 'Checking read data'
%% 7902.5 ns    Log    PASSED              AXI TB              check_value(slv, x"D55E94D9") => OK. Value was x"D55E94D9". 'Checking read data'
%% 7902.5 ns    Log    PASSED              AXI TB              check_value(slv, x"7A81F460") => OK. Value was x"7A81F460". 'Checking read data'
%% 7902.5 ns    Log    PASSED              AXI TB              check_value(slv, x"0F218A69") => OK. Value was x"0F218A69". 'Checking read data'
%% 7902.5 ns    Log    PASSED              AXI TB              check_value(slv, x"70FD04D8") => OK. Value was x"70FD04D8". 'Checking read data'
%% 7902.5 ns    Log    PASSED              AXI TB              check_value(slv, x"63BEB8A8") => OK. Value was x"63BEB8A8". 'Checking read data'
%% 7902.5 ns    Log    PASSED              AXI TB              check_value(slv, x"26749DC1") => OK. Value was x"26749DC1". 'Checking read data'
%% 7902.5 ns    Log    PASSED              AXI TB              check_value(slv, x"953B694B") => OK. Value was x"953B694B". 'Checking read data'
%% 7902.5 ns    Log    PASSED              AXI TB              check_value(slv, x"89A4A70A") => OK. Value was x"89A4A70A". 'Checking read data'
%% 7902.5 ns    Log    PASSED              AXI TB              check_value(slv, x"86C359A8") => OK. Value was x"86C359A8". 'Checking read data'
%% 7902.5 ns    Log    PASSED              AXI TB              check_value(slv, x"EB212C8A") => OK. Value was x"EB212C8A". 'Checking read data'
%% 7902.5 ns    Log    PASSED              AXI TB              check_value(slv, x"418A5D7C") => OK. Value was x"418A5D7C". 'Checking read data'
%% 7902.5 ns    Log    PASSED              AXI TB              check_value(slv, x"184DC279") => OK. Value was x"184DC279". 'Checking read data'
%% 7902.5 ns    Log    PASSED              AXI TB              check_value(slv, x"1B5FA148") => OK. Value was x"1B5FA148". 'Checking read data'
%% 7902.5 ns    Log    PASSED              AXI TB              check_value(slv, x"33A3444B") => OK. Value was x"33A3444B". 'Checking read data'
%% 7902.5 ns    Log    PASSED              AXI TB              check_value(slv, x"004F318E") => OK. Value was x"004F318E". 'Checking read data'
%% 7902.5 ns    Log    PASSED              AXI TB              check_value(slv, x"4F6C1706") => OK. Value was x"4F6C1706". 'Checking read data'
%% 7902.5 ns    Log    PASSED              AXI TB              check_value(slv, x"8DE2646F") => OK. Value was x"8DE2646F". 'Checking read data'
%% 7902.5 ns    Log    PASSED              AXI TB              check_value(slv, x"D481B475") => OK. Value was x"D481B475". 'Checking read data'
%% 7902.5 ns    Log    PASSED              AXI TB              check_value(slv, x"8F6E08AE") => OK. Value was x"8F6E08AE". 'Checking read data'
%% 7902.5 ns    Log    PASSED              AXI TB              check_value(slv, x"B324EF38") => OK. Value was x"B324EF38". 'Checking read data'
%% 7902.5 ns    Log    PASSED              AXI TB              check_value(slv, x"5F062ACE") => OK. Value was x"5F062ACE". 'Checking read data'
%% 7902.5 ns    Log    PASSED              AXI TB              check_value(slv, x"EAC773F2") => OK. Value was x"EAC773F2". 'Checking read data'
%% 7902.5 ns    Log    PASSED              AXI TB              check_value(slv, x"C9B3E0B2") => OK. Value was x"C9B3E0B2". 'Checking read data'
%% 7902.5 ns    Log    PASSED              AXI TB              check_value(slv, x"95865DA4") => OK. Value was x"95865DA4". 'Checking read data'
%% 7902.5 ns    Log    PASSED              AXI TB              check_value(slv, x"13657102") => OK. Value was x"13657102". 'Checking read data'
%% 7902.5 ns    Log    PASSED              AXI TB              check_value(slv, x"678BA656") => OK. Value was x"678BA656". 'Checking read data'
%% 7902.5 ns    Log    PASSED              AXI TB              check_value(slv, x"6A37AB00") => OK. Value was x"6A37AB00". 'Checking read data'
%% 7902.5 ns    Log    PASSED              AXI TB              check_value(slv, x"9DBE4567") => OK. Value was x"9DBE4567". 'Checking read data'
%% 7902.5 ns    Log    PASSED              AXI TB              check_value(slv, x"0577CD89") => OK. Value was x"0577CD89". 'Checking read data'
%% 7902.5 ns    Log    PASSED              AXI TB              check_value(slv, x"7F7D20C3") => OK. Value was x"7F7D20C3". 'Checking read data'
%% 7902.5 ns    Log    PASSED              AXI TB              check_value(slv, x"5B0EA2BC") => OK. Value was x"5B0EA2BC". 'Checking read data'
%% 7902.5 ns    Log    PASSED              AXI TB              check_value(slv, x"8E28FBA7") => OK. Value was x"8E28FBA7". 'Checking read data'
%% 7902.5 ns    Log    PASSED              AXI TB              check_value(slv, x"9EE03E35") => OK. Value was x"9EE03E35". 'Checking read data'
%% 7902.5 ns    Log    PASSED              AXI TB              check_value(slv, x"6903A9F1") => OK. Value was x"6903A9F1". 'Checking read data'
%% 7902.5 ns    Log    PASSED              AXI TB              check_value(slv, x"9F1D9F39") => OK. Value was x"9F1D9F39". 'Checking read data'
%% 7902.5 ns    Log    PASSED              AXI TB              check_value(slv, x"45F7C2C5") => OK. Value was x"45F7C2C5". 'Checking read data'
%% 7902.5 ns    Log    PASSED              AXI TB              check_value(slv, x"AF3EC18B") => OK. Value was x"AF3EC18B". 'Checking read data'
%% 7902.5 ns    Log    PASSED              AXI TB              check_value(slv, x"31967466") => OK. Value was x"31967466". 'Checking read data'
%% 7902.5 ns    Log    PASSED              AXI TB              check_value(slv, x"890D6559") => OK. Value was x"890D6559". 'Checking read data'
%% 7902.5 ns    Log    PASSED              AXI TB              check_value(slv, x"EEA3AB94") => OK. Value was x"EEA3AB94". 'Checking read data'
%% 7902.5 ns    Log    PASSED              AXI TB              check_value(slv, x"FC7DA5B6") => OK. Value was x"FC7DA5B6". 'Checking read data'
%% 7902.5 ns    Log    PASSED              AXI TB              check_value(slv, x"8AF7941B") => OK. Value was x"8AF7941B". 'Checking read data'
%% 7902.5 ns    Log    PASSED              AXI TB              check_value(slv, x"74F91C71") => OK. Value was x"74F91C71". 'Checking read data'
%% 7902.5 ns    Log    PASSED              AXI TB              check_value(slv, x"144F8F03") => OK. Value was x"144F8F03". 'Checking read data'
%% 7902.5 ns    Log    PASSED              AXI TB              check_value(slv, x"3C4EDA32") => OK. Value was x"3C4EDA32". 'Checking read data'
%% 7902.5 ns    Log    PASSED              AXI TB              check_value(slv, x"5FA54862") => OK. Value was x"5FA54862". 'Checking read data'
%% 7902.5 ns    Log    PASSED              AXI TB              check_value(slv, x"2558E656") => OK. Value was x"2558E656". 'Checking read data'
%% 7902.5 ns    Log    PASSED              AXI TB              check_value(slv, x"5BAE3671") => OK. Value was x"5BAE3671". 'Checking read data'
%% 7902.5 ns    Log    PASSED              AXI TB              check_value(slv, x"71C70A96") => OK. Value was x"71C70A96". 'Checking read data'
%% 7902.5 ns    Log    PASSED              AXI TB              check_value(slv, x"E3B336E2") => OK. Value was x"E3B336E2". 'Checking read data'
%% 7902.5 ns    Log    PASSED              AXI TB              check_value(slv, x"AEF62969") => OK. Value was x"AEF62969". 'Checking read data'
%% 7902.5 ns    Log    PASSED              AXI TB              check_value(slv, x"E93EB10D") => OK. Value was x"E93EB10D". 'Checking read data'
%% 7902.5 ns    Log    PASSED              AXI TB              check_value(slv, x"5B3E908E") => OK. Value was x"5B3E908E". 'Checking read data'
%% 7902.5 ns    Log    PASSED              AXI TB              check_value(slv, x"C8ACA605") => OK. Value was x"C8ACA605". 'Checking read data'
%% 7902.5 ns    Log    PASSED              AXI TB              check_value(slv, x"9E635437") => OK. Value was x"9E635437". 'Checking read data'
%% 7902.5 ns    Log    PASSED              AXI TB              check_value(slv, x"1D33001A") => OK. Value was x"1D33001A". 'Checking read data'
%% 7902.5 ns    Log    PASSED              AXI TB              check_value(slv, x"EEBC8CEB") => OK. Value was x"EEBC8CEB". 'Checking read data'
%% 7902.5 ns    Log    PASSED              AXI TB              check_value(slv, x"16CDFEAB") => OK. Value was x"16CDFEAB". 'Checking read data'
%% 7902.5 ns    Log    PASSED              AXI TB              check_value(slv, x"55B95A22") => OK. Value was x"55B95A22". 'Checking read data'
%% 7902.5 ns    Log    PASSED              AXI TB              check_value(slv, x"D5445BD1") => OK. Value was x"D5445BD1". 'Checking read data'
%% 7902.5 ns    Log    PASSED              AXI TB              check_value(slv, x"BDAE5ACB") => OK. Value was x"BDAE5ACB". 'Checking read data'
%% 7902.5 ns    Log    PASSED              AXI TB              check_value(slv, x"505EF203") => OK. Value was x"505EF203". 'Checking read data'
%% 7902.5 ns    Log    PASSED              AXI TB              check_value(slv, x"BD59758A") => OK. Value was x"BD59758A". 'Checking read data'
%% 7902.5 ns    Log    PASSED              AXI TB              check_value(slv, x"3435C094") => OK. Value was x"3435C094". 'Checking read data'
%% 7902.5 ns    Log    PASSED              AXI TB              check_value(slv, x"9B46BC3D") => OK. Value was x"9B46BC3D". 'Checking read data'
%% 7902.5 ns    Log    PASSED              AXI TB              check_value(slv, x"7C2D50EE") => OK. Value was x"7C2D50EE". 'Checking read data'
%% 7902.5 ns    Log    PASSED              AXI TB              check_value(slv, x"32105C93") => OK. Value was x"32105C93". 'Checking read data'
%% 7902.5 ns    Log    PASSED              AXI TB              check_value(slv, x"8905471D") => OK. Value was x"8905471D". 'Checking read data'
%% 7902.5 ns    Log    PASSED              AXI TB              check_value(slv, x"ACC80252") => OK. Value was x"ACC80252". 'Checking read data'
%% 7902.5 ns    Log    PASSED              AXI TB              check_value(slv, x"924A678E") => OK. Value was x"924A678E". 'Checking read data'
%% 7902.5 ns    Log    PASSED              AXI TB              check_value(slv, x"149E53DD") => OK. Value was x"149E53DD". 'Checking read data'
%% 7902.5 ns    Log    PASSED              AXI TB              check_value(slv, x"8C8F0FE9") => OK. Value was x"8C8F0FE9". 'Checking read data'
%% 7902.5 ns    Log    PASSED              AXI TB              check_value(slv, x"1EA760F1") => OK. Value was x"1EA760F1". 'Checking read data'
%% 7902.5 ns    Log    PASSED              AXI TB              check_value(slv, x"96E70D03") => OK. Value was x"96E70D03". 'Checking read data'
%% 7902.5 ns    Log    PASSED              AXI TB              check_value(slv, x"12D8F7BB") => OK. Value was x"12D8F7BB". 'Checking read data'
%% 7902.5 ns    Log    PASSED              AXI TB              check_value(slv, x"BD21732E") => OK. Value was x"BD21732E". 'Checking read data'
%% 7902.5 ns    Log    PASSED              AXI TB              check_value(slv, x"60FD5B9C") => OK. Value was x"60FD5B9C". 'Checking read data'
%% 7902.5 ns    Log    PASSED              AXI TB              check_value(slv, x"D6D969F8") => OK. Value was x"D6D969F8". 'Checking read data'
%% 7902.5 ns    Log    PASSED              AXI TB              check_value(slv, x"A2CB9F35") => OK. Value was x"A2CB9F35". 'Checking read data'
%% 7902.5 ns    Log    PASSED              AXI TB              check_value(slv, x"383D1775") => OK. Value was x"383D1775". 'Checking read data'
%% 7902.5 ns    Log    PASSED              AXI TB              check_value(slv, x"4EC2ECD7") => OK. Value was x"4EC2ECD7". 'Checking read data'
%% 7902.5 ns    Log    PASSED              AXI TB              check_value(slv, x"3E6E5CD3") => OK. Value was x"3E6E5CD3". 'Checking read data'
%% 7902.5 ns    Log    PASSED              AXI TB              check_value(slv, x"9559B9CD") => OK. Value was x"9559B9CD". 'Checking read data'
%% 7902.5 ns    Log    PASSED              AXI TB              check_value(slv, x"11DFAFA3") => OK. Value was x"11DFAFA3". 'Checking read data'
%% 7902.5 ns    Log    PASSED              AXI TB              check_value(slv, x"3541578C") => OK. Value was x"3541578C". 'Checking read data'
%% 7902.5 ns    Log    PASSED              AXI TB              check_value(slv, x"E91A22EB") => OK. Value was x"E91A22EB". 'Checking read data'
%% 7902.5 ns    Log    PASSED              AXI TB              check_value(slv, x"246843FE") => OK. Value was x"246843FE". 'Checking read data'
%% 7902.5 ns    Log    PASSED              AXI TB              check_value(slv, x"49AEA21A") => OK. Value was x"49AEA21A". 'Checking read data'
%% 7902.5 ns    Log    PASSED              AXI TB              check_value(slv, x"D78AFB3F") => OK. Value was x"D78AFB3F". 'Checking read data'
%% 7902.5 ns    Log    PASSED              AXI TB              check_value(slv, x"78A504F8") => OK. Value was x"78A504F8". 'Checking read data'
%% 7902.5 ns    Log    PASSED              AXI TB              check_value(slv, x"09C39921") => OK. Value was x"09C39921". 'Checking read data'
%% 7902.5 ns    Log    PASSED              AXI TB              check_value(slv, x"3E7ED857") => OK. Value was x"3E7ED857". 'Checking read data'
%% 7902.5 ns    Log    PASSED              AXI TB              check_value(slv, x"E005FB39") => OK. Value was x"E005FB39". 'Checking read data'
%% 7902.5 ns    Log    PASSED              AXI TB              check_value(slv, x"C6F4A3CB") => OK. Value was x"C6F4A3CB". 'Checking read data'
%% 7902.5 ns    Log    PASSED              AXI TB              check_value(slv, x"6B81F154") => OK. Value was x"6B81F154". 'Checking read data'
%% 7902.5 ns    Log    PASSED              AXI TB              check_value(slv, x"E5FFE89B") => OK. Value was x"E5FFE89B". 'Checking read data'
%% 7902.5 ns    Log    PASSED              AXI TB              check_value(slv, x"B8F67B25") => OK. Value was x"B8F67B25". 'Checking read data'
%% 7902.5 ns    Log    PASSED              AXI TB              check_value(slv, x"A2C928EB") => OK. Value was x"A2C928EB". 'Checking read data'
%% 7902.5 ns    Log    PASSED              AXI TB              check_value(slv, x"9A8D5F3D") => OK. Value was x"9A8D5F3D". 'Checking read data'
%% 7902.5 ns    Log    PASSED              AXI TB              check_value(slv, x"5192A548") => OK. Value was x"5192A548". 'Checking read data'
%% 7902.5 ns    Log    PASSED              AXI TB              check_value(slv, x"322E5072") => OK. Value was x"322E5072". 'Checking read data'
%% 7902.5 ns    Log    PASSED              AXI TB              check_value(slv, x"AD5F67FB") => OK. Value was x"AD5F67FB". 'Checking read data'
%% 7902.5 ns    Log    PASSED              AXI TB              check_value(slv, x"E203B8B5") => OK. Value was x"E203B8B5". 'Checking read data'
%% 7902.5 ns    Log    PASSED              AXI TB              check_value(slv, x"BDF51CA3") => OK. Value was x"BDF51CA3". 'Checking read data'
%% 7902.5 ns    Log    PASSED              AXI TB              check_value(slv, x"CD13A4BD") => OK. Value was x"CD13A4BD". 'Checking read data'
%% 7902.5 ns    Log    PASSED              AXI TB              check_value(slv, x"AB02C09F") => OK. Value was x"AB02C09F". 'Checking read data'
%% 7902.5 ns    Log    PASSED              AXI TB              check_value(slv, x"699C383C") => OK. Value was x"699C383C". 'Checking read data'
%% 7902.5 ns    Log    PASSED              AXI TB              check_value(slv, x"C3C74DE1") => OK. Value was x"C3C74DE1". 'Checking read data'
%% 7902.5 ns    Log    PASSED              AXI TB              check_value(slv, x"8AE4AD0F") => OK. Value was x"8AE4AD0F". 'Checking read data'
%% 7902.5 ns    Log    PASSED              AXI TB              check_value(slv, x"0955FA53") => OK. Value was x"0955FA53". 'Checking read data'
%% 7902.5 ns    Log    PASSED              AXI TB              check_value(slv, x"7B56EBFC") => OK. Value was x"7B56EBFC". 'Checking read data'
%% 7902.5 ns    Log    PASSED              AXI TB              check_value(slv, x"D98E8D8A") => OK. Value was x"D98E8D8A". 'Checking read data'
%% 7902.5 ns    Log    PASSED              AXI TB              check_value(slv, x"B28D2B8E") => OK. Value was x"B28D2B8E". 'Checking read data'
%% 7902.5 ns    Log    PASSED              AXI TB              check_value(slv, x"06F9FCE2") => OK. Value was x"06F9FCE2". 'Checking read data'
%% 7902.5 ns    Log    PASSED              AXI TB              check_value(slv, x"7E45B88C") => OK. Value was x"7E45B88C". 'Checking read data'
%% 7902.5 ns    Log    PASSED              AXI TB              check_value(slv, x"B9E4D779") => OK. Value was x"B9E4D779". 'Checking read data'
%% 7902.5 ns    Log    PASSED              AXI TB              check_value(slv, x"6A530CAB") => OK. Value was x"6A530CAB". 'Checking read data'
%% 7902.5 ns    Log    PASSED              AXI TB              check_value(slv, x"B2B9CAA4") => OK. Value was x"B2B9CAA4". 'Checking read data'
%% 7902.5 ns    Log    PASSED              AXI TB              check_value(slv, x"749E73D9") => OK. Value was x"749E73D9". 'Checking read data'
%% 7902.5 ns    Log    PASSED              AXI TB              check_value(slv, x"57D69068") => OK. Value was x"57D69068". 'Checking read data'
%% 7902.5 ns    Log    PASSED              AXI TB              check_value(slv, x"C178D4F6") => OK. Value was x"C178D4F6". 'Checking read data'
%% 7902.5 ns    Log    PASSED              AXI TB              check_value(slv, x"FE12768C") => OK. Value was x"FE12768C". 'Checking read data'
%% 7902.5 ns    Log    PASSED              AXI TB              check_value(slv, x"9BD33965") => OK. Value was x"9BD33965". 'Checking read data'
%% 7902.5 ns    Log    PASSED              AXI TB              check_value(slv, x"1925A263") => OK. Value was x"1925A263". 'Checking read data'
%% 7902.5 ns    Log    PASSED              AXI TB              check_value(slv, x"BAAC6E5F") => OK. Value was x"BAAC6E5F". 'Checking read data'
%% 7902.5 ns    Log    PASSED              AXI TB              check_value(slv, x"53B59742") => OK. Value was x"53B59742". 'Checking read data'
%% 7902.5 ns    Log    PASSED              AXI TB              check_value(slv, x"41F0DFDD") => OK. Value was x"41F0DFDD". 'Checking read data'
%% 7902.5 ns    Log    PASSED              AXI TB              check_value(slv, x"C1FE9A86") => OK. Value was x"C1FE9A86". 'Checking read data'
%% 7902.5 ns    Log    PASSED              AXI TB              check_value(slv, x"B8B87AC2") => OK. Value was x"B8B87AC2". 'Checking read data'
%% 7902.5 ns    Log    PASSED              AXI TB              check_value(slv, x"A74A8397") => OK. Value was x"A74A8397". 'Checking read data'
%% 7902.5 ns    Log    PASSED              AXI TB              check_value(slv, x"7C2341FF") => OK. Value was x"7C2341FF". 'Checking read data'
%% 7902.5 ns    Log    PASSED              AXI TB              check_value(slv, x"F638BF03") => OK. Value was x"F638BF03". 'Checking read data'
%% 7902.5 ns    Log    PASSED              AXI TB              check_value(slv, x"82597C75") => OK. Value was x"82597C75". 'Checking read data'
%% 7902.5 ns    Log    PASSED              AXI TB              check_value(slv, x"6CDD7F70") => OK. Value was x"6CDD7F70". 'Checking read data'
%% 7902.5 ns    Log    PASSED              AXI TB              check_value(slv, x"F50C119E") => OK. Value was x"F50C119E". 'Checking read data'
%% 7902.5 ns    Log    PASSED              AXI TB              check_value(slv, x"D5A9C68C") => OK. Value was x"D5A9C68C". 'Checking read data'
%% 
%% 
%% 7902.5 ns    Log    ID_LOG_HDR          TB seq.             Testing that unconstrained command parameters are normalized correctly
%% ----------------------------------------------------------------------------------------------------------------------------------------------------------------------------
%%   7910 ns    Log    PASSED              AXI SLAVE MODEL     check_value(bool, true) => OK. Value was true. 'Checking if the memory address is within the memory size'
%%   7920 ns    Log    PASSED              AXI SLAVE MODEL     check_value(sl, 1) => OK. Value was 1. 'Checking WLAST on the last word'
%% 7932.5 ns    Log    ID_BFM              AXI TB              axi_write(A:x"500", (x"12", x"34")) completed. 'Testing smaller parameter widths on all unconstrained inputs'
%%   7940 ns    Log    PASSED              AXI SLAVE MODEL     check_value(bool, true) => OK. Value was true. 'Checking if the memory address is within the memory size'
%%   7950 ns    Log    PASSED              AXI TB              check_value(slv, x"00") => OK. Value was x"00". 'Checking RID'
%%   7960 ns    Log    PASSED              AXI TB              check_value(slv, x"00") => OK. Value was x"00". 'Checking RID'
%% 7962.5 ns    Log    PASSED              AXI TB              check_value(t_slv_array, x"00000012") => OK. Value was x"00000012". 'Checking RDATA'
%% 7962.5 ns    Log    PASSED              AXI TB              check_value(t_slv_array, x"00000034") => OK. Value was x"00000034". 'Checking RDATA'
%% 7962.5 ns    Log    PASSED              AXI TB              check_value(bool, true) => OK. Value was true. 'Checking RRESP'
%% 7962.5 ns    Log    PASSED              AXI TB              check_value(t_slv_array, x"00") => OK. Value was x"00". 'Checking RUSER '
%% 7962.5 ns    Log    PASSED              AXI TB              check_value(t_slv_array, x"00") => OK. Value was x"00". 'Checking RUSER '
%% 7962.5 ns    Log    ID_BFM              AXI TB              axi_check(A:x"00000500")=> OK. 'Checking that the data was written correctly'
%%   7970 ns    Log    PASSED              AXI SLAVE MODEL     check_value(bool, true) => OK. Value was true. 'Checking if the memory address is within the memory size'
%%   7980 ns    Log    PASSED              AXI TB              check_value(slv, x"01") => OK. Value was x"01". 'Checking RID'
%%   7990 ns    Log    PASSED              AXI TB              check_value(slv, x"01") => OK. Value was x"01". 'Checking RID'
%% 7992.5 ns    Log    PASSED              AXI TB              check_value(t_slv_array, x"12") => OK. Value was x"00000012". 'Checking RDATA'
%% 7992.5 ns    Log    PASSED              AXI TB              check_value(t_slv_array, x"34") => OK. Value was x"00000034". 'Checking RDATA'
%% 7992.5 ns    Log    PASSED              AXI TB              check_value(bool, true) => OK. Value was true. 'Checking RRESP'
%% 7992.5 ns    Log    PASSED              AXI TB              check_value(t_slv_array, x"00") => OK. Value was x"00". 'Checking RUSER '
%% 7992.5 ns    Log    PASSED              AXI TB              check_value(t_slv_array, x"00") => OK. Value was x"00". 'Checking RUSER '
%% 7992.5 ns    Log    ID_BFM              AXI TB              axi_check(A:x"500")=> OK. 'Testing smaller parameter widths on axi_check'
%%   8000 ns    Log    PASSED              AXI SLAVE MODEL     check_value(bool, true) => OK. Value was true. 'Checking if the memory address is within the memory size'
%%   8010 ns    Log    PASSED              AXI TB              check_value(slv, x"01") => OK. Value was x"01". 'Checking RID'
%%   8020 ns    Log    PASSED              AXI TB              check_value(slv, x"01") => OK. Value was x"01". 'Checking RID'
%% 8022.5 ns    Log    ID_BFM              AXI TB              axi_read(A:x"500")=> (x"12", x"34"). 'Reading with maximum burst length'
%% 8022.5 ns    Log    PASSED              AXI TB              check_value(slv, x"12") => OK. Value was x"12". 'Checking read data'
%% 8022.5 ns    Log    PASSED              AXI TB              check_value(bool, true) => OK. Value was true. 'Checking rresp value'
%% 8022.5 ns    Log    PASSED              AXI TB              check_value(slv, x"0") => OK. Value was x"0". 'Checking ruser value'
%% 8022.5 ns    Log    PASSED              AXI TB              check_value(slv, x"34") => OK. Value was x"34". 'Checking read data'
%% 8022.5 ns    Log    PASSED              AXI TB              check_value(bool, true) => OK. Value was true. 'Checking rresp value'
%% 8022.5 ns    Log    PASSED              AXI TB              check_value(slv, x"0") => OK. Value was x"0". 'Checking ruser value'
%%   8030 ns    Log    PASSED              AXI SLAVE MODEL     check_value(bool, true) => OK. Value was true. 'Checking if the memory address is within the memory size'
%%   8040 ns    Log    PASSED              AXI SLAVE MODEL     check_value(sl, 1) => OK. Value was 1. 'Checking WLAST on the last word'
%% 8052.5 ns    Log    ID_BFM              AXI TB              axi_write(A:x"000000510", (x"0087654321", x"009ABCDEF0")) completed. 'Testing larger parameter widths on all unconstrained inputs'
%%   8060 ns    Log    PASSED              AXI SLAVE MODEL     check_value(bool, true) => OK. Value was true. 'Checking if the memory address is within the memory size'
%%   8070 ns    Log    PASSED              AXI TB              check_value(slv, x"00") => OK. Value was x"00". 'Checking RID'
%%   8080 ns    Log    PASSED              AXI TB              check_value(slv, x"00") => OK. Value was x"00". 'Checking RID'
%% 8082.5 ns    Log    PASSED              AXI TB              check_value(t_slv_array, x"87654321") => OK. Value was x"87654321". 'Checking RDATA'
%% 8082.5 ns    Log    PASSED              AXI TB              check_value(t_slv_array, x"9ABCDEF0") => OK. Value was x"9ABCDEF0". 'Checking RDATA'
%% 8082.5 ns    Log    PASSED              AXI TB              check_value(bool, true) => OK. Value was true. 'Checking RRESP'
%% 8082.5 ns    Log    PASSED              AXI TB              check_value(t_slv_array, x"00") => OK. Value was x"00". 'Checking RUSER '
%% 8082.5 ns    Log    PASSED              AXI TB              check_value(t_slv_array, x"00") => OK. Value was x"00". 'Checking RUSER '
%% 8082.5 ns    Log    ID_BFM              AXI TB              axi_check(A:x"00000510")=> OK. 'Checking that the data was written correctly'
%%   8090 ns    Log    PASSED              AXI SLAVE MODEL     check_value(bool, true) => OK. Value was true. 'Checking if the memory address is within the memory size'
%%   8100 ns    Log    PASSED              AXI TB              check_value(slv, x"01") => OK. Value was x"01". 'Checking RID'
%%   8110 ns    Log    PASSED              AXI TB              check_value(slv, x"01") => OK. Value was x"01". 'Checking RID'
%% 8112.5 ns    Log    PASSED              AXI TB              check_value(t_slv_array, x"0087654321") => OK. Value was x"87654321". 'Checking RDATA'
%% 8112.5 ns    Log    PASSED              AXI TB              check_value(t_slv_array, x"009ABCDEF0") => OK. Value was x"9ABCDEF0". 'Checking RDATA'
%% 8112.5 ns    Log    PASSED              AXI TB              check_value(bool, true) => OK. Value was true. 'Checking RRESP'
%% 8112.5 ns    Log    PASSED              AXI TB              check_value(t_slv_array, x"00") => OK. Value was x"00". 'Checking RUSER '
%% 8112.5 ns    Log    PASSED              AXI TB              check_value(t_slv_array, x"00") => OK. Value was x"00". 'Checking RUSER '
%% 8112.5 ns    Log    ID_BFM              AXI TB              axi_check(A:x"0000000510")=> OK. 'Testing larger parameter widths on axi_check'
%%   8120 ns    Log    PASSED              AXI SLAVE MODEL     check_value(bool, true) => OK. Value was true. 'Checking if the memory address is within the memory size'
%%   8130 ns    Log    PASSED              AXI TB              check_value(slv, x"01") => OK. Value was x"01". 'Checking RID'
%%   8140 ns    Log    PASSED              AXI TB              check_value(slv, x"01") => OK. Value was x"01". 'Checking RID'
%% 8142.5 ns    Log    ID_BFM              AXI TB              axi_read(A:x"0000000510")=> (x"87654321", x"9ABCDEF0"). 'Reading with maximum burst length'
%% 8142.5 ns    Log    PASSED              AXI TB              check_value(slv, x"0087654321") => OK. Value was x"0087654321". 'Checking read data'
%% 8142.5 ns    Log    PASSED              AXI TB              check_value(bool, true) => OK. Value was true. 'Checking rresp value'
%% 8142.5 ns    Log    PASSED              AXI TB              check_value(slv, x"000") => OK. Value was x"0000". 'Checking ruser value'
%% 8142.5 ns    Log    PASSED              AXI TB              check_value(slv, x"009ABCDEF0") => OK. Value was x"009ABCDEF0". 'Checking read data'
%% 8142.5 ns    Log    PASSED              AXI TB              check_value(bool, true) => OK. Value was true. 'Checking rresp value'
%% 8142.5 ns    Log    PASSED              AXI TB              check_value(slv, x"000") => OK. Value was x"0000". 'Checking ruser value'
%% 
%% ============================================================================================================================================================================
%%  *** INTERMEDIATE SUMMARY OF ALL ALERTS ***
%% ============================================================================================================================================================================
%% 9142.5 ns    DONE   PASSED   axi_bfm_tb  Passed: 1364  Affirmations Checked: 1364
%%    Expected      Failures: 0  Errors: 0  Warnings: 0  Passed: 0
%%    VHDL Asserts  Failures: 0  Errors: 0  Warnings: 0  Passed: 0
%%    Default       Failures: 0  Errors: 0  Warnings: 0  Passed: 0
%%    OSVVM         Failures: 0  Errors: 0  Warnings: 0  Passed: 0
%% ============================================================================================================================================================================
%% 
%% 
%% 
%% 9142.5 ns    Log    ID_LOG_HDR          AXI TB              SIMULATION COMPLETED
%% ----------------------------------------------------------------------------------------------------------------------------------------------------------------------------
